{"verses":[{"id":693,"verse_number":24,"verse_key":"5:24","juz_number":6,"hizb_number":11,"rub_el_hizb_number":44,"ruku_number":89,"manzil_number":2,"sajdah_number":null,"text_uthmani":"قَالُوا۟ يَـٰمُوسَىٰٓ إِنَّا لَن نَّدْخُلَهَآ أَبَدًا مَّا دَامُوا۟ فِيهَا ۖ فَٱذْهَبْ أَنتَ وَرَبُّكَ فَقَـٰتِلَآ إِنَّا هَـٰهُنَا قَـٰعِدُونَ","page_number":112,"words":[{"id":27122,"position":1,"audio_url":"wbw/005_024_001.mp3","qpc_uthmani_hafs":"قَالُواْ","char_type_name":"word","page_number":112,"line_number":1,"text":"ﭑ","translation":{"text":"They said","language_name":"english","language_id":38},"transliteration":{"text":"qālū","language_name":"english","language_id":38}},{"id":27123,"position":2,"audio_url":"wbw/005_024_002.mp3","qpc_uthmani_hafs":"يَٰمُوسَىٰٓ","char_type_name":"word","page_number":112,"line_number":1,"text":"ﭒ","translation":{"text":"O Musa","language_name":"english","language_id":38},"transliteration":{"text":"yāmūsā","language_name":"english","language_id":38}},{"id":27124,"position":3,"audio_url":"wbw/005_024_003.mp3","qpc_uthmani_hafs":"إِنَّا","char_type_name":"word","page_number":112,"line_number":1,"text":"ﭓ","translation":{"text":"Indeed, we","language_name":"english","language_id":38},"transliteration":{"text":"innā","language_name":"english","language_id":38}},{"id":27125,"position":4,"audio_url":"wbw/005_024_004.mp3","qpc_uthmani_hafs":"لَن","char_type_name":"word","page_number":112,"line_number":1,"text":"ﭔ","translation":{"text":"never","language_name":"english","language_id":38},"transliteration":{"text":"lan","language_name":"english","language_id":38}},{"id":27126,"position":5,"audio_url":"wbw/005_024_005.mp3","qpc_uthmani_hafs":"نَّدۡخُلَهَآ","char_type_name":"word","page_number":112,"line_number":1,"text":"ﭕ","translation":{"text":"will enter it","language_name":"english","language_id":38},"transliteration":{"text":"nadkhulahā","language_name":"english","language_id":38}},{"id":27127,"position":6,"audio_url":"wbw/005_024_006.mp3","qpc_uthmani_hafs":"أَبَدٗا","char_type_name":"word","page_number":112,"line_number":1,"text":"ﭖ","translation":{"text":"ever","language_name":"english","language_id":38},"transliteration":{"text":"abadan","language_name":"english","language_id":38}},{"id":27128,"position":7,"audio_url":"wbw/005_024_007.mp3","qpc_uthmani_hafs":"مَّا","char_type_name":"word","page_number":112,"line_number":1,"text":"ﭗ","translation":{"text":"for","language_name":"english","language_id":38},"transliteration":{"text":"mā","language_name":"english","language_id":38}},{"id":27129,"position":8,"audio_url":"wbw/005_024_008.mp3","qpc_uthmani_hafs":"دَامُواْ","char_type_name":"word","page_number":112,"line_number":1,"text":"ﭘ","translation":{"text":"as long as they are","language_name":"english","language_id":38},"transliteration":{"text":"dāmū","language_name":"english","language_id":38}},{"id":27130,"position":9,"audio_url":"wbw/005_024_009.mp3","qpc_uthmani_hafs":"فِيهَا","char_type_name":"word","page_number":112,"line_number":1,"text":"ﭙﭚ","translation":{"text":"in it","language_name":"english","language_id":38},"transliteration":{"text":"fīhā","language_name":"english","language_id":38}},{"id":27132,"position":10,"audio_url":"wbw/005_024_011.mp3","qpc_uthmani_hafs":"فَٱذۡهَبۡ","char_type_name":"word","page_number":112,"line_number":1,"text":"ﭛ","translation":{"text":"So go","language_name":"english","language_id":38},"transliteration":{"text":"fa-idh'hab","language_name":"english","language_id":38}},{"id":27133,"position":11,"audio_url":"wbw/005_024_012.mp3","qpc_uthmani_hafs":"أَنتَ","char_type_name":"word","page_number":112,"line_number":2,"text":"ﭜ","translation":{"text":"you","language_name":"english","language_id":38},"transliteration":{"text":"anta","language_name":"english","language_id":38}},{"id":27134,"position":12,"audio_url":"wbw/005_024_013.mp3","qpc_uthmani_hafs":"وَرَبُّكَ","char_type_name":"word","page_number":112,"line_number":2,"text":"ﭝ","translation":{"text":"and your Lord","language_name":"english","language_id":38},"transliteration":{"text":"warabbuka","language_name":"english","language_id":38}},{"id":27135,"position":13,"audio_url":"wbw/005_024_014.mp3","qpc_uthmani_hafs":"فَقَٰتِلَآ","char_type_name":"word","page_number":112,"line_number":2,"text":"ﭞ","translation":{"text":"and you both fight","language_name":"english","language_id":38},"transliteration":{"text":"faqātilā","language_name":"english","language_id":38}},{"id":27136,"position":14,"audio_url":"wbw/005_024_015.mp3","qpc_uthmani_hafs":"إِنَّا","char_type_name":"word","page_number":112,"line_number":2,"text":"ﭟ","translation":{"text":"Indeed, we","language_name":"english","language_id":38},"transliteration":{"text":"innā","language_name":"english","language_id":38}},{"id":27137,"position":15,"audio_url":"wbw/005_024_016.mp3","qpc_uthmani_hafs":"هَٰهُنَا","char_type_name":"word","page_number":112,"line_number":2,"text":"ﭠ","translation":{"text":"are [here]","language_name":"english","language_id":38},"transliteration":{"text":"hāhunā","language_name":"english","language_id":38}},{"id":27138,"position":16,"audio_url":"wbw/005_024_017.mp3","qpc_uthmani_hafs":"قَٰعِدُونَ","char_type_name":"word","page_number":112,"line_number":2,"text":"ﭡ","translation":{"text":"sitting","language_name":"english","language_id":38},"transliteration":{"text":"qāʿidūna","language_name":"english","language_id":38}},{"id":27139,"position":17,"audio_url":null,"qpc_uthmani_hafs":"٢٤","char_type_name":"end","page_number":112,"line_number":2,"text":"ﭢ","translation":{"text":"(24)","language_name":"english","language_id":38},"transliteration":{"text":null,"language_name":"english","language_id":38}}],"translations":[{"id":917122,"resource_id":134,"text":"Mereka berkata, \"Hai Musa, kami sekali sekali tidak akan memasukinya selama-lamanya, selagi mereka ada di dalamnya, karena itu pergilah kamu bersama Tuhan-mu, dan berperanglah kamu berdua, sesungguhnya kami hanya duduk menanti di sini saja\"."}]},{"id":694,"verse_number":25,"verse_key":"5:25","juz_number":6,"hizb_number":11,"rub_el_hizb_number":44,"ruku_number":89,"manzil_number":2,"sajdah_number":null,"text_uthmani":"قَالَ رَبِّ إِنِّى لَآ أَمْلِكُ إِلَّا نَفْسِى وَأَخِى ۖ فَٱفْرُقْ بَيْنَنَا وَبَيْنَ ٱلْقَوْمِ ٱلْفَـٰسِقِينَ","page_number":112,"words":[{"id":28133,"position":1,"audio_url":"wbw/005_025_001.mp3","qpc_uthmani_hafs":"قَالَ","char_type_name":"word","page_number":112,"line_number":2,"text":"ﭣ","translation":{"text":"He said","language_name":"english","language_id":38},"transliteration":{"text":"qāla","language_name":"english","language_id":38}},{"id":28134,"position":2,"audio_url":"wbw/005_025_002.mp3","qpc_uthmani_hafs":"رَبِّ","char_type_name":"word","page_number":112,"line_number":2,"text":"ﭤ","translation":{"text":"O my Lord","language_name":"english","language_id":38},"transliteration":{"text":"rabbi","language_name":"english","language_id":38}},{"id":28135,"position":3,"audio_url":"wbw/005_025_003.mp3","qpc_uthmani_hafs":"إِنِّي","char_type_name":"word","page_number":112,"line_number":3,"text":"ﭥ","translation":{"text":"Indeed, I","language_name":"english","language_id":38},"transliteration":{"text":"innī","language_name":"english","language_id":38}},{"id":28136,"position":4,"audio_url":"wbw/005_025_004.mp3","qpc_uthmani_hafs":"لَآ","char_type_name":"word","page_number":112,"line_number":3,"text":"ﭦ","translation":{"text":"(do) not","language_name":"english","language_id":38},"transliteration":{"text":"lā","language_name":"english","language_id":38}},{"id":28137,"position":5,"audio_url":"wbw/005_025_005.mp3","qpc_uthmani_hafs":"أَمۡلِكُ","char_type_name":"word","page_number":112,"line_number":3,"text":"ﭧ","translation":{"text":"(have) power","language_name":"english","language_id":38},"transliteration":{"text":"amliku","language_name":"english","language_id":38}},{"id":28138,"position":6,"audio_url":"wbw/005_025_006.mp3","qpc_uthmani_hafs":"إِلَّا","char_type_name":"word","page_number":112,"line_number":3,"text":"ﭨ","translation":{"text":"except","language_name":"english","language_id":38},"transliteration":{"text":"illā","language_name":"english","language_id":38}},{"id":28139,"position":7,"audio_url":"wbw/005_025_007.mp3","qpc_uthmani_hafs":"نَفۡسِي","char_type_name":"word","page_number":112,"line_number":3,"text":"ﭩ","translation":{"text":"(over) myself","language_name":"english","language_id":38},"transliteration":{"text":"nafsī","language_name":"english","language_id":38}},{"id":28140,"position":8,"audio_url":"wbw/005_025_008.mp3","qpc_uthmani_hafs":"وَأَخِيۖ","char_type_name":"word","page_number":112,"line_number":3,"text":"ﭪﭫ","translation":{"text":"and my brother","language_name":"english","language_id":38},"transliteration":{"text":"wa-akhī","language_name":"english","language_id":38}},{"id":28142,"position":9,"audio_url":"wbw/005_025_010.mp3","qpc_uthmani_hafs":"فَٱفۡرُقۡ","char_type_name":"word","page_number":112,"line_number":3,"text":"ﭬ","translation":{"text":"so (make a) separation","language_name":"english","language_id":38},"transliteration":{"text":"fa-uf'ruq","language_name":"english","language_id":38}},{"id":28143,"position":10,"audio_url":"wbw/005_025_011.mp3","qpc_uthmani_hafs":"بَيۡنَنَا","char_type_name":"word","page_number":112,"line_number":3,"text":"ﭭ","translation":{"text":"between us","language_name":"english","language_id":38},"transliteration":{"text":"baynanā","language_name":"english","language_id":38}},{"id":28144,"position":11,"audio_url":"wbw/005_025_012.mp3","qpc_uthmani_hafs":"وَبَيۡنَ","char_type_name":"word","page_number":112,"line_number":3,"text":"ﭮ","translation":{"text":"and between","language_name":"english","language_id":38},"transliteration":{"text":"wabayna","language_name":"english","language_id":38}},{"id":28145,"position":12,"audio_url":"wbw/005_025_013.mp3","qpc_uthmani_hafs":"ٱلۡقَوۡمِ","char_type_name":"word","page_number":112,"line_number":3,"text":"ﭯ","translation":{"text":"the people","language_name":"english","language_id":38},"transliteration":{"text":"l-qawmi","language_name":"english","language_id":38}},{"id":28146,"position":13,"audio_url":"wbw/005_025_014.mp3","qpc_uthmani_hafs":"ٱلۡفَٰسِقِينَ","char_type_name":"word","page_number":112,"line_number":4,"text":"ﭰ","translation":{"text":"(the) defiantly disobedient","language_name":"english","language_id":38},"transliteration":{"text":"l-fāsiqīna","language_name":"english","language_id":38}},{"id":28147,"position":14,"audio_url":null,"qpc_uthmani_hafs":"٢٥","char_type_name":"end","page_number":112,"line_number":4,"text":"ﭱ","translation":{"text":"(25)","language_name":"english","language_id":38},"transliteration":{"text":null,"language_name":"english","language_id":38}}],"translations":[{"id":917123,"resource_id":134,"text":"Berkata Musa, \"Ya Tuhan-ku, aku tidak menguasai kecuali diriku sendiri dan saudaraku.  Sebab itu, pisahkanlah antara kami dengan orang-orang yang fasik itu\"."}]},{"id":695,"verse_number":26,"verse_key":"5:26","juz_number":6,"hizb_number":11,"rub_el_hizb_number":44,"ruku_number":89,"manzil_number":2,"sajdah_number":null,"text_uthmani":"قَالَ فَإِنَّهَا مُحَرَّمَةٌ عَلَيْهِمْ ۛ أَرْبَعِينَ سَنَةً ۛ يَتِيهُونَ فِى ٱلْأَرْضِ ۚ فَلَا تَأْسَ عَلَى ٱلْقَوْمِ ٱلْفَـٰسِقِينَ","page_number":112,"words":[{"id":28896,"position":1,"audio_url":"wbw/005_026_001.mp3","qpc_uthmani_hafs":"قَالَ","char_type_name":"word","page_number":112,"line_number":4,"text":"ﭲ","translation":{"text":"(Allah) said","language_name":"english","language_id":38},"transliteration":{"text":"qāla","language_name":"english","language_id":38}},{"id":28897,"position":2,"audio_url":"wbw/005_026_002.mp3","qpc_uthmani_hafs":"فَإِنَّهَا","char_type_name":"word","page_number":112,"line_number":4,"text":"ﭳ","translation":{"text":"Then indeed it","language_name":"english","language_id":38},"transliteration":{"text":"fa-innahā","language_name":"english","language_id":38}},{"id":28898,"position":3,"audio_url":"wbw/005_026_003.mp3","qpc_uthmani_hafs":"مُحَرَّمَةٌ","char_type_name":"word","page_number":112,"line_number":4,"text":"ﭴ","translation":{"text":"(will be) forbidden","language_name":"english","language_id":38},"transliteration":{"text":"muḥarramatun","language_name":"english","language_id":38}},{"id":28899,"position":4,"audio_url":"wbw/005_026_004.mp3","qpc_uthmani_hafs":"عَلَيۡهِمۡۛ","char_type_name":"word","page_number":112,"line_number":4,"text":"ﭵﭶ","translation":{"text":"to them","language_name":"english","language_id":38},"transliteration":{"text":"ʿalayhim","language_name":"english","language_id":38}},{"id":28901,"position":5,"audio_url":"wbw/005_026_006.mp3","qpc_uthmani_hafs":"أَرۡبَعِينَ","char_type_name":"word","page_number":112,"line_number":4,"text":"ﭷ","translation":{"text":"(for) forty","language_name":"english","language_id":38},"transliteration":{"text":"arbaʿīna","language_name":"english","language_id":38}},{"id":28902,"position":6,"audio_url":"wbw/005_026_007.mp3","qpc_uthmani_hafs":"سَنَةٗۛ","char_type_name":"word","page_number":112,"line_number":4,"text":"ﭸﭹ","translation":{"text":"years","language_name":"english","language_id":38},"transliteration":{"text":"sanatan","language_name":"english","language_id":38}},{"id":28904,"position":7,"audio_url":"wbw/005_026_009.mp3","qpc_uthmani_hafs":"يَتِيهُونَ","char_type_name":"word","page_number":112,"line_number":5,"text":"ﭺ","translation":{"text":"they will wander","language_name":"english","language_id":38},"transliteration":{"text":"yatīhūna","language_name":"english","language_id":38}},{"id":28905,"position":8,"audio_url":"wbw/005_026_010.mp3","qpc_uthmani_hafs":"فِي","char_type_name":"word","page_number":112,"line_number":5,"text":"ﭻ","translation":{"text":"in","language_name":"english","language_id":38},"transliteration":{"text":"fī","language_name":"english","language_id":38}},{"id":28906,"position":9,"audio_url":"wbw/005_026_011.mp3","qpc_uthmani_hafs":"ٱلۡأَرۡضِۚ","char_type_name":"word","page_number":112,"line_number":5,"text":"ﭼﭽ","translation":{"text":"the earth","language_name":"english","language_id":38},"transliteration":{"text":"l-arḍi","language_name":"english","language_id":38}},{"id":28908,"position":10,"audio_url":"wbw/005_026_013.mp3","qpc_uthmani_hafs":"فَلَا","char_type_name":"word","page_number":112,"line_number":5,"text":"ﭾ","translation":{"text":"So (do) not","language_name":"english","language_id":38},"transliteration":{"text":"falā","language_name":"english","language_id":38}},{"id":28909,"position":11,"audio_url":"wbw/005_026_014.mp3","qpc_uthmani_hafs":"تَأۡسَ","char_type_name":"word","page_number":112,"line_number":5,"text":"ﭿ","translation":{"text":"grieve","language_name":"english","language_id":38},"transliteration":{"text":"tasa","language_name":"english","language_id":38}},{"id":28910,"position":12,"audio_url":"wbw/005_026_015.mp3","qpc_uthmani_hafs":"عَلَى","char_type_name":"word","page_number":112,"line_number":5,"text":"ﮀ","translation":{"text":"over","language_name":"english","language_id":38},"transliteration":{"text":"ʿalā","language_name":"english","language_id":38}},{"id":28911,"position":13,"audio_url":"wbw/005_026_016.mp3","qpc_uthmani_hafs":"ٱلۡقَوۡمِ","char_type_name":"word","page_number":112,"line_number":5,"text":"ﮁ","translation":{"text":"the people","language_name":"english","language_id":38},"transliteration":{"text":"l-qawmi","language_name":"english","language_id":38}},{"id":28912,"position":14,"audio_url":"wbw/005_026_017.mp3","qpc_uthmani_hafs":"ٱلۡفَٰسِقِينَ","char_type_name":"word","page_number":112,"line_number":5,"text":"ﮂ","translation":{"text":"the defiantly disobedient","language_name":"english","language_id":38},"transliteration":{"text":"l-fāsiqīna","language_name":"english","language_id":38}},{"id":28913,"position":15,"audio_url":null,"qpc_uthmani_hafs":"٢٦","char_type_name":"end","page_number":112,"line_number":6,"text":"ﮃ","translation":{"text":"(26)","language_name":"english","language_id":38},"transliteration":{"text":null,"language_name":"english","language_id":38}}],"translations":[{"id":917124,"resource_id":134,"text":"Allah berfirman, \"(Jika demikian), maka sesungguhnya negeri itu diharamkan atas mereka selama empat puluh tahun, (selama itu) mereka akan berputar-putar kebingungan di bumi (padang Tīh) itu.  Maka janganlah kamu bersedih hati (memikirkan nasib) orang-orang yang fasik itu\"."}]},{"id":696,"verse_number":27,"verse_key":"5:27","juz_number":6,"hizb_number":12,"rub_el_hizb_number":45,"ruku_number":90,"manzil_number":2,"sajdah_number":null,"text_uthmani":"۞ وَٱتْلُ عَلَيْهِمْ نَبَأَ ٱبْنَىْ ءَادَمَ بِٱلْحَقِّ إِذْ قَرَّبَا قُرْبَانًا فَتُقُبِّلَ مِنْ أَحَدِهِمَا وَلَمْ يُتَقَبَّلْ مِنَ ٱلْـَٔاخَرِ قَالَ لَأَقْتُلَنَّكَ ۖ قَالَ إِنَّمَا يَتَقَبَّلُ ٱللَّهُ مِنَ ٱلْمُتَّقِينَ","page_number":112,"words":[{"id":29968,"position":1,"audio_url":"wbw/005_027_002.mp3","qpc_uthmani_hafs":"۞ وَٱتۡلُ","char_type_name":"word","page_number":112,"line_number":6,"text":"ﮄ ﮅ","translation":{"text":"And recite","language_name":"english","language_id":38},"transliteration":{"text":"wa-ut'lu","language_name":"english","language_id":38}},{"id":29969,"position":2,"audio_url":"wbw/005_027_003.mp3","qpc_uthmani_hafs":"عَلَيۡهِمۡ","char_type_name":"word","page_number":112,"line_number":6,"text":"ﮆ","translation":{"text":"to them","language_name":"english","language_id":38},"transliteration":{"text":"ʿalayhim","language_name":"english","language_id":38}},{"id":29970,"position":3,"audio_url":"wbw/005_027_004.mp3","qpc_uthmani_hafs":"نَبَأَ","char_type_name":"word","page_number":112,"line_number":6,"text":"ﮇ","translation":{"text":"the story","language_name":"english","language_id":38},"transliteration":{"text":"naba-a","language_name":"english","language_id":38}},{"id":29971,"position":4,"audio_url":"wbw/005_027_005.mp3","qpc_uthmani_hafs":"ٱبۡنَيۡ","char_type_name":"word","page_number":112,"line_number":6,"text":"ﮈ","translation":{"text":"(of) two sons","language_name":"english","language_id":38},"transliteration":{"text":"ib'nay","language_name":"english","language_id":38}},{"id":29972,"position":5,"audio_url":"wbw/005_027_006.mp3","qpc_uthmani_hafs":"ءَادَمَ","char_type_name":"word","page_number":112,"line_number":6,"text":"ﮉ","translation":{"text":"(of) Adam","language_name":"english","language_id":38},"transliteration":{"text":"ādama","language_name":"english","language_id":38}},{"id":29973,"position":6,"audio_url":"wbw/005_027_007.mp3","qpc_uthmani_hafs":"بِٱلۡحَقِّ","char_type_name":"word","page_number":112,"line_number":6,"text":"ﮊ","translation":{"text":"in truth","language_name":"english","language_id":38},"transliteration":{"text":"bil-ḥaqi","language_name":"english","language_id":38}},{"id":29974,"position":7,"audio_url":"wbw/005_027_008.mp3","qpc_uthmani_hafs":"إِذۡ","char_type_name":"word","page_number":112,"line_number":6,"text":"ﮋ","translation":{"text":"when","language_name":"english","language_id":38},"transliteration":{"text":"idh","language_name":"english","language_id":38}},{"id":29975,"position":8,"audio_url":"wbw/005_027_009.mp3","qpc_uthmani_hafs":"قَرَّبَا","char_type_name":"word","page_number":112,"line_number":6,"text":"ﮌ","translation":{"text":"both offered","language_name":"english","language_id":38},"transliteration":{"text":"qarrabā","language_name":"english","language_id":38}},{"id":29976,"position":9,"audio_url":"wbw/005_027_010.mp3","qpc_uthmani_hafs":"قُرۡبَانٗا","char_type_name":"word","page_number":112,"line_number":6,"text":"ﮍ","translation":{"text":"a sacrifice","language_name":"english","language_id":38},"transliteration":{"text":"qur'bānan","language_name":"english","language_id":38}},{"id":29977,"position":10,"audio_url":"wbw/005_027_011.mp3","qpc_uthmani_hafs":"فَتُقُبِّلَ","char_type_name":"word","page_number":112,"line_number":7,"text":"ﮎ","translation":{"text":"and it was accepted","language_name":"english","language_id":38},"transliteration":{"text":"fatuqubbila","language_name":"english","language_id":38}},{"id":29978,"position":11,"audio_url":"wbw/005_027_012.mp3","qpc_uthmani_hafs":"مِنۡ","char_type_name":"word","page_number":112,"line_number":7,"text":"ﮏ","translation":{"text":"from","language_name":"english","language_id":38},"transliteration":{"text":"min","language_name":"english","language_id":38}},{"id":29979,"position":12,"audio_url":"wbw/005_027_013.mp3","qpc_uthmani_hafs":"أَحَدِهِمَا","char_type_name":"word","page_number":112,"line_number":7,"text":"ﮐ","translation":{"text":"one of them","language_name":"english","language_id":38},"transliteration":{"text":"aḥadihimā","language_name":"english","language_id":38}},{"id":29980,"position":13,"audio_url":"wbw/005_027_014.mp3","qpc_uthmani_hafs":"وَلَمۡ","char_type_name":"word","page_number":112,"line_number":7,"text":"ﮑ","translation":{"text":"and not","language_name":"english","language_id":38},"transliteration":{"text":"walam","language_name":"english","language_id":38}},{"id":29981,"position":14,"audio_url":"wbw/005_027_015.mp3","qpc_uthmani_hafs":"يُتَقَبَّلۡ","char_type_name":"word","page_number":112,"line_number":7,"text":"ﮒ","translation":{"text":"was accepted","language_name":"english","language_id":38},"transliteration":{"text":"yutaqabbal","language_name":"english","language_id":38}},{"id":29982,"position":15,"audio_url":"wbw/005_027_016.mp3","qpc_uthmani_hafs":"مِنَ","char_type_name":"word","page_number":112,"line_number":7,"text":"ﮓ","translation":{"text":"from","language_name":"english","language_id":38},"transliteration":{"text":"mina","language_name":"english","language_id":38}},{"id":29983,"position":16,"audio_url":"wbw/005_027_017.mp3","qpc_uthmani_hafs":"ٱلۡأٓخَرِ","char_type_name":"word","page_number":112,"line_number":7,"text":"ﮔ","translation":{"text":"the other","language_name":"english","language_id":38},"transliteration":{"text":"l-ākhari","language_name":"english","language_id":38}},{"id":29984,"position":17,"audio_url":"wbw/005_027_018.mp3","qpc_uthmani_hafs":"قَالَ","char_type_name":"word","page_number":112,"line_number":7,"text":"ﮕ","translation":{"text":"Said (the latter)","language_name":"english","language_id":38},"transliteration":{"text":"qāla","language_name":"english","language_id":38}},{"id":29985,"position":18,"audio_url":"wbw/005_027_019.mp3","qpc_uthmani_hafs":"لَأَقۡتُلَنَّكَۖ","char_type_name":"word","page_number":112,"line_number":7,"text":"ﮖﮗ","translation":{"text":"Surely I will kill you","language_name":"english","language_id":38},"transliteration":{"text":"la-aqtulannaka","language_name":"english","language_id":38}},{"id":29987,"position":19,"audio_url":"wbw/005_027_021.mp3","qpc_uthmani_hafs":"قَالَ","char_type_name":"word","page_number":112,"line_number":8,"text":"ﮘ","translation":{"text":"Said (the former)","language_name":"english","language_id":38},"transliteration":{"text":"qāla","language_name":"english","language_id":38}},{"id":29988,"position":20,"audio_url":"wbw/005_027_022.mp3","qpc_uthmani_hafs":"إِنَّمَا","char_type_name":"word","page_number":112,"line_number":8,"text":"ﮙ","translation":{"text":"Only","language_name":"english","language_id":38},"transliteration":{"text":"innamā","language_name":"english","language_id":38}},{"id":29989,"position":21,"audio_url":"wbw/005_027_023.mp3","qpc_uthmani_hafs":"يَتَقَبَّلُ","char_type_name":"word","page_number":112,"line_number":8,"text":"ﮚ","translation":{"text":"accepts","language_name":"english","language_id":38},"transliteration":{"text":"yataqabbalu","language_name":"english","language_id":38}},{"id":29990,"position":22,"audio_url":"wbw/005_027_024.mp3","qpc_uthmani_hafs":"ٱللَّهُ","char_type_name":"word","page_number":112,"line_number":8,"text":"ﮛ","translation":{"text":"(does) Allah","language_name":"english","language_id":38},"transliteration":{"text":"l-lahu","language_name":"english","language_id":38}},{"id":29991,"position":23,"audio_url":"wbw/005_027_025.mp3","qpc_uthmani_hafs":"مِنَ","char_type_name":"word","page_number":112,"line_number":8,"text":"ﮜ","translation":{"text":"from","language_name":"english","language_id":38},"transliteration":{"text":"mina","language_name":"english","language_id":38}},{"id":29992,"position":24,"audio_url":"wbw/005_027_026.mp3","qpc_uthmani_hafs":"ٱلۡمُتَّقِينَ","char_type_name":"word","page_number":112,"line_number":8,"text":"ﮝ","translation":{"text":"the God fearing","language_name":"english","language_id":38},"transliteration":{"text":"l-mutaqīna","language_name":"english","language_id":38}},{"id":29993,"position":25,"audio_url":null,"qpc_uthmani_hafs":"٢٧","char_type_name":"end","page_number":112,"line_number":8,"text":"ﮞ","translation":{"text":"(27)","language_name":"english","language_id":38},"transliteration":{"text":null,"language_name":"english","language_id":38}}],"translations":[{"id":917125,"resource_id":134,"text":"Ceritakanlah kepada mereka kisah kedua putra Adam (Hābīl dan Qābīl) menurut yang sebenarnya, ketika keduanya mempersembahkan kurban, maka diterima dari salah seorang dari mereka berdua (Hābīl) dan tidak diterima dari yang lain ( Qābīl).  Ia berkata ( Qābīl), \"Aku pasti membunuhmu!\" Berkata Habil, \"Sesungguhnya Allah hanya menerima (kurban) dari orang-orang yang bertakwa\"."}]},{"id":697,"verse_number":28,"verse_key":"5:28","juz_number":6,"hizb_number":12,"rub_el_hizb_number":45,"ruku_number":90,"manzil_number":2,"sajdah_number":null,"text_uthmani":"لَئِنۢ بَسَطتَ إِلَىَّ يَدَكَ لِتَقْتُلَنِى مَآ أَنَا۠ بِبَاسِطٍ يَدِىَ إِلَيْكَ لِأَقْتُلَكَ ۖ إِنِّىٓ أَخَافُ ٱللَّهَ رَبَّ ٱلْعَـٰلَمِينَ","page_number":112,"words":[{"id":31062,"position":1,"audio_url":"wbw/005_028_001.mp3","qpc_uthmani_hafs":"لَئِنۢ","char_type_name":"word","page_number":112,"line_number":8,"text":"ﮟ","translation":{"text":"If","language_name":"english","language_id":38},"transliteration":{"text":"la-in","language_name":"english","language_id":38}},{"id":31063,"position":2,"audio_url":"wbw/005_028_002.mp3","qpc_uthmani_hafs":"بَسَطتَ","char_type_name":"word","page_number":112,"line_number":8,"text":"ﮠ","translation":{"text":"you stretch","language_name":"english","language_id":38},"transliteration":{"text":"basaṭta","language_name":"english","language_id":38}},{"id":31064,"position":3,"audio_url":"wbw/005_028_003.mp3","qpc_uthmani_hafs":"إِلَيَّ","char_type_name":"word","page_number":112,"line_number":8,"text":"ﮡ","translation":{"text":"towards me","language_name":"english","language_id":38},"transliteration":{"text":"ilayya","language_name":"english","language_id":38}},{"id":31065,"position":4,"audio_url":"wbw/005_028_004.mp3","qpc_uthmani_hafs":"يَدَكَ","char_type_name":"word","page_number":112,"line_number":8,"text":"ﮢ","translation":{"text":"your hand","language_name":"english","language_id":38},"transliteration":{"text":"yadaka","language_name":"english","language_id":38}},{"id":31066,"position":5,"audio_url":"wbw/005_028_005.mp3","qpc_uthmani_hafs":"لِتَقۡتُلَنِي","char_type_name":"word","page_number":112,"line_number":9,"text":"ﮣ","translation":{"text":"to kill me","language_name":"english","language_id":38},"transliteration":{"text":"litaqtulanī","language_name":"english","language_id":38}},{"id":31067,"position":6,"audio_url":"wbw/005_028_006.mp3","qpc_uthmani_hafs":"مَآ","char_type_name":"word","page_number":112,"line_number":9,"text":"ﮤ","translation":{"text":"not","language_name":"english","language_id":38},"transliteration":{"text":"mā","language_name":"english","language_id":38}},{"id":31068,"position":7,"audio_url":"wbw/005_028_007.mp3","qpc_uthmani_hafs":"أَنَا۠","char_type_name":"word","page_number":112,"line_number":9,"text":"ﮥ","translation":{"text":"will I","language_name":"english","language_id":38},"transliteration":{"text":"anā","language_name":"english","language_id":38}},{"id":31069,"position":8,"audio_url":"wbw/005_028_008.mp3","qpc_uthmani_hafs":"بِبَاسِطٖ","char_type_name":"word","page_number":112,"line_number":9,"text":"ﮦ","translation":{"text":"stretch","language_name":"english","language_id":38},"transliteration":{"text":"bibāsiṭin","language_name":"english","language_id":38}},{"id":31070,"position":9,"audio_url":"wbw/005_028_009.mp3","qpc_uthmani_hafs":"يَدِيَ","char_type_name":"word","page_number":112,"line_number":9,"text":"ﮧ","translation":{"text":"my hand","language_name":"english","language_id":38},"transliteration":{"text":"yadiya","language_name":"english","language_id":38}},{"id":31071,"position":10,"audio_url":"wbw/005_028_010.mp3","qpc_uthmani_hafs":"إِلَيۡكَ","char_type_name":"word","page_number":112,"line_number":9,"text":"ﮨ","translation":{"text":"towards you","language_name":"english","language_id":38},"transliteration":{"text":"ilayka","language_name":"english","language_id":38}},{"id":31072,"position":11,"audio_url":"wbw/005_028_011.mp3","qpc_uthmani_hafs":"لِأَقۡتُلَكَۖ","char_type_name":"word","page_number":112,"line_number":9,"text":"ﮩﮪ","translation":{"text":"to kill you","language_name":"english","language_id":38},"transliteration":{"text":"li-aqtulaka","language_name":"english","language_id":38}},{"id":31074,"position":12,"audio_url":"wbw/005_028_013.mp3","qpc_uthmani_hafs":"إِنِّيٓ","char_type_name":"word","page_number":112,"line_number":9,"text":"ﮫ","translation":{"text":"indeed I","language_name":"english","language_id":38},"transliteration":{"text":"innī","language_name":"english","language_id":38}},{"id":31075,"position":13,"audio_url":"wbw/005_028_014.mp3","qpc_uthmani_hafs":"أَخَافُ","char_type_name":"word","page_number":112,"line_number":9,"text":"ﮬ","translation":{"text":"fear","language_name":"english","language_id":38},"transliteration":{"text":"akhāfu","language_name":"english","language_id":38}},{"id":31076,"position":14,"audio_url":"wbw/005_028_015.mp3","qpc_uthmani_hafs":"ٱللَّهَ","char_type_name":"word","page_number":112,"line_number":9,"text":"ﮭ","translation":{"text":"Allah","language_name":"english","language_id":38},"transliteration":{"text":"l-laha","language_name":"english","language_id":38}},{"id":31077,"position":15,"audio_url":"wbw/005_028_016.mp3","qpc_uthmani_hafs":"رَبَّ","char_type_name":"word","page_number":112,"line_number":10,"text":"ﮮ","translation":{"text":"(the) Lord","language_name":"english","language_id":38},"transliteration":{"text":"rabba","language_name":"english","language_id":38}},{"id":31078,"position":16,"audio_url":"wbw/005_028_017.mp3","qpc_uthmani_hafs":"ٱلۡعَٰلَمِينَ","char_type_name":"word","page_number":112,"line_number":10,"text":"ﮯ","translation":{"text":"(of) the worlds","language_name":"english","language_id":38},"transliteration":{"text":"l-ʿālamīna","language_name":"english","language_id":38}},{"id":31079,"position":17,"audio_url":null,"qpc_uthmani_hafs":"٢٨","char_type_name":"end","page_number":112,"line_number":10,"text":"ﮰ","translation":{"text":"(28)","language_name":"english","language_id":38},"transliteration":{"text":null,"language_name":"english","language_id":38}}],"translations":[{"id":917126,"resource_id":134,"text":"\"Sungguh, kalau kamu menggerakkan tanganmu kepadaku untuk membunuhku, aku sekali-kali tidak akan menggerakkan tanganku kepadamu untuk membunuhmu.  Sesungguhnya aku takut kepada Allah, Tuhan seru sekalian alam\"."}]},{"id":698,"verse_number":29,"verse_key":"5:29","juz_number":6,"hizb_number":12,"rub_el_hizb_number":45,"ruku_number":90,"manzil_number":2,"sajdah_number":null,"text_uthmani":"إِنِّىٓ أُرِيدُ أَن تَبُوٓأَ بِإِثْمِى وَإِثْمِكَ فَتَكُونَ مِنْ أَصْحَـٰبِ ٱلنَّارِ ۚ وَذَٰلِكَ جَزَٰٓؤُا۟ ٱلظَّـٰلِمِينَ","page_number":112,"words":[{"id":32034,"position":1,"audio_url":"wbw/005_029_001.mp3","qpc_uthmani_hafs":"إِنِّيٓ","char_type_name":"word","page_number":112,"line_number":10,"text":"ﮱ","translation":{"text":"Indeed, I","language_name":"english","language_id":38},"transliteration":{"text":"innī","language_name":"english","language_id":38}},{"id":32035,"position":2,"audio_url":"wbw/005_029_002.mp3","qpc_uthmani_hafs":"أُرِيدُ","char_type_name":"word","page_number":112,"line_number":10,"text":"ﯓ","translation":{"text":"wish","language_name":"english","language_id":38},"transliteration":{"text":"urīdu","language_name":"english","language_id":38}},{"id":32036,"position":3,"audio_url":"wbw/005_029_003.mp3","qpc_uthmani_hafs":"أَن","char_type_name":"word","page_number":112,"line_number":10,"text":"ﯔ","translation":{"text":"that","language_name":"english","language_id":38},"transliteration":{"text":"an","language_name":"english","language_id":38}},{"id":32037,"position":4,"audio_url":"wbw/005_029_004.mp3","qpc_uthmani_hafs":"تَبُوٓأَ","char_type_name":"word","page_number":112,"line_number":10,"text":"ﯕ","translation":{"text":"you be laden","language_name":"english","language_id":38},"transliteration":{"text":"tabūa","language_name":"english","language_id":38}},{"id":32038,"position":5,"audio_url":"wbw/005_029_005.mp3","qpc_uthmani_hafs":"بِإِثۡمِي","char_type_name":"word","page_number":112,"line_number":10,"text":"ﯖ","translation":{"text":"with my sin","language_name":"english","language_id":38},"transliteration":{"text":"bi-ith'mī","language_name":"english","language_id":38}},{"id":32039,"position":6,"audio_url":"wbw/005_029_006.mp3","qpc_uthmani_hafs":"وَإِثۡمِكَ","char_type_name":"word","page_number":112,"line_number":10,"text":"ﯗ","translation":{"text":"and your sin","language_name":"english","language_id":38},"transliteration":{"text":"wa-ith'mika","language_name":"english","language_id":38}},{"id":32040,"position":7,"audio_url":"wbw/005_029_007.mp3","qpc_uthmani_hafs":"فَتَكُونَ","char_type_name":"word","page_number":112,"line_number":10,"text":"ﯘ","translation":{"text":"so you will be","language_name":"english","language_id":38},"transliteration":{"text":"fatakūna","language_name":"english","language_id":38}},{"id":32041,"position":8,"audio_url":"wbw/005_029_008.mp3","qpc_uthmani_hafs":"مِنۡ","char_type_name":"word","page_number":112,"line_number":11,"text":"ﯙ","translation":{"text":"among","language_name":"english","language_id":38},"transliteration":{"text":"min","language_name":"english","language_id":38}},{"id":32042,"position":9,"audio_url":"wbw/005_029_009.mp3","qpc_uthmani_hafs":"أَصۡحَٰبِ","char_type_name":"word","page_number":112,"line_number":11,"text":"ﯚ","translation":{"text":"(the) companions","language_name":"english","language_id":38},"transliteration":{"text":"aṣḥābi","language_name":"english","language_id":38}},{"id":32043,"position":10,"audio_url":"wbw/005_029_010.mp3","qpc_uthmani_hafs":"ٱلنَّارِۚ","char_type_name":"word","page_number":112,"line_number":11,"text":"ﯛﯜ","translation":{"text":"(of) the Fire","language_name":"english","language_id":38},"transliteration":{"text":"l-nāri","language_name":"english","language_id":38}},{"id":32045,"position":11,"audio_url":"wbw/005_029_012.mp3","qpc_uthmani_hafs":"وَذَٰلِكَ","char_type_name":"word","page_number":112,"line_number":11,"text":"ﯝ","translation":{"text":"and that","language_name":"english","language_id":38},"transliteration":{"text":"wadhālika","language_name":"english","language_id":38}},{"id":32046,"position":12,"audio_url":"wbw/005_029_013.mp3","qpc_uthmani_hafs":"جَزَٰٓؤُاْ","char_type_name":"word","page_number":112,"line_number":11,"text":"ﯞ","translation":{"text":"(is the) recompense","language_name":"english","language_id":38},"transliteration":{"text":"jazāu","language_name":"english","language_id":38}},{"id":32047,"position":13,"audio_url":"wbw/005_029_014.mp3","qpc_uthmani_hafs":"ٱلظَّٰلِمِينَ","char_type_name":"word","page_number":112,"line_number":11,"text":"ﯟ","translation":{"text":"(of) the wrong-doers","language_name":"english","language_id":38},"transliteration":{"text":"l-ẓālimīna","language_name":"english","language_id":38}},{"id":32048,"position":14,"audio_url":null,"qpc_uthmani_hafs":"٢٩","char_type_name":"end","page_number":112,"line_number":11,"text":"ﯠ","translation":{"text":"(29)","language_name":"english","language_id":38},"transliteration":{"text":null,"language_name":"english","language_id":38}}],"translations":[{"id":917127,"resource_id":134,"text":"\"Sesungguhnya aku ingin agar kamu kembali dengan (membawa) dosa (membunuh)ku dan dosamu sendiri, maka kamu akan menjadi penghuni neraka, dan yang demikian itulah pembalasan bagi orang-orang yang zalim\"."}]},{"id":699,"verse_number":30,"verse_key":"5:30","juz_number":6,"hizb_number":12,"rub_el_hizb_number":45,"ruku_number":90,"manzil_number":2,"sajdah_number":null,"text_uthmani":"فَطَوَّعَتْ لَهُۥ نَفْسُهُۥ قَتْلَ أَخِيهِ فَقَتَلَهُۥ فَأَصْبَحَ مِنَ ٱلْخَـٰسِرِينَ","page_number":112,"words":[{"id":32917,"position":1,"audio_url":"wbw/005_030_001.mp3","qpc_uthmani_hafs":"فَطَوَّعَتۡ","char_type_name":"word","page_number":112,"line_number":11,"text":"ﯡ","translation":{"text":"Then prompted","language_name":"english","language_id":38},"transliteration":{"text":"faṭawwaʿat","language_name":"english","language_id":38}},{"id":32918,"position":2,"audio_url":"wbw/005_030_002.mp3","qpc_uthmani_hafs":"لَهُۥ","char_type_name":"word","page_number":112,"line_number":12,"text":"ﯢ","translation":{"text":"to him","language_name":"english","language_id":38},"transliteration":{"text":"lahu","language_name":"english","language_id":38}},{"id":32919,"position":3,"audio_url":"wbw/005_030_003.mp3","qpc_uthmani_hafs":"نَفۡسُهُۥ","char_type_name":"word","page_number":112,"line_number":12,"text":"ﯣ","translation":{"text":"his soul","language_name":"english","language_id":38},"transliteration":{"text":"nafsuhu","language_name":"english","language_id":38}},{"id":32920,"position":4,"audio_url":"wbw/005_030_004.mp3","qpc_uthmani_hafs":"قَتۡلَ","char_type_name":"word","page_number":112,"line_number":12,"text":"ﯤ","translation":{"text":"(to) kill","language_name":"english","language_id":38},"transliteration":{"text":"qatla","language_name":"english","language_id":38}},{"id":32921,"position":5,"audio_url":"wbw/005_030_005.mp3","qpc_uthmani_hafs":"أَخِيهِ","char_type_name":"word","page_number":112,"line_number":12,"text":"ﯥ","translation":{"text":"his brother","language_name":"english","language_id":38},"transliteration":{"text":"akhīhi","language_name":"english","language_id":38}},{"id":32922,"position":6,"audio_url":"wbw/005_030_006.mp3","qpc_uthmani_hafs":"فَقَتَلَهُۥ","char_type_name":"word","page_number":112,"line_number":12,"text":"ﯦ","translation":{"text":"so he killed him","language_name":"english","language_id":38},"transliteration":{"text":"faqatalahu","language_name":"english","language_id":38}},{"id":32923,"position":7,"audio_url":"wbw/005_030_007.mp3","qpc_uthmani_hafs":"فَأَصۡبَحَ","char_type_name":"word","page_number":112,"line_number":12,"text":"ﯧ","translation":{"text":"and became","language_name":"english","language_id":38},"transliteration":{"text":"fa-aṣbaḥa","language_name":"english","language_id":38}},{"id":32924,"position":8,"audio_url":"wbw/005_030_008.mp3","qpc_uthmani_hafs":"مِنَ","char_type_name":"word","page_number":112,"line_number":12,"text":"ﯨ","translation":{"text":"of","language_name":"english","language_id":38},"transliteration":{"text":"mina","language_name":"english","language_id":38}},{"id":32925,"position":9,"audio_url":"wbw/005_030_009.mp3","qpc_uthmani_hafs":"ٱلۡخَٰسِرِينَ","char_type_name":"word","page_number":112,"line_number":12,"text":"ﯩ","translation":{"text":"the losers","language_name":"english","language_id":38},"transliteration":{"text":"l-khāsirīna","language_name":"english","language_id":38}},{"id":32926,"position":10,"audio_url":null,"qpc_uthmani_hafs":"٣٠","char_type_name":"end","page_number":112,"line_number":12,"text":"ﯪ","translation":{"text":"(30)","language_name":"english","language_id":38},"transliteration":{"text":null,"language_name":"english","language_id":38}}],"translations":[{"id":917128,"resource_id":134,"text":"Maka hawa nafsu Qābīl menjadikannya menganggap mudah membunuh saudaranya, sebab itu dibunuhnyalah, maka jadilah ia seorang di antara orang-orang yang merugi."}]},{"id":700,"verse_number":31,"verse_key":"5:31","juz_number":6,"hizb_number":12,"rub_el_hizb_number":45,"ruku_number":90,"manzil_number":2,"sajdah_number":null,"text_uthmani":"فَبَعَثَ ٱللَّهُ غُرَابًا يَبْحَثُ فِى ٱلْأَرْضِ لِيُرِيَهُۥ كَيْفَ يُوَٰرِى سَوْءَةَ أَخِيهِ ۚ قَالَ يَـٰوَيْلَتَىٰٓ أَعَجَزْتُ أَنْ أَكُونَ مِثْلَ هَـٰذَا ٱلْغُرَابِ فَأُوَٰرِىَ سَوْءَةَ أَخِى ۖ فَأَصْبَحَ مِنَ ٱلنَّـٰدِمِينَ","page_number":112,"words":[{"id":33415,"position":1,"audio_url":"wbw/005_031_001.mp3","qpc_uthmani_hafs":"فَبَعَثَ","char_type_name":"word","page_number":112,"line_number":13,"text":"ﯫ","translation":{"text":"Then (was) sent","language_name":"english","language_id":38},"transliteration":{"text":"fabaʿatha","language_name":"english","language_id":38}},{"id":33416,"position":2,"audio_url":"wbw/005_031_002.mp3","qpc_uthmani_hafs":"ٱللَّهُ","char_type_name":"word","page_number":112,"line_number":13,"text":"ﯬ","translation":{"text":"(by) Allah","language_name":"english","language_id":38},"transliteration":{"text":"l-lahu","language_name":"english","language_id":38}},{"id":33417,"position":3,"audio_url":"wbw/005_031_003.mp3","qpc_uthmani_hafs":"غُرَابٗا","char_type_name":"word","page_number":112,"line_number":13,"text":"ﯭ","translation":{"text":"a crow","language_name":"english","language_id":38},"transliteration":{"text":"ghurāban","language_name":"english","language_id":38}},{"id":33418,"position":4,"audio_url":"wbw/005_031_004.mp3","qpc_uthmani_hafs":"يَبۡحَثُ","char_type_name":"word","page_number":112,"line_number":13,"text":"ﯮ","translation":{"text":"it (was) scratching","language_name":"english","language_id":38},"transliteration":{"text":"yabḥathu","language_name":"english","language_id":38}},{"id":33419,"position":5,"audio_url":"wbw/005_031_005.mp3","qpc_uthmani_hafs":"فِي","char_type_name":"word","page_number":112,"line_number":13,"text":"ﯯ","translation":{"text":"in","language_name":"english","language_id":38},"transliteration":{"text":"fī","language_name":"english","language_id":38}},{"id":33420,"position":6,"audio_url":"wbw/005_031_006.mp3","qpc_uthmani_hafs":"ٱلۡأَرۡضِ","char_type_name":"word","page_number":112,"line_number":13,"text":"ﯰ","translation":{"text":"the earth","language_name":"english","language_id":38},"transliteration":{"text":"l-arḍi","language_name":"english","language_id":38}},{"id":33421,"position":7,"audio_url":"wbw/005_031_007.mp3","qpc_uthmani_hafs":"لِيُرِيَهُۥ","char_type_name":"word","page_number":112,"line_number":13,"text":"ﯱ","translation":{"text":"to show him","language_name":"english","language_id":38},"transliteration":{"text":"liyuriyahu","language_name":"english","language_id":38}},{"id":33422,"position":8,"audio_url":"wbw/005_031_008.mp3","qpc_uthmani_hafs":"كَيۡفَ","char_type_name":"word","page_number":112,"line_number":13,"text":"ﯲ","translation":{"text":"how","language_name":"english","language_id":38},"transliteration":{"text":"kayfa","language_name":"english","language_id":38}},{"id":33423,"position":9,"audio_url":"wbw/005_031_009.mp3","qpc_uthmani_hafs":"يُوَٰرِي","char_type_name":"word","page_number":112,"line_number":13,"text":"ﯳ","translation":{"text":"to hide","language_name":"english","language_id":38},"transliteration":{"text":"yuwārī","language_name":"english","language_id":38}},{"id":33424,"position":10,"audio_url":"wbw/005_031_010.mp3","qpc_uthmani_hafs":"سَوۡءَةَ","char_type_name":"word","page_number":112,"line_number":14,"text":"ﯴ","translation":{"text":"(the) dead body","language_name":"english","language_id":38},"transliteration":{"text":"sawata","language_name":"english","language_id":38}},{"id":33425,"position":11,"audio_url":"wbw/005_031_011.mp3","qpc_uthmani_hafs":"أَخِيهِۚ","char_type_name":"word","page_number":112,"line_number":14,"text":"ﯵﯶ","translation":{"text":"(of) his brother","language_name":"english","language_id":38},"transliteration":{"text":"akhīhi","language_name":"english","language_id":38}},{"id":33427,"position":12,"audio_url":"wbw/005_031_013.mp3","qpc_uthmani_hafs":"قَالَ","char_type_name":"word","page_number":112,"line_number":14,"text":"ﯷ","translation":{"text":"He said","language_name":"english","language_id":38},"transliteration":{"text":"qāla","language_name":"english","language_id":38}},{"id":33428,"position":13,"audio_url":"wbw/005_031_014.mp3","qpc_uthmani_hafs":"يَٰوَيۡلَتَىٰٓ","char_type_name":"word","page_number":112,"line_number":14,"text":"ﯸ","translation":{"text":"Woe to me","language_name":"english","language_id":38},"transliteration":{"text":"yāwaylatā","language_name":"english","language_id":38}},{"id":33429,"position":14,"audio_url":"wbw/005_031_015.mp3","qpc_uthmani_hafs":"أَعَجَزۡتُ","char_type_name":"word","page_number":112,"line_number":14,"text":"ﯹ","translation":{"text":"Am I unable","language_name":"english","language_id":38},"transliteration":{"text":"aʿajaztu","language_name":"english","language_id":38}},{"id":33430,"position":15,"audio_url":"wbw/005_031_016.mp3","qpc_uthmani_hafs":"أَنۡ","char_type_name":"word","page_number":112,"line_number":14,"text":"ﯺ","translation":{"text":"that","language_name":"english","language_id":38},"transliteration":{"text":"an","language_name":"english","language_id":38}},{"id":33431,"position":16,"audio_url":"wbw/005_031_017.mp3","qpc_uthmani_hafs":"أَكُونَ","char_type_name":"word","page_number":112,"line_number":14,"text":"ﯻ","translation":{"text":"I can be","language_name":"english","language_id":38},"transliteration":{"text":"akūna","language_name":"english","language_id":38}},{"id":33432,"position":17,"audio_url":"wbw/005_031_018.mp3","qpc_uthmani_hafs":"مِثۡلَ","char_type_name":"word","page_number":112,"line_number":14,"text":"ﯼ","translation":{"text":"like","language_name":"english","language_id":38},"transliteration":{"text":"mith'la","language_name":"english","language_id":38}},{"id":33433,"position":18,"audio_url":"wbw/005_031_019.mp3","qpc_uthmani_hafs":"هَٰذَا","char_type_name":"word","page_number":112,"line_number":14,"text":"ﯽ","translation":{"text":"this","language_name":"english","language_id":38},"transliteration":{"text":"hādhā","language_name":"english","language_id":38}},{"id":33434,"position":19,"audio_url":"wbw/005_031_020.mp3","qpc_uthmani_hafs":"ٱلۡغُرَابِ","char_type_name":"word","page_number":112,"line_number":15,"text":"ﯾ","translation":{"text":"[the] crow","language_name":"english","language_id":38},"transliteration":{"text":"l-ghurābi","language_name":"english","language_id":38}},{"id":33435,"position":20,"audio_url":"wbw/005_031_021.mp3","qpc_uthmani_hafs":"فَأُوَٰرِيَ","char_type_name":"word","page_number":112,"line_number":15,"text":"ﯿ","translation":{"text":"and hide","language_name":"english","language_id":38},"transliteration":{"text":"fa-uwāriya","language_name":"english","language_id":38}},{"id":33436,"position":21,"audio_url":"wbw/005_031_022.mp3","qpc_uthmani_hafs":"سَوۡءَةَ","char_type_name":"word","page_number":112,"line_number":15,"text":"ﰀ","translation":{"text":"(the) dead body","language_name":"english","language_id":38},"transliteration":{"text":"sawata","language_name":"english","language_id":38}},{"id":33437,"position":22,"audio_url":"wbw/005_031_023.mp3","qpc_uthmani_hafs":"أَخِيۖ","char_type_name":"word","page_number":112,"line_number":15,"text":"ﰁﰂ","translation":{"text":"(of) my brother","language_name":"english","language_id":38},"transliteration":{"text":"akhī","language_name":"english","language_id":38}},{"id":33439,"position":23,"audio_url":"wbw/005_031_025.mp3","qpc_uthmani_hafs":"فَأَصۡبَحَ","char_type_name":"word","page_number":112,"line_number":15,"text":"ﰃ","translation":{"text":"Then he became","language_name":"english","language_id":38},"transliteration":{"text":"fa-aṣbaḥa","language_name":"english","language_id":38}},{"id":33440,"position":24,"audio_url":"wbw/005_031_026.mp3","qpc_uthmani_hafs":"مِنَ","char_type_name":"word","page_number":112,"line_number":15,"text":"ﰄ","translation":{"text":"of","language_name":"english","language_id":38},"transliteration":{"text":"mina","language_name":"english","language_id":38}},{"id":33441,"position":25,"audio_url":"wbw/005_031_027.mp3","qpc_uthmani_hafs":"ٱلنَّٰدِمِينَ","char_type_name":"word","page_number":112,"line_number":15,"text":"ﰅ","translation":{"text":"the regretful","language_name":"english","language_id":38},"transliteration":{"text":"l-nādimīna","language_name":"english","language_id":38}},{"id":33442,"position":26,"audio_url":null,"qpc_uthmani_hafs":"٣١","char_type_name":"end","page_number":112,"line_number":15,"text":"ﰆ","translation":{"text":"(31)","language_name":"english","language_id":38},"transliteration":{"text":null,"language_name":"english","language_id":38}}],"translations":[{"id":917129,"resource_id":134,"text":"Kemudian Allah menyuruh seekor burung gagak menggali-gali di bumi untuk memperlihatkan kepadanya (Qābīl) bagaimana dia seharusnya menguburkan mayat saudaranya<sup foot_note=210179>1</sup>.  Berkata Qābīl, \"Aduhai celaka aku, mengapa aku tidak mampu berbuat seperti burung gagak ini, lalu aku dapat menguburkan mayat saudaraku ini?\" Karena itu jadilah dia seorang di antara orang-orang yang menyesal."}]}],"pagination":{"per_page":50,"current_page":1,"next_page":null,"total_pages":1,"total_records":8}}