{"verses":[{"id":706,"verse_number":37,"verse_key":"5:37","juz_number":6,"hizb_number":12,"rub_el_hizb_number":45,"ruku_number":91,"manzil_number":2,"sajdah_number":null,"text_uthmani":"يُرِيدُونَ أَن يَخْرُجُوا۟ مِنَ ٱلنَّارِ وَمَا هُم بِخَـٰرِجِينَ مِنْهَا ۖ وَلَهُمْ عَذَابٌ مُّقِيمٌ","page_number":114,"words":[{"id":39044,"position":1,"audio_url":"wbw/005_037_001.mp3","qpc_uthmani_hafs":"يُرِيدُونَ","char_type_name":"word","page_number":114,"line_number":1,"text":"ﭑ","translation":{"text":"They will wish","language_name":"english","language_id":38},"transliteration":{"text":"yurīdūna","language_name":"english","language_id":38}},{"id":39045,"position":2,"audio_url":"wbw/005_037_002.mp3","qpc_uthmani_hafs":"أَن","char_type_name":"word","page_number":114,"line_number":1,"text":"ﭒ","translation":{"text":"that","language_name":"english","language_id":38},"transliteration":{"text":"an","language_name":"english","language_id":38}},{"id":39046,"position":3,"audio_url":"wbw/005_037_003.mp3","qpc_uthmani_hafs":"يَخۡرُجُواْ","char_type_name":"word","page_number":114,"line_number":1,"text":"ﭓ","translation":{"text":"they come out","language_name":"english","language_id":38},"transliteration":{"text":"yakhrujū","language_name":"english","language_id":38}},{"id":39047,"position":4,"audio_url":"wbw/005_037_004.mp3","qpc_uthmani_hafs":"مِنَ","char_type_name":"word","page_number":114,"line_number":1,"text":"ﭔ","translation":{"text":"of","language_name":"english","language_id":38},"transliteration":{"text":"mina","language_name":"english","language_id":38}},{"id":39048,"position":5,"audio_url":"wbw/005_037_005.mp3","qpc_uthmani_hafs":"ٱلنَّارِ","char_type_name":"word","page_number":114,"line_number":1,"text":"ﭕ","translation":{"text":"the Fire","language_name":"english","language_id":38},"transliteration":{"text":"l-nāri","language_name":"english","language_id":38}},{"id":39049,"position":6,"audio_url":"wbw/005_037_006.mp3","qpc_uthmani_hafs":"وَمَا","char_type_name":"word","page_number":114,"line_number":1,"text":"ﭖ","translation":{"text":"but not","language_name":"english","language_id":38},"transliteration":{"text":"wamā","language_name":"english","language_id":38}},{"id":39050,"position":7,"audio_url":"wbw/005_037_007.mp3","qpc_uthmani_hafs":"هُم","char_type_name":"word","page_number":114,"line_number":1,"text":"ﭗ","translation":{"text":"they","language_name":"english","language_id":38},"transliteration":{"text":"hum","language_name":"english","language_id":38}},{"id":39051,"position":8,"audio_url":"wbw/005_037_008.mp3","qpc_uthmani_hafs":"بِخَٰرِجِينَ","char_type_name":"word","page_number":114,"line_number":1,"text":"ﭘ","translation":{"text":"will come out","language_name":"english","language_id":38},"transliteration":{"text":"bikhārijīna","language_name":"english","language_id":38}},{"id":39052,"position":9,"audio_url":"wbw/005_037_009.mp3","qpc_uthmani_hafs":"مِنۡهَاۖ","char_type_name":"word","page_number":114,"line_number":1,"text":"ﭙﭚ","translation":{"text":"of it","language_name":"english","language_id":38},"transliteration":{"text":"min'hā","language_name":"english","language_id":38}},{"id":39054,"position":10,"audio_url":"wbw/005_037_011.mp3","qpc_uthmani_hafs":"وَلَهُمۡ","char_type_name":"word","page_number":114,"line_number":2,"text":"ﭛ","translation":{"text":"And for them","language_name":"english","language_id":38},"transliteration":{"text":"walahum","language_name":"english","language_id":38}},{"id":39055,"position":11,"audio_url":"wbw/005_037_012.mp3","qpc_uthmani_hafs":"عَذَابٞ","char_type_name":"word","page_number":114,"line_number":2,"text":"ﭜ","translation":{"text":"(is) a punishment","language_name":"english","language_id":38},"transliteration":{"text":"ʿadhābun","language_name":"english","language_id":38}},{"id":39056,"position":12,"audio_url":"wbw/005_037_013.mp3","qpc_uthmani_hafs":"مُّقِيمٞ","char_type_name":"word","page_number":114,"line_number":2,"text":"ﭝ","translation":{"text":"lasting","language_name":"english","language_id":38},"transliteration":{"text":"muqīmun","language_name":"english","language_id":38}},{"id":39057,"position":13,"audio_url":null,"qpc_uthmani_hafs":"٣٧","char_type_name":"end","page_number":114,"line_number":2,"text":"ﭞ","translation":{"text":"(37)","language_name":"english","language_id":38},"transliteration":{"text":null,"language_name":"english","language_id":38}}],"translations":[{"id":917135,"resource_id":134,"text":"Mereka ingin keluar dari neraka, padahal mereka sekali-kali tidak dapat keluar darinya, dan mereka beroleh azab yang kekal."}]},{"id":707,"verse_number":38,"verse_key":"5:38","juz_number":6,"hizb_number":12,"rub_el_hizb_number":45,"ruku_number":91,"manzil_number":2,"sajdah_number":null,"text_uthmani":"وَٱلسَّارِقُ وَٱلسَّارِقَةُ فَٱقْطَعُوٓا۟ أَيْدِيَهُمَا جَزَآءًۢ بِمَا كَسَبَا نَكَـٰلًا مِّنَ ٱللَّهِ ۗ وَٱللَّهُ عَزِيزٌ حَكِيمٌ","page_number":114,"words":[{"id":39883,"position":1,"audio_url":"wbw/005_038_001.mp3","qpc_uthmani_hafs":"وَٱلسَّارِقُ","char_type_name":"word","page_number":114,"line_number":2,"text":"ﭟ","translation":{"text":"And (for) the male thief","language_name":"english","language_id":38},"transliteration":{"text":"wal-sāriqu","language_name":"english","language_id":38}},{"id":39884,"position":2,"audio_url":"wbw/005_038_002.mp3","qpc_uthmani_hafs":"وَٱلسَّارِقَةُ","char_type_name":"word","page_number":114,"line_number":2,"text":"ﭠ","translation":{"text":"and the female thief ","language_name":"english","language_id":38},"transliteration":{"text":"wal-sāriqatu","language_name":"english","language_id":38}},{"id":39885,"position":3,"audio_url":"wbw/005_038_003.mp3","qpc_uthmani_hafs":"فَٱقۡطَعُوٓاْ","char_type_name":"word","page_number":114,"line_number":2,"text":"ﭡ","translation":{"text":"[then] cut off","language_name":"english","language_id":38},"transliteration":{"text":"fa-iq'ṭaʿū","language_name":"english","language_id":38}},{"id":39886,"position":4,"audio_url":"wbw/005_038_004.mp3","qpc_uthmani_hafs":"أَيۡدِيَهُمَا","char_type_name":"word","page_number":114,"line_number":3,"text":"ﭢ","translation":{"text":"their hands","language_name":"english","language_id":38},"transliteration":{"text":"aydiyahumā","language_name":"english","language_id":38}},{"id":39887,"position":5,"audio_url":"wbw/005_038_005.mp3","qpc_uthmani_hafs":"جَزَآءَۢ","char_type_name":"word","page_number":114,"line_number":3,"text":"ﭣ","translation":{"text":"(as) a recompense","language_name":"english","language_id":38},"transliteration":{"text":"jazāan","language_name":"english","language_id":38}},{"id":39888,"position":6,"audio_url":"wbw/005_038_006.mp3","qpc_uthmani_hafs":"بِمَا","char_type_name":"word","page_number":114,"line_number":3,"text":"ﭤ","translation":{"text":"for what","language_name":"english","language_id":38},"transliteration":{"text":"bimā","language_name":"english","language_id":38}},{"id":39889,"position":7,"audio_url":"wbw/005_038_007.mp3","qpc_uthmani_hafs":"كَسَبَا","char_type_name":"word","page_number":114,"line_number":3,"text":"ﭥ","translation":{"text":"they earned","language_name":"english","language_id":38},"transliteration":{"text":"kasabā","language_name":"english","language_id":38}},{"id":39890,"position":8,"audio_url":"wbw/005_038_008.mp3","qpc_uthmani_hafs":"نَكَٰلٗا","char_type_name":"word","page_number":114,"line_number":3,"text":"ﭦ","translation":{"text":"(as) an exemplary (punishment)","language_name":"english","language_id":38},"transliteration":{"text":"nakālan","language_name":"english","language_id":38}},{"id":39891,"position":9,"audio_url":"wbw/005_038_009.mp3","qpc_uthmani_hafs":"مِّنَ","char_type_name":"word","page_number":114,"line_number":3,"text":"ﭧ","translation":{"text":"from","language_name":"english","language_id":38},"transliteration":{"text":"mina","language_name":"english","language_id":38}},{"id":39892,"position":10,"audio_url":"wbw/005_038_010.mp3","qpc_uthmani_hafs":"ٱللَّهِۗ","char_type_name":"word","page_number":114,"line_number":3,"text":"ﭨﭩ","translation":{"text":"Allah","language_name":"english","language_id":38},"transliteration":{"text":"l-lahi","language_name":"english","language_id":38}},{"id":39894,"position":11,"audio_url":"wbw/005_038_012.mp3","qpc_uthmani_hafs":"وَٱللَّهُ","char_type_name":"word","page_number":114,"line_number":3,"text":"ﭪ","translation":{"text":"And Allah","language_name":"english","language_id":38},"transliteration":{"text":"wal-lahu","language_name":"english","language_id":38}},{"id":39895,"position":12,"audio_url":"wbw/005_038_013.mp3","qpc_uthmani_hafs":"عَزِيزٌ","char_type_name":"word","page_number":114,"line_number":3,"text":"ﭫ","translation":{"text":"(is) All-Mighty","language_name":"english","language_id":38},"transliteration":{"text":"ʿazīzun","language_name":"english","language_id":38}},{"id":39896,"position":13,"audio_url":"wbw/005_038_014.mp3","qpc_uthmani_hafs":"حَكِيمٞ","char_type_name":"word","page_number":114,"line_number":3,"text":"ﭬ","translation":{"text":"All-Wise","language_name":"english","language_id":38},"transliteration":{"text":"ḥakīmun","language_name":"english","language_id":38}},{"id":39897,"position":14,"audio_url":null,"qpc_uthmani_hafs":"٣٨","char_type_name":"end","page_number":114,"line_number":4,"text":"ﭭ","translation":{"text":"(38)","language_name":"english","language_id":38},"transliteration":{"text":null,"language_name":"english","language_id":38}}],"translations":[{"id":917136,"resource_id":134,"text":"Laki-laki yang mencuri dan perempuan yang mencuri, potonglah tangan keduanya (sebagai) pembalasan bagi apa yang mereka kerjakan dan sebagai siksaan dari Allah.  Dan Allah Maha Perkasa lagi Maha Bijaksana."}]},{"id":708,"verse_number":39,"verse_key":"5:39","juz_number":6,"hizb_number":12,"rub_el_hizb_number":45,"ruku_number":91,"manzil_number":2,"sajdah_number":null,"text_uthmani":"فَمَن تَابَ مِنۢ بَعْدِ ظُلْمِهِۦ وَأَصْلَحَ فَإِنَّ ٱللَّهَ يَتُوبُ عَلَيْهِ ۗ إِنَّ ٱللَّهَ غَفُورٌ رَّحِيمٌ","page_number":114,"words":[{"id":40703,"position":1,"audio_url":"wbw/005_039_001.mp3","qpc_uthmani_hafs":"فَمَن","char_type_name":"word","page_number":114,"line_number":4,"text":"ﭮ","translation":{"text":"But whoever","language_name":"english","language_id":38},"transliteration":{"text":"faman","language_name":"english","language_id":38}},{"id":40704,"position":2,"audio_url":"wbw/005_039_002.mp3","qpc_uthmani_hafs":"تَابَ","char_type_name":"word","page_number":114,"line_number":4,"text":"ﭯ","translation":{"text":"repented","language_name":"english","language_id":38},"transliteration":{"text":"tāba","language_name":"english","language_id":38}},{"id":40705,"position":3,"audio_url":"wbw/005_039_003.mp3","qpc_uthmani_hafs":"مِنۢ","char_type_name":"word","page_number":114,"line_number":4,"text":"ﭰ","translation":{"text":"from","language_name":"english","language_id":38},"transliteration":{"text":"min","language_name":"english","language_id":38}},{"id":40706,"position":4,"audio_url":"wbw/005_039_004.mp3","qpc_uthmani_hafs":"بَعۡدِ","char_type_name":"word","page_number":114,"line_number":4,"text":"ﭱ","translation":{"text":"after","language_name":"english","language_id":38},"transliteration":{"text":"baʿdi","language_name":"english","language_id":38}},{"id":40707,"position":5,"audio_url":"wbw/005_039_005.mp3","qpc_uthmani_hafs":"ظُلۡمِهِۦ","char_type_name":"word","page_number":114,"line_number":4,"text":"ﭲ","translation":{"text":"his wrongdoing","language_name":"english","language_id":38},"transliteration":{"text":"ẓul'mihi","language_name":"english","language_id":38}},{"id":40708,"position":6,"audio_url":"wbw/005_039_006.mp3","qpc_uthmani_hafs":"وَأَصۡلَحَ","char_type_name":"word","page_number":114,"line_number":4,"text":"ﭳ","translation":{"text":"and reforms","language_name":"english","language_id":38},"transliteration":{"text":"wa-aṣlaḥa","language_name":"english","language_id":38}},{"id":40709,"position":7,"audio_url":"wbw/005_039_007.mp3","qpc_uthmani_hafs":"فَإِنَّ","char_type_name":"word","page_number":114,"line_number":4,"text":"ﭴ","translation":{"text":"then indeed","language_name":"english","language_id":38},"transliteration":{"text":"fa-inna","language_name":"english","language_id":38}},{"id":40710,"position":8,"audio_url":"wbw/005_039_008.mp3","qpc_uthmani_hafs":"ٱللَّهَ","char_type_name":"word","page_number":114,"line_number":4,"text":"ﭵ","translation":{"text":"Allah","language_name":"english","language_id":38},"transliteration":{"text":"l-laha","language_name":"english","language_id":38}},{"id":40711,"position":9,"audio_url":"wbw/005_039_009.mp3","qpc_uthmani_hafs":"يَتُوبُ","char_type_name":"word","page_number":114,"line_number":4,"text":"ﭶ","translation":{"text":"will turn in forgiveness","language_name":"english","language_id":38},"transliteration":{"text":"yatūbu","language_name":"english","language_id":38}},{"id":40712,"position":10,"audio_url":"wbw/005_039_010.mp3","qpc_uthmani_hafs":"عَلَيۡهِۚ","char_type_name":"word","page_number":114,"line_number":5,"text":"ﭷﭸ","translation":{"text":"to him","language_name":"english","language_id":38},"transliteration":{"text":"ʿalayhi","language_name":"english","language_id":38}},{"id":40714,"position":11,"audio_url":"wbw/005_039_012.mp3","qpc_uthmani_hafs":"إِنَّ","char_type_name":"word","page_number":114,"line_number":5,"text":"ﭹ","translation":{"text":"Indeed","language_name":"english","language_id":38},"transliteration":{"text":"inna","language_name":"english","language_id":38}},{"id":40715,"position":12,"audio_url":"wbw/005_039_013.mp3","qpc_uthmani_hafs":"ٱللَّهَ","char_type_name":"word","page_number":114,"line_number":5,"text":"ﭺ","translation":{"text":"Allah","language_name":"english","language_id":38},"transliteration":{"text":"l-laha","language_name":"english","language_id":38}},{"id":40716,"position":13,"audio_url":"wbw/005_039_014.mp3","qpc_uthmani_hafs":"غَفُورٞ","char_type_name":"word","page_number":114,"line_number":5,"text":"ﭻ","translation":{"text":"(is) Oft-Forgiving","language_name":"english","language_id":38},"transliteration":{"text":"ghafūrun","language_name":"english","language_id":38}},{"id":40717,"position":14,"audio_url":"wbw/005_039_015.mp3","qpc_uthmani_hafs":"رَّحِيمٌ","char_type_name":"word","page_number":114,"line_number":5,"text":"ﭼ","translation":{"text":"Most Merciful","language_name":"english","language_id":38},"transliteration":{"text":"raḥīmun","language_name":"english","language_id":38}},{"id":40718,"position":15,"audio_url":null,"qpc_uthmani_hafs":"٣٩","char_type_name":"end","page_number":114,"line_number":5,"text":"ﭽ","translation":{"text":"(39)","language_name":"english","language_id":38},"transliteration":{"text":null,"language_name":"english","language_id":38}}],"translations":[{"id":917137,"resource_id":134,"text":"Maka barang siapa bertobat (di antara pencuri-pencuri itu) sesudah melakukan kejahatan itu dan memperbaiki diri, maka sesungguhnya Allah menerima tobatnya.  Sesungguhnya Allah Maha Pengampun lagi Maha Penyayang."}]},{"id":709,"verse_number":40,"verse_key":"5:40","juz_number":6,"hizb_number":12,"rub_el_hizb_number":45,"ruku_number":91,"manzil_number":2,"sajdah_number":null,"text_uthmani":"أَلَمْ تَعْلَمْ أَنَّ ٱللَّهَ لَهُۥ مُلْكُ ٱلسَّمَـٰوَٰتِ وَٱلْأَرْضِ يُعَذِّبُ مَن يَشَآءُ وَيَغْفِرُ لِمَن يَشَآءُ ۗ وَٱللَّهُ عَلَىٰ كُلِّ شَىْءٍ قَدِيرٌ","page_number":114,"words":[{"id":41538,"position":1,"audio_url":"wbw/005_040_001.mp3","qpc_uthmani_hafs":"أَلَمۡ","char_type_name":"word","page_number":114,"line_number":5,"text":"ﭾ","translation":{"text":"Do not","language_name":"english","language_id":38},"transliteration":{"text":"alam","language_name":"english","language_id":38}},{"id":41539,"position":2,"audio_url":"wbw/005_040_002.mp3","qpc_uthmani_hafs":"تَعۡلَمۡ","char_type_name":"word","page_number":114,"line_number":5,"text":"ﭿ","translation":{"text":"you know","language_name":"english","language_id":38},"transliteration":{"text":"taʿlam","language_name":"english","language_id":38}},{"id":41540,"position":3,"audio_url":"wbw/005_040_003.mp3","qpc_uthmani_hafs":"أَنَّ","char_type_name":"word","page_number":114,"line_number":5,"text":"ﮀ","translation":{"text":"that","language_name":"english","language_id":38},"transliteration":{"text":"anna","language_name":"english","language_id":38}},{"id":41541,"position":4,"audio_url":"wbw/005_040_004.mp3","qpc_uthmani_hafs":"ٱللَّهَ","char_type_name":"word","page_number":114,"line_number":5,"text":"ﮁ","translation":{"text":"Allah","language_name":"english","language_id":38},"transliteration":{"text":"l-laha","language_name":"english","language_id":38}},{"id":41542,"position":5,"audio_url":"wbw/005_040_005.mp3","qpc_uthmani_hafs":"لَهُۥ","char_type_name":"word","page_number":114,"line_number":5,"text":"ﮂ","translation":{"text":"to Him (belongs)","language_name":"english","language_id":38},"transliteration":{"text":"lahu","language_name":"english","language_id":38}},{"id":41543,"position":6,"audio_url":"wbw/005_040_006.mp3","qpc_uthmani_hafs":"مُلۡكُ","char_type_name":"word","page_number":114,"line_number":5,"text":"ﮃ","translation":{"text":"(the) dominion","language_name":"english","language_id":38},"transliteration":{"text":"mul'ku","language_name":"english","language_id":38}},{"id":41544,"position":7,"audio_url":"wbw/005_040_007.mp3","qpc_uthmani_hafs":"ٱلسَّمَٰوَٰتِ","char_type_name":"word","page_number":114,"line_number":6,"text":"ﮄ","translation":{"text":"(of) the heavens","language_name":"english","language_id":38},"transliteration":{"text":"l-samāwāti","language_name":"english","language_id":38}},{"id":41545,"position":8,"audio_url":"wbw/005_040_008.mp3","qpc_uthmani_hafs":"وَٱلۡأَرۡضِ","char_type_name":"word","page_number":114,"line_number":6,"text":"ﮅ","translation":{"text":"and the earth","language_name":"english","language_id":38},"transliteration":{"text":"wal-arḍi","language_name":"english","language_id":38}},{"id":41546,"position":9,"audio_url":"wbw/005_040_009.mp3","qpc_uthmani_hafs":"يُعَذِّبُ","char_type_name":"word","page_number":114,"line_number":6,"text":"ﮆ","translation":{"text":"He punishes","language_name":"english","language_id":38},"transliteration":{"text":"yuʿadhibu","language_name":"english","language_id":38}},{"id":41547,"position":10,"audio_url":"wbw/005_040_010.mp3","qpc_uthmani_hafs":"مَن","char_type_name":"word","page_number":114,"line_number":6,"text":"ﮇ","translation":{"text":"whom","language_name":"english","language_id":38},"transliteration":{"text":"man","language_name":"english","language_id":38}},{"id":41548,"position":11,"audio_url":"wbw/005_040_011.mp3","qpc_uthmani_hafs":"يَشَآءُ","char_type_name":"word","page_number":114,"line_number":6,"text":"ﮈ","translation":{"text":"He wills","language_name":"english","language_id":38},"transliteration":{"text":"yashāu","language_name":"english","language_id":38}},{"id":41549,"position":12,"audio_url":"wbw/005_040_012.mp3","qpc_uthmani_hafs":"وَيَغۡفِرُ","char_type_name":"word","page_number":114,"line_number":6,"text":"ﮉ","translation":{"text":"and He forgives","language_name":"english","language_id":38},"transliteration":{"text":"wayaghfiru","language_name":"english","language_id":38}},{"id":41550,"position":13,"audio_url":"wbw/005_040_013.mp3","qpc_uthmani_hafs":"لِمَن","char_type_name":"word","page_number":114,"line_number":6,"text":"ﮊ","translation":{"text":"[to] whom","language_name":"english","language_id":38},"transliteration":{"text":"liman","language_name":"english","language_id":38}},{"id":41551,"position":14,"audio_url":"wbw/005_040_014.mp3","qpc_uthmani_hafs":"يَشَآءُۗ","char_type_name":"word","page_number":114,"line_number":6,"text":"ﮋﮌ","translation":{"text":"He wills","language_name":"english","language_id":38},"transliteration":{"text":"yashāu","language_name":"english","language_id":38}},{"id":41553,"position":15,"audio_url":"wbw/005_040_016.mp3","qpc_uthmani_hafs":"وَٱللَّهُ","char_type_name":"word","page_number":114,"line_number":7,"text":"ﮍ","translation":{"text":"And Allah","language_name":"english","language_id":38},"transliteration":{"text":"wal-lahu","language_name":"english","language_id":38}},{"id":41554,"position":16,"audio_url":"wbw/005_040_017.mp3","qpc_uthmani_hafs":"عَلَىٰ","char_type_name":"word","page_number":114,"line_number":7,"text":"ﮎ","translation":{"text":"(is) on","language_name":"english","language_id":38},"transliteration":{"text":"ʿalā","language_name":"english","language_id":38}},{"id":41555,"position":17,"audio_url":"wbw/005_040_018.mp3","qpc_uthmani_hafs":"كُلِّ","char_type_name":"word","page_number":114,"line_number":7,"text":"ﮏ","translation":{"text":"every","language_name":"english","language_id":38},"transliteration":{"text":"kulli","language_name":"english","language_id":38}},{"id":41556,"position":18,"audio_url":"wbw/005_040_019.mp3","qpc_uthmani_hafs":"شَيۡءٖ","char_type_name":"word","page_number":114,"line_number":7,"text":"ﮐ","translation":{"text":"thing","language_name":"english","language_id":38},"transliteration":{"text":"shayin","language_name":"english","language_id":38}},{"id":41557,"position":19,"audio_url":"wbw/005_040_020.mp3","qpc_uthmani_hafs":"قَدِيرٞ","char_type_name":"word","page_number":114,"line_number":7,"text":"ﮑ","translation":{"text":"All-Powerful","language_name":"english","language_id":38},"transliteration":{"text":"qadīrun","language_name":"english","language_id":38}},{"id":41558,"position":20,"audio_url":null,"qpc_uthmani_hafs":"٤٠","char_type_name":"end","page_number":114,"line_number":7,"text":"ﮒ","translation":{"text":"(40)","language_name":"english","language_id":38},"transliteration":{"text":null,"language_name":"english","language_id":38}}],"translations":[{"id":917138,"resource_id":134,"text":"Tidakkah kamu tahu, sesungguhnya Allah-lah yang mempunyai kerajaan langit dan bumi, disiksa-Nya siapa yang dikehendaki-Nya dan diampuni-Nya bagi siapa yang dikehendaki-Nya.  Dan Allah Maha Kuasa atas segala sesuatu."}]},{"id":710,"verse_number":41,"verse_key":"5:41","juz_number":6,"hizb_number":12,"rub_el_hizb_number":46,"ruku_number":91,"manzil_number":2,"sajdah_number":null,"text_uthmani":"۞ يَـٰٓأَيُّهَا ٱلرَّسُولُ لَا يَحْزُنكَ ٱلَّذِينَ يُسَـٰرِعُونَ فِى ٱلْكُفْرِ مِنَ ٱلَّذِينَ قَالُوٓا۟ ءَامَنَّا بِأَفْوَٰهِهِمْ وَلَمْ تُؤْمِن قُلُوبُهُمْ ۛ وَمِنَ ٱلَّذِينَ هَادُوا۟ ۛ سَمَّـٰعُونَ لِلْكَذِبِ سَمَّـٰعُونَ لِقَوْمٍ ءَاخَرِينَ لَمْ يَأْتُوكَ ۖ يُحَرِّفُونَ ٱلْكَلِمَ مِنۢ بَعْدِ مَوَاضِعِهِۦ ۖ يَقُولُونَ إِنْ أُوتِيتُمْ هَـٰذَا فَخُذُوهُ وَإِن لَّمْ تُؤْتَوْهُ فَٱحْذَرُوا۟ ۚ وَمَن يُرِدِ ٱللَّهُ فِتْنَتَهُۥ فَلَن تَمْلِكَ لَهُۥ مِنَ ٱللَّهِ شَيْـًٔا ۚ أُو۟لَـٰٓئِكَ ٱلَّذِينَ لَمْ يُرِدِ ٱللَّهُ أَن يُطَهِّرَ قُلُوبَهُمْ ۚ لَهُمْ فِى ٱلدُّنْيَا خِزْىٌ ۖ وَلَهُمْ فِى ٱلْـَٔاخِرَةِ عَذَابٌ عَظِيمٌ","page_number":114,"words":[{"id":42313,"position":1,"audio_url":"wbw/005_041_002.mp3","qpc_uthmani_hafs":"۞ يَٰٓأَيُّهَا","char_type_name":"word","page_number":114,"line_number":7,"text":"ﮓ ﮔ","translation":{"text":"O","language_name":"english","language_id":38},"transliteration":{"text":"yāayyuhā","language_name":"english","language_id":38}},{"id":42314,"position":2,"audio_url":"wbw/005_041_003.mp3","qpc_uthmani_hafs":"ٱلرَّسُولُ","char_type_name":"word","page_number":114,"line_number":7,"text":"ﮕ","translation":{"text":"Messenger","language_name":"english","language_id":38},"transliteration":{"text":"l-rasūlu","language_name":"english","language_id":38}},{"id":42315,"position":3,"audio_url":"wbw/005_041_004.mp3","qpc_uthmani_hafs":"لَا","char_type_name":"word","page_number":114,"line_number":8,"text":"ﮖ","translation":{"text":"Let not","language_name":"english","language_id":38},"transliteration":{"text":"lā","language_name":"english","language_id":38}},{"id":42316,"position":4,"audio_url":"wbw/005_041_005.mp3","qpc_uthmani_hafs":"يَحۡزُنكَ","char_type_name":"word","page_number":114,"line_number":8,"text":"ﮗ","translation":{"text":"grieve you","language_name":"english","language_id":38},"transliteration":{"text":"yaḥzunka","language_name":"english","language_id":38}},{"id":42317,"position":5,"audio_url":"wbw/005_041_006.mp3","qpc_uthmani_hafs":"ٱلَّذِينَ","char_type_name":"word","page_number":114,"line_number":8,"text":"ﮘ","translation":{"text":"those who","language_name":"english","language_id":38},"transliteration":{"text":"alladhīna","language_name":"english","language_id":38}},{"id":42318,"position":6,"audio_url":"wbw/005_041_007.mp3","qpc_uthmani_hafs":"يُسَٰرِعُونَ","char_type_name":"word","page_number":114,"line_number":8,"text":"ﮙ","translation":{"text":"hasten","language_name":"english","language_id":38},"transliteration":{"text":"yusāriʿūna","language_name":"english","language_id":38}},{"id":42319,"position":7,"audio_url":"wbw/005_041_008.mp3","qpc_uthmani_hafs":"فِي","char_type_name":"word","page_number":114,"line_number":8,"text":"ﮚ","translation":{"text":"in (to)","language_name":"english","language_id":38},"transliteration":{"text":"fī","language_name":"english","language_id":38}},{"id":42320,"position":8,"audio_url":"wbw/005_041_009.mp3","qpc_uthmani_hafs":"ٱلۡكُفۡرِ","char_type_name":"word","page_number":114,"line_number":8,"text":"ﮛ","translation":{"text":"[the] disbelief ","language_name":"english","language_id":38},"transliteration":{"text":"l-kuf'ri","language_name":"english","language_id":38}},{"id":42321,"position":9,"audio_url":"wbw/005_041_010.mp3","qpc_uthmani_hafs":"مِنَ","char_type_name":"word","page_number":114,"line_number":8,"text":"ﮜ","translation":{"text":"of","language_name":"english","language_id":38},"transliteration":{"text":"mina","language_name":"english","language_id":38}},{"id":42322,"position":10,"audio_url":"wbw/005_041_011.mp3","qpc_uthmani_hafs":"ٱلَّذِينَ","char_type_name":"word","page_number":114,"line_number":8,"text":"ﮝ","translation":{"text":"those who","language_name":"english","language_id":38},"transliteration":{"text":"alladhīna","language_name":"english","language_id":38}},{"id":42323,"position":11,"audio_url":"wbw/005_041_012.mp3","qpc_uthmani_hafs":"قَالُوٓاْ","char_type_name":"word","page_number":114,"line_number":9,"text":"ﮞ","translation":{"text":"said","language_name":"english","language_id":38},"transliteration":{"text":"qālū","language_name":"english","language_id":38}},{"id":42324,"position":12,"audio_url":"wbw/005_041_013.mp3","qpc_uthmani_hafs":"ءَامَنَّا","char_type_name":"word","page_number":114,"line_number":9,"text":"ﮟ","translation":{"text":"We believe","language_name":"english","language_id":38},"transliteration":{"text":"āmannā","language_name":"english","language_id":38}},{"id":42325,"position":13,"audio_url":"wbw/005_041_014.mp3","qpc_uthmani_hafs":"بِأَفۡوَٰهِهِمۡ","char_type_name":"word","page_number":114,"line_number":9,"text":"ﮠ","translation":{"text":"with their mouths","language_name":"english","language_id":38},"transliteration":{"text":"bi-afwāhihim","language_name":"english","language_id":38}},{"id":42326,"position":14,"audio_url":"wbw/005_041_015.mp3","qpc_uthmani_hafs":"وَلَمۡ","char_type_name":"word","page_number":114,"line_number":9,"text":"ﮡ","translation":{"text":"and not","language_name":"english","language_id":38},"transliteration":{"text":"walam","language_name":"english","language_id":38}},{"id":42327,"position":15,"audio_url":"wbw/005_041_016.mp3","qpc_uthmani_hafs":"تُؤۡمِن","char_type_name":"word","page_number":114,"line_number":9,"text":"ﮢ","translation":{"text":"believe","language_name":"english","language_id":38},"transliteration":{"text":"tu'min","language_name":"english","language_id":38}},{"id":42328,"position":16,"audio_url":"wbw/005_041_017.mp3","qpc_uthmani_hafs":"قُلُوبُهُمۡۛ","char_type_name":"word","page_number":114,"line_number":9,"text":"ﮣﮤ","translation":{"text":"their hearts","language_name":"english","language_id":38},"transliteration":{"text":"qulūbuhum","language_name":"english","language_id":38}},{"id":42330,"position":17,"audio_url":"wbw/005_041_019.mp3","qpc_uthmani_hafs":"وَمِنَ","char_type_name":"word","page_number":114,"line_number":9,"text":"ﮥ","translation":{"text":"and from","language_name":"english","language_id":38},"transliteration":{"text":"wamina","language_name":"english","language_id":38}},{"id":42331,"position":18,"audio_url":"wbw/005_041_020.mp3","qpc_uthmani_hafs":"ٱلَّذِينَ","char_type_name":"word","page_number":114,"line_number":9,"text":"ﮦ","translation":{"text":"those who","language_name":"english","language_id":38},"transliteration":{"text":"alladhīna","language_name":"english","language_id":38}},{"id":42332,"position":19,"audio_url":"wbw/005_041_021.mp3","qpc_uthmani_hafs":"هَادُواْۛ","char_type_name":"word","page_number":114,"line_number":10,"text":"ﮧﮨ","translation":{"text":"(are) Jews","language_name":"english","language_id":38},"transliteration":{"text":"hādū","language_name":"english","language_id":38}},{"id":42334,"position":20,"audio_url":"wbw/005_041_023.mp3","qpc_uthmani_hafs":"سَمَّٰعُونَ","char_type_name":"word","page_number":114,"line_number":10,"text":"ﮩ","translation":{"text":"They (are) listeners","language_name":"english","language_id":38},"transliteration":{"text":"sammāʿūna","language_name":"english","language_id":38}},{"id":42335,"position":21,"audio_url":"wbw/005_041_024.mp3","qpc_uthmani_hafs":"لِلۡكَذِبِ","char_type_name":"word","page_number":114,"line_number":10,"text":"ﮪ","translation":{"text":"to falsehood","language_name":"english","language_id":38},"transliteration":{"text":"lil'kadhibi","language_name":"english","language_id":38}},{"id":42336,"position":22,"audio_url":"wbw/005_041_025.mp3","qpc_uthmani_hafs":"سَمَّٰعُونَ","char_type_name":"word","page_number":114,"line_number":10,"text":"ﮫ","translation":{"text":"(and) listeners","language_name":"english","language_id":38},"transliteration":{"text":"sammāʿūna","language_name":"english","language_id":38}},{"id":42337,"position":23,"audio_url":"wbw/005_041_026.mp3","qpc_uthmani_hafs":"لِقَوۡمٍ","char_type_name":"word","page_number":114,"line_number":10,"text":"ﮬ","translation":{"text":"for people","language_name":"english","language_id":38},"transliteration":{"text":"liqawmin","language_name":"english","language_id":38}},{"id":42338,"position":24,"audio_url":"wbw/005_041_027.mp3","qpc_uthmani_hafs":"ءَاخَرِينَ","char_type_name":"word","page_number":114,"line_number":11,"text":"ﮭ","translation":{"text":"other","language_name":"english","language_id":38},"transliteration":{"text":"ākharīna","language_name":"english","language_id":38}},{"id":42339,"position":25,"audio_url":"wbw/005_041_028.mp3","qpc_uthmani_hafs":"لَمۡ","char_type_name":"word","page_number":114,"line_number":11,"text":"ﮮ","translation":{"text":"(who have) not","language_name":"english","language_id":38},"transliteration":{"text":"lam","language_name":"english","language_id":38}},{"id":42340,"position":26,"audio_url":"wbw/005_041_029.mp3","qpc_uthmani_hafs":"يَأۡتُوكَۖ","char_type_name":"word","page_number":114,"line_number":11,"text":"ﮯﮰ","translation":{"text":"come to you","language_name":"english","language_id":38},"transliteration":{"text":"yatūka","language_name":"english","language_id":38}},{"id":42342,"position":27,"audio_url":"wbw/005_041_031.mp3","qpc_uthmani_hafs":"يُحَرِّفُونَ","char_type_name":"word","page_number":114,"line_number":11,"text":"ﮱ","translation":{"text":"They distort","language_name":"english","language_id":38},"transliteration":{"text":"yuḥarrifūna","language_name":"english","language_id":38}},{"id":42343,"position":28,"audio_url":"wbw/005_041_032.mp3","qpc_uthmani_hafs":"ٱلۡكَلِمَ","char_type_name":"word","page_number":114,"line_number":11,"text":"ﯓ","translation":{"text":"the words","language_name":"english","language_id":38},"transliteration":{"text":"l-kalima","language_name":"english","language_id":38}},{"id":42344,"position":29,"audio_url":"wbw/005_041_033.mp3","qpc_uthmani_hafs":"مِنۢ","char_type_name":"word","page_number":114,"line_number":11,"text":"ﯔ","translation":{"text":"from","language_name":"english","language_id":38},"transliteration":{"text":"min","language_name":"english","language_id":38}},{"id":42345,"position":30,"audio_url":"wbw/005_041_034.mp3","qpc_uthmani_hafs":"بَعۡدِ","char_type_name":"word","page_number":114,"line_number":11,"text":"ﯕ","translation":{"text":"after","language_name":"english","language_id":38},"transliteration":{"text":"baʿdi","language_name":"english","language_id":38}},{"id":42346,"position":31,"audio_url":"wbw/005_041_035.mp3","qpc_uthmani_hafs":"مَوَاضِعِهِۦۖ","char_type_name":"word","page_number":114,"line_number":11,"text":"ﯖﯗ","translation":{"text":"their context","language_name":"english","language_id":38},"transliteration":{"text":"mawāḍiʿihi","language_name":"english","language_id":38}},{"id":42348,"position":32,"audio_url":"wbw/005_041_037.mp3","qpc_uthmani_hafs":"يَقُولُونَ","char_type_name":"word","page_number":114,"line_number":12,"text":"ﯘ","translation":{"text":"saying","language_name":"english","language_id":38},"transliteration":{"text":"yaqūlūna","language_name":"english","language_id":38}},{"id":42349,"position":33,"audio_url":"wbw/005_041_038.mp3","qpc_uthmani_hafs":"إِنۡ","char_type_name":"word","page_number":114,"line_number":12,"text":"ﯙ","translation":{"text":"If","language_name":"english","language_id":38},"transliteration":{"text":"in","language_name":"english","language_id":38}},{"id":42350,"position":34,"audio_url":"wbw/005_041_039.mp3","qpc_uthmani_hafs":"أُوتِيتُمۡ","char_type_name":"word","page_number":114,"line_number":12,"text":"ﯚ","translation":{"text":"you are given","language_name":"english","language_id":38},"transliteration":{"text":"ūtītum","language_name":"english","language_id":38}},{"id":42351,"position":35,"audio_url":"wbw/005_041_040.mp3","qpc_uthmani_hafs":"هَٰذَا","char_type_name":"word","page_number":114,"line_number":12,"text":"ﯛ","translation":{"text":"this","language_name":"english","language_id":38},"transliteration":{"text":"hādhā","language_name":"english","language_id":38}},{"id":42352,"position":36,"audio_url":"wbw/005_041_041.mp3","qpc_uthmani_hafs":"فَخُذُوهُ","char_type_name":"word","page_number":114,"line_number":12,"text":"ﯜ","translation":{"text":"[so] take it","language_name":"english","language_id":38},"transliteration":{"text":"fakhudhūhu","language_name":"english","language_id":38}},{"id":42353,"position":37,"audio_url":"wbw/005_041_042.mp3","qpc_uthmani_hafs":"وَإِن","char_type_name":"word","page_number":114,"line_number":12,"text":"ﯝ","translation":{"text":"but if","language_name":"english","language_id":38},"transliteration":{"text":"wa-in","language_name":"english","language_id":38}},{"id":42354,"position":38,"audio_url":"wbw/005_041_043.mp3","qpc_uthmani_hafs":"لَّمۡ","char_type_name":"word","page_number":114,"line_number":12,"text":"ﯞ","translation":{"text":"not","language_name":"english","language_id":38},"transliteration":{"text":"lam","language_name":"english","language_id":38}},{"id":42355,"position":39,"audio_url":"wbw/005_041_044.mp3","qpc_uthmani_hafs":"تُؤۡتَوۡهُ","char_type_name":"word","page_number":114,"line_number":12,"text":"ﯟ","translation":{"text":"you are given it","language_name":"english","language_id":38},"transliteration":{"text":"tu'tawhu","language_name":"english","language_id":38}},{"id":42356,"position":40,"audio_url":"wbw/005_041_045.mp3","qpc_uthmani_hafs":"فَٱحۡذَرُواْۚ","char_type_name":"word","page_number":114,"line_number":12,"text":"ﯠﯡ","translation":{"text":"then beware","language_name":"english","language_id":38},"transliteration":{"text":"fa-iḥ'dharū","language_name":"english","language_id":38}},{"id":42358,"position":41,"audio_url":"wbw/005_041_047.mp3","qpc_uthmani_hafs":"وَمَن","char_type_name":"word","page_number":114,"line_number":13,"text":"ﯢ","translation":{"text":"And (for) whom","language_name":"english","language_id":38},"transliteration":{"text":"waman","language_name":"english","language_id":38}},{"id":42359,"position":42,"audio_url":"wbw/005_041_048.mp3","qpc_uthmani_hafs":"يُرِدِ","char_type_name":"word","page_number":114,"line_number":13,"text":"ﯣ","translation":{"text":"intends","language_name":"english","language_id":38},"transliteration":{"text":"yuridi","language_name":"english","language_id":38}},{"id":42360,"position":43,"audio_url":"wbw/005_041_049.mp3","qpc_uthmani_hafs":"ٱللَّهُ","char_type_name":"word","page_number":114,"line_number":13,"text":"ﯤ","translation":{"text":"Allah","language_name":"english","language_id":38},"transliteration":{"text":"l-lahu","language_name":"english","language_id":38}},{"id":42361,"position":44,"audio_url":"wbw/005_041_050.mp3","qpc_uthmani_hafs":"فِتۡنَتَهُۥ","char_type_name":"word","page_number":114,"line_number":13,"text":"ﯥ","translation":{"text":"his trial","language_name":"english","language_id":38},"transliteration":{"text":"fit'natahu","language_name":"english","language_id":38}},{"id":42362,"position":45,"audio_url":"wbw/005_041_051.mp3","qpc_uthmani_hafs":"فَلَن","char_type_name":"word","page_number":114,"line_number":13,"text":"ﯦ","translation":{"text":"then never","language_name":"english","language_id":38},"transliteration":{"text":"falan","language_name":"english","language_id":38}},{"id":42363,"position":46,"audio_url":"wbw/005_041_052.mp3","qpc_uthmani_hafs":"تَمۡلِكَ","char_type_name":"word","page_number":114,"line_number":13,"text":"ﯧ","translation":{"text":"will you have power","language_name":"english","language_id":38},"transliteration":{"text":"tamlika","language_name":"english","language_id":38}},{"id":42364,"position":47,"audio_url":"wbw/005_041_053.mp3","qpc_uthmani_hafs":"لَهُۥ","char_type_name":"word","page_number":114,"line_number":13,"text":"ﯨ","translation":{"text":"for him","language_name":"english","language_id":38},"transliteration":{"text":"lahu","language_name":"english","language_id":38}},{"id":42365,"position":48,"audio_url":"wbw/005_041_054.mp3","qpc_uthmani_hafs":"مِنَ","char_type_name":"word","page_number":114,"line_number":13,"text":"ﯩ","translation":{"text":"against","language_name":"english","language_id":38},"transliteration":{"text":"mina","language_name":"english","language_id":38}},{"id":42366,"position":49,"audio_url":"wbw/005_041_055.mp3","qpc_uthmani_hafs":"ٱللَّهِ","char_type_name":"word","page_number":114,"line_number":13,"text":"ﯪ","translation":{"text":"Allah","language_name":"english","language_id":38},"transliteration":{"text":"l-lahi","language_name":"english","language_id":38}},{"id":42367,"position":50,"audio_url":"wbw/005_041_056.mp3","qpc_uthmani_hafs":"شَيۡـًٔاۚ","char_type_name":"word","page_number":114,"line_number":13,"text":"ﯫﯬ","translation":{"text":"anything","language_name":"english","language_id":38},"transliteration":{"text":"shayan","language_name":"english","language_id":38}},{"id":42369,"position":51,"audio_url":"wbw/005_041_058.mp3","qpc_uthmani_hafs":"أُوْلَٰٓئِكَ","char_type_name":"word","page_number":114,"line_number":14,"text":"ﯭ","translation":{"text":"Those","language_name":"english","language_id":38},"transliteration":{"text":"ulāika","language_name":"english","language_id":38}},{"id":42370,"position":52,"audio_url":"wbw/005_041_059.mp3","qpc_uthmani_hafs":"ٱلَّذِينَ","char_type_name":"word","page_number":114,"line_number":14,"text":"ﯮ","translation":{"text":"(are) the ones","language_name":"english","language_id":38},"transliteration":{"text":"alladhīna","language_name":"english","language_id":38}},{"id":42371,"position":53,"audio_url":"wbw/005_041_060.mp3","qpc_uthmani_hafs":"لَمۡ","char_type_name":"word","page_number":114,"line_number":14,"text":"ﯯ","translation":{"text":"never","language_name":"english","language_id":38},"transliteration":{"text":"lam","language_name":"english","language_id":38}},{"id":42372,"position":54,"audio_url":"wbw/005_041_061.mp3","qpc_uthmani_hafs":"يُرِدِ","char_type_name":"word","page_number":114,"line_number":14,"text":"ﯰ","translation":{"text":"will intend","language_name":"english","language_id":38},"transliteration":{"text":"yuridi","language_name":"english","language_id":38}},{"id":42373,"position":55,"audio_url":"wbw/005_041_062.mp3","qpc_uthmani_hafs":"ٱللَّهُ","char_type_name":"word","page_number":114,"line_number":14,"text":"ﯱ","translation":{"text":"Allah","language_name":"english","language_id":38},"transliteration":{"text":"l-lahu","language_name":"english","language_id":38}},{"id":42374,"position":56,"audio_url":"wbw/005_041_063.mp3","qpc_uthmani_hafs":"أَن","char_type_name":"word","page_number":114,"line_number":14,"text":"ﯲ","translation":{"text":"that","language_name":"english","language_id":38},"transliteration":{"text":"an","language_name":"english","language_id":38}},{"id":42375,"position":57,"audio_url":"wbw/005_041_064.mp3","qpc_uthmani_hafs":"يُطَهِّرَ","char_type_name":"word","page_number":114,"line_number":14,"text":"ﯳ","translation":{"text":"He purifies","language_name":"english","language_id":38},"transliteration":{"text":"yuṭahhira","language_name":"english","language_id":38}},{"id":42376,"position":58,"audio_url":"wbw/005_041_065.mp3","qpc_uthmani_hafs":"قُلُوبَهُمۡۚ","char_type_name":"word","page_number":114,"line_number":14,"text":"ﯴﯵ","translation":{"text":"their hearts","language_name":"english","language_id":38},"transliteration":{"text":"qulūbahum","language_name":"english","language_id":38}},{"id":42378,"position":59,"audio_url":"wbw/005_041_067.mp3","qpc_uthmani_hafs":"لَهُمۡ","char_type_name":"word","page_number":114,"line_number":14,"text":"ﯶ","translation":{"text":"For them","language_name":"english","language_id":38},"transliteration":{"text":"lahum","language_name":"english","language_id":38}},{"id":42379,"position":60,"audio_url":"wbw/005_041_068.mp3","qpc_uthmani_hafs":"فِي","char_type_name":"word","page_number":114,"line_number":14,"text":"ﯷ","translation":{"text":"in","language_name":"english","language_id":38},"transliteration":{"text":"fī","language_name":"english","language_id":38}},{"id":42380,"position":61,"audio_url":"wbw/005_041_069.mp3","qpc_uthmani_hafs":"ٱلدُّنۡيَا","char_type_name":"word","page_number":114,"line_number":15,"text":"ﯸ","translation":{"text":"the world","language_name":"english","language_id":38},"transliteration":{"text":"l-dun'yā","language_name":"english","language_id":38}},{"id":42381,"position":62,"audio_url":"wbw/005_041_070.mp3","qpc_uthmani_hafs":"خِزۡيٞۖ","char_type_name":"word","page_number":114,"line_number":15,"text":"ﯹﯺ","translation":{"text":"(is) disgrace","language_name":"english","language_id":38},"transliteration":{"text":"khiz'yun","language_name":"english","language_id":38}},{"id":42383,"position":63,"audio_url":"wbw/005_041_072.mp3","qpc_uthmani_hafs":"وَلَهُمۡ","char_type_name":"word","page_number":114,"line_number":15,"text":"ﯻ","translation":{"text":"and for them","language_name":"english","language_id":38},"transliteration":{"text":"walahum","language_name":"english","language_id":38}},{"id":42384,"position":64,"audio_url":"wbw/005_041_073.mp3","qpc_uthmani_hafs":"فِي","char_type_name":"word","page_number":114,"line_number":15,"text":"ﯼ","translation":{"text":"in","language_name":"english","language_id":38},"transliteration":{"text":"fī","language_name":"english","language_id":38}},{"id":42385,"position":65,"audio_url":"wbw/005_041_074.mp3","qpc_uthmani_hafs":"ٱلۡأٓخِرَةِ","char_type_name":"word","page_number":114,"line_number":15,"text":"ﯽ","translation":{"text":"the Hereafter","language_name":"english","language_id":38},"transliteration":{"text":"l-ākhirati","language_name":"english","language_id":38}},{"id":42386,"position":66,"audio_url":"wbw/005_041_075.mp3","qpc_uthmani_hafs":"عَذَابٌ","char_type_name":"word","page_number":114,"line_number":15,"text":"ﯾ","translation":{"text":"(is) a punishment","language_name":"english","language_id":38},"transliteration":{"text":"ʿadhābun","language_name":"english","language_id":38}},{"id":42387,"position":67,"audio_url":"wbw/005_041_076.mp3","qpc_uthmani_hafs":"عَظِيمٞ","char_type_name":"word","page_number":114,"line_number":15,"text":"ﯿ","translation":{"text":"great","language_name":"english","language_id":38},"transliteration":{"text":"ʿaẓīmun","language_name":"english","language_id":38}},{"id":42388,"position":68,"audio_url":null,"qpc_uthmani_hafs":"٤١","char_type_name":"end","page_number":114,"line_number":15,"text":"ﰀ","translation":{"text":"(41)","language_name":"english","language_id":38},"transliteration":{"text":null,"language_name":"english","language_id":38}}],"translations":[{"id":917139,"resource_id":134,"text":"Hai Rasul, janganlah hendaknya kamu disedihkan oleh orang-orang yang bersegera (memperlihatkan) kekafirannya, yaitu di antara orang-orang yang mengatakan dengan mulut mereka, \"Kami telah beriman\", padahal hati mereka belum beriman; dan (juga) di antara orang-orang Yahudi. (Orang-orang Yahudi itu) amat suka mendengar (berita-berita) bohong<sup foot_note=210184>1</sup> dan amat suka mendengar perkataan-perkataan orang lain yang belum pernah datang kepadamu<sup foot_note=210185>2</sup>; mereka mengubah<sup foot_note=210186>3</sup> perkataan-perkataan (Taurat) dari tempat-tempatnya. Mereka mengatakan, \"Jika diberikan ini (yang sudah diubah-ubah oleh mereka) kepada kamu, maka terimalah, dan jika kamu diberi yang bukan ini maka hati-hatilah\". Barang siapa yang Allah menghendaki kesesatannya, maka sekali-kali kamu tidak akan mampu menolak sesuatu pun (yang datang) dari Allah.  Mereka itu adalah orang-orang yang Allah tidak hendak menyucikan hati mereka.  Mereka beroleh kehinaan di dunia dan di akhirat mereka beroleh siksaan yang besar."}]}],"pagination":{"per_page":50,"current_page":1,"next_page":null,"total_pages":1,"total_records":5}}