{"verses":[{"id":727,"verse_number":58,"verse_key":"5:58","juz_number":6,"hizb_number":12,"rub_el_hizb_number":47,"ruku_number":94,"manzil_number":2,"sajdah_number":null,"text_uthmani":"وَإِذَا نَادَيْتُمْ إِلَى ٱلصَّلَوٰةِ ٱتَّخَذُوهَا هُزُوًا وَلَعِبًا ۚ ذَٰلِكَ بِأَنَّهُمْ قَوْمٌ لَّا يَعْقِلُونَ","page_number":118,"words":[{"id":53595,"position":1,"audio_url":"wbw/005_058_001.mp3","qpc_uthmani_hafs":"وَإِذَا","char_type_name":"word","page_number":118,"line_number":1,"text":"ﭑ","translation":{"text":"And when","language_name":"english","language_id":38},"transliteration":{"text":"wa-idhā","language_name":"english","language_id":38}},{"id":53596,"position":2,"audio_url":"wbw/005_058_002.mp3","qpc_uthmani_hafs":"نَادَيۡتُمۡ","char_type_name":"word","page_number":118,"line_number":1,"text":"ﭒ","translation":{"text":"you make a call","language_name":"english","language_id":38},"transliteration":{"text":"nādaytum","language_name":"english","language_id":38}},{"id":53597,"position":3,"audio_url":"wbw/005_058_003.mp3","qpc_uthmani_hafs":"إِلَى","char_type_name":"word","page_number":118,"line_number":1,"text":"ﭓ","translation":{"text":"for","language_name":"english","language_id":38},"transliteration":{"text":"ilā","language_name":"english","language_id":38}},{"id":53598,"position":4,"audio_url":"wbw/005_058_004.mp3","qpc_uthmani_hafs":"ٱلصَّلَوٰةِ","char_type_name":"word","page_number":118,"line_number":1,"text":"ﭔ","translation":{"text":"the prayer","language_name":"english","language_id":38},"transliteration":{"text":"l-ṣalati","language_name":"english","language_id":38}},{"id":53599,"position":5,"audio_url":"wbw/005_058_005.mp3","qpc_uthmani_hafs":"ٱتَّخَذُوهَا","char_type_name":"word","page_number":118,"line_number":1,"text":"ﭕ","translation":{"text":"they take it","language_name":"english","language_id":38},"transliteration":{"text":"ittakhadhūhā","language_name":"english","language_id":38}},{"id":53600,"position":6,"audio_url":"wbw/005_058_006.mp3","qpc_uthmani_hafs":"هُزُوٗا","char_type_name":"word","page_number":118,"line_number":1,"text":"ﭖ","translation":{"text":"(in) ridicule","language_name":"english","language_id":38},"transliteration":{"text":"huzuwan","language_name":"english","language_id":38}},{"id":53601,"position":7,"audio_url":"wbw/005_058_007.mp3","qpc_uthmani_hafs":"وَلَعِبٗاۚ","char_type_name":"word","page_number":118,"line_number":1,"text":"ﭗﭘ","translation":{"text":"and fun","language_name":"english","language_id":38},"transliteration":{"text":"walaʿiban","language_name":"english","language_id":38}},{"id":53603,"position":8,"audio_url":"wbw/005_058_009.mp3","qpc_uthmani_hafs":"ذَٰلِكَ","char_type_name":"word","page_number":118,"line_number":1,"text":"ﭙ","translation":{"text":"That","language_name":"english","language_id":38},"transliteration":{"text":"dhālika","language_name":"english","language_id":38}},{"id":53604,"position":9,"audio_url":"wbw/005_058_010.mp3","qpc_uthmani_hafs":"بِأَنَّهُمۡ","char_type_name":"word","page_number":118,"line_number":1,"text":"ﭚ","translation":{"text":"(is) because they","language_name":"english","language_id":38},"transliteration":{"text":"bi-annahum","language_name":"english","language_id":38}},{"id":53605,"position":10,"audio_url":"wbw/005_058_011.mp3","qpc_uthmani_hafs":"قَوۡمٞ","char_type_name":"word","page_number":118,"line_number":1,"text":"ﭛ","translation":{"text":"(are) a people","language_name":"english","language_id":38},"transliteration":{"text":"qawmun","language_name":"english","language_id":38}},{"id":53606,"position":11,"audio_url":"wbw/005_058_012.mp3","qpc_uthmani_hafs":"لَّا","char_type_name":"word","page_number":118,"line_number":2,"text":"ﭜ","translation":{"text":"(who do) not","language_name":"english","language_id":38},"transliteration":{"text":"lā","language_name":"english","language_id":38}},{"id":53607,"position":12,"audio_url":"wbw/005_058_013.mp3","qpc_uthmani_hafs":"يَعۡقِلُونَ","char_type_name":"word","page_number":118,"line_number":2,"text":"ﭝ","translation":{"text":"understand","language_name":"english","language_id":38},"transliteration":{"text":"yaʿqilūna","language_name":"english","language_id":38}},{"id":53608,"position":13,"audio_url":null,"qpc_uthmani_hafs":"٥٨","char_type_name":"end","page_number":118,"line_number":2,"text":"ﭞ","translation":{"text":"(58)","language_name":"english","language_id":38},"transliteration":{"text":null,"language_name":"english","language_id":38}}],"translations":[{"id":917156,"resource_id":134,"text":"Dan apabila kamu menyeru (mereka) untuk (mengerjakan) salat, mereka menjadikannya buah ejekan dan permainan.  Yang demikian itu adalah karena mereka benar-benar kaum yang tidak mau mempergunakan akal."}]},{"id":728,"verse_number":59,"verse_key":"5:59","juz_number":6,"hizb_number":12,"rub_el_hizb_number":47,"ruku_number":94,"manzil_number":2,"sajdah_number":null,"text_uthmani":"قُلْ يَـٰٓأَهْلَ ٱلْكِتَـٰبِ هَلْ تَنقِمُونَ مِنَّآ إِلَّآ أَنْ ءَامَنَّا بِٱللَّهِ وَمَآ أُنزِلَ إِلَيْنَا وَمَآ أُنزِلَ مِن قَبْلُ وَأَنَّ أَكْثَرَكُمْ فَـٰسِقُونَ","page_number":118,"words":[{"id":53882,"position":1,"audio_url":"wbw/005_059_001.mp3","qpc_uthmani_hafs":"قُلۡ","char_type_name":"word","page_number":118,"line_number":2,"text":"ﭟ","translation":{"text":"Say","language_name":"english","language_id":38},"transliteration":{"text":"qul","language_name":"english","language_id":38}},{"id":53883,"position":2,"audio_url":"wbw/005_059_002.mp3","qpc_uthmani_hafs":"يَٰٓأَهۡلَ","char_type_name":"word","page_number":118,"line_number":2,"text":"ﭠ","translation":{"text":"O People","language_name":"english","language_id":38},"transliteration":{"text":"yāahla","language_name":"english","language_id":38}},{"id":53884,"position":3,"audio_url":"wbw/005_059_003.mp3","qpc_uthmani_hafs":"ٱلۡكِتَٰبِ","char_type_name":"word","page_number":118,"line_number":2,"text":"ﭡ","translation":{"text":"(of) the Book","language_name":"english","language_id":38},"transliteration":{"text":"l-kitābi","language_name":"english","language_id":38}},{"id":53885,"position":4,"audio_url":"wbw/005_059_004.mp3","qpc_uthmani_hafs":"هَلۡ","char_type_name":"word","page_number":118,"line_number":2,"text":"ﭢ","translation":{"text":"Do","language_name":"english","language_id":38},"transliteration":{"text":"hal","language_name":"english","language_id":38}},{"id":53886,"position":5,"audio_url":"wbw/005_059_005.mp3","qpc_uthmani_hafs":"تَنقِمُونَ","char_type_name":"word","page_number":118,"line_number":2,"text":"ﭣ","translation":{"text":"you resent","language_name":"english","language_id":38},"transliteration":{"text":"tanqimūna","language_name":"english","language_id":38}},{"id":53887,"position":6,"audio_url":"wbw/005_059_006.mp3","qpc_uthmani_hafs":"مِنَّآ","char_type_name":"word","page_number":118,"line_number":2,"text":"ﭤ","translation":{"text":"[of] us","language_name":"english","language_id":38},"transliteration":{"text":"minnā","language_name":"english","language_id":38}},{"id":53888,"position":7,"audio_url":"wbw/005_059_007.mp3","qpc_uthmani_hafs":"إِلَّآ","char_type_name":"word","page_number":118,"line_number":2,"text":"ﭥ","translation":{"text":"except","language_name":"english","language_id":38},"transliteration":{"text":"illā","language_name":"english","language_id":38}},{"id":53889,"position":8,"audio_url":"wbw/005_059_008.mp3","qpc_uthmani_hafs":"أَنۡ","char_type_name":"word","page_number":118,"line_number":2,"text":"ﭦ","translation":{"text":"that","language_name":"english","language_id":38},"transliteration":{"text":"an","language_name":"english","language_id":38}},{"id":53890,"position":9,"audio_url":"wbw/005_059_009.mp3","qpc_uthmani_hafs":"ءَامَنَّا","char_type_name":"word","page_number":118,"line_number":2,"text":"ﭧ","translation":{"text":"we believe","language_name":"english","language_id":38},"transliteration":{"text":"āmannā","language_name":"english","language_id":38}},{"id":53891,"position":10,"audio_url":"wbw/005_059_010.mp3","qpc_uthmani_hafs":"بِٱللَّهِ","char_type_name":"word","page_number":118,"line_number":3,"text":"ﭨ","translation":{"text":"in Allah","language_name":"english","language_id":38},"transliteration":{"text":"bil-lahi","language_name":"english","language_id":38}},{"id":53892,"position":11,"audio_url":"wbw/005_059_011.mp3","qpc_uthmani_hafs":"وَمَآ","char_type_name":"word","page_number":118,"line_number":3,"text":"ﭩ","translation":{"text":"and what","language_name":"english","language_id":38},"transliteration":{"text":"wamā","language_name":"english","language_id":38}},{"id":53893,"position":12,"audio_url":"wbw/005_059_012.mp3","qpc_uthmani_hafs":"أُنزِلَ","char_type_name":"word","page_number":118,"line_number":3,"text":"ﭪ","translation":{"text":"has been revealed","language_name":"english","language_id":38},"transliteration":{"text":"unzila","language_name":"english","language_id":38}},{"id":53894,"position":13,"audio_url":"wbw/005_059_013.mp3","qpc_uthmani_hafs":"إِلَيۡنَا","char_type_name":"word","page_number":118,"line_number":3,"text":"ﭫ","translation":{"text":"to us","language_name":"english","language_id":38},"transliteration":{"text":"ilaynā","language_name":"english","language_id":38}},{"id":53895,"position":14,"audio_url":"wbw/005_059_014.mp3","qpc_uthmani_hafs":"وَمَآ","char_type_name":"word","page_number":118,"line_number":3,"text":"ﭬ","translation":{"text":"and what","language_name":"english","language_id":38},"transliteration":{"text":"wamā","language_name":"english","language_id":38}},{"id":53896,"position":15,"audio_url":"wbw/005_059_015.mp3","qpc_uthmani_hafs":"أُنزِلَ","char_type_name":"word","page_number":118,"line_number":3,"text":"ﭭ","translation":{"text":"was revealed","language_name":"english","language_id":38},"transliteration":{"text":"unzila","language_name":"english","language_id":38}},{"id":53897,"position":16,"audio_url":"wbw/005_059_016.mp3","qpc_uthmani_hafs":"مِن","char_type_name":"word","page_number":118,"line_number":3,"text":"ﭮ","translation":{"text":"from","language_name":"english","language_id":38},"transliteration":{"text":"min","language_name":"english","language_id":38}},{"id":53898,"position":17,"audio_url":"wbw/005_059_017.mp3","qpc_uthmani_hafs":"قَبۡلُ","char_type_name":"word","page_number":118,"line_number":3,"text":"ﭯ","translation":{"text":"before","language_name":"english","language_id":38},"transliteration":{"text":"qablu","language_name":"english","language_id":38}},{"id":53899,"position":18,"audio_url":"wbw/005_059_018.mp3","qpc_uthmani_hafs":"وَأَنَّ","char_type_name":"word","page_number":118,"line_number":3,"text":"ﭰ","translation":{"text":"and that","language_name":"english","language_id":38},"transliteration":{"text":"wa-anna","language_name":"english","language_id":38}},{"id":53900,"position":19,"audio_url":"wbw/005_059_019.mp3","qpc_uthmani_hafs":"أَكۡثَرَكُمۡ","char_type_name":"word","page_number":118,"line_number":3,"text":"ﭱ","translation":{"text":"most of you","language_name":"english","language_id":38},"transliteration":{"text":"aktharakum","language_name":"english","language_id":38}},{"id":53901,"position":20,"audio_url":"wbw/005_059_020.mp3","qpc_uthmani_hafs":"فَٰسِقُونَ","char_type_name":"word","page_number":118,"line_number":3,"text":"ﭲ","translation":{"text":"(are) defiantly disobedient","language_name":"english","language_id":38},"transliteration":{"text":"fāsiqūna","language_name":"english","language_id":38}},{"id":53902,"position":21,"audio_url":null,"qpc_uthmani_hafs":"٥٩","char_type_name":"end","page_number":118,"line_number":3,"text":"ﭳ","translation":{"text":"(59)","language_name":"english","language_id":38},"transliteration":{"text":null,"language_name":"english","language_id":38}}],"translations":[{"id":917157,"resource_id":134,"text":"Katakanlah, \"Hai ahli kitab, apakah kamu memandang kami salah, hanya lantaran kami beriman kepada Allah, kepada apa yang diturunkan kepada kami, dan kepada apa yang diturunkan sebelumnya? sedang kebanyakan di antara kamu benar-benar orang-orang yang fasik?\"."}]},{"id":729,"verse_number":60,"verse_key":"5:60","juz_number":6,"hizb_number":12,"rub_el_hizb_number":47,"ruku_number":94,"manzil_number":2,"sajdah_number":null,"text_uthmani":"قُلْ هَلْ أُنَبِّئُكُم بِشَرٍّ مِّن ذَٰلِكَ مَثُوبَةً عِندَ ٱللَّهِ ۚ مَن لَّعَنَهُ ٱللَّهُ وَغَضِبَ عَلَيْهِ وَجَعَلَ مِنْهُمُ ٱلْقِرَدَةَ وَٱلْخَنَازِيرَ وَعَبَدَ ٱلطَّـٰغُوتَ ۚ أُو۟لَـٰٓئِكَ شَرٌّ مَّكَانًا وَأَضَلُّ عَن سَوَآءِ ٱلسَّبِيلِ","page_number":118,"words":[{"id":54740,"position":1,"audio_url":"wbw/005_060_001.mp3","qpc_uthmani_hafs":"قُلۡ","char_type_name":"word","page_number":118,"line_number":3,"text":"ﭴ","translation":{"text":"Say","language_name":"english","language_id":38},"transliteration":{"text":"qul","language_name":"english","language_id":38}},{"id":54741,"position":2,"audio_url":"wbw/005_060_002.mp3","qpc_uthmani_hafs":"هَلۡ","char_type_name":"word","page_number":118,"line_number":4,"text":"ﭵ","translation":{"text":"Shall","language_name":"english","language_id":38},"transliteration":{"text":"hal","language_name":"english","language_id":38}},{"id":54742,"position":3,"audio_url":"wbw/005_060_003.mp3","qpc_uthmani_hafs":"أُنَبِّئُكُم","char_type_name":"word","page_number":118,"line_number":4,"text":"ﭶ","translation":{"text":"I inform you","language_name":"english","language_id":38},"transliteration":{"text":"unabbi-ukum","language_name":"english","language_id":38}},{"id":54743,"position":4,"audio_url":"wbw/005_060_004.mp3","qpc_uthmani_hafs":"بِشَرّٖ","char_type_name":"word","page_number":118,"line_number":4,"text":"ﭷ","translation":{"text":"(of) worse","language_name":"english","language_id":38},"transliteration":{"text":"bisharrin","language_name":"english","language_id":38}},{"id":54744,"position":5,"audio_url":"wbw/005_060_005.mp3","qpc_uthmani_hafs":"مِّن","char_type_name":"word","page_number":118,"line_number":4,"text":"ﭸ","translation":{"text":"than","language_name":"english","language_id":38},"transliteration":{"text":"min","language_name":"english","language_id":38}},{"id":54745,"position":6,"audio_url":"wbw/005_060_006.mp3","qpc_uthmani_hafs":"ذَٰلِكَ","char_type_name":"word","page_number":118,"line_number":4,"text":"ﭹ","translation":{"text":"that","language_name":"english","language_id":38},"transliteration":{"text":"dhālika","language_name":"english","language_id":38}},{"id":54746,"position":7,"audio_url":"wbw/005_060_007.mp3","qpc_uthmani_hafs":"مَثُوبَةً","char_type_name":"word","page_number":118,"line_number":4,"text":"ﭺ","translation":{"text":"(as) recompense","language_name":"english","language_id":38},"transliteration":{"text":"mathūbatan","language_name":"english","language_id":38}},{"id":54747,"position":8,"audio_url":"wbw/005_060_008.mp3","qpc_uthmani_hafs":"عِندَ","char_type_name":"word","page_number":118,"line_number":4,"text":"ﭻ","translation":{"text":"from","language_name":"english","language_id":38},"transliteration":{"text":"ʿinda","language_name":"english","language_id":38}},{"id":54748,"position":9,"audio_url":"wbw/005_060_009.mp3","qpc_uthmani_hafs":"ٱللَّهِۚ","char_type_name":"word","page_number":118,"line_number":4,"text":"ﭼﭽ","translation":{"text":"Allah","language_name":"english","language_id":38},"transliteration":{"text":"l-lahi","language_name":"english","language_id":38}},{"id":54750,"position":10,"audio_url":"wbw/005_060_011.mp3","qpc_uthmani_hafs":"مَن","char_type_name":"word","page_number":118,"line_number":4,"text":"ﭾ","translation":{"text":"Whom","language_name":"english","language_id":38},"transliteration":{"text":"man","language_name":"english","language_id":38}},{"id":54751,"position":11,"audio_url":"wbw/005_060_012.mp3","qpc_uthmani_hafs":"لَّعَنَهُ","char_type_name":"word","page_number":118,"line_number":4,"text":"ﭿ","translation":{"text":"has (been) cursed","language_name":"english","language_id":38},"transliteration":{"text":"laʿanahu","language_name":"english","language_id":38}},{"id":54752,"position":12,"audio_url":"wbw/005_060_013.mp3","qpc_uthmani_hafs":"ٱللَّهُ","char_type_name":"word","page_number":118,"line_number":4,"text":"ﮀ","translation":{"text":"(by) Allah","language_name":"english","language_id":38},"transliteration":{"text":"l-lahu","language_name":"english","language_id":38}},{"id":54753,"position":13,"audio_url":"wbw/005_060_014.mp3","qpc_uthmani_hafs":"وَغَضِبَ","char_type_name":"word","page_number":118,"line_number":4,"text":"ﮁ","translation":{"text":"and He became angry","language_name":"english","language_id":38},"transliteration":{"text":"waghaḍiba","language_name":"english","language_id":38}},{"id":54754,"position":14,"audio_url":"wbw/005_060_015.mp3","qpc_uthmani_hafs":"عَلَيۡهِ","char_type_name":"word","page_number":118,"line_number":5,"text":"ﮂ","translation":{"text":"with him","language_name":"english","language_id":38},"transliteration":{"text":"ʿalayhi","language_name":"english","language_id":38}},{"id":54755,"position":15,"audio_url":"wbw/005_060_016.mp3","qpc_uthmani_hafs":"وَجَعَلَ","char_type_name":"word","page_number":118,"line_number":5,"text":"ﮃ","translation":{"text":"and made","language_name":"english","language_id":38},"transliteration":{"text":"wajaʿala","language_name":"english","language_id":38}},{"id":54756,"position":16,"audio_url":"wbw/005_060_017.mp3","qpc_uthmani_hafs":"مِنۡهُمُ","char_type_name":"word","page_number":118,"line_number":5,"text":"ﮄ","translation":{"text":"of them","language_name":"english","language_id":38},"transliteration":{"text":"min'humu","language_name":"english","language_id":38}},{"id":54757,"position":17,"audio_url":"wbw/005_060_018.mp3","qpc_uthmani_hafs":"ٱلۡقِرَدَةَ","char_type_name":"word","page_number":118,"line_number":5,"text":"ﮅ","translation":{"text":"[the] apes","language_name":"english","language_id":38},"transliteration":{"text":"l-qiradata","language_name":"english","language_id":38}},{"id":54758,"position":18,"audio_url":"wbw/005_060_019.mp3","qpc_uthmani_hafs":"وَٱلۡخَنَازِيرَ","char_type_name":"word","page_number":118,"line_number":5,"text":"ﮆ","translation":{"text":"and [the] swines","language_name":"english","language_id":38},"transliteration":{"text":"wal-khanāzīra","language_name":"english","language_id":38}},{"id":54759,"position":19,"audio_url":"wbw/005_060_020.mp3","qpc_uthmani_hafs":"وَعَبَدَ","char_type_name":"word","page_number":118,"line_number":5,"text":"ﮇ","translation":{"text":"and (who) worshipped","language_name":"english","language_id":38},"transliteration":{"text":"waʿabada","language_name":"english","language_id":38}},{"id":54760,"position":20,"audio_url":"wbw/005_060_021.mp3","qpc_uthmani_hafs":"ٱلطَّٰغُوتَۚ","char_type_name":"word","page_number":118,"line_number":5,"text":"ﮈﮉ","translation":{"text":"the false deities","language_name":"english","language_id":38},"transliteration":{"text":"l-ṭāghūta","language_name":"english","language_id":38}},{"id":54762,"position":21,"audio_url":"wbw/005_060_023.mp3","qpc_uthmani_hafs":"أُوْلَٰٓئِكَ","char_type_name":"word","page_number":118,"line_number":5,"text":"ﮊ","translation":{"text":"Those","language_name":"english","language_id":38},"transliteration":{"text":"ulāika","language_name":"english","language_id":38}},{"id":54763,"position":22,"audio_url":"wbw/005_060_024.mp3","qpc_uthmani_hafs":"شَرّٞ","char_type_name":"word","page_number":118,"line_number":5,"text":"ﮋ","translation":{"text":"(are) worse","language_name":"english","language_id":38},"transliteration":{"text":"sharrun","language_name":"english","language_id":38}},{"id":54764,"position":23,"audio_url":"wbw/005_060_025.mp3","qpc_uthmani_hafs":"مَّكَانٗا","char_type_name":"word","page_number":118,"line_number":6,"text":"ﮌ","translation":{"text":"(in) position","language_name":"english","language_id":38},"transliteration":{"text":"makānan","language_name":"english","language_id":38}},{"id":54765,"position":24,"audio_url":"wbw/005_060_026.mp3","qpc_uthmani_hafs":"وَأَضَلُّ","char_type_name":"word","page_number":118,"line_number":6,"text":"ﮍ","translation":{"text":"and farthest astray","language_name":"english","language_id":38},"transliteration":{"text":"wa-aḍallu","language_name":"english","language_id":38}},{"id":54766,"position":25,"audio_url":"wbw/005_060_027.mp3","qpc_uthmani_hafs":"عَن","char_type_name":"word","page_number":118,"line_number":6,"text":"ﮎ","translation":{"text":"from","language_name":"english","language_id":38},"transliteration":{"text":"ʿan","language_name":"english","language_id":38}},{"id":54767,"position":26,"audio_url":"wbw/005_060_028.mp3","qpc_uthmani_hafs":"سَوَآءِ","char_type_name":"word","page_number":118,"line_number":6,"text":"ﮏ","translation":{"text":"(the) even","language_name":"english","language_id":38},"transliteration":{"text":"sawāi","language_name":"english","language_id":38}},{"id":54768,"position":27,"audio_url":"wbw/005_060_029.mp3","qpc_uthmani_hafs":"ٱلسَّبِيلِ","char_type_name":"word","page_number":118,"line_number":6,"text":"ﮐ","translation":{"text":"way","language_name":"english","language_id":38},"transliteration":{"text":"l-sabīli","language_name":"english","language_id":38}},{"id":54769,"position":28,"audio_url":null,"qpc_uthmani_hafs":"٦٠","char_type_name":"end","page_number":118,"line_number":6,"text":"ﮑ","translation":{"text":"(60)","language_name":"english","language_id":38},"transliteration":{"text":null,"language_name":"english","language_id":38}}],"translations":[{"id":917158,"resource_id":134,"text":"Katakanlah, \"Apakah akan aku beritakan kepadamu tentang orang-orang yang lebih buruk pembalasannya dari (orang-orang fasik) itu disisi Allah, yaitu orang-orang yang dikutuki dan dimurkai Allah, di antara mereka (ada) yang dijadikan kera dan babi<sup foot_note=210193>1</sup> dan (orang yang) menyembah ṭāgūt?\"  Mereka itu lebih buruk tempatnya dan lebih tersesat dari jalan yang lurus."}]},{"id":730,"verse_number":61,"verse_key":"5:61","juz_number":6,"hizb_number":12,"rub_el_hizb_number":47,"ruku_number":94,"manzil_number":2,"sajdah_number":null,"text_uthmani":"وَإِذَا جَآءُوكُمْ قَالُوٓا۟ ءَامَنَّا وَقَد دَّخَلُوا۟ بِٱلْكُفْرِ وَهُمْ قَدْ خَرَجُوا۟ بِهِۦ ۚ وَٱللَّهُ أَعْلَمُ بِمَا كَانُوا۟ يَكْتُمُونَ","page_number":118,"words":[{"id":55320,"position":1,"audio_url":"wbw/005_061_001.mp3","qpc_uthmani_hafs":"وَإِذَا","char_type_name":"word","page_number":118,"line_number":6,"text":"ﮒ","translation":{"text":"And when","language_name":"english","language_id":38},"transliteration":{"text":"wa-idhā","language_name":"english","language_id":38}},{"id":55321,"position":2,"audio_url":"wbw/005_061_002.mp3","qpc_uthmani_hafs":"جَآءُوكُمۡ","char_type_name":"word","page_number":118,"line_number":6,"text":"ﮓ","translation":{"text":"they come to you","language_name":"english","language_id":38},"transliteration":{"text":"jāūkum","language_name":"english","language_id":38}},{"id":55322,"position":3,"audio_url":"wbw/005_061_003.mp3","qpc_uthmani_hafs":"قَالُوٓاْ","char_type_name":"word","page_number":118,"line_number":6,"text":"ﮔ","translation":{"text":"they say","language_name":"english","language_id":38},"transliteration":{"text":"qālū","language_name":"english","language_id":38}},{"id":55323,"position":4,"audio_url":"wbw/005_061_004.mp3","qpc_uthmani_hafs":"ءَامَنَّا","char_type_name":"word","page_number":118,"line_number":6,"text":"ﮕ","translation":{"text":"We believe","language_name":"english","language_id":38},"transliteration":{"text":"āmannā","language_name":"english","language_id":38}},{"id":55324,"position":5,"audio_url":"wbw/005_061_005.mp3","qpc_uthmani_hafs":"وَقَد","char_type_name":"word","page_number":118,"line_number":7,"text":"ﮖ","translation":{"text":"But certainly","language_name":"english","language_id":38},"transliteration":{"text":"waqad","language_name":"english","language_id":38}},{"id":55325,"position":6,"audio_url":"wbw/005_061_006.mp3","qpc_uthmani_hafs":"دَّخَلُواْ","char_type_name":"word","page_number":118,"line_number":7,"text":"ﮗ","translation":{"text":"they entered","language_name":"english","language_id":38},"transliteration":{"text":"dakhalū","language_name":"english","language_id":38}},{"id":55326,"position":7,"audio_url":"wbw/005_061_007.mp3","qpc_uthmani_hafs":"بِٱلۡكُفۡرِ","char_type_name":"word","page_number":118,"line_number":7,"text":"ﮘ","translation":{"text":"with disbelief","language_name":"english","language_id":38},"transliteration":{"text":"bil-kuf'ri","language_name":"english","language_id":38}},{"id":55327,"position":8,"audio_url":"wbw/005_061_008.mp3","qpc_uthmani_hafs":"وَهُمۡ","char_type_name":"word","page_number":118,"line_number":7,"text":"ﮙ","translation":{"text":"and they","language_name":"english","language_id":38},"transliteration":{"text":"wahum","language_name":"english","language_id":38}},{"id":55328,"position":9,"audio_url":"wbw/005_061_009.mp3","qpc_uthmani_hafs":"قَدۡ","char_type_name":"word","page_number":118,"line_number":7,"text":"ﮚ","translation":{"text":"certainly","language_name":"english","language_id":38},"transliteration":{"text":"qad","language_name":"english","language_id":38}},{"id":55329,"position":10,"audio_url":"wbw/005_061_010.mp3","qpc_uthmani_hafs":"خَرَجُواْ","char_type_name":"word","page_number":118,"line_number":7,"text":"ﮛ","translation":{"text":"went out","language_name":"english","language_id":38},"transliteration":{"text":"kharajū","language_name":"english","language_id":38}},{"id":55330,"position":11,"audio_url":"wbw/005_061_011.mp3","qpc_uthmani_hafs":"بِهِۦۚ","char_type_name":"word","page_number":118,"line_number":7,"text":"ﮜﮝ","translation":{"text":"with it","language_name":"english","language_id":38},"transliteration":{"text":"bihi","language_name":"english","language_id":38}},{"id":55332,"position":12,"audio_url":"wbw/005_061_013.mp3","qpc_uthmani_hafs":"وَٱللَّهُ","char_type_name":"word","page_number":118,"line_number":7,"text":"ﮞ","translation":{"text":"And Allah","language_name":"english","language_id":38},"transliteration":{"text":"wal-lahu","language_name":"english","language_id":38}},{"id":55333,"position":13,"audio_url":"wbw/005_061_014.mp3","qpc_uthmani_hafs":"أَعۡلَمُ","char_type_name":"word","page_number":118,"line_number":7,"text":"ﮟ","translation":{"text":"knows best","language_name":"english","language_id":38},"transliteration":{"text":"aʿlamu","language_name":"english","language_id":38}},{"id":55334,"position":14,"audio_url":"wbw/005_061_015.mp3","qpc_uthmani_hafs":"بِمَا","char_type_name":"word","page_number":118,"line_number":7,"text":"ﮠ","translation":{"text":"[of] what","language_name":"english","language_id":38},"transliteration":{"text":"bimā","language_name":"english","language_id":38}},{"id":55335,"position":15,"audio_url":"wbw/005_061_016.mp3","qpc_uthmani_hafs":"كَانُواْ","char_type_name":"word","page_number":118,"line_number":7,"text":"ﮡ","translation":{"text":"they were","language_name":"english","language_id":38},"transliteration":{"text":"kānū","language_name":"english","language_id":38}},{"id":55336,"position":16,"audio_url":"wbw/005_061_017.mp3","qpc_uthmani_hafs":"يَكۡتُمُونَ","char_type_name":"word","page_number":118,"line_number":7,"text":"ﮢ","translation":{"text":"hiding","language_name":"english","language_id":38},"transliteration":{"text":"yaktumūna","language_name":"english","language_id":38}},{"id":55337,"position":17,"audio_url":null,"qpc_uthmani_hafs":"٦١","char_type_name":"end","page_number":118,"line_number":8,"text":"ﮣ","translation":{"text":"(61)","language_name":"english","language_id":38},"transliteration":{"text":null,"language_name":"english","language_id":38}}],"translations":[{"id":917159,"resource_id":134,"text":"Dan apabila orang-orang (Yahudi atau munafik) datang kepadamu, mereka mengatakan, \"Kami telah beriman\", padahal mereka datang kepada kamu dengan kekafirannya dan mereka pergi (dari kamu) dengan kekafirannya (pula); dan Allah lebih mengetahui apa yang mereka sembunyikan."}]},{"id":731,"verse_number":62,"verse_key":"5:62","juz_number":6,"hizb_number":12,"rub_el_hizb_number":47,"ruku_number":94,"manzil_number":2,"sajdah_number":null,"text_uthmani":"وَتَرَىٰ كَثِيرًا مِّنْهُمْ يُسَـٰرِعُونَ فِى ٱلْإِثْمِ وَٱلْعُدْوَٰنِ وَأَكْلِهِمُ ٱلسُّحْتَ ۚ لَبِئْسَ مَا كَانُوا۟ يَعْمَلُونَ","page_number":118,"words":[{"id":55723,"position":1,"audio_url":"wbw/005_062_001.mp3","qpc_uthmani_hafs":"وَتَرَىٰ","char_type_name":"word","page_number":118,"line_number":8,"text":"ﮤ","translation":{"text":"And you see","language_name":"english","language_id":38},"transliteration":{"text":"watarā","language_name":"english","language_id":38}},{"id":55724,"position":2,"audio_url":"wbw/005_062_002.mp3","qpc_uthmani_hafs":"كَثِيرٗا","char_type_name":"word","page_number":118,"line_number":8,"text":"ﮥ","translation":{"text":"many","language_name":"english","language_id":38},"transliteration":{"text":"kathīran","language_name":"english","language_id":38}},{"id":55725,"position":3,"audio_url":"wbw/005_062_003.mp3","qpc_uthmani_hafs":"مِّنۡهُمۡ","char_type_name":"word","page_number":118,"line_number":8,"text":"ﮦ","translation":{"text":"of them","language_name":"english","language_id":38},"transliteration":{"text":"min'hum","language_name":"english","language_id":38}},{"id":55726,"position":4,"audio_url":"wbw/005_062_004.mp3","qpc_uthmani_hafs":"يُسَٰرِعُونَ","char_type_name":"word","page_number":118,"line_number":8,"text":"ﮧ","translation":{"text":"hastening","language_name":"english","language_id":38},"transliteration":{"text":"yusāriʿūna","language_name":"english","language_id":38}},{"id":55727,"position":5,"audio_url":"wbw/005_062_005.mp3","qpc_uthmani_hafs":"فِي","char_type_name":"word","page_number":118,"line_number":8,"text":"ﮨ","translation":{"text":"into","language_name":"english","language_id":38},"transliteration":{"text":"fī","language_name":"english","language_id":38}},{"id":55728,"position":6,"audio_url":"wbw/005_062_006.mp3","qpc_uthmani_hafs":"ٱلۡإِثۡمِ","char_type_name":"word","page_number":118,"line_number":8,"text":"ﮩ","translation":{"text":"[the] sin","language_name":"english","language_id":38},"transliteration":{"text":"l-ith'mi","language_name":"english","language_id":38}},{"id":55729,"position":7,"audio_url":"wbw/005_062_007.mp3","qpc_uthmani_hafs":"وَٱلۡعُدۡوَٰنِ","char_type_name":"word","page_number":118,"line_number":8,"text":"ﮪ","translation":{"text":"and [the] transgression","language_name":"english","language_id":38},"transliteration":{"text":"wal-ʿud'wāni","language_name":"english","language_id":38}},{"id":55730,"position":8,"audio_url":"wbw/005_062_008.mp3","qpc_uthmani_hafs":"وَأَكۡلِهِمُ","char_type_name":"word","page_number":118,"line_number":8,"text":"ﮫ","translation":{"text":"and eating","language_name":"english","language_id":38},"transliteration":{"text":"wa-aklihimu","language_name":"english","language_id":38}},{"id":55731,"position":9,"audio_url":"wbw/005_062_009.mp3","qpc_uthmani_hafs":"ٱلسُّحۡتَۚ","char_type_name":"word","page_number":118,"line_number":9,"text":"ﮬﮭ","translation":{"text":"the forbidden","language_name":"english","language_id":38},"transliteration":{"text":"l-suḥ'ta","language_name":"english","language_id":38}},{"id":55733,"position":10,"audio_url":"wbw/005_062_011.mp3","qpc_uthmani_hafs":"لَبِئۡسَ","char_type_name":"word","page_number":118,"line_number":9,"text":"ﮮ","translation":{"text":"Surely evil","language_name":"english","language_id":38},"transliteration":{"text":"labi'sa","language_name":"english","language_id":38}},{"id":55734,"position":11,"audio_url":"wbw/005_062_012.mp3","qpc_uthmani_hafs":"مَا","char_type_name":"word","page_number":118,"line_number":9,"text":"ﮯ","translation":{"text":"(is) what","language_name":"english","language_id":38},"transliteration":{"text":"mā","language_name":"english","language_id":38}},{"id":55735,"position":12,"audio_url":"wbw/005_062_013.mp3","qpc_uthmani_hafs":"كَانُواْ","char_type_name":"word","page_number":118,"line_number":9,"text":"ﮰ","translation":{"text":"they were","language_name":"english","language_id":38},"transliteration":{"text":"kānū","language_name":"english","language_id":38}},{"id":55736,"position":13,"audio_url":"wbw/005_062_014.mp3","qpc_uthmani_hafs":"يَعۡمَلُونَ","char_type_name":"word","page_number":118,"line_number":9,"text":"ﮱ","translation":{"text":"doing","language_name":"english","language_id":38},"transliteration":{"text":"yaʿmalūna","language_name":"english","language_id":38}},{"id":55737,"position":14,"audio_url":null,"qpc_uthmani_hafs":"٦٢","char_type_name":"end","page_number":118,"line_number":9,"text":"ﯓ","translation":{"text":"(62)","language_name":"english","language_id":38},"transliteration":{"text":null,"language_name":"english","language_id":38}}],"translations":[{"id":917160,"resource_id":134,"text":"Dan kamu akan melihat kebanyakan dari mereka (orang-orang Yahudi) bersegera membuat dosa, permusuhan dan memakan yang haram<sup foot_note=210194>1</sup>.  Sesungguhnya amat buruk apa yang mereka telah kerjakan itu."}]},{"id":732,"verse_number":63,"verse_key":"5:63","juz_number":6,"hizb_number":12,"rub_el_hizb_number":47,"ruku_number":94,"manzil_number":2,"sajdah_number":null,"text_uthmani":"لَوْلَا يَنْهَىٰهُمُ ٱلرَّبَّـٰنِيُّونَ وَٱلْأَحْبَارُ عَن قَوْلِهِمُ ٱلْإِثْمَ وَأَكْلِهِمُ ٱلسُّحْتَ ۚ لَبِئْسَ مَا كَانُوا۟ يَصْنَعُونَ","page_number":118,"words":[{"id":56225,"position":1,"audio_url":"wbw/005_063_001.mp3","qpc_uthmani_hafs":"لَوۡلَا","char_type_name":"word","page_number":118,"line_number":9,"text":"ﯔ","translation":{"text":"Why (do) not","language_name":"english","language_id":38},"transliteration":{"text":"lawlā","language_name":"english","language_id":38}},{"id":56226,"position":2,"audio_url":"wbw/005_063_002.mp3","qpc_uthmani_hafs":"يَنۡهَىٰهُمُ","char_type_name":"word","page_number":118,"line_number":9,"text":"ﯕ","translation":{"text":"forbid them","language_name":"english","language_id":38},"transliteration":{"text":"yanhāhumu","language_name":"english","language_id":38}},{"id":56227,"position":3,"audio_url":"wbw/005_063_003.mp3","qpc_uthmani_hafs":"ٱلرَّبَّٰنِيُّونَ","char_type_name":"word","page_number":118,"line_number":9,"text":"ﯖ","translation":{"text":"the Rabbis","language_name":"english","language_id":38},"transliteration":{"text":"l-rabāniyūna","language_name":"english","language_id":38}},{"id":56228,"position":4,"audio_url":"wbw/005_063_004.mp3","qpc_uthmani_hafs":"وَٱلۡأَحۡبَارُ","char_type_name":"word","page_number":118,"line_number":10,"text":"ﯗ","translation":{"text":"and the religious scholars","language_name":"english","language_id":38},"transliteration":{"text":"wal-aḥbāru","language_name":"english","language_id":38}},{"id":56229,"position":5,"audio_url":"wbw/005_063_005.mp3","qpc_uthmani_hafs":"عَن","char_type_name":"word","page_number":118,"line_number":10,"text":"ﯘ","translation":{"text":"from","language_name":"english","language_id":38},"transliteration":{"text":"ʿan","language_name":"english","language_id":38}},{"id":56230,"position":6,"audio_url":"wbw/005_063_006.mp3","qpc_uthmani_hafs":"قَوۡلِهِمُ","char_type_name":"word","page_number":118,"line_number":10,"text":"ﯙ","translation":{"text":"their saying","language_name":"english","language_id":38},"transliteration":{"text":"qawlihimu","language_name":"english","language_id":38}},{"id":56231,"position":7,"audio_url":"wbw/005_063_007.mp3","qpc_uthmani_hafs":"ٱلۡإِثۡمَ","char_type_name":"word","page_number":118,"line_number":10,"text":"ﯚ","translation":{"text":"the sinful","language_name":"english","language_id":38},"transliteration":{"text":"l-ith'ma","language_name":"english","language_id":38}},{"id":56232,"position":8,"audio_url":"wbw/005_063_008.mp3","qpc_uthmani_hafs":"وَأَكۡلِهِمُ","char_type_name":"word","page_number":118,"line_number":10,"text":"ﯛ","translation":{"text":"and their eating","language_name":"english","language_id":38},"transliteration":{"text":"wa-aklihimu","language_name":"english","language_id":38}},{"id":56233,"position":9,"audio_url":"wbw/005_063_009.mp3","qpc_uthmani_hafs":"ٱلسُّحۡتَۚ","char_type_name":"word","page_number":118,"line_number":10,"text":"ﯜﯝ","translation":{"text":"(of) the forbidden","language_name":"english","language_id":38},"transliteration":{"text":"l-suḥ'ta","language_name":"english","language_id":38}},{"id":56235,"position":10,"audio_url":"wbw/005_063_011.mp3","qpc_uthmani_hafs":"لَبِئۡسَ","char_type_name":"word","page_number":118,"line_number":10,"text":"ﯞ","translation":{"text":"Surely, evil","language_name":"english","language_id":38},"transliteration":{"text":"labi'sa","language_name":"english","language_id":38}},{"id":56236,"position":11,"audio_url":"wbw/005_063_012.mp3","qpc_uthmani_hafs":"مَا","char_type_name":"word","page_number":118,"line_number":10,"text":"ﯟ","translation":{"text":"(is) what","language_name":"english","language_id":38},"transliteration":{"text":"mā","language_name":"english","language_id":38}},{"id":56237,"position":12,"audio_url":"wbw/005_063_013.mp3","qpc_uthmani_hafs":"كَانُواْ","char_type_name":"word","page_number":118,"line_number":10,"text":"ﯠ","translation":{"text":"they used to","language_name":"english","language_id":38},"transliteration":{"text":"kānū","language_name":"english","language_id":38}},{"id":56238,"position":13,"audio_url":"wbw/005_063_014.mp3","qpc_uthmani_hafs":"يَصۡنَعُونَ","char_type_name":"word","page_number":118,"line_number":11,"text":"ﯡ","translation":{"text":"do","language_name":"english","language_id":38},"transliteration":{"text":"yaṣnaʿūna","language_name":"english","language_id":38}},{"id":56239,"position":14,"audio_url":null,"qpc_uthmani_hafs":"٦٣","char_type_name":"end","page_number":118,"line_number":11,"text":"ﯢ","translation":{"text":"(63)","language_name":"english","language_id":38},"transliteration":{"text":null,"language_name":"english","language_id":38}}],"translations":[{"id":917161,"resource_id":134,"text":"Mengapa orang-orang alim mereka, pendeta-pendeta mereka tidak melarang mereka mengucapkan perkataan bohong dan memakan yang haram?  Sesungguhnya amat buruk apa yang telah mereka kerjakan itu."}]},{"id":733,"verse_number":64,"verse_key":"5:64","juz_number":6,"hizb_number":12,"rub_el_hizb_number":47,"ruku_number":94,"manzil_number":2,"sajdah_number":null,"text_uthmani":"وَقَالَتِ ٱلْيَهُودُ يَدُ ٱللَّهِ مَغْلُولَةٌ ۚ غُلَّتْ أَيْدِيهِمْ وَلُعِنُوا۟ بِمَا قَالُوا۟ ۘ بَلْ يَدَاهُ مَبْسُوطَتَانِ يُنفِقُ كَيْفَ يَشَآءُ ۚ وَلَيَزِيدَنَّ كَثِيرًا مِّنْهُم مَّآ أُنزِلَ إِلَيْكَ مِن رَّبِّكَ طُغْيَـٰنًا وَكُفْرًا ۚ وَأَلْقَيْنَا بَيْنَهُمُ ٱلْعَدَٰوَةَ وَٱلْبَغْضَآءَ إِلَىٰ يَوْمِ ٱلْقِيَـٰمَةِ ۚ كُلَّمَآ أَوْقَدُوا۟ نَارًا لِّلْحَرْبِ أَطْفَأَهَا ٱللَّهُ ۚ وَيَسْعَوْنَ فِى ٱلْأَرْضِ فَسَادًا ۚ وَٱللَّهُ لَا يُحِبُّ ٱلْمُفْسِدِينَ","page_number":118,"words":[{"id":56686,"position":1,"audio_url":"wbw/005_064_001.mp3","qpc_uthmani_hafs":"وَقَالَتِ","char_type_name":"word","page_number":118,"line_number":11,"text":"ﯣ","translation":{"text":"And said","language_name":"english","language_id":38},"transliteration":{"text":"waqālati","language_name":"english","language_id":38}},{"id":56687,"position":2,"audio_url":"wbw/005_064_002.mp3","qpc_uthmani_hafs":"ٱلۡيَهُودُ","char_type_name":"word","page_number":118,"line_number":11,"text":"ﯤ","translation":{"text":"the Jews","language_name":"english","language_id":38},"transliteration":{"text":"l-yahūdu","language_name":"english","language_id":38}},{"id":56688,"position":3,"audio_url":"wbw/005_064_003.mp3","qpc_uthmani_hafs":"يَدُ","char_type_name":"word","page_number":118,"line_number":11,"text":"ﯥ","translation":{"text":"The Hand","language_name":"english","language_id":38},"transliteration":{"text":"yadu","language_name":"english","language_id":38}},{"id":56689,"position":4,"audio_url":"wbw/005_064_004.mp3","qpc_uthmani_hafs":"ٱللَّهِ","char_type_name":"word","page_number":118,"line_number":11,"text":"ﯦ","translation":{"text":"(of) Allah","language_name":"english","language_id":38},"transliteration":{"text":"l-lahi","language_name":"english","language_id":38}},{"id":56690,"position":5,"audio_url":"wbw/005_064_005.mp3","qpc_uthmani_hafs":"مَغۡلُولَةٌۚ","char_type_name":"word","page_number":118,"line_number":11,"text":"ﯧﯨ","translation":{"text":"(is) chained","language_name":"english","language_id":38},"transliteration":{"text":"maghlūlatun","language_name":"english","language_id":38}},{"id":56692,"position":6,"audio_url":"wbw/005_064_007.mp3","qpc_uthmani_hafs":"غُلَّتۡ","char_type_name":"word","page_number":118,"line_number":11,"text":"ﯩ","translation":{"text":"Are chained","language_name":"english","language_id":38},"transliteration":{"text":"ghullat","language_name":"english","language_id":38}},{"id":56693,"position":7,"audio_url":"wbw/005_064_008.mp3","qpc_uthmani_hafs":"أَيۡدِيهِمۡ","char_type_name":"word","page_number":118,"line_number":11,"text":"ﯪ","translation":{"text":"their hands","language_name":"english","language_id":38},"transliteration":{"text":"aydīhim","language_name":"english","language_id":38}},{"id":56694,"position":8,"audio_url":"wbw/005_064_009.mp3","qpc_uthmani_hafs":"وَلُعِنُواْ","char_type_name":"word","page_number":118,"line_number":11,"text":"ﯫ","translation":{"text":"and they have been cursed","language_name":"english","language_id":38},"transliteration":{"text":"waluʿinū","language_name":"english","language_id":38}},{"id":56695,"position":9,"audio_url":"wbw/005_064_010.mp3","qpc_uthmani_hafs":"بِمَا","char_type_name":"word","page_number":118,"line_number":12,"text":"ﯬ","translation":{"text":"for what","language_name":"english","language_id":38},"transliteration":{"text":"bimā","language_name":"english","language_id":38}},{"id":56696,"position":10,"audio_url":"wbw/005_064_011.mp3","qpc_uthmani_hafs":"قَالُواْۘ","char_type_name":"word","page_number":118,"line_number":12,"text":"ﯭﯮ","translation":{"text":"they said","language_name":"english","language_id":38},"transliteration":{"text":"qālū","language_name":"english","language_id":38}},{"id":56698,"position":11,"audio_url":"wbw/005_064_013.mp3","qpc_uthmani_hafs":"بَلۡ","char_type_name":"word","page_number":118,"line_number":12,"text":"ﯯ","translation":{"text":"Nay","language_name":"english","language_id":38},"transliteration":{"text":"bal","language_name":"english","language_id":38}},{"id":56699,"position":12,"audio_url":"wbw/005_064_014.mp3","qpc_uthmani_hafs":"يَدَاهُ","char_type_name":"word","page_number":118,"line_number":12,"text":"ﯰ","translation":{"text":"His Hands","language_name":"english","language_id":38},"transliteration":{"text":"yadāhu","language_name":"english","language_id":38}},{"id":56700,"position":13,"audio_url":"wbw/005_064_015.mp3","qpc_uthmani_hafs":"مَبۡسُوطَتَانِ","char_type_name":"word","page_number":118,"line_number":12,"text":"ﯱ","translation":{"text":"(are) stretched out","language_name":"english","language_id":38},"transliteration":{"text":"mabsūṭatāni","language_name":"english","language_id":38}},{"id":56701,"position":14,"audio_url":"wbw/005_064_016.mp3","qpc_uthmani_hafs":"يُنفِقُ","char_type_name":"word","page_number":118,"line_number":12,"text":"ﯲ","translation":{"text":"He spends","language_name":"english","language_id":38},"transliteration":{"text":"yunfiqu","language_name":"english","language_id":38}},{"id":56702,"position":15,"audio_url":"wbw/005_064_017.mp3","qpc_uthmani_hafs":"كَيۡفَ","char_type_name":"word","page_number":118,"line_number":12,"text":"ﯳ","translation":{"text":"how","language_name":"english","language_id":38},"transliteration":{"text":"kayfa","language_name":"english","language_id":38}},{"id":56703,"position":16,"audio_url":"wbw/005_064_018.mp3","qpc_uthmani_hafs":"يَشَآءُۚ","char_type_name":"word","page_number":118,"line_number":12,"text":"ﯴﯵ","translation":{"text":"He wills","language_name":"english","language_id":38},"transliteration":{"text":"yashāu","language_name":"english","language_id":38}},{"id":56705,"position":17,"audio_url":"wbw/005_064_020.mp3","qpc_uthmani_hafs":"وَلَيَزِيدَنَّ","char_type_name":"word","page_number":118,"line_number":12,"text":"ﯶ","translation":{"text":"And surely increase","language_name":"english","language_id":38},"transliteration":{"text":"walayazīdanna","language_name":"english","language_id":38}},{"id":56706,"position":18,"audio_url":"wbw/005_064_021.mp3","qpc_uthmani_hafs":"كَثِيرٗا","char_type_name":"word","page_number":118,"line_number":12,"text":"ﯷ","translation":{"text":"many","language_name":"english","language_id":38},"transliteration":{"text":"kathīran","language_name":"english","language_id":38}},{"id":56707,"position":19,"audio_url":"wbw/005_064_022.mp3","qpc_uthmani_hafs":"مِّنۡهُم","char_type_name":"word","page_number":118,"line_number":13,"text":"ﯸ","translation":{"text":"of them","language_name":"english","language_id":38},"transliteration":{"text":"min'hum","language_name":"english","language_id":38}},{"id":56708,"position":20,"audio_url":"wbw/005_064_023.mp3","qpc_uthmani_hafs":"مَّآ","char_type_name":"word","page_number":118,"line_number":13,"text":"ﯹ","translation":{"text":"what","language_name":"english","language_id":38},"transliteration":{"text":"mā","language_name":"english","language_id":38}},{"id":56709,"position":21,"audio_url":"wbw/005_064_024.mp3","qpc_uthmani_hafs":"أُنزِلَ","char_type_name":"word","page_number":118,"line_number":13,"text":"ﯺ","translation":{"text":"has been revealed","language_name":"english","language_id":38},"transliteration":{"text":"unzila","language_name":"english","language_id":38}},{"id":56710,"position":22,"audio_url":"wbw/005_064_025.mp3","qpc_uthmani_hafs":"إِلَيۡكَ","char_type_name":"word","page_number":118,"line_number":13,"text":"ﯻ","translation":{"text":"to you","language_name":"english","language_id":38},"transliteration":{"text":"ilayka","language_name":"english","language_id":38}},{"id":56711,"position":23,"audio_url":"wbw/005_064_026.mp3","qpc_uthmani_hafs":"مِن","char_type_name":"word","page_number":118,"line_number":13,"text":"ﯼ","translation":{"text":"from","language_name":"english","language_id":38},"transliteration":{"text":"min","language_name":"english","language_id":38}},{"id":56712,"position":24,"audio_url":"wbw/005_064_027.mp3","qpc_uthmani_hafs":"رَّبِّكَ","char_type_name":"word","page_number":118,"line_number":13,"text":"ﯽ","translation":{"text":"your Lord","language_name":"english","language_id":38},"transliteration":{"text":"rabbika","language_name":"english","language_id":38}},{"id":56713,"position":25,"audio_url":"wbw/005_064_028.mp3","qpc_uthmani_hafs":"طُغۡيَٰنٗا","char_type_name":"word","page_number":118,"line_number":13,"text":"ﯾ","translation":{"text":"(in) rebellion","language_name":"english","language_id":38},"transliteration":{"text":"ṭugh'yānan","language_name":"english","language_id":38}},{"id":56714,"position":26,"audio_url":"wbw/005_064_029.mp3","qpc_uthmani_hafs":"وَكُفۡرٗاۚ","char_type_name":"word","page_number":118,"line_number":13,"text":"ﯿﰀ","translation":{"text":"and disbelief","language_name":"english","language_id":38},"transliteration":{"text":"wakuf'ran","language_name":"english","language_id":38}},{"id":56716,"position":27,"audio_url":"wbw/005_064_031.mp3","qpc_uthmani_hafs":"وَأَلۡقَيۡنَا","char_type_name":"word","page_number":118,"line_number":13,"text":"ﰁ","translation":{"text":"And We have cast","language_name":"english","language_id":38},"transliteration":{"text":"wa-alqaynā","language_name":"english","language_id":38}},{"id":56717,"position":28,"audio_url":"wbw/005_064_032.mp3","qpc_uthmani_hafs":"بَيۡنَهُمُ","char_type_name":"word","page_number":118,"line_number":13,"text":"ﰂ","translation":{"text":"among them","language_name":"english","language_id":38},"transliteration":{"text":"baynahumu","language_name":"english","language_id":38}},{"id":56718,"position":29,"audio_url":"wbw/005_064_033.mp3","qpc_uthmani_hafs":"ٱلۡعَدَٰوَةَ","char_type_name":"word","page_number":118,"line_number":13,"text":"ﰃ","translation":{"text":"[the] enmity","language_name":"english","language_id":38},"transliteration":{"text":"l-ʿadāwata","language_name":"english","language_id":38}},{"id":56719,"position":30,"audio_url":"wbw/005_064_034.mp3","qpc_uthmani_hafs":"وَٱلۡبَغۡضَآءَ","char_type_name":"word","page_number":118,"line_number":14,"text":"ﰄ","translation":{"text":"and [the] hatred","language_name":"english","language_id":38},"transliteration":{"text":"wal-baghḍāa","language_name":"english","language_id":38}},{"id":56720,"position":31,"audio_url":"wbw/005_064_035.mp3","qpc_uthmani_hafs":"إِلَىٰ","char_type_name":"word","page_number":118,"line_number":14,"text":"ﰅ","translation":{"text":"till","language_name":"english","language_id":38},"transliteration":{"text":"ilā","language_name":"english","language_id":38}},{"id":56721,"position":32,"audio_url":"wbw/005_064_036.mp3","qpc_uthmani_hafs":"يَوۡمِ","char_type_name":"word","page_number":118,"line_number":14,"text":"ﰆ","translation":{"text":"(the) Day","language_name":"english","language_id":38},"transliteration":{"text":"yawmi","language_name":"english","language_id":38}},{"id":56722,"position":33,"audio_url":"wbw/005_064_037.mp3","qpc_uthmani_hafs":"ٱلۡقِيَٰمَةِۚ","char_type_name":"word","page_number":118,"line_number":14,"text":"ﰇﰈ","translation":{"text":"(of) the Resurrection","language_name":"english","language_id":38},"transliteration":{"text":"l-qiyāmati","language_name":"english","language_id":38}},{"id":56724,"position":34,"audio_url":"wbw/005_064_039.mp3","qpc_uthmani_hafs":"كُلَّمَآ","char_type_name":"word","page_number":118,"line_number":14,"text":"ﰉ","translation":{"text":"Every time","language_name":"english","language_id":38},"transliteration":{"text":"kullamā","language_name":"english","language_id":38}},{"id":56725,"position":35,"audio_url":"wbw/005_064_040.mp3","qpc_uthmani_hafs":"أَوۡقَدُواْ","char_type_name":"word","page_number":118,"line_number":14,"text":"ﰊ","translation":{"text":"they kindled","language_name":"english","language_id":38},"transliteration":{"text":"awqadū","language_name":"english","language_id":38}},{"id":56726,"position":36,"audio_url":"wbw/005_064_041.mp3","qpc_uthmani_hafs":"نَارٗا","char_type_name":"word","page_number":118,"line_number":14,"text":"ﰋ","translation":{"text":"(the) fire","language_name":"english","language_id":38},"transliteration":{"text":"nāran","language_name":"english","language_id":38}},{"id":56727,"position":37,"audio_url":"wbw/005_064_042.mp3","qpc_uthmani_hafs":"لِّلۡحَرۡبِ","char_type_name":"word","page_number":118,"line_number":14,"text":"ﰌ","translation":{"text":"of [the] war","language_name":"english","language_id":38},"transliteration":{"text":"lil'ḥarbi","language_name":"english","language_id":38}},{"id":56728,"position":38,"audio_url":"wbw/005_064_043.mp3","qpc_uthmani_hafs":"أَطۡفَأَهَا","char_type_name":"word","page_number":118,"line_number":14,"text":"ﰍ","translation":{"text":"it (was) extinguished","language_name":"english","language_id":38},"transliteration":{"text":"aṭfa-ahā","language_name":"english","language_id":38}},{"id":56729,"position":39,"audio_url":"wbw/005_064_044.mp3","qpc_uthmani_hafs":"ٱللَّهُۚ","char_type_name":"word","page_number":118,"line_number":14,"text":"ﰎﰏ","translation":{"text":"(by) Allah","language_name":"english","language_id":38},"transliteration":{"text":"l-lahu","language_name":"english","language_id":38}},{"id":56731,"position":40,"audio_url":"wbw/005_064_046.mp3","qpc_uthmani_hafs":"وَيَسۡعَوۡنَ","char_type_name":"word","page_number":118,"line_number":15,"text":"ﰐ","translation":{"text":"And they strive","language_name":"english","language_id":38},"transliteration":{"text":"wayasʿawna","language_name":"english","language_id":38}},{"id":56732,"position":41,"audio_url":"wbw/005_064_047.mp3","qpc_uthmani_hafs":"فِي","char_type_name":"word","page_number":118,"line_number":15,"text":"ﰑ","translation":{"text":"in","language_name":"english","language_id":38},"transliteration":{"text":"fī","language_name":"english","language_id":38}},{"id":56733,"position":42,"audio_url":"wbw/005_064_048.mp3","qpc_uthmani_hafs":"ٱلۡأَرۡضِ","char_type_name":"word","page_number":118,"line_number":15,"text":"ﰒ","translation":{"text":"the earth","language_name":"english","language_id":38},"transliteration":{"text":"l-arḍi","language_name":"english","language_id":38}},{"id":56734,"position":43,"audio_url":"wbw/005_064_049.mp3","qpc_uthmani_hafs":"فَسَادٗاۚ","char_type_name":"word","page_number":118,"line_number":15,"text":"ﰓﰔ","translation":{"text":"spreading corruption","language_name":"english","language_id":38},"transliteration":{"text":"fasādan","language_name":"english","language_id":38}},{"id":56736,"position":44,"audio_url":"wbw/005_064_051.mp3","qpc_uthmani_hafs":"وَٱللَّهُ","char_type_name":"word","page_number":118,"line_number":15,"text":"ﰕ","translation":{"text":"And Allah","language_name":"english","language_id":38},"transliteration":{"text":"wal-lahu","language_name":"english","language_id":38}},{"id":56737,"position":45,"audio_url":"wbw/005_064_052.mp3","qpc_uthmani_hafs":"لَا","char_type_name":"word","page_number":118,"line_number":15,"text":"ﰖ","translation":{"text":"(does) not","language_name":"english","language_id":38},"transliteration":{"text":"lā","language_name":"english","language_id":38}},{"id":56738,"position":46,"audio_url":"wbw/005_064_053.mp3","qpc_uthmani_hafs":"يُحِبُّ","char_type_name":"word","page_number":118,"line_number":15,"text":"ﰗ","translation":{"text":"love","language_name":"english","language_id":38},"transliteration":{"text":"yuḥibbu","language_name":"english","language_id":38}},{"id":56739,"position":47,"audio_url":"wbw/005_064_054.mp3","qpc_uthmani_hafs":"ٱلۡمُفۡسِدِينَ","char_type_name":"word","page_number":118,"line_number":15,"text":"ﰘ","translation":{"text":"the corrupters","language_name":"english","language_id":38},"transliteration":{"text":"l-muf'sidīna","language_name":"english","language_id":38}},{"id":56740,"position":48,"audio_url":null,"qpc_uthmani_hafs":"٦٤","char_type_name":"end","page_number":118,"line_number":15,"text":"ﰙ","translation":{"text":"(64)","language_name":"english","language_id":38},"transliteration":{"text":null,"language_name":"english","language_id":38}}],"translations":[{"id":917162,"resource_id":134,"text":"Orang-orang Yahudi berkata, \"Tangan Allah terbelenggu\"<sup foot_note=210195>1</sup>, sebenarnya tangan merekalah yang dibelenggu<sup foot_note=210196>2</sup> dan merekalah yang dilaknat disebabkan apa yang telah mereka katakan itu.  (Tidak demikian), tetapi kedua-dua tangan Allah terbuka; Dia menafkahkan sebagaimana Dia kehendaki.  Dan Al-Qur`ān yang diturunkan kepadamu dari Tuhan-mu sungguh-sungguh akan menambah kedurhakaan dan kekafiran bagi kebanyakan di antara mereka.  Dan Kami telah timbulkan permusuhan dan kebencian di antara mereka sampai hari kiamat.  Setiap mereka menyalakan api peperangan, Allah memadamkannya dan mereka berbuat kerusakan di muka bumi dan Allah tidak menyukai orang-orang yang membuat kerusakan."}]}],"pagination":{"per_page":50,"current_page":1,"next_page":null,"total_pages":1,"total_records":7}}