{"verses":[{"id":817,"verse_number":28,"verse_key":"6:28","juz_number":7,"hizb_number":13,"rub_el_hizb_number":52,"ruku_number":104,"manzil_number":2,"sajdah_number":null,"text_uthmani":"بَلْ بَدَا لَهُم مَّا كَانُوا۟ يُخْفُونَ مِن قَبْلُ ۖ وَلَوْ رُدُّوا۟ لَعَادُوا۟ لِمَا نُهُوا۟ عَنْهُ وَإِنَّهُمْ لَكَـٰذِبُونَ","page_number":131,"words":[{"id":31185,"position":1,"audio_url":"wbw/006_028_001.mp3","qpc_uthmani_hafs":"بَلۡ","char_type_name":"word","page_number":131,"line_number":1,"text":"ﭑ","translation":{"text":"Nay","language_name":"english","language_id":38},"transliteration":{"text":"bal","language_name":"english","language_id":38}},{"id":31186,"position":2,"audio_url":"wbw/006_028_002.mp3","qpc_uthmani_hafs":"بَدَا","char_type_name":"word","page_number":131,"line_number":1,"text":"ﭒ","translation":{"text":"became manifest","language_name":"english","language_id":38},"transliteration":{"text":"badā","language_name":"english","language_id":38}},{"id":31187,"position":3,"audio_url":"wbw/006_028_003.mp3","qpc_uthmani_hafs":"لَهُم","char_type_name":"word","page_number":131,"line_number":1,"text":"ﭓ","translation":{"text":"for them","language_name":"english","language_id":38},"transliteration":{"text":"lahum","language_name":"english","language_id":38}},{"id":31188,"position":4,"audio_url":"wbw/006_028_004.mp3","qpc_uthmani_hafs":"مَّا","char_type_name":"word","page_number":131,"line_number":1,"text":"ﭔ","translation":{"text":"what","language_name":"english","language_id":38},"transliteration":{"text":"mā","language_name":"english","language_id":38}},{"id":31189,"position":5,"audio_url":"wbw/006_028_005.mp3","qpc_uthmani_hafs":"كَانُواْ","char_type_name":"word","page_number":131,"line_number":1,"text":"ﭕ","translation":{"text":"they used to","language_name":"english","language_id":38},"transliteration":{"text":"kānū","language_name":"english","language_id":38}},{"id":31190,"position":6,"audio_url":"wbw/006_028_006.mp3","qpc_uthmani_hafs":"يُخۡفُونَ","char_type_name":"word","page_number":131,"line_number":1,"text":"ﭖ","translation":{"text":"conceal","language_name":"english","language_id":38},"transliteration":{"text":"yukh'fūna","language_name":"english","language_id":38}},{"id":31191,"position":7,"audio_url":"wbw/006_028_007.mp3","qpc_uthmani_hafs":"مِن","char_type_name":"word","page_number":131,"line_number":1,"text":"ﭗ","translation":{"text":"from","language_name":"english","language_id":38},"transliteration":{"text":"min","language_name":"english","language_id":38}},{"id":31192,"position":8,"audio_url":"wbw/006_028_008.mp3","qpc_uthmani_hafs":"قَبۡلُۖ","char_type_name":"word","page_number":131,"line_number":1,"text":"ﭘﭙ","translation":{"text":"before","language_name":"english","language_id":38},"transliteration":{"text":"qablu","language_name":"english","language_id":38}},{"id":31194,"position":9,"audio_url":"wbw/006_028_010.mp3","qpc_uthmani_hafs":"وَلَوۡ","char_type_name":"word","page_number":131,"line_number":1,"text":"ﭚ","translation":{"text":"And if","language_name":"english","language_id":38},"transliteration":{"text":"walaw","language_name":"english","language_id":38}},{"id":31195,"position":10,"audio_url":"wbw/006_028_011.mp3","qpc_uthmani_hafs":"رُدُّواْ","char_type_name":"word","page_number":131,"line_number":1,"text":"ﭛ","translation":{"text":"they were sent back","language_name":"english","language_id":38},"transliteration":{"text":"ruddū","language_name":"english","language_id":38}},{"id":31196,"position":11,"audio_url":"wbw/006_028_012.mp3","qpc_uthmani_hafs":"لَعَادُواْ","char_type_name":"word","page_number":131,"line_number":1,"text":"ﭜ","translation":{"text":"certainly they (would) return","language_name":"english","language_id":38},"transliteration":{"text":"laʿādū","language_name":"english","language_id":38}},{"id":31197,"position":12,"audio_url":"wbw/006_028_013.mp3","qpc_uthmani_hafs":"لِمَا","char_type_name":"word","page_number":131,"line_number":1,"text":"ﭝ","translation":{"text":"to what","language_name":"english","language_id":38},"transliteration":{"text":"limā","language_name":"english","language_id":38}},{"id":31198,"position":13,"audio_url":"wbw/006_028_014.mp3","qpc_uthmani_hafs":"نُهُواْ","char_type_name":"word","page_number":131,"line_number":1,"text":"ﭞ","translation":{"text":"they were forbidden","language_name":"english","language_id":38},"transliteration":{"text":"nuhū","language_name":"english","language_id":38}},{"id":31199,"position":14,"audio_url":"wbw/006_028_015.mp3","qpc_uthmani_hafs":"عَنۡهُ","char_type_name":"word","page_number":131,"line_number":1,"text":"ﭟ","translation":{"text":"from it","language_name":"english","language_id":38},"transliteration":{"text":"ʿanhu","language_name":"english","language_id":38}},{"id":31200,"position":15,"audio_url":"wbw/006_028_016.mp3","qpc_uthmani_hafs":"وَإِنَّهُمۡ","char_type_name":"word","page_number":131,"line_number":2,"text":"ﭠ","translation":{"text":"and indeed they","language_name":"english","language_id":38},"transliteration":{"text":"wa-innahum","language_name":"english","language_id":38}},{"id":31201,"position":16,"audio_url":"wbw/006_028_017.mp3","qpc_uthmani_hafs":"لَكَٰذِبُونَ","char_type_name":"word","page_number":131,"line_number":2,"text":"ﭡ","translation":{"text":"certainly are liars","language_name":"english","language_id":38},"transliteration":{"text":"lakādhibūna","language_name":"english","language_id":38}},{"id":31202,"position":17,"audio_url":null,"qpc_uthmani_hafs":"٢٨","char_type_name":"end","page_number":131,"line_number":2,"text":"ﭢ","translation":{"text":"(28)","language_name":"english","language_id":38},"transliteration":{"text":null,"language_name":"english","language_id":38}}],"translations":[{"id":917246,"resource_id":134,"text":"Tetapi (sebenarnya) telah nyata bagi mereka kejahatan yang mereka dahulu selalu menyembunyikannya<sup foot_note=210235>1</sup>.  Sekiranya mereka dikembalikan ke dunia, tentulah mereka kembali kepada apa yang mereka telah dilarang mengerjakannya.  Dan sesungguhnya mereka itu adalah pendusta-pendusta belaka."}]},{"id":818,"verse_number":29,"verse_key":"6:29","juz_number":7,"hizb_number":13,"rub_el_hizb_number":52,"ruku_number":104,"manzil_number":2,"sajdah_number":null,"text_uthmani":"وَقَالُوٓا۟ إِنْ هِىَ إِلَّا حَيَاتُنَا ٱلدُّنْيَا وَمَا نَحْنُ بِمَبْعُوثِينَ","page_number":131,"words":[{"id":32170,"position":1,"audio_url":"wbw/006_029_001.mp3","qpc_uthmani_hafs":"وَقَالُوٓاْ","char_type_name":"word","page_number":131,"line_number":2,"text":"ﭣ","translation":{"text":"And they said","language_name":"english","language_id":38},"transliteration":{"text":"waqālū","language_name":"english","language_id":38}},{"id":32171,"position":2,"audio_url":"wbw/006_029_002.mp3","qpc_uthmani_hafs":"إِنۡ","char_type_name":"word","page_number":131,"line_number":2,"text":"ﭤ","translation":{"text":"Not","language_name":"english","language_id":38},"transliteration":{"text":"in","language_name":"english","language_id":38}},{"id":32172,"position":3,"audio_url":"wbw/006_029_003.mp3","qpc_uthmani_hafs":"هِيَ","char_type_name":"word","page_number":131,"line_number":2,"text":"ﭥ","translation":{"text":"it (is)","language_name":"english","language_id":38},"transliteration":{"text":"hiya","language_name":"english","language_id":38}},{"id":32173,"position":4,"audio_url":"wbw/006_029_004.mp3","qpc_uthmani_hafs":"إِلَّا","char_type_name":"word","page_number":131,"line_number":2,"text":"ﭦ","translation":{"text":"except","language_name":"english","language_id":38},"transliteration":{"text":"illā","language_name":"english","language_id":38}},{"id":32174,"position":5,"audio_url":"wbw/006_029_005.mp3","qpc_uthmani_hafs":"حَيَاتُنَا","char_type_name":"word","page_number":131,"line_number":2,"text":"ﭧ","translation":{"text":"our life","language_name":"english","language_id":38},"transliteration":{"text":"ḥayātunā","language_name":"english","language_id":38}},{"id":32175,"position":6,"audio_url":"wbw/006_029_006.mp3","qpc_uthmani_hafs":"ٱلدُّنۡيَا","char_type_name":"word","page_number":131,"line_number":2,"text":"ﭨ","translation":{"text":"(of) the world","language_name":"english","language_id":38},"transliteration":{"text":"l-dun'yā","language_name":"english","language_id":38}},{"id":32176,"position":7,"audio_url":"wbw/006_029_007.mp3","qpc_uthmani_hafs":"وَمَا","char_type_name":"word","page_number":131,"line_number":2,"text":"ﭩ","translation":{"text":"and not","language_name":"english","language_id":38},"transliteration":{"text":"wamā","language_name":"english","language_id":38}},{"id":32177,"position":8,"audio_url":"wbw/006_029_008.mp3","qpc_uthmani_hafs":"نَحۡنُ","char_type_name":"word","page_number":131,"line_number":2,"text":"ﭪ","translation":{"text":"we","language_name":"english","language_id":38},"transliteration":{"text":"naḥnu","language_name":"english","language_id":38}},{"id":32178,"position":9,"audio_url":"wbw/006_029_009.mp3","qpc_uthmani_hafs":"بِمَبۡعُوثِينَ","char_type_name":"word","page_number":131,"line_number":3,"text":"ﭫ","translation":{"text":"(will be) resurrected","language_name":"english","language_id":38},"transliteration":{"text":"bimabʿūthīna","language_name":"english","language_id":38}},{"id":32179,"position":10,"audio_url":null,"qpc_uthmani_hafs":"٢٩","char_type_name":"end","page_number":131,"line_number":3,"text":"ﭬ","translation":{"text":"(29)","language_name":"english","language_id":38},"transliteration":{"text":null,"language_name":"english","language_id":38}}],"translations":[{"id":917247,"resource_id":134,"text":"Dan tentu mereka akan mengatakan (pula), \"Hidup hanyalah kehidupan kita di dunia ini saja, dan kita sekali-sekali tidak akan dibangkitkan<sup foot_note=210236>1</sup>\"."}]},{"id":819,"verse_number":30,"verse_key":"6:30","juz_number":7,"hizb_number":13,"rub_el_hizb_number":52,"ruku_number":104,"manzil_number":2,"sajdah_number":null,"text_uthmani":"وَلَوْ تَرَىٰٓ إِذْ وُقِفُوا۟ عَلَىٰ رَبِّهِمْ ۚ قَالَ أَلَيْسَ هَـٰذَا بِٱلْحَقِّ ۚ قَالُوا۟ بَلَىٰ وَرَبِّنَا ۚ قَالَ فَذُوقُوا۟ ٱلْعَذَابَ بِمَا كُنتُمْ تَكْفُرُونَ","page_number":131,"words":[{"id":33005,"position":1,"audio_url":"wbw/006_030_001.mp3","qpc_uthmani_hafs":"وَلَوۡ","char_type_name":"word","page_number":131,"line_number":3,"text":"ﭭ","translation":{"text":"And if","language_name":"english","language_id":38},"transliteration":{"text":"walaw","language_name":"english","language_id":38}},{"id":33006,"position":2,"audio_url":"wbw/006_030_002.mp3","qpc_uthmani_hafs":"تَرَىٰٓ","char_type_name":"word","page_number":131,"line_number":3,"text":"ﭮ","translation":{"text":"you (could) see","language_name":"english","language_id":38},"transliteration":{"text":"tarā","language_name":"english","language_id":38}},{"id":33007,"position":3,"audio_url":"wbw/006_030_003.mp3","qpc_uthmani_hafs":"إِذۡ","char_type_name":"word","page_number":131,"line_number":3,"text":"ﭯ","translation":{"text":"when","language_name":"english","language_id":38},"transliteration":{"text":"idh","language_name":"english","language_id":38}},{"id":33008,"position":4,"audio_url":"wbw/006_030_004.mp3","qpc_uthmani_hafs":"وُقِفُواْ","char_type_name":"word","page_number":131,"line_number":3,"text":"ﭰ","translation":{"text":"they will be made to stand","language_name":"english","language_id":38},"transliteration":{"text":"wuqifū","language_name":"english","language_id":38}},{"id":33009,"position":5,"audio_url":"wbw/006_030_005.mp3","qpc_uthmani_hafs":"عَلَىٰ","char_type_name":"word","page_number":131,"line_number":3,"text":"ﭱ","translation":{"text":"before","language_name":"english","language_id":38},"transliteration":{"text":"ʿalā","language_name":"english","language_id":38}},{"id":33010,"position":6,"audio_url":"wbw/006_030_006.mp3","qpc_uthmani_hafs":"رَبِّهِمۡۚ","char_type_name":"word","page_number":131,"line_number":3,"text":"ﭲﭳ","translation":{"text":"their Lord","language_name":"english","language_id":38},"transliteration":{"text":"rabbihim","language_name":"english","language_id":38}},{"id":33012,"position":7,"audio_url":"wbw/006_030_008.mp3","qpc_uthmani_hafs":"قَالَ","char_type_name":"word","page_number":131,"line_number":3,"text":"ﭴ","translation":{"text":"He (will) say","language_name":"english","language_id":38},"transliteration":{"text":"qāla","language_name":"english","language_id":38}},{"id":33013,"position":8,"audio_url":"wbw/006_030_009.mp3","qpc_uthmani_hafs":"أَلَيۡسَ","char_type_name":"word","page_number":131,"line_number":3,"text":"ﭵ","translation":{"text":"Is not","language_name":"english","language_id":38},"transliteration":{"text":"alaysa","language_name":"english","language_id":38}},{"id":33014,"position":9,"audio_url":"wbw/006_030_010.mp3","qpc_uthmani_hafs":"هَٰذَا","char_type_name":"word","page_number":131,"line_number":3,"text":"ﭶ","translation":{"text":"this","language_name":"english","language_id":38},"transliteration":{"text":"hādhā","language_name":"english","language_id":38}},{"id":33015,"position":10,"audio_url":"wbw/006_030_011.mp3","qpc_uthmani_hafs":"بِٱلۡحَقِّۚ","char_type_name":"word","page_number":131,"line_number":4,"text":"ﭷﭸ","translation":{"text":"the truth","language_name":"english","language_id":38},"transliteration":{"text":"bil-ḥaqi","language_name":"english","language_id":38}},{"id":33017,"position":11,"audio_url":"wbw/006_030_013.mp3","qpc_uthmani_hafs":"قَالُواْ","char_type_name":"word","page_number":131,"line_number":4,"text":"ﭹ","translation":{"text":"They will say","language_name":"english","language_id":38},"transliteration":{"text":"qālū","language_name":"english","language_id":38}},{"id":33018,"position":12,"audio_url":"wbw/006_030_014.mp3","qpc_uthmani_hafs":"بَلَىٰ","char_type_name":"word","page_number":131,"line_number":4,"text":"ﭺ","translation":{"text":"Yes","language_name":"english","language_id":38},"transliteration":{"text":"balā","language_name":"english","language_id":38}},{"id":33019,"position":13,"audio_url":"wbw/006_030_015.mp3","qpc_uthmani_hafs":"وَرَبِّنَاۚ","char_type_name":"word","page_number":131,"line_number":4,"text":"ﭻﭼ","translation":{"text":"by our Lord","language_name":"english","language_id":38},"transliteration":{"text":"warabbinā","language_name":"english","language_id":38}},{"id":33021,"position":14,"audio_url":"wbw/006_030_017.mp3","qpc_uthmani_hafs":"قَالَ","char_type_name":"word","page_number":131,"line_number":4,"text":"ﭽ","translation":{"text":"He (will) say","language_name":"english","language_id":38},"transliteration":{"text":"qāla","language_name":"english","language_id":38}},{"id":33022,"position":15,"audio_url":"wbw/006_030_018.mp3","qpc_uthmani_hafs":"فَذُوقُواْ","char_type_name":"word","page_number":131,"line_number":4,"text":"ﭾ","translation":{"text":"So taste","language_name":"english","language_id":38},"transliteration":{"text":"fadhūqū","language_name":"english","language_id":38}},{"id":33023,"position":16,"audio_url":"wbw/006_030_019.mp3","qpc_uthmani_hafs":"ٱلۡعَذَابَ","char_type_name":"word","page_number":131,"line_number":4,"text":"ﭿ","translation":{"text":"the punishment","language_name":"english","language_id":38},"transliteration":{"text":"l-ʿadhāba","language_name":"english","language_id":38}},{"id":33024,"position":17,"audio_url":"wbw/006_030_020.mp3","qpc_uthmani_hafs":"بِمَا","char_type_name":"word","page_number":131,"line_number":4,"text":"ﮀ","translation":{"text":"because","language_name":"english","language_id":38},"transliteration":{"text":"bimā","language_name":"english","language_id":38}},{"id":33025,"position":18,"audio_url":"wbw/006_030_021.mp3","qpc_uthmani_hafs":"كُنتُمۡ","char_type_name":"word","page_number":131,"line_number":4,"text":"ﮁ","translation":{"text":"you used to","language_name":"english","language_id":38},"transliteration":{"text":"kuntum","language_name":"english","language_id":38}},{"id":33026,"position":19,"audio_url":"wbw/006_030_022.mp3","qpc_uthmani_hafs":"تَكۡفُرُونَ","char_type_name":"word","page_number":131,"line_number":4,"text":"ﮂ","translation":{"text":"disbelieve","language_name":"english","language_id":38},"transliteration":{"text":"takfurūna","language_name":"english","language_id":38}},{"id":33027,"position":20,"audio_url":null,"qpc_uthmani_hafs":"٣٠","char_type_name":"end","page_number":131,"line_number":5,"text":"ﮃ","translation":{"text":"(30)","language_name":"english","language_id":38},"transliteration":{"text":null,"language_name":"english","language_id":38}}],"translations":[{"id":917248,"resource_id":134,"text":"Dan seandainya kamu melihat ketika mereka dihadapkan kepada Tuhan-nya (tentulah kamu melihat peristiwa yang mengharukan). Berfirman Allah, \"Bukankah (kebangkitan ini benar?\" Mereka menjawab, \"Sungguh benar, demi Tuhan kami\".  Berfirman Allah, \"Karena itu, rasakanlah azab ini disebabkan kamu mengingkari(nya)\"."}]},{"id":820,"verse_number":31,"verse_key":"6:31","juz_number":7,"hizb_number":13,"rub_el_hizb_number":52,"ruku_number":105,"manzil_number":2,"sajdah_number":null,"text_uthmani":"قَدْ خَسِرَ ٱلَّذِينَ كَذَّبُوا۟ بِلِقَآءِ ٱللَّهِ ۖ حَتَّىٰٓ إِذَا جَآءَتْهُمُ ٱلسَّاعَةُ بَغْتَةً قَالُوا۟ يَـٰحَسْرَتَنَا عَلَىٰ مَا فَرَّطْنَا فِيهَا وَهُمْ يَحْمِلُونَ أَوْزَارَهُمْ عَلَىٰ ظُهُورِهِمْ ۚ أَلَا سَآءَ مَا يَزِرُونَ","page_number":131,"words":[{"id":33929,"position":1,"audio_url":"wbw/006_031_001.mp3","qpc_uthmani_hafs":"قَدۡ","char_type_name":"word","page_number":131,"line_number":5,"text":"ﮄ","translation":{"text":"Indeed","language_name":"english","language_id":38},"transliteration":{"text":"qad","language_name":"english","language_id":38}},{"id":33930,"position":2,"audio_url":"wbw/006_031_002.mp3","qpc_uthmani_hafs":"خَسِرَ","char_type_name":"word","page_number":131,"line_number":5,"text":"ﮅ","translation":{"text":"incurred loss","language_name":"english","language_id":38},"transliteration":{"text":"khasira","language_name":"english","language_id":38}},{"id":33931,"position":3,"audio_url":"wbw/006_031_003.mp3","qpc_uthmani_hafs":"ٱلَّذِينَ","char_type_name":"word","page_number":131,"line_number":5,"text":"ﮆ","translation":{"text":"those who","language_name":"english","language_id":38},"transliteration":{"text":"alladhīna","language_name":"english","language_id":38}},{"id":33932,"position":4,"audio_url":"wbw/006_031_004.mp3","qpc_uthmani_hafs":"كَذَّبُواْ","char_type_name":"word","page_number":131,"line_number":5,"text":"ﮇ","translation":{"text":"denied","language_name":"english","language_id":38},"transliteration":{"text":"kadhabū","language_name":"english","language_id":38}},{"id":33933,"position":5,"audio_url":"wbw/006_031_005.mp3","qpc_uthmani_hafs":"بِلِقَآءِ","char_type_name":"word","page_number":131,"line_number":5,"text":"ﮈ","translation":{"text":"in (the) meeting","language_name":"english","language_id":38},"transliteration":{"text":"biliqāi","language_name":"english","language_id":38}},{"id":33934,"position":6,"audio_url":"wbw/006_031_006.mp3","qpc_uthmani_hafs":"ٱللَّهِۖ","char_type_name":"word","page_number":131,"line_number":5,"text":"ﮉﮊ","translation":{"text":"(with) Allah","language_name":"english","language_id":38},"transliteration":{"text":"l-lahi","language_name":"english","language_id":38}},{"id":33936,"position":7,"audio_url":"wbw/006_031_008.mp3","qpc_uthmani_hafs":"حَتَّىٰٓ","char_type_name":"word","page_number":131,"line_number":5,"text":"ﮋ","translation":{"text":"until","language_name":"english","language_id":38},"transliteration":{"text":"ḥattā","language_name":"english","language_id":38}},{"id":33937,"position":8,"audio_url":"wbw/006_031_009.mp3","qpc_uthmani_hafs":"إِذَا","char_type_name":"word","page_number":131,"line_number":5,"text":"ﮌ","translation":{"text":"when","language_name":"english","language_id":38},"transliteration":{"text":"idhā","language_name":"english","language_id":38}},{"id":33938,"position":9,"audio_url":"wbw/006_031_010.mp3","qpc_uthmani_hafs":"جَآءَتۡهُمُ","char_type_name":"word","page_number":131,"line_number":5,"text":"ﮍ","translation":{"text":"came to them","language_name":"english","language_id":38},"transliteration":{"text":"jāathumu","language_name":"english","language_id":38}},{"id":33939,"position":10,"audio_url":"wbw/006_031_011.mp3","qpc_uthmani_hafs":"ٱلسَّاعَةُ","char_type_name":"word","page_number":131,"line_number":5,"text":"ﮎ","translation":{"text":"the Hour","language_name":"english","language_id":38},"transliteration":{"text":"l-sāʿatu","language_name":"english","language_id":38}},{"id":33940,"position":11,"audio_url":"wbw/006_031_012.mp3","qpc_uthmani_hafs":"بَغۡتَةٗ","char_type_name":"word","page_number":131,"line_number":6,"text":"ﮏ","translation":{"text":"suddenly","language_name":"english","language_id":38},"transliteration":{"text":"baghtatan","language_name":"english","language_id":38}},{"id":33941,"position":12,"audio_url":"wbw/006_031_013.mp3","qpc_uthmani_hafs":"قَالُواْ","char_type_name":"word","page_number":131,"line_number":6,"text":"ﮐ","translation":{"text":"they said","language_name":"english","language_id":38},"transliteration":{"text":"qālū","language_name":"english","language_id":38}},{"id":33942,"position":13,"audio_url":"wbw/006_031_014.mp3","qpc_uthmani_hafs":"يَٰحَسۡرَتَنَا","char_type_name":"word","page_number":131,"line_number":6,"text":"ﮑ","translation":{"text":"Oh! Our regret","language_name":"english","language_id":38},"transliteration":{"text":"yāḥasratanā","language_name":"english","language_id":38}},{"id":33943,"position":14,"audio_url":"wbw/006_031_015.mp3","qpc_uthmani_hafs":"عَلَىٰ","char_type_name":"word","page_number":131,"line_number":6,"text":"ﮒ","translation":{"text":"over","language_name":"english","language_id":38},"transliteration":{"text":"ʿalā","language_name":"english","language_id":38}},{"id":33944,"position":15,"audio_url":"wbw/006_031_016.mp3","qpc_uthmani_hafs":"مَا","char_type_name":"word","page_number":131,"line_number":6,"text":"ﮓ","translation":{"text":"what","language_name":"english","language_id":38},"transliteration":{"text":"mā","language_name":"english","language_id":38}},{"id":33945,"position":16,"audio_url":"wbw/006_031_017.mp3","qpc_uthmani_hafs":"فَرَّطۡنَا","char_type_name":"word","page_number":131,"line_number":6,"text":"ﮔ","translation":{"text":"we neglected","language_name":"english","language_id":38},"transliteration":{"text":"farraṭnā","language_name":"english","language_id":38}},{"id":33946,"position":17,"audio_url":"wbw/006_031_018.mp3","qpc_uthmani_hafs":"فِيهَا","char_type_name":"word","page_number":131,"line_number":6,"text":"ﮕ","translation":{"text":"concerning it","language_name":"english","language_id":38},"transliteration":{"text":"fīhā","language_name":"english","language_id":38}},{"id":33947,"position":18,"audio_url":"wbw/006_031_019.mp3","qpc_uthmani_hafs":"وَهُمۡ","char_type_name":"word","page_number":131,"line_number":6,"text":"ﮖ","translation":{"text":"while they","language_name":"english","language_id":38},"transliteration":{"text":"wahum","language_name":"english","language_id":38}},{"id":33948,"position":19,"audio_url":"wbw/006_031_020.mp3","qpc_uthmani_hafs":"يَحۡمِلُونَ","char_type_name":"word","page_number":131,"line_number":6,"text":"ﮗ","translation":{"text":"will bear","language_name":"english","language_id":38},"transliteration":{"text":"yaḥmilūna","language_name":"english","language_id":38}},{"id":33949,"position":20,"audio_url":"wbw/006_031_021.mp3","qpc_uthmani_hafs":"أَوۡزَارَهُمۡ","char_type_name":"word","page_number":131,"line_number":6,"text":"ﮘ","translation":{"text":"their burdens","language_name":"english","language_id":38},"transliteration":{"text":"awzārahum","language_name":"english","language_id":38}},{"id":33950,"position":21,"audio_url":"wbw/006_031_022.mp3","qpc_uthmani_hafs":"عَلَىٰ","char_type_name":"word","page_number":131,"line_number":7,"text":"ﮙ","translation":{"text":"on","language_name":"english","language_id":38},"transliteration":{"text":"ʿalā","language_name":"english","language_id":38}},{"id":33951,"position":22,"audio_url":"wbw/006_031_023.mp3","qpc_uthmani_hafs":"ظُهُورِهِمۡۚ","char_type_name":"word","page_number":131,"line_number":7,"text":"ﮚﮛ","translation":{"text":"their backs","language_name":"english","language_id":38},"transliteration":{"text":"ẓuhūrihim","language_name":"english","language_id":38}},{"id":33953,"position":23,"audio_url":"wbw/006_031_025.mp3","qpc_uthmani_hafs":"أَلَا","char_type_name":"word","page_number":131,"line_number":7,"text":"ﮜ","translation":{"text":"Unquestionably","language_name":"english","language_id":38},"transliteration":{"text":"alā","language_name":"english","language_id":38}},{"id":33954,"position":24,"audio_url":"wbw/006_031_026.mp3","qpc_uthmani_hafs":"سَآءَ","char_type_name":"word","page_number":131,"line_number":7,"text":"ﮝ","translation":{"text":"Evil","language_name":"english","language_id":38},"transliteration":{"text":"sāa","language_name":"english","language_id":38}},{"id":33955,"position":25,"audio_url":"wbw/006_031_027.mp3","qpc_uthmani_hafs":"مَا","char_type_name":"word","page_number":131,"line_number":7,"text":"ﮞ","translation":{"text":"(is) what","language_name":"english","language_id":38},"transliteration":{"text":"mā","language_name":"english","language_id":38}},{"id":33956,"position":26,"audio_url":"wbw/006_031_028.mp3","qpc_uthmani_hafs":"يَزِرُونَ","char_type_name":"word","page_number":131,"line_number":7,"text":"ﮟ","translation":{"text":"they bear","language_name":"english","language_id":38},"transliteration":{"text":"yazirūna","language_name":"english","language_id":38}},{"id":33957,"position":27,"audio_url":null,"qpc_uthmani_hafs":"٣١","char_type_name":"end","page_number":131,"line_number":7,"text":"ﮠ","translation":{"text":"(31)","language_name":"english","language_id":38},"transliteration":{"text":null,"language_name":"english","language_id":38}}],"translations":[{"id":917249,"resource_id":134,"text":"Sungguh telah rugilah orang-orang yang mendustakan pertemuan mereka dengan Tuhan; sehingga apabila kiamat datang kepada mereka dengan tiba-tiba, mereka berkata, \"Alangkah besarnya penyesalan kami terhadap kelalaian kami tentang kiamat itu!\"  Sambil mereka memikul dosa-dosa di atas punggungnya.  Ingatlah, amatlah buruk apa yang mereka pikul itu."}]},{"id":821,"verse_number":32,"verse_key":"6:32","juz_number":7,"hizb_number":13,"rub_el_hizb_number":52,"ruku_number":105,"manzil_number":2,"sajdah_number":null,"text_uthmani":"وَمَا ٱلْحَيَوٰةُ ٱلدُّنْيَآ إِلَّا لَعِبٌ وَلَهْوٌ ۖ وَلَلدَّارُ ٱلْـَٔاخِرَةُ خَيْرٌ لِّلَّذِينَ يَتَّقُونَ ۗ أَفَلَا تَعْقِلُونَ","page_number":131,"words":[{"id":34872,"position":1,"audio_url":"wbw/006_032_001.mp3","qpc_uthmani_hafs":"وَمَا","char_type_name":"word","page_number":131,"line_number":7,"text":"ﮡ","translation":{"text":"And not","language_name":"english","language_id":38},"transliteration":{"text":"wamā","language_name":"english","language_id":38}},{"id":34873,"position":2,"audio_url":"wbw/006_032_002.mp3","qpc_uthmani_hafs":"ٱلۡحَيَوٰةُ","char_type_name":"word","page_number":131,"line_number":7,"text":"ﮢ","translation":{"text":"(is) the life","language_name":"english","language_id":38},"transliteration":{"text":"l-ḥayatu","language_name":"english","language_id":38}},{"id":34874,"position":3,"audio_url":"wbw/006_032_003.mp3","qpc_uthmani_hafs":"ٱلدُّنۡيَآ","char_type_name":"word","page_number":131,"line_number":7,"text":"ﮣ","translation":{"text":"(of) the world","language_name":"english","language_id":38},"transliteration":{"text":"l-dun'yā","language_name":"english","language_id":38}},{"id":34875,"position":4,"audio_url":"wbw/006_032_004.mp3","qpc_uthmani_hafs":"إِلَّا","char_type_name":"word","page_number":131,"line_number":7,"text":"ﮤ","translation":{"text":"except","language_name":"english","language_id":38},"transliteration":{"text":"illā","language_name":"english","language_id":38}},{"id":34876,"position":5,"audio_url":"wbw/006_032_005.mp3","qpc_uthmani_hafs":"لَعِبٞ","char_type_name":"word","page_number":131,"line_number":8,"text":"ﮥ","translation":{"text":"a play","language_name":"english","language_id":38},"transliteration":{"text":"laʿibun","language_name":"english","language_id":38}},{"id":34877,"position":6,"audio_url":"wbw/006_032_006.mp3","qpc_uthmani_hafs":"وَلَهۡوٞۖ","char_type_name":"word","page_number":131,"line_number":8,"text":"ﮦﮧ","translation":{"text":"and amusement","language_name":"english","language_id":38},"transliteration":{"text":"walahwun","language_name":"english","language_id":38}},{"id":34879,"position":7,"audio_url":"wbw/006_032_008.mp3","qpc_uthmani_hafs":"وَلَلدَّارُ","char_type_name":"word","page_number":131,"line_number":8,"text":"ﮨ","translation":{"text":"but the home","language_name":"english","language_id":38},"transliteration":{"text":"walalddāru","language_name":"english","language_id":38}},{"id":34880,"position":8,"audio_url":"wbw/006_032_009.mp3","qpc_uthmani_hafs":"ٱلۡأٓخِرَةُ","char_type_name":"word","page_number":131,"line_number":8,"text":"ﮩ","translation":{"text":"(of) the Hereafter","language_name":"english","language_id":38},"transliteration":{"text":"l-ākhiratu","language_name":"english","language_id":38}},{"id":34881,"position":9,"audio_url":"wbw/006_032_010.mp3","qpc_uthmani_hafs":"خَيۡرٞ","char_type_name":"word","page_number":131,"line_number":8,"text":"ﮪ","translation":{"text":"(is) best","language_name":"english","language_id":38},"transliteration":{"text":"khayrun","language_name":"english","language_id":38}},{"id":34882,"position":10,"audio_url":"wbw/006_032_011.mp3","qpc_uthmani_hafs":"لِّلَّذِينَ","char_type_name":"word","page_number":131,"line_number":8,"text":"ﮫ","translation":{"text":"for those who","language_name":"english","language_id":38},"transliteration":{"text":"lilladhīna","language_name":"english","language_id":38}},{"id":34883,"position":11,"audio_url":"wbw/006_032_012.mp3","qpc_uthmani_hafs":"يَتَّقُونَۚ","char_type_name":"word","page_number":131,"line_number":8,"text":"ﮬﮭ","translation":{"text":"(are) God conscious","language_name":"english","language_id":38},"transliteration":{"text":"yattaqūna","language_name":"english","language_id":38}},{"id":34885,"position":12,"audio_url":"wbw/006_032_014.mp3","qpc_uthmani_hafs":"أَفَلَا","char_type_name":"word","page_number":131,"line_number":8,"text":"ﮮ","translation":{"text":"Then not","language_name":"english","language_id":38},"transliteration":{"text":"afalā","language_name":"english","language_id":38}},{"id":34886,"position":13,"audio_url":"wbw/006_032_015.mp3","qpc_uthmani_hafs":"تَعۡقِلُونَ","char_type_name":"word","page_number":131,"line_number":8,"text":"ﮯ","translation":{"text":"(will) you reason","language_name":"english","language_id":38},"transliteration":{"text":"taʿqilūna","language_name":"english","language_id":38}},{"id":34887,"position":14,"audio_url":null,"qpc_uthmani_hafs":"٣٢","char_type_name":"end","page_number":131,"line_number":9,"text":"ﮰ","translation":{"text":"(32)","language_name":"english","language_id":38},"transliteration":{"text":null,"language_name":"english","language_id":38}}],"translations":[{"id":917250,"resource_id":134,"text":"Dan tiadalah kehidupan dunia ini, selain dari main-main dan senda gurau belaka<sup foot_note=210237>1</sup>.  Dan sungguh kampung akhirat itu lebih baik bagi orang-orang yang bertakwa.  Maka tidakkah kamu memahaminya?"}]},{"id":822,"verse_number":33,"verse_key":"6:33","juz_number":7,"hizb_number":13,"rub_el_hizb_number":52,"ruku_number":105,"manzil_number":2,"sajdah_number":null,"text_uthmani":"قَدْ نَعْلَمُ إِنَّهُۥ لَيَحْزُنُكَ ٱلَّذِى يَقُولُونَ ۖ فَإِنَّهُمْ لَا يُكَذِّبُونَكَ وَلَـٰكِنَّ ٱلظَّـٰلِمِينَ بِـَٔايَـٰتِ ٱللَّهِ يَجْحَدُونَ","page_number":131,"words":[{"id":35668,"position":1,"audio_url":"wbw/006_033_001.mp3","qpc_uthmani_hafs":"قَدۡ","char_type_name":"word","page_number":131,"line_number":9,"text":"ﮱ","translation":{"text":"Indeed","language_name":"english","language_id":38},"transliteration":{"text":"qad","language_name":"english","language_id":38}},{"id":35669,"position":2,"audio_url":"wbw/006_033_002.mp3","qpc_uthmani_hafs":"نَعۡلَمُ","char_type_name":"word","page_number":131,"line_number":9,"text":"ﯓ","translation":{"text":"We know","language_name":"english","language_id":38},"transliteration":{"text":"naʿlamu","language_name":"english","language_id":38}},{"id":35670,"position":3,"audio_url":"wbw/006_033_003.mp3","qpc_uthmani_hafs":"إِنَّهُۥ","char_type_name":"word","page_number":131,"line_number":9,"text":"ﯔ","translation":{"text":"that it","language_name":"english","language_id":38},"transliteration":{"text":"innahu","language_name":"english","language_id":38}},{"id":35671,"position":4,"audio_url":"wbw/006_033_004.mp3","qpc_uthmani_hafs":"لَيَحۡزُنُكَ","char_type_name":"word","page_number":131,"line_number":9,"text":"ﯕ","translation":{"text":"grieves you","language_name":"english","language_id":38},"transliteration":{"text":"layaḥzunuka","language_name":"english","language_id":38}},{"id":35672,"position":5,"audio_url":"wbw/006_033_005.mp3","qpc_uthmani_hafs":"ٱلَّذِي","char_type_name":"word","page_number":131,"line_number":9,"text":"ﯖ","translation":{"text":"what","language_name":"english","language_id":38},"transliteration":{"text":"alladhī","language_name":"english","language_id":38}},{"id":35673,"position":6,"audio_url":"wbw/006_033_006.mp3","qpc_uthmani_hafs":"يَقُولُونَۖ","char_type_name":"word","page_number":131,"line_number":9,"text":"ﯗﯘ","translation":{"text":"they say","language_name":"english","language_id":38},"transliteration":{"text":"yaqūlūna","language_name":"english","language_id":38}},{"id":35675,"position":7,"audio_url":"wbw/006_033_008.mp3","qpc_uthmani_hafs":"فَإِنَّهُمۡ","char_type_name":"word","page_number":131,"line_number":9,"text":"ﯙ","translation":{"text":"And indeed, they","language_name":"english","language_id":38},"transliteration":{"text":"fa-innahum","language_name":"english","language_id":38}},{"id":35676,"position":8,"audio_url":"wbw/006_033_009.mp3","qpc_uthmani_hafs":"لَا","char_type_name":"word","page_number":131,"line_number":9,"text":"ﯚ","translation":{"text":"(do) not","language_name":"english","language_id":38},"transliteration":{"text":"lā","language_name":"english","language_id":38}},{"id":35677,"position":9,"audio_url":"wbw/006_033_010.mp3","qpc_uthmani_hafs":"يُكَذِّبُونَكَ","char_type_name":"word","page_number":131,"line_number":9,"text":"ﯛ","translation":{"text":"deny you","language_name":"english","language_id":38},"transliteration":{"text":"yukadhibūnaka","language_name":"english","language_id":38}},{"id":35678,"position":10,"audio_url":"wbw/006_033_011.mp3","qpc_uthmani_hafs":"وَلَٰكِنَّ","char_type_name":"word","page_number":131,"line_number":10,"text":"ﯜ","translation":{"text":"but","language_name":"english","language_id":38},"transliteration":{"text":"walākinna","language_name":"english","language_id":38}},{"id":35679,"position":11,"audio_url":"wbw/006_033_012.mp3","qpc_uthmani_hafs":"ٱلظَّٰلِمِينَ","char_type_name":"word","page_number":131,"line_number":10,"text":"ﯝ","translation":{"text":"the wrongdoers ","language_name":"english","language_id":38},"transliteration":{"text":"l-ẓālimīna","language_name":"english","language_id":38}},{"id":35680,"position":12,"audio_url":"wbw/006_033_013.mp3","qpc_uthmani_hafs":"بِـَٔايَٰتِ","char_type_name":"word","page_number":131,"line_number":10,"text":"ﯞ","translation":{"text":"the Verses","language_name":"english","language_id":38},"transliteration":{"text":"biāyāti","language_name":"english","language_id":38}},{"id":35681,"position":13,"audio_url":"wbw/006_033_014.mp3","qpc_uthmani_hafs":"ٱللَّهِ","char_type_name":"word","page_number":131,"line_number":10,"text":"ﯟ","translation":{"text":"(of) Allah","language_name":"english","language_id":38},"transliteration":{"text":"l-lahi","language_name":"english","language_id":38}},{"id":35682,"position":14,"audio_url":"wbw/006_033_015.mp3","qpc_uthmani_hafs":"يَجۡحَدُونَ","char_type_name":"word","page_number":131,"line_number":10,"text":"ﯠ","translation":{"text":"they reject","language_name":"english","language_id":38},"transliteration":{"text":"yajḥadūna","language_name":"english","language_id":38}},{"id":35683,"position":15,"audio_url":null,"qpc_uthmani_hafs":"٣٣","char_type_name":"end","page_number":131,"line_number":10,"text":"ﯡ","translation":{"text":"(33)","language_name":"english","language_id":38},"transliteration":{"text":null,"language_name":"english","language_id":38}}],"translations":[{"id":917251,"resource_id":134,"text":"Sesungguhnya Kami mengetahui bahwasanya apa yang mereka katakan itu menyedihkan hatimu, (janganlah kamu bersedih hati), karena mereka sebenarnya bukan mendustakan kamu, akan tetapi orang-orang yang zalim itu mengingkari ayat-ayat Allah<sup foot_note=210238>1</sup>."}]},{"id":823,"verse_number":34,"verse_key":"6:34","juz_number":7,"hizb_number":13,"rub_el_hizb_number":52,"ruku_number":105,"manzil_number":2,"sajdah_number":null,"text_uthmani":"وَلَقَدْ كُذِّبَتْ رُسُلٌ مِّن قَبْلِكَ فَصَبَرُوا۟ عَلَىٰ مَا كُذِّبُوا۟ وَأُوذُوا۟ حَتَّىٰٓ أَتَىٰهُمْ نَصْرُنَا ۚ وَلَا مُبَدِّلَ لِكَلِمَـٰتِ ٱللَّهِ ۚ وَلَقَدْ جَآءَكَ مِن نَّبَإِى۟ ٱلْمُرْسَلِينَ","page_number":131,"words":[{"id":36617,"position":1,"audio_url":"wbw/006_034_001.mp3","qpc_uthmani_hafs":"وَلَقَدۡ","char_type_name":"word","page_number":131,"line_number":10,"text":"ﯢ","translation":{"text":"And surely","language_name":"english","language_id":38},"transliteration":{"text":"walaqad","language_name":"english","language_id":38}},{"id":36618,"position":2,"audio_url":"wbw/006_034_002.mp3","qpc_uthmani_hafs":"كُذِّبَتۡ","char_type_name":"word","page_number":131,"line_number":10,"text":"ﯣ","translation":{"text":"were rejected","language_name":"english","language_id":38},"transliteration":{"text":"kudhibat","language_name":"english","language_id":38}},{"id":36619,"position":3,"audio_url":"wbw/006_034_003.mp3","qpc_uthmani_hafs":"رُسُلٞ","char_type_name":"word","page_number":131,"line_number":11,"text":"ﯤ","translation":{"text":"Messengers","language_name":"english","language_id":38},"transliteration":{"text":"rusulun","language_name":"english","language_id":38}},{"id":36620,"position":4,"audio_url":"wbw/006_034_004.mp3","qpc_uthmani_hafs":"مِّن","char_type_name":"word","page_number":131,"line_number":11,"text":"ﯥ","translation":{"text":"from","language_name":"english","language_id":38},"transliteration":{"text":"min","language_name":"english","language_id":38}},{"id":36621,"position":5,"audio_url":"wbw/006_034_005.mp3","qpc_uthmani_hafs":"قَبۡلِكَ","char_type_name":"word","page_number":131,"line_number":11,"text":"ﯦ","translation":{"text":"before you","language_name":"english","language_id":38},"transliteration":{"text":"qablika","language_name":"english","language_id":38}},{"id":36622,"position":6,"audio_url":"wbw/006_034_006.mp3","qpc_uthmani_hafs":"فَصَبَرُواْ","char_type_name":"word","page_number":131,"line_number":11,"text":"ﯧ","translation":{"text":"but they were patient","language_name":"english","language_id":38},"transliteration":{"text":"faṣabarū","language_name":"english","language_id":38}},{"id":36623,"position":7,"audio_url":"wbw/006_034_007.mp3","qpc_uthmani_hafs":"عَلَىٰ","char_type_name":"word","page_number":131,"line_number":11,"text":"ﯨ","translation":{"text":"over","language_name":"english","language_id":38},"transliteration":{"text":"ʿalā","language_name":"english","language_id":38}},{"id":36624,"position":8,"audio_url":"wbw/006_034_008.mp3","qpc_uthmani_hafs":"مَا","char_type_name":"word","page_number":131,"line_number":11,"text":"ﯩ","translation":{"text":"what","language_name":"english","language_id":38},"transliteration":{"text":"mā","language_name":"english","language_id":38}},{"id":36625,"position":9,"audio_url":"wbw/006_034_009.mp3","qpc_uthmani_hafs":"كُذِّبُواْ","char_type_name":"word","page_number":131,"line_number":11,"text":"ﯪ","translation":{"text":"they were rejected","language_name":"english","language_id":38},"transliteration":{"text":"kudhibū","language_name":"english","language_id":38}},{"id":36626,"position":10,"audio_url":"wbw/006_034_010.mp3","qpc_uthmani_hafs":"وَأُوذُواْ","char_type_name":"word","page_number":131,"line_number":11,"text":"ﯫ","translation":{"text":"and they were harmed","language_name":"english","language_id":38},"transliteration":{"text":"waūdhū","language_name":"english","language_id":38}},{"id":36627,"position":11,"audio_url":"wbw/006_034_011.mp3","qpc_uthmani_hafs":"حَتَّىٰٓ","char_type_name":"word","page_number":131,"line_number":11,"text":"ﯬ","translation":{"text":"until","language_name":"english","language_id":38},"transliteration":{"text":"ḥattā","language_name":"english","language_id":38}},{"id":36628,"position":12,"audio_url":"wbw/006_034_012.mp3","qpc_uthmani_hafs":"أَتَىٰهُمۡ","char_type_name":"word","page_number":131,"line_number":11,"text":"ﯭ","translation":{"text":"came to them","language_name":"english","language_id":38},"transliteration":{"text":"atāhum","language_name":"english","language_id":38}},{"id":36629,"position":13,"audio_url":"wbw/006_034_013.mp3","qpc_uthmani_hafs":"نَصۡرُنَاۚ","char_type_name":"word","page_number":131,"line_number":11,"text":"ﯮﯯ","translation":{"text":"Our help","language_name":"english","language_id":38},"transliteration":{"text":"naṣrunā","language_name":"english","language_id":38}},{"id":36631,"position":14,"audio_url":"wbw/006_034_015.mp3","qpc_uthmani_hafs":"وَلَا","char_type_name":"word","page_number":131,"line_number":12,"text":"ﯰ","translation":{"text":"And no","language_name":"english","language_id":38},"transliteration":{"text":"walā","language_name":"english","language_id":38}},{"id":36632,"position":15,"audio_url":"wbw/006_034_016.mp3","qpc_uthmani_hafs":"مُبَدِّلَ","char_type_name":"word","page_number":131,"line_number":12,"text":"ﯱ","translation":{"text":"one (can) alter","language_name":"english","language_id":38},"transliteration":{"text":"mubaddila","language_name":"english","language_id":38}},{"id":36633,"position":16,"audio_url":"wbw/006_034_017.mp3","qpc_uthmani_hafs":"لِكَلِمَٰتِ","char_type_name":"word","page_number":131,"line_number":12,"text":"ﯲ","translation":{"text":"(the) words","language_name":"english","language_id":38},"transliteration":{"text":"likalimāti","language_name":"english","language_id":38}},{"id":36634,"position":17,"audio_url":"wbw/006_034_018.mp3","qpc_uthmani_hafs":"ٱللَّهِۚ","char_type_name":"word","page_number":131,"line_number":12,"text":"ﯳﯴ","translation":{"text":"(of) Allah","language_name":"english","language_id":38},"transliteration":{"text":"l-lahi","language_name":"english","language_id":38}},{"id":36636,"position":18,"audio_url":"wbw/006_034_020.mp3","qpc_uthmani_hafs":"وَلَقَدۡ","char_type_name":"word","page_number":131,"line_number":12,"text":"ﯵ","translation":{"text":"and surely","language_name":"english","language_id":38},"transliteration":{"text":"walaqad","language_name":"english","language_id":38}},{"id":36637,"position":19,"audio_url":"wbw/006_034_021.mp3","qpc_uthmani_hafs":"جَآءَكَ","char_type_name":"word","page_number":131,"line_number":12,"text":"ﯶ","translation":{"text":"has come to you","language_name":"english","language_id":38},"transliteration":{"text":"jāaka","language_name":"english","language_id":38}},{"id":36638,"position":20,"audio_url":"wbw/006_034_022.mp3","qpc_uthmani_hafs":"مِن","char_type_name":"word","page_number":131,"line_number":12,"text":"ﯷ","translation":{"text":"of","language_name":"english","language_id":38},"transliteration":{"text":"min","language_name":"english","language_id":38}},{"id":36639,"position":21,"audio_url":"wbw/006_034_023.mp3","qpc_uthmani_hafs":"نَّبَإِيْ","char_type_name":"word","page_number":131,"line_number":12,"text":"ﯸ","translation":{"text":"(the) news","language_name":"english","language_id":38},"transliteration":{"text":"naba-i","language_name":"english","language_id":38}},{"id":36640,"position":22,"audio_url":"wbw/006_034_024.mp3","qpc_uthmani_hafs":"ٱلۡمُرۡسَلِينَ","char_type_name":"word","page_number":131,"line_number":12,"text":"ﯹ","translation":{"text":"(of) the Messengers","language_name":"english","language_id":38},"transliteration":{"text":"l-mur'salīna","language_name":"english","language_id":38}},{"id":36641,"position":23,"audio_url":null,"qpc_uthmani_hafs":"٣٤","char_type_name":"end","page_number":131,"line_number":13,"text":"ﯺ","translation":{"text":"(34)","language_name":"english","language_id":38},"transliteration":{"text":null,"language_name":"english","language_id":38}}],"translations":[{"id":917252,"resource_id":134,"text":"Dan sesungguhnya telah didustakan (pula) rasul-rasul sebelum kamu, akan tetapi mereka sabar terhadap pendustaan dan penganiayaan (yang dilakukan) terhadap mereka, sampai datang pertolongan Kami kepada mereka.  Tak ada seorang pun yang dapat mengubah kalimat-kalimat (janji-janji) Allah.  Dan sesungguhnya telah datang kepadamu sebagian dari berita rasul-rasul itu."}]},{"id":824,"verse_number":35,"verse_key":"6:35","juz_number":7,"hizb_number":13,"rub_el_hizb_number":52,"ruku_number":105,"manzil_number":2,"sajdah_number":null,"text_uthmani":"وَإِن كَانَ كَبُرَ عَلَيْكَ إِعْرَاضُهُمْ فَإِنِ ٱسْتَطَعْتَ أَن تَبْتَغِىَ نَفَقًا فِى ٱلْأَرْضِ أَوْ سُلَّمًا فِى ٱلسَّمَآءِ فَتَأْتِيَهُم بِـَٔايَةٍ ۚ وَلَوْ شَآءَ ٱللَّهُ لَجَمَعَهُمْ عَلَى ٱلْهُدَىٰ ۚ فَلَا تَكُونَنَّ مِنَ ٱلْجَـٰهِلِينَ","page_number":131,"words":[{"id":37477,"position":1,"audio_url":"wbw/006_035_001.mp3","qpc_uthmani_hafs":"وَإِن","char_type_name":"word","page_number":131,"line_number":13,"text":"ﯻ","translation":{"text":"And if","language_name":"english","language_id":38},"transliteration":{"text":"wa-in","language_name":"english","language_id":38}},{"id":37478,"position":2,"audio_url":"wbw/006_035_002.mp3","qpc_uthmani_hafs":"كَانَ","char_type_name":"word","page_number":131,"line_number":13,"text":"ﯼ","translation":{"text":"is","language_name":"english","language_id":38},"transliteration":{"text":"kāna","language_name":"english","language_id":38}},{"id":37479,"position":3,"audio_url":"wbw/006_035_003.mp3","qpc_uthmani_hafs":"كَبُرَ","char_type_name":"word","page_number":131,"line_number":13,"text":"ﯽ","translation":{"text":"difficult","language_name":"english","language_id":38},"transliteration":{"text":"kabura","language_name":"english","language_id":38}},{"id":37480,"position":4,"audio_url":"wbw/006_035_004.mp3","qpc_uthmani_hafs":"عَلَيۡكَ","char_type_name":"word","page_number":131,"line_number":13,"text":"ﯾ","translation":{"text":"for you","language_name":"english","language_id":38},"transliteration":{"text":"ʿalayka","language_name":"english","language_id":38}},{"id":37481,"position":5,"audio_url":"wbw/006_035_005.mp3","qpc_uthmani_hafs":"إِعۡرَاضُهُمۡ","char_type_name":"word","page_number":131,"line_number":13,"text":"ﯿ","translation":{"text":"their aversion","language_name":"english","language_id":38},"transliteration":{"text":"iʿ'rāḍuhum","language_name":"english","language_id":38}},{"id":37482,"position":6,"audio_url":"wbw/006_035_006.mp3","qpc_uthmani_hafs":"فَإِنِ","char_type_name":"word","page_number":131,"line_number":13,"text":"ﰀ","translation":{"text":"then if","language_name":"english","language_id":38},"transliteration":{"text":"fa-ini","language_name":"english","language_id":38}},{"id":37483,"position":7,"audio_url":"wbw/006_035_007.mp3","qpc_uthmani_hafs":"ٱسۡتَطَعۡتَ","char_type_name":"word","page_number":131,"line_number":13,"text":"ﰁ","translation":{"text":"you are able","language_name":"english","language_id":38},"transliteration":{"text":"is'taṭaʿta","language_name":"english","language_id":38}},{"id":37484,"position":8,"audio_url":"wbw/006_035_008.mp3","qpc_uthmani_hafs":"أَن","char_type_name":"word","page_number":131,"line_number":13,"text":"ﰂ","translation":{"text":"to","language_name":"english","language_id":38},"transliteration":{"text":"an","language_name":"english","language_id":38}},{"id":37485,"position":9,"audio_url":"wbw/006_035_009.mp3","qpc_uthmani_hafs":"تَبۡتَغِيَ","char_type_name":"word","page_number":131,"line_number":13,"text":"ﰃ","translation":{"text":"seek","language_name":"english","language_id":38},"transliteration":{"text":"tabtaghiya","language_name":"english","language_id":38}},{"id":37486,"position":10,"audio_url":"wbw/006_035_010.mp3","qpc_uthmani_hafs":"نَفَقٗا","char_type_name":"word","page_number":131,"line_number":14,"text":"ﰄ","translation":{"text":"a tunnel","language_name":"english","language_id":38},"transliteration":{"text":"nafaqan","language_name":"english","language_id":38}},{"id":37487,"position":11,"audio_url":"wbw/006_035_011.mp3","qpc_uthmani_hafs":"فِي","char_type_name":"word","page_number":131,"line_number":14,"text":"ﰅ","translation":{"text":"in","language_name":"english","language_id":38},"transliteration":{"text":"fī","language_name":"english","language_id":38}},{"id":37488,"position":12,"audio_url":"wbw/006_035_012.mp3","qpc_uthmani_hafs":"ٱلۡأَرۡضِ","char_type_name":"word","page_number":131,"line_number":14,"text":"ﰆ","translation":{"text":"the earth","language_name":"english","language_id":38},"transliteration":{"text":"l-arḍi","language_name":"english","language_id":38}},{"id":37489,"position":13,"audio_url":"wbw/006_035_013.mp3","qpc_uthmani_hafs":"أَوۡ","char_type_name":"word","page_number":131,"line_number":14,"text":"ﰇ","translation":{"text":"or","language_name":"english","language_id":38},"transliteration":{"text":"aw","language_name":"english","language_id":38}},{"id":37490,"position":14,"audio_url":"wbw/006_035_014.mp3","qpc_uthmani_hafs":"سُلَّمٗا","char_type_name":"word","page_number":131,"line_number":14,"text":"ﰈ","translation":{"text":"a ladder","language_name":"english","language_id":38},"transliteration":{"text":"sullaman","language_name":"english","language_id":38}},{"id":37491,"position":15,"audio_url":"wbw/006_035_015.mp3","qpc_uthmani_hafs":"فِي","char_type_name":"word","page_number":131,"line_number":14,"text":"ﰉ","translation":{"text":"into","language_name":"english","language_id":38},"transliteration":{"text":"fī","language_name":"english","language_id":38}},{"id":37492,"position":16,"audio_url":"wbw/006_035_016.mp3","qpc_uthmani_hafs":"ٱلسَّمَآءِ","char_type_name":"word","page_number":131,"line_number":14,"text":"ﰊ","translation":{"text":"the sky","language_name":"english","language_id":38},"transliteration":{"text":"l-samāi","language_name":"english","language_id":38}},{"id":37493,"position":17,"audio_url":"wbw/006_035_017.mp3","qpc_uthmani_hafs":"فَتَأۡتِيَهُم","char_type_name":"word","page_number":131,"line_number":14,"text":"ﰋ","translation":{"text":"so that you bring to them","language_name":"english","language_id":38},"transliteration":{"text":"fatatiyahum","language_name":"english","language_id":38}},{"id":37494,"position":18,"audio_url":"wbw/006_035_018.mp3","qpc_uthmani_hafs":"بِـَٔايَةٖۚ","char_type_name":"word","page_number":131,"line_number":14,"text":"ﰌﰍ","translation":{"text":"a Sign","language_name":"english","language_id":38},"transliteration":{"text":"biāyatin","language_name":"english","language_id":38}},{"id":37496,"position":19,"audio_url":"wbw/006_035_020.mp3","qpc_uthmani_hafs":"وَلَوۡ","char_type_name":"word","page_number":131,"line_number":14,"text":"ﰎ","translation":{"text":"But if","language_name":"english","language_id":38},"transliteration":{"text":"walaw","language_name":"english","language_id":38}},{"id":37497,"position":20,"audio_url":"wbw/006_035_021.mp3","qpc_uthmani_hafs":"شَآءَ","char_type_name":"word","page_number":131,"line_number":14,"text":"ﰏ","translation":{"text":"(had) willed","language_name":"english","language_id":38},"transliteration":{"text":"shāa","language_name":"english","language_id":38}},{"id":37498,"position":21,"audio_url":"wbw/006_035_022.mp3","qpc_uthmani_hafs":"ٱللَّهُ","char_type_name":"word","page_number":131,"line_number":15,"text":"ﰐ","translation":{"text":"Allah","language_name":"english","language_id":38},"transliteration":{"text":"l-lahu","language_name":"english","language_id":38}},{"id":37499,"position":22,"audio_url":"wbw/006_035_023.mp3","qpc_uthmani_hafs":"لَجَمَعَهُمۡ","char_type_name":"word","page_number":131,"line_number":15,"text":"ﰑ","translation":{"text":"surely He (would) have gathered them","language_name":"english","language_id":38},"transliteration":{"text":"lajamaʿahum","language_name":"english","language_id":38}},{"id":37500,"position":23,"audio_url":"wbw/006_035_024.mp3","qpc_uthmani_hafs":"عَلَى","char_type_name":"word","page_number":131,"line_number":15,"text":"ﰒ","translation":{"text":"on","language_name":"english","language_id":38},"transliteration":{"text":"ʿalā","language_name":"english","language_id":38}},{"id":37501,"position":24,"audio_url":"wbw/006_035_025.mp3","qpc_uthmani_hafs":"ٱلۡهُدَىٰۚ","char_type_name":"word","page_number":131,"line_number":15,"text":"ﰓﰔ","translation":{"text":"the guidance","language_name":"english","language_id":38},"transliteration":{"text":"l-hudā","language_name":"english","language_id":38}},{"id":37503,"position":25,"audio_url":"wbw/006_035_027.mp3","qpc_uthmani_hafs":"فَلَا","char_type_name":"word","page_number":131,"line_number":15,"text":"ﰕ","translation":{"text":"So (do) not","language_name":"english","language_id":38},"transliteration":{"text":"falā","language_name":"english","language_id":38}},{"id":37504,"position":26,"audio_url":"wbw/006_035_028.mp3","qpc_uthmani_hafs":"تَكُونَنَّ","char_type_name":"word","page_number":131,"line_number":15,"text":"ﰖ","translation":{"text":"be","language_name":"english","language_id":38},"transliteration":{"text":"takūnanna","language_name":"english","language_id":38}},{"id":37505,"position":27,"audio_url":"wbw/006_035_029.mp3","qpc_uthmani_hafs":"مِنَ","char_type_name":"word","page_number":131,"line_number":15,"text":"ﰗ","translation":{"text":"of","language_name":"english","language_id":38},"transliteration":{"text":"mina","language_name":"english","language_id":38}},{"id":37506,"position":28,"audio_url":"wbw/006_035_030.mp3","qpc_uthmani_hafs":"ٱلۡجَٰهِلِينَ","char_type_name":"word","page_number":131,"line_number":15,"text":"ﰘ","translation":{"text":"the ignorant","language_name":"english","language_id":38},"transliteration":{"text":"l-jāhilīna","language_name":"english","language_id":38}},{"id":37507,"position":29,"audio_url":null,"qpc_uthmani_hafs":"٣٥","char_type_name":"end","page_number":131,"line_number":15,"text":"ﰙ","translation":{"text":"(35)","language_name":"english","language_id":38},"transliteration":{"text":null,"language_name":"english","language_id":38}}],"translations":[{"id":917253,"resource_id":134,"text":"Dan jika pembangkangan mereka (darimu) terasa amat berat bagimu, maka jika kamu dapat membuat lubang di bumi atau tangga ke langit, lalu kamu dapat mendatangkan mukjizat kepada mereka, (maka buatlah)<sup foot_note=210239>1</sup>.  Kalau Allah menghendaki, tentu saja Allah menjadikan mereka semua dalam petunjuk, sebab itu janganlah sekali-kali kamu termasuk orang-orang yang jahil."}]}],"pagination":{"per_page":50,"current_page":1,"next_page":null,"total_pages":1,"total_records":8}}