{"verses":[{"id":825,"verse_number":36,"verse_key":"6:36","juz_number":7,"hizb_number":14,"rub_el_hizb_number":53,"ruku_number":105,"manzil_number":2,"sajdah_number":null,"text_uthmani":"۞ إِنَّمَا يَسْتَجِيبُ ٱلَّذِينَ يَسْمَعُونَ ۘ وَٱلْمَوْتَىٰ يَبْعَثُهُمُ ٱللَّهُ ثُمَّ إِلَيْهِ يُرْجَعُونَ","page_number":132,"words":[{"id":38369,"position":1,"audio_url":"wbw/006_036_002.mp3","qpc_uthmani_hafs":"۞ إِنَّمَا","char_type_name":"word","page_number":132,"line_number":1,"text":"ﭑ ﭒ","translation":{"text":"Only","language_name":"english","language_id":38},"transliteration":{"text":"innamā","language_name":"english","language_id":38}},{"id":38370,"position":2,"audio_url":"wbw/006_036_003.mp3","qpc_uthmani_hafs":"يَسۡتَجِيبُ","char_type_name":"word","page_number":132,"line_number":1,"text":"ﭓ","translation":{"text":"respond","language_name":"english","language_id":38},"transliteration":{"text":"yastajību","language_name":"english","language_id":38}},{"id":38371,"position":3,"audio_url":"wbw/006_036_004.mp3","qpc_uthmani_hafs":"ٱلَّذِينَ","char_type_name":"word","page_number":132,"line_number":1,"text":"ﭔ","translation":{"text":"those who","language_name":"english","language_id":38},"transliteration":{"text":"alladhīna","language_name":"english","language_id":38}},{"id":38372,"position":4,"audio_url":"wbw/006_036_005.mp3","qpc_uthmani_hafs":"يَسۡمَعُونَۘ","char_type_name":"word","page_number":132,"line_number":1,"text":"ﭕﭖ","translation":{"text":"listen","language_name":"english","language_id":38},"transliteration":{"text":"yasmaʿūna","language_name":"english","language_id":38}},{"id":38374,"position":5,"audio_url":"wbw/006_036_007.mp3","qpc_uthmani_hafs":"وَٱلۡمَوۡتَىٰ","char_type_name":"word","page_number":132,"line_number":1,"text":"ﭗ","translation":{"text":"But the dead ","language_name":"english","language_id":38},"transliteration":{"text":"wal-mawtā","language_name":"english","language_id":38}},{"id":38375,"position":6,"audio_url":"wbw/006_036_008.mp3","qpc_uthmani_hafs":"يَبۡعَثُهُمُ","char_type_name":"word","page_number":132,"line_number":1,"text":"ﭘ","translation":{"text":"will resurrect them","language_name":"english","language_id":38},"transliteration":{"text":"yabʿathuhumu","language_name":"english","language_id":38}},{"id":38376,"position":7,"audio_url":"wbw/006_036_009.mp3","qpc_uthmani_hafs":"ٱللَّهُ","char_type_name":"word","page_number":132,"line_number":1,"text":"ﭙ","translation":{"text":"Allah","language_name":"english","language_id":38},"transliteration":{"text":"l-lahu","language_name":"english","language_id":38}},{"id":38377,"position":8,"audio_url":"wbw/006_036_010.mp3","qpc_uthmani_hafs":"ثُمَّ","char_type_name":"word","page_number":132,"line_number":1,"text":"ﭚ","translation":{"text":"then","language_name":"english","language_id":38},"transliteration":{"text":"thumma","language_name":"english","language_id":38}},{"id":38378,"position":9,"audio_url":"wbw/006_036_011.mp3","qpc_uthmani_hafs":"إِلَيۡهِ","char_type_name":"word","page_number":132,"line_number":1,"text":"ﭛ","translation":{"text":"to Him","language_name":"english","language_id":38},"transliteration":{"text":"ilayhi","language_name":"english","language_id":38}},{"id":38379,"position":10,"audio_url":"wbw/006_036_012.mp3","qpc_uthmani_hafs":"يُرۡجَعُونَ","char_type_name":"word","page_number":132,"line_number":2,"text":"ﭜ","translation":{"text":"they will be returned","language_name":"english","language_id":38},"transliteration":{"text":"yur'jaʿūna","language_name":"english","language_id":38}},{"id":38380,"position":11,"audio_url":null,"qpc_uthmani_hafs":"٣٦","char_type_name":"end","page_number":132,"line_number":2,"text":"ﭝ","translation":{"text":"(36)","language_name":"english","language_id":38},"transliteration":{"text":null,"language_name":"english","language_id":38}}],"translations":[{"id":917254,"resource_id":134,"text":"Hanya mereka yang mendengar sajalah yang mematuhi (seruan Allah); dan orang-orang yang mati (hatinya)<sup foot_note=210240>1</sup>, akan dibangkitkan oleh Allah, kemudian kepada-Nya-lah mereka dikembalikan."}]},{"id":826,"verse_number":37,"verse_key":"6:37","juz_number":7,"hizb_number":14,"rub_el_hizb_number":53,"ruku_number":105,"manzil_number":2,"sajdah_number":null,"text_uthmani":"وَقَالُوا۟ لَوْلَا نُزِّلَ عَلَيْهِ ءَايَةٌ مِّن رَّبِّهِۦ ۚ قُلْ إِنَّ ٱللَّهَ قَادِرٌ عَلَىٰٓ أَن يُنَزِّلَ ءَايَةً وَلَـٰكِنَّ أَكْثَرَهُمْ لَا يَعْلَمُونَ","page_number":132,"words":[{"id":39233,"position":1,"audio_url":"wbw/006_037_001.mp3","qpc_uthmani_hafs":"وَقَالُواْ","char_type_name":"word","page_number":132,"line_number":2,"text":"ﭞ","translation":{"text":"And they said","language_name":"english","language_id":38},"transliteration":{"text":"waqālū","language_name":"english","language_id":38}},{"id":39234,"position":2,"audio_url":"wbw/006_037_002.mp3","qpc_uthmani_hafs":"لَوۡلَا","char_type_name":"word","page_number":132,"line_number":2,"text":"ﭟ","translation":{"text":"Why (is) not","language_name":"english","language_id":38},"transliteration":{"text":"lawlā","language_name":"english","language_id":38}},{"id":39235,"position":3,"audio_url":"wbw/006_037_003.mp3","qpc_uthmani_hafs":"نُزِّلَ","char_type_name":"word","page_number":132,"line_number":2,"text":"ﭠ","translation":{"text":"sent down","language_name":"english","language_id":38},"transliteration":{"text":"nuzzila","language_name":"english","language_id":38}},{"id":39236,"position":4,"audio_url":"wbw/006_037_004.mp3","qpc_uthmani_hafs":"عَلَيۡهِ","char_type_name":"word","page_number":132,"line_number":2,"text":"ﭡ","translation":{"text":"to him","language_name":"english","language_id":38},"transliteration":{"text":"ʿalayhi","language_name":"english","language_id":38}},{"id":39237,"position":5,"audio_url":"wbw/006_037_005.mp3","qpc_uthmani_hafs":"ءَايَةٞ","char_type_name":"word","page_number":132,"line_number":2,"text":"ﭢ","translation":{"text":"a Sign","language_name":"english","language_id":38},"transliteration":{"text":"āyatun","language_name":"english","language_id":38}},{"id":39238,"position":6,"audio_url":"wbw/006_037_006.mp3","qpc_uthmani_hafs":"مِّن","char_type_name":"word","page_number":132,"line_number":2,"text":"ﭣ","translation":{"text":"from","language_name":"english","language_id":38},"transliteration":{"text":"min","language_name":"english","language_id":38}},{"id":39239,"position":7,"audio_url":"wbw/006_037_007.mp3","qpc_uthmani_hafs":"رَّبِّهِۦۚ","char_type_name":"word","page_number":132,"line_number":2,"text":"ﭤﭥ","translation":{"text":"his Lord","language_name":"english","language_id":38},"transliteration":{"text":"rabbihi","language_name":"english","language_id":38}},{"id":39241,"position":8,"audio_url":"wbw/006_037_009.mp3","qpc_uthmani_hafs":"قُلۡ","char_type_name":"word","page_number":132,"line_number":2,"text":"ﭦ","translation":{"text":"Say","language_name":"english","language_id":38},"transliteration":{"text":"qul","language_name":"english","language_id":38}},{"id":39242,"position":9,"audio_url":"wbw/006_037_010.mp3","qpc_uthmani_hafs":"إِنَّ","char_type_name":"word","page_number":132,"line_number":2,"text":"ﭧ","translation":{"text":"Indeed","language_name":"english","language_id":38},"transliteration":{"text":"inna","language_name":"english","language_id":38}},{"id":39243,"position":10,"audio_url":"wbw/006_037_011.mp3","qpc_uthmani_hafs":"ٱللَّهَ","char_type_name":"word","page_number":132,"line_number":2,"text":"ﭨ","translation":{"text":"Allah","language_name":"english","language_id":38},"transliteration":{"text":"l-laha","language_name":"english","language_id":38}},{"id":39244,"position":11,"audio_url":"wbw/006_037_012.mp3","qpc_uthmani_hafs":"قَادِرٌ","char_type_name":"word","page_number":132,"line_number":3,"text":"ﭩ","translation":{"text":"(is) Able","language_name":"english","language_id":38},"transliteration":{"text":"qādirun","language_name":"english","language_id":38}},{"id":39245,"position":12,"audio_url":"wbw/006_037_013.mp3","qpc_uthmani_hafs":"عَلَىٰٓ","char_type_name":"word","page_number":132,"line_number":3,"text":"ﭪ","translation":{"text":"[on]","language_name":"english","language_id":38},"transliteration":{"text":"ʿalā","language_name":"english","language_id":38}},{"id":39246,"position":13,"audio_url":"wbw/006_037_014.mp3","qpc_uthmani_hafs":"أَن","char_type_name":"word","page_number":132,"line_number":3,"text":"ﭫ","translation":{"text":"to","language_name":"english","language_id":38},"transliteration":{"text":"an","language_name":"english","language_id":38}},{"id":39247,"position":14,"audio_url":"wbw/006_037_015.mp3","qpc_uthmani_hafs":"يُنَزِّلَ","char_type_name":"word","page_number":132,"line_number":3,"text":"ﭬ","translation":{"text":"send down","language_name":"english","language_id":38},"transliteration":{"text":"yunazzila","language_name":"english","language_id":38}},{"id":39248,"position":15,"audio_url":"wbw/006_037_016.mp3","qpc_uthmani_hafs":"ءَايَةٗ","char_type_name":"word","page_number":132,"line_number":3,"text":"ﭭ","translation":{"text":"a Sign","language_name":"english","language_id":38},"transliteration":{"text":"āyatan","language_name":"english","language_id":38}},{"id":39249,"position":16,"audio_url":"wbw/006_037_017.mp3","qpc_uthmani_hafs":"وَلَٰكِنَّ","char_type_name":"word","page_number":132,"line_number":3,"text":"ﭮ","translation":{"text":"but","language_name":"english","language_id":38},"transliteration":{"text":"walākinna","language_name":"english","language_id":38}},{"id":39250,"position":17,"audio_url":"wbw/006_037_018.mp3","qpc_uthmani_hafs":"أَكۡثَرَهُمۡ","char_type_name":"word","page_number":132,"line_number":3,"text":"ﭯ","translation":{"text":"most of them","language_name":"english","language_id":38},"transliteration":{"text":"aktharahum","language_name":"english","language_id":38}},{"id":39251,"position":18,"audio_url":"wbw/006_037_019.mp3","qpc_uthmani_hafs":"لَا","char_type_name":"word","page_number":132,"line_number":3,"text":"ﭰ","translation":{"text":"(do) not","language_name":"english","language_id":38},"transliteration":{"text":"lā","language_name":"english","language_id":38}},{"id":39252,"position":19,"audio_url":"wbw/006_037_020.mp3","qpc_uthmani_hafs":"يَعۡلَمُونَ","char_type_name":"word","page_number":132,"line_number":3,"text":"ﭱ","translation":{"text":"know","language_name":"english","language_id":38},"transliteration":{"text":"yaʿlamūna","language_name":"english","language_id":38}},{"id":39253,"position":20,"audio_url":null,"qpc_uthmani_hafs":"٣٧","char_type_name":"end","page_number":132,"line_number":3,"text":"ﭲ","translation":{"text":"(37)","language_name":"english","language_id":38},"transliteration":{"text":null,"language_name":"english","language_id":38}}],"translations":[{"id":917255,"resource_id":134,"text":"Dan mereka (orang-orang musyrik Mekah) berkata, \"Mengapa tidak diturunkan kepadanya (Muhammad) suatu mukjizat dari Tuhan-nya?\"  Katakanlah, \"Sesungguhnya Allah kuasa menurunkan suatu mukjizat, tetapi kebanyakan mereka tidak mengetahui\"."}]},{"id":827,"verse_number":38,"verse_key":"6:38","juz_number":7,"hizb_number":14,"rub_el_hizb_number":53,"ruku_number":105,"manzil_number":2,"sajdah_number":null,"text_uthmani":"وَمَا مِن دَآبَّةٍ فِى ٱلْأَرْضِ وَلَا طَـٰٓئِرٍ يَطِيرُ بِجَنَاحَيْهِ إِلَّآ أُمَمٌ أَمْثَالُكُم ۚ مَّا فَرَّطْنَا فِى ٱلْكِتَـٰبِ مِن شَىْءٍ ۚ ثُمَّ إِلَىٰ رَبِّهِمْ يُحْشَرُونَ","page_number":132,"words":[{"id":40046,"position":1,"audio_url":"wbw/006_038_001.mp3","qpc_uthmani_hafs":"وَمَا","char_type_name":"word","page_number":132,"line_number":3,"text":"ﭳ","translation":{"text":"And not","language_name":"english","language_id":38},"transliteration":{"text":"wamā","language_name":"english","language_id":38}},{"id":40047,"position":2,"audio_url":"wbw/006_038_002.mp3","qpc_uthmani_hafs":"مِن","char_type_name":"word","page_number":132,"line_number":4,"text":"ﭴ","translation":{"text":"[of]","language_name":"english","language_id":38},"transliteration":{"text":"min","language_name":"english","language_id":38}},{"id":40048,"position":3,"audio_url":"wbw/006_038_003.mp3","qpc_uthmani_hafs":"دَآبَّةٖ","char_type_name":"word","page_number":132,"line_number":4,"text":"ﭵ","translation":{"text":"any animal","language_name":"english","language_id":38},"transliteration":{"text":"dābbatin","language_name":"english","language_id":38}},{"id":40049,"position":4,"audio_url":"wbw/006_038_004.mp3","qpc_uthmani_hafs":"فِي","char_type_name":"word","page_number":132,"line_number":4,"text":"ﭶ","translation":{"text":"in","language_name":"english","language_id":38},"transliteration":{"text":"fī","language_name":"english","language_id":38}},{"id":40050,"position":5,"audio_url":"wbw/006_038_005.mp3","qpc_uthmani_hafs":"ٱلۡأَرۡضِ","char_type_name":"word","page_number":132,"line_number":4,"text":"ﭷ","translation":{"text":"the earth","language_name":"english","language_id":38},"transliteration":{"text":"l-arḍi","language_name":"english","language_id":38}},{"id":40051,"position":6,"audio_url":"wbw/006_038_006.mp3","qpc_uthmani_hafs":"وَلَا","char_type_name":"word","page_number":132,"line_number":4,"text":"ﭸ","translation":{"text":"and not","language_name":"english","language_id":38},"transliteration":{"text":"walā","language_name":"english","language_id":38}},{"id":40052,"position":7,"audio_url":"wbw/006_038_007.mp3","qpc_uthmani_hafs":"طَٰٓئِرٖ","char_type_name":"word","page_number":132,"line_number":4,"text":"ﭹ","translation":{"text":"a bird","language_name":"english","language_id":38},"transliteration":{"text":"ṭāirin","language_name":"english","language_id":38}},{"id":40053,"position":8,"audio_url":"wbw/006_038_008.mp3","qpc_uthmani_hafs":"يَطِيرُ","char_type_name":"word","page_number":132,"line_number":4,"text":"ﭺ","translation":{"text":"(that) flies","language_name":"english","language_id":38},"transliteration":{"text":"yaṭīru","language_name":"english","language_id":38}},{"id":40054,"position":9,"audio_url":"wbw/006_038_009.mp3","qpc_uthmani_hafs":"بِجَنَاحَيۡهِ","char_type_name":"word","page_number":132,"line_number":4,"text":"ﭻ","translation":{"text":"with its wings ","language_name":"english","language_id":38},"transliteration":{"text":"bijanāḥayhi","language_name":"english","language_id":38}},{"id":40055,"position":10,"audio_url":"wbw/006_038_010.mp3","qpc_uthmani_hafs":"إِلَّآ","char_type_name":"word","page_number":132,"line_number":4,"text":"ﭼ","translation":{"text":"but","language_name":"english","language_id":38},"transliteration":{"text":"illā","language_name":"english","language_id":38}},{"id":40056,"position":11,"audio_url":"wbw/006_038_011.mp3","qpc_uthmani_hafs":"أُمَمٌ","char_type_name":"word","page_number":132,"line_number":4,"text":"ﭽ","translation":{"text":"(are) communities","language_name":"english","language_id":38},"transliteration":{"text":"umamun","language_name":"english","language_id":38}},{"id":40057,"position":12,"audio_url":"wbw/006_038_012.mp3","qpc_uthmani_hafs":"أَمۡثَالُكُمۚ","char_type_name":"word","page_number":132,"line_number":4,"text":"ﭾﭿ","translation":{"text":"like you","language_name":"english","language_id":38},"transliteration":{"text":"amthālukum","language_name":"english","language_id":38}},{"id":40059,"position":13,"audio_url":"wbw/006_038_014.mp3","qpc_uthmani_hafs":"مَّا","char_type_name":"word","page_number":132,"line_number":5,"text":"ﮀ","translation":{"text":"Not","language_name":"english","language_id":38},"transliteration":{"text":"mā","language_name":"english","language_id":38}},{"id":40060,"position":14,"audio_url":"wbw/006_038_015.mp3","qpc_uthmani_hafs":"فَرَّطۡنَا","char_type_name":"word","page_number":132,"line_number":5,"text":"ﮁ","translation":{"text":"We have neglected","language_name":"english","language_id":38},"transliteration":{"text":"farraṭnā","language_name":"english","language_id":38}},{"id":40061,"position":15,"audio_url":"wbw/006_038_016.mp3","qpc_uthmani_hafs":"فِي","char_type_name":"word","page_number":132,"line_number":5,"text":"ﮂ","translation":{"text":"in","language_name":"english","language_id":38},"transliteration":{"text":"fī","language_name":"english","language_id":38}},{"id":40062,"position":16,"audio_url":"wbw/006_038_017.mp3","qpc_uthmani_hafs":"ٱلۡكِتَٰبِ","char_type_name":"word","page_number":132,"line_number":5,"text":"ﮃ","translation":{"text":"the Book","language_name":"english","language_id":38},"transliteration":{"text":"l-kitābi","language_name":"english","language_id":38}},{"id":40063,"position":17,"audio_url":"wbw/006_038_018.mp3","qpc_uthmani_hafs":"مِن","char_type_name":"word","page_number":132,"line_number":5,"text":"ﮄ","translation":{"text":"[of]","language_name":"english","language_id":38},"transliteration":{"text":"min","language_name":"english","language_id":38}},{"id":40064,"position":18,"audio_url":"wbw/006_038_019.mp3","qpc_uthmani_hafs":"شَيۡءٖۚ","char_type_name":"word","page_number":132,"line_number":5,"text":"ﮅﮆ","translation":{"text":"anything","language_name":"english","language_id":38},"transliteration":{"text":"shayin","language_name":"english","language_id":38}},{"id":40066,"position":19,"audio_url":"wbw/006_038_021.mp3","qpc_uthmani_hafs":"ثُمَّ","char_type_name":"word","page_number":132,"line_number":5,"text":"ﮇ","translation":{"text":"then","language_name":"english","language_id":38},"transliteration":{"text":"thumma","language_name":"english","language_id":38}},{"id":40067,"position":20,"audio_url":"wbw/006_038_022.mp3","qpc_uthmani_hafs":"إِلَىٰ","char_type_name":"word","page_number":132,"line_number":5,"text":"ﮈ","translation":{"text":"to","language_name":"english","language_id":38},"transliteration":{"text":"ilā","language_name":"english","language_id":38}},{"id":40068,"position":21,"audio_url":"wbw/006_038_023.mp3","qpc_uthmani_hafs":"رَبِّهِمۡ","char_type_name":"word","page_number":132,"line_number":5,"text":"ﮉ","translation":{"text":"their Lord","language_name":"english","language_id":38},"transliteration":{"text":"rabbihim","language_name":"english","language_id":38}},{"id":40069,"position":22,"audio_url":"wbw/006_038_024.mp3","qpc_uthmani_hafs":"يُحۡشَرُونَ","char_type_name":"word","page_number":132,"line_number":5,"text":"ﮊ","translation":{"text":"they will be gathered","language_name":"english","language_id":38},"transliteration":{"text":"yuḥ'sharūna","language_name":"english","language_id":38}},{"id":40070,"position":23,"audio_url":null,"qpc_uthmani_hafs":"٣٨","char_type_name":"end","page_number":132,"line_number":5,"text":"ﮋ","translation":{"text":"(38)","language_name":"english","language_id":38},"transliteration":{"text":null,"language_name":"english","language_id":38}}],"translations":[{"id":917256,"resource_id":134,"text":"Dan tiadalah binatang-binatang yang ada di bumi dan burung-burung yang terbang dengan kedua sayapnya, melainkan umat-umat (juga) seperti kamu.  Tiadalah Kami alpakan sesuatu pun di dalam Alkitab<sup foot_note=210241>1</sup>, kemudian kepada Tuhan-lah mereka dihimpunkan."}]},{"id":828,"verse_number":39,"verse_key":"6:39","juz_number":7,"hizb_number":14,"rub_el_hizb_number":53,"ruku_number":105,"manzil_number":2,"sajdah_number":null,"text_uthmani":"وَٱلَّذِينَ كَذَّبُوا۟ بِـَٔايَـٰتِنَا صُمٌّ وَبُكْمٌ فِى ٱلظُّلُمَـٰتِ ۗ مَن يَشَإِ ٱللَّهُ يُضْلِلْهُ وَمَن يَشَأْ يَجْعَلْهُ عَلَىٰ صِرَٰطٍ مُّسْتَقِيمٍ","page_number":132,"words":[{"id":40814,"position":1,"audio_url":"wbw/006_039_001.mp3","qpc_uthmani_hafs":"وَٱلَّذِينَ","char_type_name":"word","page_number":132,"line_number":6,"text":"ﮌ","translation":{"text":"And those who","language_name":"english","language_id":38},"transliteration":{"text":"wa-alladhīna","language_name":"english","language_id":38}},{"id":40815,"position":2,"audio_url":"wbw/006_039_002.mp3","qpc_uthmani_hafs":"كَذَّبُواْ","char_type_name":"word","page_number":132,"line_number":6,"text":"ﮍ","translation":{"text":"rejected","language_name":"english","language_id":38},"transliteration":{"text":"kadhabū","language_name":"english","language_id":38}},{"id":40816,"position":3,"audio_url":"wbw/006_039_003.mp3","qpc_uthmani_hafs":"بِـَٔايَٰتِنَا","char_type_name":"word","page_number":132,"line_number":6,"text":"ﮎ","translation":{"text":"Our Verses","language_name":"english","language_id":38},"transliteration":{"text":"biāyātinā","language_name":"english","language_id":38}},{"id":40817,"position":4,"audio_url":"wbw/006_039_004.mp3","qpc_uthmani_hafs":"صُمّٞ","char_type_name":"word","page_number":132,"line_number":6,"text":"ﮏ","translation":{"text":"(are) deaf","language_name":"english","language_id":38},"transliteration":{"text":"ṣummun","language_name":"english","language_id":38}},{"id":40818,"position":5,"audio_url":"wbw/006_039_005.mp3","qpc_uthmani_hafs":"وَبُكۡمٞ","char_type_name":"word","page_number":132,"line_number":6,"text":"ﮐ","translation":{"text":"and dumb","language_name":"english","language_id":38},"transliteration":{"text":"wabuk'mun","language_name":"english","language_id":38}},{"id":40819,"position":6,"audio_url":"wbw/006_039_006.mp3","qpc_uthmani_hafs":"فِي","char_type_name":"word","page_number":132,"line_number":6,"text":"ﮑ","translation":{"text":"in","language_name":"english","language_id":38},"transliteration":{"text":"fī","language_name":"english","language_id":38}},{"id":40820,"position":7,"audio_url":"wbw/006_039_007.mp3","qpc_uthmani_hafs":"ٱلظُّلُمَٰتِۗ","char_type_name":"word","page_number":132,"line_number":6,"text":"ﮒﮓ","translation":{"text":"the darkness[es]","language_name":"english","language_id":38},"transliteration":{"text":"l-ẓulumāti","language_name":"english","language_id":38}},{"id":40822,"position":8,"audio_url":"wbw/006_039_009.mp3","qpc_uthmani_hafs":"مَن","char_type_name":"word","page_number":132,"line_number":6,"text":"ﮔ","translation":{"text":"Whoever","language_name":"english","language_id":38},"transliteration":{"text":"man","language_name":"english","language_id":38}},{"id":40823,"position":9,"audio_url":"wbw/006_039_010.mp3","qpc_uthmani_hafs":"يَشَإِ","char_type_name":"word","page_number":132,"line_number":6,"text":"ﮕ","translation":{"text":"wills","language_name":"english","language_id":38},"transliteration":{"text":"yasha-i","language_name":"english","language_id":38}},{"id":40824,"position":10,"audio_url":"wbw/006_039_011.mp3","qpc_uthmani_hafs":"ٱللَّهُ","char_type_name":"word","page_number":132,"line_number":6,"text":"ﮖ","translation":{"text":"Allah ","language_name":"english","language_id":38},"transliteration":{"text":"l-lahu","language_name":"english","language_id":38}},{"id":40825,"position":11,"audio_url":"wbw/006_039_012.mp3","qpc_uthmani_hafs":"يُضۡلِلۡهُ","char_type_name":"word","page_number":132,"line_number":7,"text":"ﮗ","translation":{"text":"He lets him go astray","language_name":"english","language_id":38},"transliteration":{"text":"yuḍ'lil'hu","language_name":"english","language_id":38}},{"id":40826,"position":12,"audio_url":"wbw/006_039_013.mp3","qpc_uthmani_hafs":"وَمَن","char_type_name":"word","page_number":132,"line_number":7,"text":"ﮘ","translation":{"text":"and whoever","language_name":"english","language_id":38},"transliteration":{"text":"waman","language_name":"english","language_id":38}},{"id":40827,"position":13,"audio_url":"wbw/006_039_014.mp3","qpc_uthmani_hafs":"يَشَأۡ","char_type_name":"word","page_number":132,"line_number":7,"text":"ﮙ","translation":{"text":"He wills ","language_name":"english","language_id":38},"transliteration":{"text":"yasha","language_name":"english","language_id":38}},{"id":40828,"position":14,"audio_url":"wbw/006_039_015.mp3","qpc_uthmani_hafs":"يَجۡعَلۡهُ","char_type_name":"word","page_number":132,"line_number":7,"text":"ﮚ","translation":{"text":"He places him","language_name":"english","language_id":38},"transliteration":{"text":"yajʿalhu","language_name":"english","language_id":38}},{"id":40829,"position":15,"audio_url":"wbw/006_039_016.mp3","qpc_uthmani_hafs":"عَلَىٰ","char_type_name":"word","page_number":132,"line_number":7,"text":"ﮛ","translation":{"text":"on","language_name":"english","language_id":38},"transliteration":{"text":"ʿalā","language_name":"english","language_id":38}},{"id":40830,"position":16,"audio_url":"wbw/006_039_017.mp3","qpc_uthmani_hafs":"صِرَٰطٖ","char_type_name":"word","page_number":132,"line_number":7,"text":"ﮜ","translation":{"text":"(the) way","language_name":"english","language_id":38},"transliteration":{"text":"ṣirāṭin","language_name":"english","language_id":38}},{"id":40831,"position":17,"audio_url":"wbw/006_039_018.mp3","qpc_uthmani_hafs":"مُّسۡتَقِيمٖ","char_type_name":"word","page_number":132,"line_number":7,"text":"ﮝ","translation":{"text":"(the) straight","language_name":"english","language_id":38},"transliteration":{"text":"mus'taqīmin","language_name":"english","language_id":38}},{"id":40832,"position":18,"audio_url":null,"qpc_uthmani_hafs":"٣٩","char_type_name":"end","page_number":132,"line_number":7,"text":"ﮞ","translation":{"text":"(39)","language_name":"english","language_id":38},"transliteration":{"text":null,"language_name":"english","language_id":38}}],"translations":[{"id":917257,"resource_id":134,"text":"Dan orang-orang yang mendustakan ayat-ayat Kami adalah pekak, bisu, dan berada dalam gelap gulita.  Barang siapa yang dikehendaki Allah (kesesatannya), niscaya disesatkan-Nya. Dan barang siapa yang dikehendaki Allah (untuk diberi-Nya petunjuk), niscaya Dia menjadikan-Nya berada di atas jalan yang lurus. <sup foot_note=210242>1</sup>"}]},{"id":829,"verse_number":40,"verse_key":"6:40","juz_number":7,"hizb_number":14,"rub_el_hizb_number":53,"ruku_number":105,"manzil_number":2,"sajdah_number":null,"text_uthmani":"قُلْ أَرَءَيْتَكُمْ إِنْ أَتَىٰكُمْ عَذَابُ ٱللَّهِ أَوْ أَتَتْكُمُ ٱلسَّاعَةُ أَغَيْرَ ٱللَّهِ تَدْعُونَ إِن كُنتُمْ صَـٰدِقِينَ","page_number":132,"words":[{"id":41746,"position":1,"audio_url":"wbw/006_040_001.mp3","qpc_uthmani_hafs":"قُلۡ","char_type_name":"word","page_number":132,"line_number":7,"text":"ﮟ","translation":{"text":"Say","language_name":"english","language_id":38},"transliteration":{"text":"qul","language_name":"english","language_id":38}},{"id":41747,"position":2,"audio_url":"wbw/006_040_002.mp3","qpc_uthmani_hafs":"أَرَءَيۡتَكُمۡ","char_type_name":"word","page_number":132,"line_number":8,"text":"ﮠ","translation":{"text":"Have you seen","language_name":"english","language_id":38},"transliteration":{"text":"ara-aytakum","language_name":"english","language_id":38}},{"id":41748,"position":3,"audio_url":"wbw/006_040_003.mp3","qpc_uthmani_hafs":"إِنۡ","char_type_name":"word","page_number":132,"line_number":8,"text":"ﮡ","translation":{"text":"if","language_name":"english","language_id":38},"transliteration":{"text":"in","language_name":"english","language_id":38}},{"id":41749,"position":4,"audio_url":"wbw/006_040_004.mp3","qpc_uthmani_hafs":"أَتَىٰكُمۡ","char_type_name":"word","page_number":132,"line_number":8,"text":"ﮢ","translation":{"text":"(there) came to you","language_name":"english","language_id":38},"transliteration":{"text":"atākum","language_name":"english","language_id":38}},{"id":41750,"position":5,"audio_url":"wbw/006_040_005.mp3","qpc_uthmani_hafs":"عَذَابُ","char_type_name":"word","page_number":132,"line_number":8,"text":"ﮣ","translation":{"text":"punishment","language_name":"english","language_id":38},"transliteration":{"text":"ʿadhābu","language_name":"english","language_id":38}},{"id":41751,"position":6,"audio_url":"wbw/006_040_006.mp3","qpc_uthmani_hafs":"ٱللَّهِ","char_type_name":"word","page_number":132,"line_number":8,"text":"ﮤ","translation":{"text":"(of) Allah","language_name":"english","language_id":38},"transliteration":{"text":"l-lahi","language_name":"english","language_id":38}},{"id":41752,"position":7,"audio_url":"wbw/006_040_007.mp3","qpc_uthmani_hafs":"أَوۡ","char_type_name":"word","page_number":132,"line_number":8,"text":"ﮥ","translation":{"text":"or","language_name":"english","language_id":38},"transliteration":{"text":"aw","language_name":"english","language_id":38}},{"id":41753,"position":8,"audio_url":"wbw/006_040_008.mp3","qpc_uthmani_hafs":"أَتَتۡكُمُ","char_type_name":"word","page_number":132,"line_number":8,"text":"ﮦ","translation":{"text":"(there) came to you","language_name":"english","language_id":38},"transliteration":{"text":"atatkumu","language_name":"english","language_id":38}},{"id":41754,"position":9,"audio_url":"wbw/006_040_009.mp3","qpc_uthmani_hafs":"ٱلسَّاعَةُ","char_type_name":"word","page_number":132,"line_number":8,"text":"ﮧ","translation":{"text":"the Hour ","language_name":"english","language_id":38},"transliteration":{"text":"l-sāʿatu","language_name":"english","language_id":38}},{"id":41755,"position":10,"audio_url":"wbw/006_040_010.mp3","qpc_uthmani_hafs":"أَغَيۡرَ","char_type_name":"word","page_number":132,"line_number":8,"text":"ﮨ","translation":{"text":"is it other","language_name":"english","language_id":38},"transliteration":{"text":"aghayra","language_name":"english","language_id":38}},{"id":41756,"position":11,"audio_url":"wbw/006_040_011.mp3","qpc_uthmani_hafs":"ٱللَّهِ","char_type_name":"word","page_number":132,"line_number":8,"text":"ﮩ","translation":{"text":"(than) Allah","language_name":"english","language_id":38},"transliteration":{"text":"l-lahi","language_name":"english","language_id":38}},{"id":41757,"position":12,"audio_url":"wbw/006_040_012.mp3","qpc_uthmani_hafs":"تَدۡعُونَ","char_type_name":"word","page_number":132,"line_number":9,"text":"ﮪ","translation":{"text":"you call","language_name":"english","language_id":38},"transliteration":{"text":"tadʿūna","language_name":"english","language_id":38}},{"id":41758,"position":13,"audio_url":"wbw/006_040_013.mp3","qpc_uthmani_hafs":"إِن","char_type_name":"word","page_number":132,"line_number":9,"text":"ﮫ","translation":{"text":"if","language_name":"english","language_id":38},"transliteration":{"text":"in","language_name":"english","language_id":38}},{"id":41759,"position":14,"audio_url":"wbw/006_040_014.mp3","qpc_uthmani_hafs":"كُنتُمۡ","char_type_name":"word","page_number":132,"line_number":9,"text":"ﮬ","translation":{"text":"you are","language_name":"english","language_id":38},"transliteration":{"text":"kuntum","language_name":"english","language_id":38}},{"id":41760,"position":15,"audio_url":"wbw/006_040_015.mp3","qpc_uthmani_hafs":"صَٰدِقِينَ","char_type_name":"word","page_number":132,"line_number":9,"text":"ﮭ","translation":{"text":"truthful","language_name":"english","language_id":38},"transliteration":{"text":"ṣādiqīna","language_name":"english","language_id":38}},{"id":41761,"position":16,"audio_url":null,"qpc_uthmani_hafs":"٤٠","char_type_name":"end","page_number":132,"line_number":9,"text":"ﮮ","translation":{"text":"(40)","language_name":"english","language_id":38},"transliteration":{"text":null,"language_name":"english","language_id":38}}],"translations":[{"id":917258,"resource_id":134,"text":"Katakanlah, \"Terangkanlah kepadaku jika datang siksaan Allah kepadamu, atau datang kepadamu hari kiamat, apakah kamu menyeru (tuhan) selain Allah; jika kamu orang-orang yang benar!\""}]},{"id":830,"verse_number":41,"verse_key":"6:41","juz_number":7,"hizb_number":14,"rub_el_hizb_number":53,"ruku_number":105,"manzil_number":2,"sajdah_number":null,"text_uthmani":"بَلْ إِيَّاهُ تَدْعُونَ فَيَكْشِفُ مَا تَدْعُونَ إِلَيْهِ إِن شَآءَ وَتَنسَوْنَ مَا تُشْرِكُونَ","page_number":132,"words":[{"id":42504,"position":1,"audio_url":"wbw/006_041_001.mp3","qpc_uthmani_hafs":"بَلۡ","char_type_name":"word","page_number":132,"line_number":9,"text":"ﮯ","translation":{"text":"Nay","language_name":"english","language_id":38},"transliteration":{"text":"bal","language_name":"english","language_id":38}},{"id":42505,"position":2,"audio_url":"wbw/006_041_002.mp3","qpc_uthmani_hafs":"إِيَّاهُ","char_type_name":"word","page_number":132,"line_number":9,"text":"ﮰ","translation":{"text":"Him Alone","language_name":"english","language_id":38},"transliteration":{"text":"iyyāhu","language_name":"english","language_id":38}},{"id":42506,"position":3,"audio_url":"wbw/006_041_003.mp3","qpc_uthmani_hafs":"تَدۡعُونَ","char_type_name":"word","page_number":132,"line_number":9,"text":"ﮱ","translation":{"text":"you call","language_name":"english","language_id":38},"transliteration":{"text":"tadʿūna","language_name":"english","language_id":38}},{"id":42507,"position":4,"audio_url":"wbw/006_041_004.mp3","qpc_uthmani_hafs":"فَيَكۡشِفُ","char_type_name":"word","page_number":132,"line_number":9,"text":"ﯓ","translation":{"text":"and He would remove","language_name":"english","language_id":38},"transliteration":{"text":"fayakshifu","language_name":"english","language_id":38}},{"id":42508,"position":5,"audio_url":"wbw/006_041_005.mp3","qpc_uthmani_hafs":"مَا","char_type_name":"word","page_number":132,"line_number":9,"text":"ﯔ","translation":{"text":"what","language_name":"english","language_id":38},"transliteration":{"text":"mā","language_name":"english","language_id":38}},{"id":42509,"position":6,"audio_url":"wbw/006_041_006.mp3","qpc_uthmani_hafs":"تَدۡعُونَ","char_type_name":"word","page_number":132,"line_number":10,"text":"ﯕ","translation":{"text":"you call","language_name":"english","language_id":38},"transliteration":{"text":"tadʿūna","language_name":"english","language_id":38}},{"id":42510,"position":7,"audio_url":"wbw/006_041_007.mp3","qpc_uthmani_hafs":"إِلَيۡهِ","char_type_name":"word","page_number":132,"line_number":10,"text":"ﯖ","translation":{"text":"upon Him","language_name":"english","language_id":38},"transliteration":{"text":"ilayhi","language_name":"english","language_id":38}},{"id":42511,"position":8,"audio_url":"wbw/006_041_008.mp3","qpc_uthmani_hafs":"إِن","char_type_name":"word","page_number":132,"line_number":10,"text":"ﯗ","translation":{"text":"if","language_name":"english","language_id":38},"transliteration":{"text":"in","language_name":"english","language_id":38}},{"id":42512,"position":9,"audio_url":"wbw/006_041_009.mp3","qpc_uthmani_hafs":"شَآءَ","char_type_name":"word","page_number":132,"line_number":10,"text":"ﯘ","translation":{"text":"He wills","language_name":"english","language_id":38},"transliteration":{"text":"shāa","language_name":"english","language_id":38}},{"id":42513,"position":10,"audio_url":"wbw/006_041_010.mp3","qpc_uthmani_hafs":"وَتَنسَوۡنَ","char_type_name":"word","page_number":132,"line_number":10,"text":"ﯙ","translation":{"text":"and you will forget","language_name":"english","language_id":38},"transliteration":{"text":"watansawna","language_name":"english","language_id":38}},{"id":42514,"position":11,"audio_url":"wbw/006_041_011.mp3","qpc_uthmani_hafs":"مَا","char_type_name":"word","page_number":132,"line_number":10,"text":"ﯚ","translation":{"text":"what","language_name":"english","language_id":38},"transliteration":{"text":"mā","language_name":"english","language_id":38}},{"id":42515,"position":12,"audio_url":"wbw/006_041_012.mp3","qpc_uthmani_hafs":"تُشۡرِكُونَ","char_type_name":"word","page_number":132,"line_number":10,"text":"ﯛ","translation":{"text":"you associate (with Him)","language_name":"english","language_id":38},"transliteration":{"text":"tush'rikūna","language_name":"english","language_id":38}},{"id":42516,"position":13,"audio_url":null,"qpc_uthmani_hafs":"٤١","char_type_name":"end","page_number":132,"line_number":10,"text":"ﯜ","translation":{"text":"(41)","language_name":"english","language_id":38},"transliteration":{"text":null,"language_name":"english","language_id":38}}],"translations":[{"id":917259,"resource_id":134,"text":"(Tidak), tetapi hanya Dia-lah yang kamu seru, maka Dia menghilangkan bahaya, yang karenanya kamu berdoa kepada-Nya, jika Dia menghendaki, dan kamu tinggalkan sembahan-sembahan yang kamu sekutukan (dengan Allah)."}]},{"id":831,"verse_number":42,"verse_key":"6:42","juz_number":7,"hizb_number":14,"rub_el_hizb_number":53,"ruku_number":106,"manzil_number":2,"sajdah_number":null,"text_uthmani":"وَلَقَدْ أَرْسَلْنَآ إِلَىٰٓ أُمَمٍ مِّن قَبْلِكَ فَأَخَذْنَـٰهُم بِٱلْبَأْسَآءِ وَٱلضَّرَّآءِ لَعَلَّهُمْ يَتَضَرَّعُونَ","page_number":132,"words":[{"id":43204,"position":1,"audio_url":"wbw/006_042_001.mp3","qpc_uthmani_hafs":"وَلَقَدۡ","char_type_name":"word","page_number":132,"line_number":10,"text":"ﯝ","translation":{"text":"And certainly","language_name":"english","language_id":38},"transliteration":{"text":"walaqad","language_name":"english","language_id":38}},{"id":43205,"position":2,"audio_url":"wbw/006_042_002.mp3","qpc_uthmani_hafs":"أَرۡسَلۡنَآ","char_type_name":"word","page_number":132,"line_number":10,"text":"ﯞ","translation":{"text":"We sent (Messengers)","language_name":"english","language_id":38},"transliteration":{"text":"arsalnā","language_name":"english","language_id":38}},{"id":43206,"position":3,"audio_url":"wbw/006_042_003.mp3","qpc_uthmani_hafs":"إِلَىٰٓ","char_type_name":"word","page_number":132,"line_number":11,"text":"ﯟ","translation":{"text":"to","language_name":"english","language_id":38},"transliteration":{"text":"ilā","language_name":"english","language_id":38}},{"id":43207,"position":4,"audio_url":"wbw/006_042_004.mp3","qpc_uthmani_hafs":"أُمَمٖ","char_type_name":"word","page_number":132,"line_number":11,"text":"ﯠ","translation":{"text":"nations","language_name":"english","language_id":38},"transliteration":{"text":"umamin","language_name":"english","language_id":38}},{"id":43208,"position":5,"audio_url":"wbw/006_042_005.mp3","qpc_uthmani_hafs":"مِّن","char_type_name":"word","page_number":132,"line_number":11,"text":"ﯡ","translation":{"text":"from","language_name":"english","language_id":38},"transliteration":{"text":"min","language_name":"english","language_id":38}},{"id":43209,"position":6,"audio_url":"wbw/006_042_006.mp3","qpc_uthmani_hafs":"قَبۡلِكَ","char_type_name":"word","page_number":132,"line_number":11,"text":"ﯢ","translation":{"text":"before you","language_name":"english","language_id":38},"transliteration":{"text":"qablika","language_name":"english","language_id":38}},{"id":43210,"position":7,"audio_url":"wbw/006_042_007.mp3","qpc_uthmani_hafs":"فَأَخَذۡنَٰهُم","char_type_name":"word","page_number":132,"line_number":11,"text":"ﯣ","translation":{"text":"then We seized them","language_name":"english","language_id":38},"transliteration":{"text":"fa-akhadhnāhum","language_name":"english","language_id":38}},{"id":43211,"position":8,"audio_url":"wbw/006_042_008.mp3","qpc_uthmani_hafs":"بِٱلۡبَأۡسَآءِ","char_type_name":"word","page_number":132,"line_number":11,"text":"ﯤ","translation":{"text":"with adversity","language_name":"english","language_id":38},"transliteration":{"text":"bil-basāi","language_name":"english","language_id":38}},{"id":43212,"position":9,"audio_url":"wbw/006_042_009.mp3","qpc_uthmani_hafs":"وَٱلضَّرَّآءِ","char_type_name":"word","page_number":132,"line_number":11,"text":"ﯥ","translation":{"text":"and hardship","language_name":"english","language_id":38},"transliteration":{"text":"wal-ḍarāi","language_name":"english","language_id":38}},{"id":43213,"position":10,"audio_url":"wbw/006_042_010.mp3","qpc_uthmani_hafs":"لَعَلَّهُمۡ","char_type_name":"word","page_number":132,"line_number":11,"text":"ﯦ","translation":{"text":"so that they may","language_name":"english","language_id":38},"transliteration":{"text":"laʿallahum","language_name":"english","language_id":38}},{"id":43214,"position":11,"audio_url":"wbw/006_042_011.mp3","qpc_uthmani_hafs":"يَتَضَرَّعُونَ","char_type_name":"word","page_number":132,"line_number":11,"text":"ﯧ","translation":{"text":"humble themselves","language_name":"english","language_id":38},"transliteration":{"text":"yataḍarraʿūna","language_name":"english","language_id":38}},{"id":43215,"position":12,"audio_url":null,"qpc_uthmani_hafs":"٤٢","char_type_name":"end","page_number":132,"line_number":12,"text":"ﯨ","translation":{"text":"(42)","language_name":"english","language_id":38},"transliteration":{"text":null,"language_name":"english","language_id":38}}],"translations":[{"id":917260,"resource_id":134,"text":"Dan sesungguhnya Kami telah mengutus (rasul-rasul) kepada umat-umat yang sebelum kamu, kemudian Kami siksa mereka dengan (menimpakan) kesengsaraan dan kemelaratan, supaya mereka bermohon (kepada Allah) dengan tunduk merendahkan diri."}]},{"id":832,"verse_number":43,"verse_key":"6:43","juz_number":7,"hizb_number":14,"rub_el_hizb_number":53,"ruku_number":106,"manzil_number":2,"sajdah_number":null,"text_uthmani":"فَلَوْلَآ إِذْ جَآءَهُم بَأْسُنَا تَضَرَّعُوا۟ وَلَـٰكِن قَسَتْ قُلُوبُهُمْ وَزَيَّنَ لَهُمُ ٱلشَّيْطَـٰنُ مَا كَانُوا۟ يَعْمَلُونَ","page_number":132,"words":[{"id":43934,"position":1,"audio_url":"wbw/006_043_001.mp3","qpc_uthmani_hafs":"فَلَوۡلَآ","char_type_name":"word","page_number":132,"line_number":12,"text":"ﯩ","translation":{"text":"Then why not","language_name":"english","language_id":38},"transliteration":{"text":"falawlā","language_name":"english","language_id":38}},{"id":43935,"position":2,"audio_url":"wbw/006_043_002.mp3","qpc_uthmani_hafs":"إِذۡ","char_type_name":"word","page_number":132,"line_number":12,"text":"ﯪ","translation":{"text":"when","language_name":"english","language_id":38},"transliteration":{"text":"idh","language_name":"english","language_id":38}},{"id":43936,"position":3,"audio_url":"wbw/006_043_003.mp3","qpc_uthmani_hafs":"جَآءَهُم","char_type_name":"word","page_number":132,"line_number":12,"text":"ﯫ","translation":{"text":"came to them","language_name":"english","language_id":38},"transliteration":{"text":"jāahum","language_name":"english","language_id":38}},{"id":43937,"position":4,"audio_url":"wbw/006_043_004.mp3","qpc_uthmani_hafs":"بَأۡسُنَا","char_type_name":"word","page_number":132,"line_number":12,"text":"ﯬ","translation":{"text":"Our punishment","language_name":"english","language_id":38},"transliteration":{"text":"basunā","language_name":"english","language_id":38}},{"id":43938,"position":5,"audio_url":"wbw/006_043_005.mp3","qpc_uthmani_hafs":"تَضَرَّعُواْ","char_type_name":"word","page_number":132,"line_number":12,"text":"ﯭ","translation":{"text":"they humbled themselves","language_name":"english","language_id":38},"transliteration":{"text":"taḍarraʿū","language_name":"english","language_id":38}},{"id":43939,"position":6,"audio_url":"wbw/006_043_006.mp3","qpc_uthmani_hafs":"وَلَٰكِن","char_type_name":"word","page_number":132,"line_number":12,"text":"ﯮ","translation":{"text":"But","language_name":"english","language_id":38},"transliteration":{"text":"walākin","language_name":"english","language_id":38}},{"id":43940,"position":7,"audio_url":"wbw/006_043_007.mp3","qpc_uthmani_hafs":"قَسَتۡ","char_type_name":"word","page_number":132,"line_number":12,"text":"ﯯ","translation":{"text":"became hardened","language_name":"english","language_id":38},"transliteration":{"text":"qasat","language_name":"english","language_id":38}},{"id":43941,"position":8,"audio_url":"wbw/006_043_008.mp3","qpc_uthmani_hafs":"قُلُوبُهُمۡ","char_type_name":"word","page_number":132,"line_number":12,"text":"ﯰ","translation":{"text":"their hearts","language_name":"english","language_id":38},"transliteration":{"text":"qulūbuhum","language_name":"english","language_id":38}},{"id":43942,"position":9,"audio_url":"wbw/006_043_009.mp3","qpc_uthmani_hafs":"وَزَيَّنَ","char_type_name":"word","page_number":132,"line_number":13,"text":"ﯱ","translation":{"text":"and made fair-seeming","language_name":"english","language_id":38},"transliteration":{"text":"wazayyana","language_name":"english","language_id":38}},{"id":43943,"position":10,"audio_url":"wbw/006_043_010.mp3","qpc_uthmani_hafs":"لَهُمُ","char_type_name":"word","page_number":132,"line_number":13,"text":"ﯲ","translation":{"text":"to them","language_name":"english","language_id":38},"transliteration":{"text":"lahumu","language_name":"english","language_id":38}},{"id":43944,"position":11,"audio_url":"wbw/006_043_011.mp3","qpc_uthmani_hafs":"ٱلشَّيۡطَٰنُ","char_type_name":"word","page_number":132,"line_number":13,"text":"ﯳ","translation":{"text":"the Shaitaan","language_name":"english","language_id":38},"transliteration":{"text":"l-shayṭānu","language_name":"english","language_id":38}},{"id":43945,"position":12,"audio_url":"wbw/006_043_012.mp3","qpc_uthmani_hafs":"مَا","char_type_name":"word","page_number":132,"line_number":13,"text":"ﯴ","translation":{"text":"what","language_name":"english","language_id":38},"transliteration":{"text":"mā","language_name":"english","language_id":38}},{"id":43946,"position":13,"audio_url":"wbw/006_043_013.mp3","qpc_uthmani_hafs":"كَانُواْ","char_type_name":"word","page_number":132,"line_number":13,"text":"ﯵ","translation":{"text":"they used to","language_name":"english","language_id":38},"transliteration":{"text":"kānū","language_name":"english","language_id":38}},{"id":43947,"position":14,"audio_url":"wbw/006_043_014.mp3","qpc_uthmani_hafs":"يَعۡمَلُونَ","char_type_name":"word","page_number":132,"line_number":13,"text":"ﯶ","translation":{"text":"do","language_name":"english","language_id":38},"transliteration":{"text":"yaʿmalūna","language_name":"english","language_id":38}},{"id":43948,"position":15,"audio_url":null,"qpc_uthmani_hafs":"٤٣","char_type_name":"end","page_number":132,"line_number":13,"text":"ﯷ","translation":{"text":"(43)","language_name":"english","language_id":38},"transliteration":{"text":null,"language_name":"english","language_id":38}}],"translations":[{"id":917261,"resource_id":134,"text":"Maka mengapa mereka tidak memohon (kepada Allah) dengan tunduk merendahkan diri ketika datang siksaan Kami kepada mereka? Bahkan hati mereka telah menjadi keras, dan setan pun menampakkan kepada mereka kebagusan apa yang selalu mereka kerjakan."}]},{"id":833,"verse_number":44,"verse_key":"6:44","juz_number":7,"hizb_number":14,"rub_el_hizb_number":53,"ruku_number":106,"manzil_number":2,"sajdah_number":null,"text_uthmani":"فَلَمَّا نَسُوا۟ مَا ذُكِّرُوا۟ بِهِۦ فَتَحْنَا عَلَيْهِمْ أَبْوَٰبَ كُلِّ شَىْءٍ حَتَّىٰٓ إِذَا فَرِحُوا۟ بِمَآ أُوتُوٓا۟ أَخَذْنَـٰهُم بَغْتَةً فَإِذَا هُم مُّبْلِسُونَ","page_number":132,"words":[{"id":44745,"position":1,"audio_url":"wbw/006_044_001.mp3","qpc_uthmani_hafs":"فَلَمَّا","char_type_name":"word","page_number":132,"line_number":13,"text":"ﯸ","translation":{"text":"So when","language_name":"english","language_id":38},"transliteration":{"text":"falammā","language_name":"english","language_id":38}},{"id":44746,"position":2,"audio_url":"wbw/006_044_002.mp3","qpc_uthmani_hafs":"نَسُواْ","char_type_name":"word","page_number":132,"line_number":14,"text":"ﯹ","translation":{"text":"they forgot","language_name":"english","language_id":38},"transliteration":{"text":"nasū","language_name":"english","language_id":38}},{"id":44747,"position":3,"audio_url":"wbw/006_044_003.mp3","qpc_uthmani_hafs":"مَا","char_type_name":"word","page_number":132,"line_number":14,"text":"ﯺ","translation":{"text":"what","language_name":"english","language_id":38},"transliteration":{"text":"mā","language_name":"english","language_id":38}},{"id":44748,"position":4,"audio_url":"wbw/006_044_004.mp3","qpc_uthmani_hafs":"ذُكِّرُواْ","char_type_name":"word","page_number":132,"line_number":14,"text":"ﯻ","translation":{"text":"they were reminded","language_name":"english","language_id":38},"transliteration":{"text":"dhukkirū","language_name":"english","language_id":38}},{"id":44749,"position":5,"audio_url":"wbw/006_044_005.mp3","qpc_uthmani_hafs":"بِهِۦ","char_type_name":"word","page_number":132,"line_number":14,"text":"ﯼ","translation":{"text":"of [it]","language_name":"english","language_id":38},"transliteration":{"text":"bihi","language_name":"english","language_id":38}},{"id":44750,"position":6,"audio_url":"wbw/006_044_006.mp3","qpc_uthmani_hafs":"فَتَحۡنَا","char_type_name":"word","page_number":132,"line_number":14,"text":"ﯽ","translation":{"text":"We opened","language_name":"english","language_id":38},"transliteration":{"text":"fataḥnā","language_name":"english","language_id":38}},{"id":44751,"position":7,"audio_url":"wbw/006_044_007.mp3","qpc_uthmani_hafs":"عَلَيۡهِمۡ","char_type_name":"word","page_number":132,"line_number":14,"text":"ﯾ","translation":{"text":"on them","language_name":"english","language_id":38},"transliteration":{"text":"ʿalayhim","language_name":"english","language_id":38}},{"id":44752,"position":8,"audio_url":"wbw/006_044_008.mp3","qpc_uthmani_hafs":"أَبۡوَٰبَ","char_type_name":"word","page_number":132,"line_number":14,"text":"ﯿ","translation":{"text":"gates","language_name":"english","language_id":38},"transliteration":{"text":"abwāba","language_name":"english","language_id":38}},{"id":44753,"position":9,"audio_url":"wbw/006_044_009.mp3","qpc_uthmani_hafs":"كُلِّ","char_type_name":"word","page_number":132,"line_number":14,"text":"ﰀ","translation":{"text":"(of) every","language_name":"english","language_id":38},"transliteration":{"text":"kulli","language_name":"english","language_id":38}},{"id":44754,"position":10,"audio_url":"wbw/006_044_010.mp3","qpc_uthmani_hafs":"شَيۡءٍ","char_type_name":"word","page_number":132,"line_number":14,"text":"ﰁ","translation":{"text":"thing","language_name":"english","language_id":38},"transliteration":{"text":"shayin","language_name":"english","language_id":38}},{"id":44755,"position":11,"audio_url":"wbw/006_044_011.mp3","qpc_uthmani_hafs":"حَتَّىٰٓ","char_type_name":"word","page_number":132,"line_number":15,"text":"ﰂ","translation":{"text":"until","language_name":"english","language_id":38},"transliteration":{"text":"ḥattā","language_name":"english","language_id":38}},{"id":44756,"position":12,"audio_url":"wbw/006_044_012.mp3","qpc_uthmani_hafs":"إِذَا","char_type_name":"word","page_number":132,"line_number":15,"text":"ﰃ","translation":{"text":"when","language_name":"english","language_id":38},"transliteration":{"text":"idhā","language_name":"english","language_id":38}},{"id":44757,"position":13,"audio_url":"wbw/006_044_013.mp3","qpc_uthmani_hafs":"فَرِحُواْ","char_type_name":"word","page_number":132,"line_number":15,"text":"ﰄ","translation":{"text":"they rejoiced","language_name":"english","language_id":38},"transliteration":{"text":"fariḥū","language_name":"english","language_id":38}},{"id":44758,"position":14,"audio_url":"wbw/006_044_014.mp3","qpc_uthmani_hafs":"بِمَآ","char_type_name":"word","page_number":132,"line_number":15,"text":"ﰅ","translation":{"text":"in what","language_name":"english","language_id":38},"transliteration":{"text":"bimā","language_name":"english","language_id":38}},{"id":44759,"position":15,"audio_url":"wbw/006_044_015.mp3","qpc_uthmani_hafs":"أُوتُوٓاْ","char_type_name":"word","page_number":132,"line_number":15,"text":"ﰆ","translation":{"text":"they were given","language_name":"english","language_id":38},"transliteration":{"text":"ūtū","language_name":"english","language_id":38}},{"id":44760,"position":16,"audio_url":"wbw/006_044_016.mp3","qpc_uthmani_hafs":"أَخَذۡنَٰهُم","char_type_name":"word","page_number":132,"line_number":15,"text":"ﰇ","translation":{"text":"We seized them","language_name":"english","language_id":38},"transliteration":{"text":"akhadhnāhum","language_name":"english","language_id":38}},{"id":44761,"position":17,"audio_url":"wbw/006_044_017.mp3","qpc_uthmani_hafs":"بَغۡتَةٗ","char_type_name":"word","page_number":132,"line_number":15,"text":"ﰈ","translation":{"text":"suddenly","language_name":"english","language_id":38},"transliteration":{"text":"baghtatan","language_name":"english","language_id":38}},{"id":44762,"position":18,"audio_url":"wbw/006_044_018.mp3","qpc_uthmani_hafs":"فَإِذَا","char_type_name":"word","page_number":132,"line_number":15,"text":"ﰉ","translation":{"text":"and then","language_name":"english","language_id":38},"transliteration":{"text":"fa-idhā","language_name":"english","language_id":38}},{"id":44763,"position":19,"audio_url":"wbw/006_044_019.mp3","qpc_uthmani_hafs":"هُم","char_type_name":"word","page_number":132,"line_number":15,"text":"ﰊ","translation":{"text":"they","language_name":"english","language_id":38},"transliteration":{"text":"hum","language_name":"english","language_id":38}},{"id":44764,"position":20,"audio_url":"wbw/006_044_020.mp3","qpc_uthmani_hafs":"مُّبۡلِسُونَ","char_type_name":"word","page_number":132,"line_number":15,"text":"ﰋ","translation":{"text":"(were) dumbfounded","language_name":"english","language_id":38},"transliteration":{"text":"mub'lisūna","language_name":"english","language_id":38}},{"id":44765,"position":21,"audio_url":null,"qpc_uthmani_hafs":"٤٤","char_type_name":"end","page_number":132,"line_number":15,"text":"ﰌ","translation":{"text":"(44)","language_name":"english","language_id":38},"transliteration":{"text":null,"language_name":"english","language_id":38}}],"translations":[{"id":917262,"resource_id":134,"text":"Maka tatkala mereka melupakan peringatan yang telah diberikan kepada mereka, Kami pun membukakan semua pintu-pintu kesenangan untuk mereka; sehingga apabila mereka bergembira dengan apa yang telah diberikan kepada mereka, Kami siksa mereka dengan sekonyong-konyong, maka ketika itu mereka terdiam berputus asa."}]}],"pagination":{"per_page":50,"current_page":1,"next_page":null,"total_pages":1,"total_records":9}}