{"verses":[{"id":880,"verse_number":91,"verse_key":"6:91","juz_number":7,"hizb_number":14,"rub_el_hizb_number":55,"ruku_number":112,"manzil_number":2,"sajdah_number":null,"text_uthmani":"وَمَا قَدَرُوا۟ ٱللَّهَ حَقَّ قَدْرِهِۦٓ إِذْ قَالُوا۟ مَآ أَنزَلَ ٱللَّهُ عَلَىٰ بَشَرٍ مِّن شَىْءٍ ۗ قُلْ مَنْ أَنزَلَ ٱلْكِتَـٰبَ ٱلَّذِى جَآءَ بِهِۦ مُوسَىٰ نُورًا وَهُدًى لِّلنَّاسِ ۖ تَجْعَلُونَهُۥ قَرَاطِيسَ تُبْدُونَهَا وَتُخْفُونَ كَثِيرًا ۖ وَعُلِّمْتُم مَّا لَمْ تَعْلَمُوٓا۟ أَنتُمْ وَلَآ ءَابَآؤُكُمْ ۖ قُلِ ٱللَّهُ ۖ ثُمَّ ذَرْهُمْ فِى خَوْضِهِمْ يَلْعَبُونَ","page_number":139,"words":[{"id":68266,"position":1,"audio_url":"wbw/006_091_001.mp3","qpc_uthmani_hafs":"وَمَا","char_type_name":"word","page_number":139,"line_number":1,"text":"ﭑ","translation":{"text":"And not","language_name":"english","language_id":38},"transliteration":{"text":"wamā","language_name":"english","language_id":38}},{"id":68267,"position":2,"audio_url":"wbw/006_091_002.mp3","qpc_uthmani_hafs":"قَدَرُواْ","char_type_name":"word","page_number":139,"line_number":1,"text":"ﭒ","translation":{"text":"they appraised","language_name":"english","language_id":38},"transliteration":{"text":"qadarū","language_name":"english","language_id":38}},{"id":68268,"position":3,"audio_url":"wbw/006_091_003.mp3","qpc_uthmani_hafs":"ٱللَّهَ","char_type_name":"word","page_number":139,"line_number":1,"text":"ﭓ","translation":{"text":"Allah","language_name":"english","language_id":38},"transliteration":{"text":"l-laha","language_name":"english","language_id":38}},{"id":68269,"position":4,"audio_url":"wbw/006_091_004.mp3","qpc_uthmani_hafs":"حَقَّ","char_type_name":"word","page_number":139,"line_number":1,"text":"ﭔ","translation":{"text":"(with) true","language_name":"english","language_id":38},"transliteration":{"text":"ḥaqqa","language_name":"english","language_id":38}},{"id":68270,"position":5,"audio_url":"wbw/006_091_005.mp3","qpc_uthmani_hafs":"قَدۡرِهِۦٓ","char_type_name":"word","page_number":139,"line_number":1,"text":"ﭕ","translation":{"text":"[of his] appraisal","language_name":"english","language_id":38},"transliteration":{"text":"qadrihi","language_name":"english","language_id":38}},{"id":68271,"position":6,"audio_url":"wbw/006_091_006.mp3","qpc_uthmani_hafs":"إِذۡ","char_type_name":"word","page_number":139,"line_number":1,"text":"ﭖ","translation":{"text":"when","language_name":"english","language_id":38},"transliteration":{"text":"idh","language_name":"english","language_id":38}},{"id":68272,"position":7,"audio_url":"wbw/006_091_007.mp3","qpc_uthmani_hafs":"قَالُواْ","char_type_name":"word","page_number":139,"line_number":1,"text":"ﭗ","translation":{"text":"they said","language_name":"english","language_id":38},"transliteration":{"text":"qālū","language_name":"english","language_id":38}},{"id":68273,"position":8,"audio_url":"wbw/006_091_008.mp3","qpc_uthmani_hafs":"مَآ","char_type_name":"word","page_number":139,"line_number":1,"text":"ﭘ","translation":{"text":"Not","language_name":"english","language_id":38},"transliteration":{"text":"mā","language_name":"english","language_id":38}},{"id":68274,"position":9,"audio_url":"wbw/006_091_009.mp3","qpc_uthmani_hafs":"أَنزَلَ","char_type_name":"word","page_number":139,"line_number":1,"text":"ﭙ","translation":{"text":"revealed","language_name":"english","language_id":38},"transliteration":{"text":"anzala","language_name":"english","language_id":38}},{"id":68275,"position":10,"audio_url":"wbw/006_091_010.mp3","qpc_uthmani_hafs":"ٱللَّهُ","char_type_name":"word","page_number":139,"line_number":1,"text":"ﭚ","translation":{"text":"(by) Allah","language_name":"english","language_id":38},"transliteration":{"text":"l-lahu","language_name":"english","language_id":38}},{"id":68276,"position":11,"audio_url":"wbw/006_091_011.mp3","qpc_uthmani_hafs":"عَلَىٰ","char_type_name":"word","page_number":139,"line_number":1,"text":"ﭛ","translation":{"text":"on","language_name":"english","language_id":38},"transliteration":{"text":"ʿalā","language_name":"english","language_id":38}},{"id":68277,"position":12,"audio_url":"wbw/006_091_012.mp3","qpc_uthmani_hafs":"بَشَرٖ","char_type_name":"word","page_number":139,"line_number":1,"text":"ﭜ","translation":{"text":"a human being","language_name":"english","language_id":38},"transliteration":{"text":"basharin","language_name":"english","language_id":38}},{"id":68278,"position":13,"audio_url":"wbw/006_091_013.mp3","qpc_uthmani_hafs":"مِّن","char_type_name":"word","page_number":139,"line_number":1,"text":"ﭝ","translation":{"text":"[of]","language_name":"english","language_id":38},"transliteration":{"text":"min","language_name":"english","language_id":38}},{"id":68279,"position":14,"audio_url":"wbw/006_091_014.mp3","qpc_uthmani_hafs":"شَيۡءٖۗ","char_type_name":"word","page_number":139,"line_number":1,"text":"ﭞﭟ","translation":{"text":"anything","language_name":"english","language_id":38},"transliteration":{"text":"shayin","language_name":"english","language_id":38}},{"id":68281,"position":15,"audio_url":"wbw/006_091_016.mp3","qpc_uthmani_hafs":"قُلۡ","char_type_name":"word","page_number":139,"line_number":2,"text":"ﭠ","translation":{"text":"Say","language_name":"english","language_id":38},"transliteration":{"text":"qul","language_name":"english","language_id":38}},{"id":68282,"position":16,"audio_url":"wbw/006_091_017.mp3","qpc_uthmani_hafs":"مَنۡ","char_type_name":"word","page_number":139,"line_number":2,"text":"ﭡ","translation":{"text":"Who","language_name":"english","language_id":38},"transliteration":{"text":"man","language_name":"english","language_id":38}},{"id":68283,"position":17,"audio_url":"wbw/006_091_018.mp3","qpc_uthmani_hafs":"أَنزَلَ","char_type_name":"word","page_number":139,"line_number":2,"text":"ﭢ","translation":{"text":"revealed","language_name":"english","language_id":38},"transliteration":{"text":"anzala","language_name":"english","language_id":38}},{"id":68284,"position":18,"audio_url":"wbw/006_091_019.mp3","qpc_uthmani_hafs":"ٱلۡكِتَٰبَ","char_type_name":"word","page_number":139,"line_number":2,"text":"ﭣ","translation":{"text":"the Book","language_name":"english","language_id":38},"transliteration":{"text":"l-kitāba","language_name":"english","language_id":38}},{"id":68285,"position":19,"audio_url":"wbw/006_091_020.mp3","qpc_uthmani_hafs":"ٱلَّذِي","char_type_name":"word","page_number":139,"line_number":2,"text":"ﭤ","translation":{"text":"which","language_name":"english","language_id":38},"transliteration":{"text":"alladhī","language_name":"english","language_id":38}},{"id":68286,"position":20,"audio_url":"wbw/006_091_021.mp3","qpc_uthmani_hafs":"جَآءَ","char_type_name":"word","page_number":139,"line_number":2,"text":"ﭥ","translation":{"text":"brought","language_name":"english","language_id":38},"transliteration":{"text":"jāa","language_name":"english","language_id":38}},{"id":68287,"position":21,"audio_url":"wbw/006_091_022.mp3","qpc_uthmani_hafs":"بِهِۦ","char_type_name":"word","page_number":139,"line_number":2,"text":"ﭦ","translation":{"text":"[it]","language_name":"english","language_id":38},"transliteration":{"text":"bihi","language_name":"english","language_id":38}},{"id":68288,"position":22,"audio_url":"wbw/006_091_023.mp3","qpc_uthmani_hafs":"مُوسَىٰ","char_type_name":"word","page_number":139,"line_number":2,"text":"ﭧ","translation":{"text":"Musa","language_name":"english","language_id":38},"transliteration":{"text":"mūsā","language_name":"english","language_id":38}},{"id":68289,"position":23,"audio_url":"wbw/006_091_024.mp3","qpc_uthmani_hafs":"نُورٗا","char_type_name":"word","page_number":139,"line_number":2,"text":"ﭨ","translation":{"text":"(as) a light","language_name":"english","language_id":38},"transliteration":{"text":"nūran","language_name":"english","language_id":38}},{"id":68290,"position":24,"audio_url":"wbw/006_091_025.mp3","qpc_uthmani_hafs":"وَهُدٗى","char_type_name":"word","page_number":139,"line_number":2,"text":"ﭩ","translation":{"text":"and guidance","language_name":"english","language_id":38},"transliteration":{"text":"wahudan","language_name":"english","language_id":38}},{"id":68291,"position":25,"audio_url":"wbw/006_091_026.mp3","qpc_uthmani_hafs":"لِّلنَّاسِۖ","char_type_name":"word","page_number":139,"line_number":2,"text":"ﭪﭫ","translation":{"text":"for the people","language_name":"english","language_id":38},"transliteration":{"text":"lilnnāsi","language_name":"english","language_id":38}},{"id":68293,"position":26,"audio_url":"wbw/006_091_028.mp3","qpc_uthmani_hafs":"تَجۡعَلُونَهُۥ","char_type_name":"word","page_number":139,"line_number":3,"text":"ﭬ","translation":{"text":"You make it","language_name":"english","language_id":38},"transliteration":{"text":"tajʿalūnahu","language_name":"english","language_id":38}},{"id":68294,"position":27,"audio_url":"wbw/006_091_029.mp3","qpc_uthmani_hafs":"قَرَاطِيسَ","char_type_name":"word","page_number":139,"line_number":3,"text":"ﭭ","translation":{"text":"(into) parchments","language_name":"english","language_id":38},"transliteration":{"text":"qarāṭīsa","language_name":"english","language_id":38}},{"id":68295,"position":28,"audio_url":"wbw/006_091_030.mp3","qpc_uthmani_hafs":"تُبۡدُونَهَا","char_type_name":"word","page_number":139,"line_number":3,"text":"ﭮ","translation":{"text":"you disclose (some of) it","language_name":"english","language_id":38},"transliteration":{"text":"tub'dūnahā","language_name":"english","language_id":38}},{"id":68296,"position":29,"audio_url":"wbw/006_091_031.mp3","qpc_uthmani_hafs":"وَتُخۡفُونَ","char_type_name":"word","page_number":139,"line_number":3,"text":"ﭯ","translation":{"text":"and you conceal","language_name":"english","language_id":38},"transliteration":{"text":"watukh'fūna","language_name":"english","language_id":38}},{"id":68297,"position":30,"audio_url":"wbw/006_091_032.mp3","qpc_uthmani_hafs":"كَثِيرٗاۖ","char_type_name":"word","page_number":139,"line_number":3,"text":"ﭰﭱ","translation":{"text":"much (of it)","language_name":"english","language_id":38},"transliteration":{"text":"kathīran","language_name":"english","language_id":38}},{"id":68299,"position":31,"audio_url":"wbw/006_091_034.mp3","qpc_uthmani_hafs":"وَعُلِّمۡتُم","char_type_name":"word","page_number":139,"line_number":3,"text":"ﭲ","translation":{"text":"And you were taught","language_name":"english","language_id":38},"transliteration":{"text":"waʿullim'tum","language_name":"english","language_id":38}},{"id":68300,"position":32,"audio_url":"wbw/006_091_035.mp3","qpc_uthmani_hafs":"مَّا","char_type_name":"word","page_number":139,"line_number":3,"text":"ﭳ","translation":{"text":"what","language_name":"english","language_id":38},"transliteration":{"text":"mā","language_name":"english","language_id":38}},{"id":68301,"position":33,"audio_url":"wbw/006_091_036.mp3","qpc_uthmani_hafs":"لَمۡ","char_type_name":"word","page_number":139,"line_number":3,"text":"ﭴ","translation":{"text":"not","language_name":"english","language_id":38},"transliteration":{"text":"lam","language_name":"english","language_id":38}},{"id":68302,"position":34,"audio_url":"wbw/006_091_037.mp3","qpc_uthmani_hafs":"تَعۡلَمُوٓاْ","char_type_name":"word","page_number":139,"line_number":3,"text":"ﭵ","translation":{"text":"knew","language_name":"english","language_id":38},"transliteration":{"text":"taʿlamū","language_name":"english","language_id":38}},{"id":68303,"position":35,"audio_url":"wbw/006_091_038.mp3","qpc_uthmani_hafs":"أَنتُمۡ","char_type_name":"word","page_number":139,"line_number":4,"text":"ﭶ","translation":{"text":"you","language_name":"english","language_id":38},"transliteration":{"text":"antum","language_name":"english","language_id":38}},{"id":68304,"position":36,"audio_url":"wbw/006_091_039.mp3","qpc_uthmani_hafs":"وَلَآ","char_type_name":"word","page_number":139,"line_number":4,"text":"ﭷ","translation":{"text":"and not","language_name":"english","language_id":38},"transliteration":{"text":"walā","language_name":"english","language_id":38}},{"id":68305,"position":37,"audio_url":"wbw/006_091_040.mp3","qpc_uthmani_hafs":"ءَابَآؤُكُمۡۖ","char_type_name":"word","page_number":139,"line_number":4,"text":"ﭸﭹ","translation":{"text":"your forefathers","language_name":"english","language_id":38},"transliteration":{"text":"ābāukum","language_name":"english","language_id":38}},{"id":68307,"position":38,"audio_url":"wbw/006_091_042.mp3","qpc_uthmani_hafs":"قُلِ","char_type_name":"word","page_number":139,"line_number":4,"text":"ﭺ","translation":{"text":"Say","language_name":"english","language_id":38},"transliteration":{"text":"quli","language_name":"english","language_id":38}},{"id":68308,"position":39,"audio_url":"wbw/006_091_043.mp3","qpc_uthmani_hafs":"ٱللَّهُۖ","char_type_name":"word","page_number":139,"line_number":4,"text":"ﭻﭼ","translation":{"text":"Allah (revealed it)","language_name":"english","language_id":38},"transliteration":{"text":"l-lahu","language_name":"english","language_id":38}},{"id":68310,"position":40,"audio_url":"wbw/006_091_045.mp3","qpc_uthmani_hafs":"ثُمَّ","char_type_name":"word","page_number":139,"line_number":4,"text":"ﭽ","translation":{"text":"Then","language_name":"english","language_id":38},"transliteration":{"text":"thumma","language_name":"english","language_id":38}},{"id":68311,"position":41,"audio_url":"wbw/006_091_046.mp3","qpc_uthmani_hafs":"ذَرۡهُمۡ","char_type_name":"word","page_number":139,"line_number":4,"text":"ﭾ","translation":{"text":"leave them","language_name":"english","language_id":38},"transliteration":{"text":"dharhum","language_name":"english","language_id":38}},{"id":68312,"position":42,"audio_url":"wbw/006_091_047.mp3","qpc_uthmani_hafs":"فِي","char_type_name":"word","page_number":139,"line_number":4,"text":"ﭿ","translation":{"text":"in","language_name":"english","language_id":38},"transliteration":{"text":"fī","language_name":"english","language_id":38}},{"id":68313,"position":43,"audio_url":"wbw/006_091_048.mp3","qpc_uthmani_hafs":"خَوۡضِهِمۡ","char_type_name":"word","page_number":139,"line_number":4,"text":"ﮀ","translation":{"text":"their discourse ","language_name":"english","language_id":38},"transliteration":{"text":"khawḍihim","language_name":"english","language_id":38}},{"id":68314,"position":44,"audio_url":"wbw/006_091_049.mp3","qpc_uthmani_hafs":"يَلۡعَبُونَ","char_type_name":"word","page_number":139,"line_number":4,"text":"ﮁ","translation":{"text":"playing","language_name":"english","language_id":38},"transliteration":{"text":"yalʿabūna","language_name":"english","language_id":38}},{"id":68315,"position":45,"audio_url":null,"qpc_uthmani_hafs":"٩١","char_type_name":"end","page_number":139,"line_number":4,"text":"ﮂ","translation":{"text":"(91)","language_name":"english","language_id":38},"transliteration":{"text":null,"language_name":"english","language_id":38}}],"translations":[{"id":917309,"resource_id":134,"text":"Dan mereka tidak menghormati Allah dengan penghormatan yang semestinya di kala mereka berkata, \"Allah tidak menurunkan sesuatu pun kepada manusia\".  Katakanlah, \"Siapakah yang menurunkan kitab (Taurat) yang dibawa oleh Musa sebagai cahaya dan petunjuk bagi manusia; kamu jadikan kitab itu lembaran-lembaran kertas yang bercerai-berai, kamu perlihatkan (sebagiannya) dan kamu sembunyikan sebagian besarnya, padahal telah diajarkan kepadamu apa yang kamu dan bapak-bapak kamu tidak mengetahui(nya)?\" Katakanlah, \"Allah-lah (yang menurunkannya)\", kemudian (sesudah kamu menyampaikan Al-Qur`ān kepada mereka), biarkanlah mereka bermain-main dalam kesesatannya<sup foot_note=210261>1</sup>."}]},{"id":881,"verse_number":92,"verse_key":"6:92","juz_number":7,"hizb_number":14,"rub_el_hizb_number":55,"ruku_number":112,"manzil_number":2,"sajdah_number":null,"text_uthmani":"وَهَـٰذَا كِتَـٰبٌ أَنزَلْنَـٰهُ مُبَارَكٌ مُّصَدِّقُ ٱلَّذِى بَيْنَ يَدَيْهِ وَلِتُنذِرَ أُمَّ ٱلْقُرَىٰ وَمَنْ حَوْلَهَا ۚ وَٱلَّذِينَ يُؤْمِنُونَ بِٱلْـَٔاخِرَةِ يُؤْمِنُونَ بِهِۦ ۖ وَهُمْ عَلَىٰ صَلَاتِهِمْ يُحَافِظُونَ","page_number":139,"words":[{"id":68622,"position":1,"audio_url":"wbw/006_092_001.mp3","qpc_uthmani_hafs":"وَهَٰذَا","char_type_name":"word","page_number":139,"line_number":5,"text":"ﮃ","translation":{"text":"And this","language_name":"english","language_id":38},"transliteration":{"text":"wahādhā","language_name":"english","language_id":38}},{"id":68623,"position":2,"audio_url":"wbw/006_092_002.mp3","qpc_uthmani_hafs":"كِتَٰبٌ","char_type_name":"word","page_number":139,"line_number":5,"text":"ﮄ","translation":{"text":"(is) a Book","language_name":"english","language_id":38},"transliteration":{"text":"kitābun","language_name":"english","language_id":38}},{"id":68624,"position":3,"audio_url":"wbw/006_092_003.mp3","qpc_uthmani_hafs":"أَنزَلۡنَٰهُ","char_type_name":"word","page_number":139,"line_number":5,"text":"ﮅ","translation":{"text":"We have revealed it","language_name":"english","language_id":38},"transliteration":{"text":"anzalnāhu","language_name":"english","language_id":38}},{"id":68625,"position":4,"audio_url":"wbw/006_092_004.mp3","qpc_uthmani_hafs":"مُبَارَكٞ","char_type_name":"word","page_number":139,"line_number":5,"text":"ﮆ","translation":{"text":"blessed","language_name":"english","language_id":38},"transliteration":{"text":"mubārakun","language_name":"english","language_id":38}},{"id":68626,"position":5,"audio_url":"wbw/006_092_005.mp3","qpc_uthmani_hafs":"مُّصَدِّقُ","char_type_name":"word","page_number":139,"line_number":5,"text":"ﮇ","translation":{"text":"confirming","language_name":"english","language_id":38},"transliteration":{"text":"muṣaddiqu","language_name":"english","language_id":38}},{"id":68627,"position":6,"audio_url":"wbw/006_092_006.mp3","qpc_uthmani_hafs":"ٱلَّذِي","char_type_name":"word","page_number":139,"line_number":5,"text":"ﮈ","translation":{"text":"which","language_name":"english","language_id":38},"transliteration":{"text":"alladhī","language_name":"english","language_id":38}},{"id":68628,"position":7,"audio_url":"wbw/006_092_007.mp3","qpc_uthmani_hafs":"بَيۡنَ","char_type_name":"word","page_number":139,"line_number":5,"text":"ﮉ","translation":{"text":"(came) before","language_name":"english","language_id":38},"transliteration":{"text":"bayna","language_name":"english","language_id":38}},{"id":68629,"position":8,"audio_url":"wbw/006_092_008.mp3","qpc_uthmani_hafs":"يَدَيۡهِ","char_type_name":"word","page_number":139,"line_number":5,"text":"ﮊ","translation":{"text":"its hands","language_name":"english","language_id":38},"transliteration":{"text":"yadayhi","language_name":"english","language_id":38}},{"id":68630,"position":9,"audio_url":"wbw/006_092_009.mp3","qpc_uthmani_hafs":"وَلِتُنذِرَ","char_type_name":"word","page_number":139,"line_number":5,"text":"ﮋ","translation":{"text":"so that you may warn","language_name":"english","language_id":38},"transliteration":{"text":"walitundhira","language_name":"english","language_id":38}},{"id":68631,"position":10,"audio_url":"wbw/006_092_010.mp3","qpc_uthmani_hafs":"أُمَّ","char_type_name":"word","page_number":139,"line_number":6,"text":"ﮌ","translation":{"text":"(the) mother","language_name":"english","language_id":38},"transliteration":{"text":"umma","language_name":"english","language_id":38}},{"id":68632,"position":11,"audio_url":"wbw/006_092_011.mp3","qpc_uthmani_hafs":"ٱلۡقُرَىٰ","char_type_name":"word","page_number":139,"line_number":6,"text":"ﮍ","translation":{"text":"(of) the cities","language_name":"english","language_id":38},"transliteration":{"text":"l-qurā","language_name":"english","language_id":38}},{"id":68633,"position":12,"audio_url":"wbw/006_092_012.mp3","qpc_uthmani_hafs":"وَمَنۡ","char_type_name":"word","page_number":139,"line_number":6,"text":"ﮎ","translation":{"text":"and who","language_name":"english","language_id":38},"transliteration":{"text":"waman","language_name":"english","language_id":38}},{"id":68634,"position":13,"audio_url":"wbw/006_092_013.mp3","qpc_uthmani_hafs":"حَوۡلَهَاۚ","char_type_name":"word","page_number":139,"line_number":6,"text":"ﮏﮐ","translation":{"text":"(are) around it","language_name":"english","language_id":38},"transliteration":{"text":"ḥawlahā","language_name":"english","language_id":38}},{"id":68636,"position":14,"audio_url":"wbw/006_092_015.mp3","qpc_uthmani_hafs":"وَٱلَّذِينَ","char_type_name":"word","page_number":139,"line_number":6,"text":"ﮑ","translation":{"text":"And those who","language_name":"english","language_id":38},"transliteration":{"text":"wa-alladhīna","language_name":"english","language_id":38}},{"id":68637,"position":15,"audio_url":"wbw/006_092_016.mp3","qpc_uthmani_hafs":"يُؤۡمِنُونَ","char_type_name":"word","page_number":139,"line_number":6,"text":"ﮒ","translation":{"text":"believe","language_name":"english","language_id":38},"transliteration":{"text":"yu'minūna","language_name":"english","language_id":38}},{"id":68638,"position":16,"audio_url":"wbw/006_092_017.mp3","qpc_uthmani_hafs":"بِٱلۡأٓخِرَةِ","char_type_name":"word","page_number":139,"line_number":6,"text":"ﮓ","translation":{"text":"in the Hereafter","language_name":"english","language_id":38},"transliteration":{"text":"bil-ākhirati","language_name":"english","language_id":38}},{"id":68639,"position":17,"audio_url":"wbw/006_092_018.mp3","qpc_uthmani_hafs":"يُؤۡمِنُونَ","char_type_name":"word","page_number":139,"line_number":6,"text":"ﮔ","translation":{"text":"they believe","language_name":"english","language_id":38},"transliteration":{"text":"yu'minūna","language_name":"english","language_id":38}},{"id":68640,"position":18,"audio_url":"wbw/006_092_019.mp3","qpc_uthmani_hafs":"بِهِۦۖ","char_type_name":"word","page_number":139,"line_number":6,"text":"ﮕﮖ","translation":{"text":"in it","language_name":"english","language_id":38},"transliteration":{"text":"bihi","language_name":"english","language_id":38}},{"id":68642,"position":19,"audio_url":"wbw/006_092_021.mp3","qpc_uthmani_hafs":"وَهُمۡ","char_type_name":"word","page_number":139,"line_number":7,"text":"ﮗ","translation":{"text":"and they","language_name":"english","language_id":38},"transliteration":{"text":"wahum","language_name":"english","language_id":38}},{"id":68643,"position":20,"audio_url":"wbw/006_092_022.mp3","qpc_uthmani_hafs":"عَلَىٰ","char_type_name":"word","page_number":139,"line_number":7,"text":"ﮘ","translation":{"text":"over","language_name":"english","language_id":38},"transliteration":{"text":"ʿalā","language_name":"english","language_id":38}},{"id":68644,"position":21,"audio_url":"wbw/006_092_023.mp3","qpc_uthmani_hafs":"صَلَاتِهِمۡ","char_type_name":"word","page_number":139,"line_number":7,"text":"ﮙ","translation":{"text":"their prayers","language_name":"english","language_id":38},"transliteration":{"text":"ṣalātihim","language_name":"english","language_id":38}},{"id":68645,"position":22,"audio_url":"wbw/006_092_024.mp3","qpc_uthmani_hafs":"يُحَافِظُونَ","char_type_name":"word","page_number":139,"line_number":7,"text":"ﮚ","translation":{"text":"(are) guarding","language_name":"english","language_id":38},"transliteration":{"text":"yuḥāfiẓūna","language_name":"english","language_id":38}},{"id":68646,"position":23,"audio_url":null,"qpc_uthmani_hafs":"٩٢","char_type_name":"end","page_number":139,"line_number":7,"text":"ﮛ","translation":{"text":"(92)","language_name":"english","language_id":38},"transliteration":{"text":null,"language_name":"english","language_id":38}}],"translations":[{"id":917310,"resource_id":134,"text":"Dan ini (Al-Qur`ān) adalah kitab yang telah Kami turunkan yang diberkahi; membenarkan kitab-kitab yang (diturunkan) sebelumnya<sup foot_note=210262>1</sup> dan agar kamu memberi peringatan kepada (penduduk) Ummul Qurā (Mekah) dan orang-orang yang di luar lingkungannya.  Orang-orang yang beriman kepada adanya kehidupan akhirat tentu beriman kepadanya (Al-Qur`ān) dan mereka selalu memelihara salatnya."}]},{"id":882,"verse_number":93,"verse_key":"6:93","juz_number":7,"hizb_number":14,"rub_el_hizb_number":55,"ruku_number":112,"manzil_number":2,"sajdah_number":null,"text_uthmani":"وَمَنْ أَظْلَمُ مِمَّنِ ٱفْتَرَىٰ عَلَى ٱللَّهِ كَذِبًا أَوْ قَالَ أُوحِىَ إِلَىَّ وَلَمْ يُوحَ إِلَيْهِ شَىْءٌ وَمَن قَالَ سَأُنزِلُ مِثْلَ مَآ أَنزَلَ ٱللَّهُ ۗ وَلَوْ تَرَىٰٓ إِذِ ٱلظَّـٰلِمُونَ فِى غَمَرَٰتِ ٱلْمَوْتِ وَٱلْمَلَـٰٓئِكَةُ بَاسِطُوٓا۟ أَيْدِيهِمْ أَخْرِجُوٓا۟ أَنفُسَكُمُ ۖ ٱلْيَوْمَ تُجْزَوْنَ عَذَابَ ٱلْهُونِ بِمَا كُنتُمْ تَقُولُونَ عَلَى ٱللَّهِ غَيْرَ ٱلْحَقِّ وَكُنتُمْ عَنْ ءَايَـٰتِهِۦ تَسْتَكْبِرُونَ","page_number":139,"words":[{"id":69018,"position":1,"audio_url":"wbw/006_093_001.mp3","qpc_uthmani_hafs":"وَمَنۡ","char_type_name":"word","page_number":139,"line_number":7,"text":"ﮜ","translation":{"text":"And who","language_name":"english","language_id":38},"transliteration":{"text":"waman","language_name":"english","language_id":38}},{"id":69019,"position":2,"audio_url":"wbw/006_093_002.mp3","qpc_uthmani_hafs":"أَظۡلَمُ","char_type_name":"word","page_number":139,"line_number":7,"text":"ﮝ","translation":{"text":"(is) more unjust","language_name":"english","language_id":38},"transliteration":{"text":"aẓlamu","language_name":"english","language_id":38}},{"id":69020,"position":3,"audio_url":"wbw/006_093_003.mp3","qpc_uthmani_hafs":"مِمَّنِ","char_type_name":"word","page_number":139,"line_number":7,"text":"ﮞ","translation":{"text":"than (one) who","language_name":"english","language_id":38},"transliteration":{"text":"mimmani","language_name":"english","language_id":38}},{"id":69021,"position":4,"audio_url":"wbw/006_093_004.mp3","qpc_uthmani_hafs":"ٱفۡتَرَىٰ","char_type_name":"word","page_number":139,"line_number":7,"text":"ﮟ","translation":{"text":"invents","language_name":"english","language_id":38},"transliteration":{"text":"if'tarā","language_name":"english","language_id":38}},{"id":69022,"position":5,"audio_url":"wbw/006_093_005.mp3","qpc_uthmani_hafs":"عَلَى","char_type_name":"word","page_number":139,"line_number":7,"text":"ﮠ","translation":{"text":"about","language_name":"english","language_id":38},"transliteration":{"text":"ʿalā","language_name":"english","language_id":38}},{"id":69023,"position":6,"audio_url":"wbw/006_093_006.mp3","qpc_uthmani_hafs":"ٱللَّهِ","char_type_name":"word","page_number":139,"line_number":8,"text":"ﮡ","translation":{"text":"Allah","language_name":"english","language_id":38},"transliteration":{"text":"l-lahi","language_name":"english","language_id":38}},{"id":69024,"position":7,"audio_url":"wbw/006_093_007.mp3","qpc_uthmani_hafs":"كَذِبًا","char_type_name":"word","page_number":139,"line_number":8,"text":"ﮢ","translation":{"text":"a lie","language_name":"english","language_id":38},"transliteration":{"text":"kadhiban","language_name":"english","language_id":38}},{"id":69025,"position":8,"audio_url":"wbw/006_093_008.mp3","qpc_uthmani_hafs":"أَوۡ","char_type_name":"word","page_number":139,"line_number":8,"text":"ﮣ","translation":{"text":"or","language_name":"english","language_id":38},"transliteration":{"text":"aw","language_name":"english","language_id":38}},{"id":69026,"position":9,"audio_url":"wbw/006_093_009.mp3","qpc_uthmani_hafs":"قَالَ","char_type_name":"word","page_number":139,"line_number":8,"text":"ﮤ","translation":{"text":"said","language_name":"english","language_id":38},"transliteration":{"text":"qāla","language_name":"english","language_id":38}},{"id":69027,"position":10,"audio_url":"wbw/006_093_010.mp3","qpc_uthmani_hafs":"أُوحِيَ","char_type_name":"word","page_number":139,"line_number":8,"text":"ﮥ","translation":{"text":"It has been inspired","language_name":"english","language_id":38},"transliteration":{"text":"ūḥiya","language_name":"english","language_id":38}},{"id":69028,"position":11,"audio_url":"wbw/006_093_011.mp3","qpc_uthmani_hafs":"إِلَيَّ","char_type_name":"word","page_number":139,"line_number":8,"text":"ﮦ","translation":{"text":"to me","language_name":"english","language_id":38},"transliteration":{"text":"ilayya","language_name":"english","language_id":38}},{"id":69029,"position":12,"audio_url":"wbw/006_093_012.mp3","qpc_uthmani_hafs":"وَلَمۡ","char_type_name":"word","page_number":139,"line_number":8,"text":"ﮧ","translation":{"text":"while not","language_name":"english","language_id":38},"transliteration":{"text":"walam","language_name":"english","language_id":38}},{"id":69030,"position":13,"audio_url":"wbw/006_093_013.mp3","qpc_uthmani_hafs":"يُوحَ","char_type_name":"word","page_number":139,"line_number":8,"text":"ﮨ","translation":{"text":"it was inspired","language_name":"english","language_id":38},"transliteration":{"text":"yūḥa","language_name":"english","language_id":38}},{"id":69031,"position":14,"audio_url":"wbw/006_093_014.mp3","qpc_uthmani_hafs":"إِلَيۡهِ","char_type_name":"word","page_number":139,"line_number":8,"text":"ﮩ","translation":{"text":"to him","language_name":"english","language_id":38},"transliteration":{"text":"ilayhi","language_name":"english","language_id":38}},{"id":69032,"position":15,"audio_url":"wbw/006_093_015.mp3","qpc_uthmani_hafs":"شَيۡءٞ","char_type_name":"word","page_number":139,"line_number":8,"text":"ﮪ","translation":{"text":"anything","language_name":"english","language_id":38},"transliteration":{"text":"shayon","language_name":"english","language_id":38}},{"id":69033,"position":16,"audio_url":"wbw/006_093_016.mp3","qpc_uthmani_hafs":"وَمَن","char_type_name":"word","page_number":139,"line_number":8,"text":"ﮫ","translation":{"text":"and (one) who","language_name":"english","language_id":38},"transliteration":{"text":"waman","language_name":"english","language_id":38}},{"id":69034,"position":17,"audio_url":"wbw/006_093_017.mp3","qpc_uthmani_hafs":"قَالَ","char_type_name":"word","page_number":139,"line_number":8,"text":"ﮬ","translation":{"text":"said","language_name":"english","language_id":38},"transliteration":{"text":"qāla","language_name":"english","language_id":38}},{"id":69035,"position":18,"audio_url":"wbw/006_093_018.mp3","qpc_uthmani_hafs":"سَأُنزِلُ","char_type_name":"word","page_number":139,"line_number":8,"text":"ﮭ","translation":{"text":"I will reveal","language_name":"english","language_id":38},"transliteration":{"text":"sa-unzilu","language_name":"english","language_id":38}},{"id":69036,"position":19,"audio_url":"wbw/006_093_019.mp3","qpc_uthmani_hafs":"مِثۡلَ","char_type_name":"word","page_number":139,"line_number":9,"text":"ﮮ","translation":{"text":"like","language_name":"english","language_id":38},"transliteration":{"text":"mith'la","language_name":"english","language_id":38}},{"id":69037,"position":20,"audio_url":"wbw/006_093_020.mp3","qpc_uthmani_hafs":"مَآ","char_type_name":"word","page_number":139,"line_number":9,"text":"ﮯ","translation":{"text":"what","language_name":"english","language_id":38},"transliteration":{"text":"mā","language_name":"english","language_id":38}},{"id":69038,"position":21,"audio_url":"wbw/006_093_021.mp3","qpc_uthmani_hafs":"أَنزَلَ","char_type_name":"word","page_number":139,"line_number":9,"text":"ﮰ","translation":{"text":"(has been) revealed","language_name":"english","language_id":38},"transliteration":{"text":"anzala","language_name":"english","language_id":38}},{"id":69039,"position":22,"audio_url":"wbw/006_093_022.mp3","qpc_uthmani_hafs":"ٱللَّهُۗ","char_type_name":"word","page_number":139,"line_number":9,"text":"ﮱﯓ","translation":{"text":"(by) Allah","language_name":"english","language_id":38},"transliteration":{"text":"l-lahu","language_name":"english","language_id":38}},{"id":69041,"position":23,"audio_url":"wbw/006_093_024.mp3","qpc_uthmani_hafs":"وَلَوۡ","char_type_name":"word","page_number":139,"line_number":9,"text":"ﯔ","translation":{"text":"And if","language_name":"english","language_id":38},"transliteration":{"text":"walaw","language_name":"english","language_id":38}},{"id":69042,"position":24,"audio_url":"wbw/006_093_025.mp3","qpc_uthmani_hafs":"تَرَىٰٓ","char_type_name":"word","page_number":139,"line_number":9,"text":"ﯕ","translation":{"text":"you (could) see","language_name":"english","language_id":38},"transliteration":{"text":"tarā","language_name":"english","language_id":38}},{"id":69043,"position":25,"audio_url":"wbw/006_093_026.mp3","qpc_uthmani_hafs":"إِذِ","char_type_name":"word","page_number":139,"line_number":9,"text":"ﯖ","translation":{"text":"when","language_name":"english","language_id":38},"transliteration":{"text":"idhi","language_name":"english","language_id":38}},{"id":69044,"position":26,"audio_url":"wbw/006_093_027.mp3","qpc_uthmani_hafs":"ٱلظَّٰلِمُونَ","char_type_name":"word","page_number":139,"line_number":9,"text":"ﯗ","translation":{"text":"the wrongdoers","language_name":"english","language_id":38},"transliteration":{"text":"l-ẓālimūna","language_name":"english","language_id":38}},{"id":69045,"position":27,"audio_url":"wbw/006_093_028.mp3","qpc_uthmani_hafs":"فِي","char_type_name":"word","page_number":139,"line_number":9,"text":"ﯘ","translation":{"text":"(are) in","language_name":"english","language_id":38},"transliteration":{"text":"fī","language_name":"english","language_id":38}},{"id":69046,"position":28,"audio_url":"wbw/006_093_029.mp3","qpc_uthmani_hafs":"غَمَرَٰتِ","char_type_name":"word","page_number":139,"line_number":9,"text":"ﯙ","translation":{"text":"agonies","language_name":"english","language_id":38},"transliteration":{"text":"ghamarāti","language_name":"english","language_id":38}},{"id":69047,"position":29,"audio_url":"wbw/006_093_030.mp3","qpc_uthmani_hafs":"ٱلۡمَوۡتِ","char_type_name":"word","page_number":139,"line_number":9,"text":"ﯚ","translation":{"text":"(of) [the] death","language_name":"english","language_id":38},"transliteration":{"text":"l-mawti","language_name":"english","language_id":38}},{"id":69048,"position":30,"audio_url":"wbw/006_093_031.mp3","qpc_uthmani_hafs":"وَٱلۡمَلَٰٓئِكَةُ","char_type_name":"word","page_number":139,"line_number":10,"text":"ﯛ","translation":{"text":"while the Angels","language_name":"english","language_id":38},"transliteration":{"text":"wal-malāikatu","language_name":"english","language_id":38}},{"id":69049,"position":31,"audio_url":"wbw/006_093_032.mp3","qpc_uthmani_hafs":"بَاسِطُوٓاْ","char_type_name":"word","page_number":139,"line_number":10,"text":"ﯜ","translation":{"text":"(are) stretching out","language_name":"english","language_id":38},"transliteration":{"text":"bāsiṭū","language_name":"english","language_id":38}},{"id":69050,"position":32,"audio_url":"wbw/006_093_033.mp3","qpc_uthmani_hafs":"أَيۡدِيهِمۡ","char_type_name":"word","page_number":139,"line_number":10,"text":"ﯝ","translation":{"text":"their hands (saying)","language_name":"english","language_id":38},"transliteration":{"text":"aydīhim","language_name":"english","language_id":38}},{"id":69051,"position":33,"audio_url":"wbw/006_093_034.mp3","qpc_uthmani_hafs":"أَخۡرِجُوٓاْ","char_type_name":"word","page_number":139,"line_number":10,"text":"ﯞ","translation":{"text":"Discharge","language_name":"english","language_id":38},"transliteration":{"text":"akhrijū","language_name":"english","language_id":38}},{"id":69052,"position":34,"audio_url":"wbw/006_093_035.mp3","qpc_uthmani_hafs":"أَنفُسَكُمُۖ","char_type_name":"word","page_number":139,"line_number":10,"text":"ﯟﯠ","translation":{"text":"your souls","language_name":"english","language_id":38},"transliteration":{"text":"anfusakumu","language_name":"english","language_id":38}},{"id":69054,"position":35,"audio_url":"wbw/006_093_037.mp3","qpc_uthmani_hafs":"ٱلۡيَوۡمَ","char_type_name":"word","page_number":139,"line_number":10,"text":"ﯡ","translation":{"text":"Today","language_name":"english","language_id":38},"transliteration":{"text":"l-yawma","language_name":"english","language_id":38}},{"id":69055,"position":36,"audio_url":"wbw/006_093_038.mp3","qpc_uthmani_hafs":"تُجۡزَوۡنَ","char_type_name":"word","page_number":139,"line_number":11,"text":"ﯢ","translation":{"text":"you will be recompensed","language_name":"english","language_id":38},"transliteration":{"text":"tuj'zawna","language_name":"english","language_id":38}},{"id":69056,"position":37,"audio_url":"wbw/006_093_039.mp3","qpc_uthmani_hafs":"عَذَابَ","char_type_name":"word","page_number":139,"line_number":11,"text":"ﯣ","translation":{"text":"(with) punishment","language_name":"english","language_id":38},"transliteration":{"text":"ʿadhāba","language_name":"english","language_id":38}},{"id":69057,"position":38,"audio_url":"wbw/006_093_040.mp3","qpc_uthmani_hafs":"ٱلۡهُونِ","char_type_name":"word","page_number":139,"line_number":11,"text":"ﯤ","translation":{"text":"humiliating","language_name":"english","language_id":38},"transliteration":{"text":"l-hūni","language_name":"english","language_id":38}},{"id":69058,"position":39,"audio_url":"wbw/006_093_041.mp3","qpc_uthmani_hafs":"بِمَا","char_type_name":"word","page_number":139,"line_number":11,"text":"ﯥ","translation":{"text":"because","language_name":"english","language_id":38},"transliteration":{"text":"bimā","language_name":"english","language_id":38}},{"id":69059,"position":40,"audio_url":"wbw/006_093_042.mp3","qpc_uthmani_hafs":"كُنتُمۡ","char_type_name":"word","page_number":139,"line_number":11,"text":"ﯦ","translation":{"text":"you used to","language_name":"english","language_id":38},"transliteration":{"text":"kuntum","language_name":"english","language_id":38}},{"id":69060,"position":41,"audio_url":"wbw/006_093_043.mp3","qpc_uthmani_hafs":"تَقُولُونَ","char_type_name":"word","page_number":139,"line_number":11,"text":"ﯧ","translation":{"text":"say","language_name":"english","language_id":38},"transliteration":{"text":"taqūlūna","language_name":"english","language_id":38}},{"id":69061,"position":42,"audio_url":"wbw/006_093_044.mp3","qpc_uthmani_hafs":"عَلَى","char_type_name":"word","page_number":139,"line_number":11,"text":"ﯨ","translation":{"text":"against","language_name":"english","language_id":38},"transliteration":{"text":"ʿalā","language_name":"english","language_id":38}},{"id":69062,"position":43,"audio_url":"wbw/006_093_045.mp3","qpc_uthmani_hafs":"ٱللَّهِ","char_type_name":"word","page_number":139,"line_number":11,"text":"ﯩ","translation":{"text":"Allah","language_name":"english","language_id":38},"transliteration":{"text":"l-lahi","language_name":"english","language_id":38}},{"id":69063,"position":44,"audio_url":"wbw/006_093_046.mp3","qpc_uthmani_hafs":"غَيۡرَ","char_type_name":"word","page_number":139,"line_number":11,"text":"ﯪ","translation":{"text":"other than","language_name":"english","language_id":38},"transliteration":{"text":"ghayra","language_name":"english","language_id":38}},{"id":69064,"position":45,"audio_url":"wbw/006_093_047.mp3","qpc_uthmani_hafs":"ٱلۡحَقِّ","char_type_name":"word","page_number":139,"line_number":11,"text":"ﯫ","translation":{"text":"the truth","language_name":"english","language_id":38},"transliteration":{"text":"l-ḥaqi","language_name":"english","language_id":38}},{"id":69065,"position":46,"audio_url":"wbw/006_093_048.mp3","qpc_uthmani_hafs":"وَكُنتُمۡ","char_type_name":"word","page_number":139,"line_number":12,"text":"ﯬ","translation":{"text":"and you were","language_name":"english","language_id":38},"transliteration":{"text":"wakuntum","language_name":"english","language_id":38}},{"id":69066,"position":47,"audio_url":"wbw/006_093_049.mp3","qpc_uthmani_hafs":"عَنۡ","char_type_name":"word","page_number":139,"line_number":12,"text":"ﯭ","translation":{"text":"towards","language_name":"english","language_id":38},"transliteration":{"text":"ʿan","language_name":"english","language_id":38}},{"id":69067,"position":48,"audio_url":"wbw/006_093_050.mp3","qpc_uthmani_hafs":"ءَايَٰتِهِۦ","char_type_name":"word","page_number":139,"line_number":12,"text":"ﯮ","translation":{"text":"His Verses","language_name":"english","language_id":38},"transliteration":{"text":"āyātihi","language_name":"english","language_id":38}},{"id":69068,"position":49,"audio_url":"wbw/006_093_051.mp3","qpc_uthmani_hafs":"تَسۡتَكۡبِرُونَ","char_type_name":"word","page_number":139,"line_number":12,"text":"ﯯ","translation":{"text":"being arrogant","language_name":"english","language_id":38},"transliteration":{"text":"tastakbirūna","language_name":"english","language_id":38}},{"id":69069,"position":50,"audio_url":null,"qpc_uthmani_hafs":"٩٣","char_type_name":"end","page_number":139,"line_number":12,"text":"ﯰ","translation":{"text":"(93)","language_name":"english","language_id":38},"transliteration":{"text":null,"language_name":"english","language_id":38}}],"translations":[{"id":917311,"resource_id":134,"text":"Dan siapakah yang lebih zalim daripada orang yang membuat kedustaan terhadap Allah atau yang berkata, \"Telah diwahyukan kepada saya\", padahal tidak ada diwahyukan sesuatu pun kepadanya, dan orang yang berkata, \"Saya akan menurunkan seperti apa yang diturunkan Allah\".  Alangkah dahsyatnya sekiranya kamu melihat di waktu orang-orang yang zalim berada (dalam) tekanan sakratulmaut, sedang para malaikat memukul dengan tangannya, (sambil berkata), \"Keluarkanlah nyawamu\".  Di hari ini, kamu dibalas dengan siksa yang sangat menghinakan, karena kamu selalu mengatakan terhadap Allah (perkataan) yang tidak benar dan (karena) kamu selalu menyombongkan diri terhadap ayat-ayat-Nya."}]},{"id":883,"verse_number":94,"verse_key":"6:94","juz_number":7,"hizb_number":14,"rub_el_hizb_number":55,"ruku_number":112,"manzil_number":2,"sajdah_number":null,"text_uthmani":"وَلَقَدْ جِئْتُمُونَا فُرَٰدَىٰ كَمَا خَلَقْنَـٰكُمْ أَوَّلَ مَرَّةٍ وَتَرَكْتُم مَّا خَوَّلْنَـٰكُمْ وَرَآءَ ظُهُورِكُمْ ۖ وَمَا نَرَىٰ مَعَكُمْ شُفَعَآءَكُمُ ٱلَّذِينَ زَعَمْتُمْ أَنَّهُمْ فِيكُمْ شُرَكَـٰٓؤُا۟ ۚ لَقَد تَّقَطَّعَ بَيْنَكُمْ وَضَلَّ عَنكُم مَّا كُنتُمْ تَزْعُمُونَ","page_number":139,"words":[{"id":69359,"position":1,"audio_url":"wbw/006_094_001.mp3","qpc_uthmani_hafs":"وَلَقَدۡ","char_type_name":"word","page_number":139,"line_number":12,"text":"ﯱ","translation":{"text":"And certainly","language_name":"english","language_id":38},"transliteration":{"text":"walaqad","language_name":"english","language_id":38}},{"id":69360,"position":2,"audio_url":"wbw/006_094_002.mp3","qpc_uthmani_hafs":"جِئۡتُمُونَا","char_type_name":"word","page_number":139,"line_number":12,"text":"ﯲ","translation":{"text":"you have come to Us","language_name":"english","language_id":38},"transliteration":{"text":"ji'tumūnā","language_name":"english","language_id":38}},{"id":69361,"position":3,"audio_url":"wbw/006_094_003.mp3","qpc_uthmani_hafs":"فُرَٰدَىٰ","char_type_name":"word","page_number":139,"line_number":12,"text":"ﯳ","translation":{"text":"alone","language_name":"english","language_id":38},"transliteration":{"text":"furādā","language_name":"english","language_id":38}},{"id":69362,"position":4,"audio_url":"wbw/006_094_004.mp3","qpc_uthmani_hafs":"كَمَا","char_type_name":"word","page_number":139,"line_number":13,"text":"ﯴ","translation":{"text":"as","language_name":"english","language_id":38},"transliteration":{"text":"kamā","language_name":"english","language_id":38}},{"id":69363,"position":5,"audio_url":"wbw/006_094_005.mp3","qpc_uthmani_hafs":"خَلَقۡنَٰكُمۡ","char_type_name":"word","page_number":139,"line_number":13,"text":"ﯵ","translation":{"text":"We created you","language_name":"english","language_id":38},"transliteration":{"text":"khalaqnākum","language_name":"english","language_id":38}},{"id":69364,"position":6,"audio_url":"wbw/006_094_006.mp3","qpc_uthmani_hafs":"أَوَّلَ","char_type_name":"word","page_number":139,"line_number":13,"text":"ﯶ","translation":{"text":"(the) first","language_name":"english","language_id":38},"transliteration":{"text":"awwala","language_name":"english","language_id":38}},{"id":69365,"position":7,"audio_url":"wbw/006_094_007.mp3","qpc_uthmani_hafs":"مَرَّةٖ","char_type_name":"word","page_number":139,"line_number":13,"text":"ﯷ","translation":{"text":"time","language_name":"english","language_id":38},"transliteration":{"text":"marratin","language_name":"english","language_id":38}},{"id":69366,"position":8,"audio_url":"wbw/006_094_008.mp3","qpc_uthmani_hafs":"وَتَرَكۡتُم","char_type_name":"word","page_number":139,"line_number":13,"text":"ﯸ","translation":{"text":"and you have left","language_name":"english","language_id":38},"transliteration":{"text":"wataraktum","language_name":"english","language_id":38}},{"id":69367,"position":9,"audio_url":"wbw/006_094_009.mp3","qpc_uthmani_hafs":"مَّا","char_type_name":"word","page_number":139,"line_number":13,"text":"ﯹ","translation":{"text":"whatever","language_name":"english","language_id":38},"transliteration":{"text":"mā","language_name":"english","language_id":38}},{"id":69368,"position":10,"audio_url":"wbw/006_094_010.mp3","qpc_uthmani_hafs":"خَوَّلۡنَٰكُمۡ","char_type_name":"word","page_number":139,"line_number":13,"text":"ﯺ","translation":{"text":"We bestowed (on) you","language_name":"english","language_id":38},"transliteration":{"text":"khawwalnākum","language_name":"english","language_id":38}},{"id":69369,"position":11,"audio_url":"wbw/006_094_011.mp3","qpc_uthmani_hafs":"وَرَآءَ","char_type_name":"word","page_number":139,"line_number":13,"text":"ﯻ","translation":{"text":"behind","language_name":"english","language_id":38},"transliteration":{"text":"warāa","language_name":"english","language_id":38}},{"id":69370,"position":12,"audio_url":"wbw/006_094_012.mp3","qpc_uthmani_hafs":"ظُهُورِكُمۡۖ","char_type_name":"word","page_number":139,"line_number":13,"text":"ﯼﯽ","translation":{"text":"your backs","language_name":"english","language_id":38},"transliteration":{"text":"ẓuhūrikum","language_name":"english","language_id":38}},{"id":69372,"position":13,"audio_url":"wbw/006_094_014.mp3","qpc_uthmani_hafs":"وَمَا","char_type_name":"word","page_number":139,"line_number":14,"text":"ﯾ","translation":{"text":"And not","language_name":"english","language_id":38},"transliteration":{"text":"wamā","language_name":"english","language_id":38}},{"id":69373,"position":14,"audio_url":"wbw/006_094_015.mp3","qpc_uthmani_hafs":"نَرَىٰ","char_type_name":"word","page_number":139,"line_number":14,"text":"ﯿ","translation":{"text":"We see","language_name":"english","language_id":38},"transliteration":{"text":"narā","language_name":"english","language_id":38}},{"id":69374,"position":15,"audio_url":"wbw/006_094_016.mp3","qpc_uthmani_hafs":"مَعَكُمۡ","char_type_name":"word","page_number":139,"line_number":14,"text":"ﰀ","translation":{"text":"with you","language_name":"english","language_id":38},"transliteration":{"text":"maʿakum","language_name":"english","language_id":38}},{"id":69375,"position":16,"audio_url":"wbw/006_094_017.mp3","qpc_uthmani_hafs":"شُفَعَآءَكُمُ","char_type_name":"word","page_number":139,"line_number":14,"text":"ﰁ","translation":{"text":"your intercessors","language_name":"english","language_id":38},"transliteration":{"text":"shufaʿāakumu","language_name":"english","language_id":38}},{"id":69376,"position":17,"audio_url":"wbw/006_094_018.mp3","qpc_uthmani_hafs":"ٱلَّذِينَ","char_type_name":"word","page_number":139,"line_number":14,"text":"ﰂ","translation":{"text":"those whom","language_name":"english","language_id":38},"transliteration":{"text":"alladhīna","language_name":"english","language_id":38}},{"id":69377,"position":18,"audio_url":"wbw/006_094_019.mp3","qpc_uthmani_hafs":"زَعَمۡتُمۡ","char_type_name":"word","page_number":139,"line_number":14,"text":"ﰃ","translation":{"text":"you claimed","language_name":"english","language_id":38},"transliteration":{"text":"zaʿamtum","language_name":"english","language_id":38}},{"id":69378,"position":19,"audio_url":"wbw/006_094_020.mp3","qpc_uthmani_hafs":"أَنَّهُمۡ","char_type_name":"word","page_number":139,"line_number":14,"text":"ﰄ","translation":{"text":"that they (were)","language_name":"english","language_id":38},"transliteration":{"text":"annahum","language_name":"english","language_id":38}},{"id":69379,"position":20,"audio_url":"wbw/006_094_021.mp3","qpc_uthmani_hafs":"فِيكُمۡ","char_type_name":"word","page_number":139,"line_number":14,"text":"ﰅ","translation":{"text":"in your (matters)","language_name":"english","language_id":38},"transliteration":{"text":"fīkum","language_name":"english","language_id":38}},{"id":69380,"position":21,"audio_url":"wbw/006_094_022.mp3","qpc_uthmani_hafs":"شُرَكَٰٓؤُاْۚ","char_type_name":"word","page_number":139,"line_number":14,"text":"ﰆﰇ","translation":{"text":"partners (with Allah)","language_name":"english","language_id":38},"transliteration":{"text":"shurakāu","language_name":"english","language_id":38}},{"id":69382,"position":22,"audio_url":"wbw/006_094_024.mp3","qpc_uthmani_hafs":"لَقَد","char_type_name":"word","page_number":139,"line_number":15,"text":"ﰈ","translation":{"text":"Indeed","language_name":"english","language_id":38},"transliteration":{"text":"laqad","language_name":"english","language_id":38}},{"id":69383,"position":23,"audio_url":"wbw/006_094_025.mp3","qpc_uthmani_hafs":"تَّقَطَّعَ","char_type_name":"word","page_number":139,"line_number":15,"text":"ﰉ","translation":{"text":"have been severed (bonds)","language_name":"english","language_id":38},"transliteration":{"text":"taqaṭṭaʿa","language_name":"english","language_id":38}},{"id":69384,"position":24,"audio_url":"wbw/006_094_026.mp3","qpc_uthmani_hafs":"بَيۡنَكُمۡ","char_type_name":"word","page_number":139,"line_number":15,"text":"ﰊ","translation":{"text":"between you","language_name":"english","language_id":38},"transliteration":{"text":"baynakum","language_name":"english","language_id":38}},{"id":69385,"position":25,"audio_url":"wbw/006_094_027.mp3","qpc_uthmani_hafs":"وَضَلَّ","char_type_name":"word","page_number":139,"line_number":15,"text":"ﰋ","translation":{"text":"and is lost","language_name":"english","language_id":38},"transliteration":{"text":"waḍalla","language_name":"english","language_id":38}},{"id":69386,"position":26,"audio_url":"wbw/006_094_028.mp3","qpc_uthmani_hafs":"عَنكُم","char_type_name":"word","page_number":139,"line_number":15,"text":"ﰌ","translation":{"text":"from you","language_name":"english","language_id":38},"transliteration":{"text":"ʿankum","language_name":"english","language_id":38}},{"id":69387,"position":27,"audio_url":"wbw/006_094_029.mp3","qpc_uthmani_hafs":"مَّا","char_type_name":"word","page_number":139,"line_number":15,"text":"ﰍ","translation":{"text":"what","language_name":"english","language_id":38},"transliteration":{"text":"mā","language_name":"english","language_id":38}},{"id":69388,"position":28,"audio_url":"wbw/006_094_030.mp3","qpc_uthmani_hafs":"كُنتُمۡ","char_type_name":"word","page_number":139,"line_number":15,"text":"ﰎ","translation":{"text":"you used to","language_name":"english","language_id":38},"transliteration":{"text":"kuntum","language_name":"english","language_id":38}},{"id":69389,"position":29,"audio_url":"wbw/006_094_031.mp3","qpc_uthmani_hafs":"تَزۡعُمُونَ","char_type_name":"word","page_number":139,"line_number":15,"text":"ﰏ","translation":{"text":"claim","language_name":"english","language_id":38},"transliteration":{"text":"tazʿumūna","language_name":"english","language_id":38}},{"id":69390,"position":30,"audio_url":null,"qpc_uthmani_hafs":"٩٤","char_type_name":"end","page_number":139,"line_number":15,"text":"ﰐ","translation":{"text":"(94)","language_name":"english","language_id":38},"transliteration":{"text":null,"language_name":"english","language_id":38}}],"translations":[{"id":917312,"resource_id":134,"text":"Dan sesungguhnya kamu datang kepada Kami sendiri-sendiri sebagaimana kamu Kami ciptakan pada mulanya, dan kamu tinggalkan di belakangmu (di dunia) apa yang telah Kami karuniakan kepadamu; dan Kami tiada melihat besertamu pemberi syafaat yang kamu anggap bahwa mereka itu sekutu-sekutu Tuhan di antara kamu.  Sungguh telah terputuslah (pertalian) antara kamu dan telah lenyap daripada kamu apa yang dahulu kamu anggap (sebagai sekutu Allah)."}]}],"pagination":{"per_page":50,"current_page":1,"next_page":null,"total_pages":1,"total_records":4}}