{"verses":[{"id":884,"verse_number":95,"verse_key":"6:95","juz_number":7,"hizb_number":14,"rub_el_hizb_number":56,"ruku_number":113,"manzil_number":2,"sajdah_number":null,"text_uthmani":"۞ إِنَّ ٱللَّهَ فَالِقُ ٱلْحَبِّ وَٱلنَّوَىٰ ۖ يُخْرِجُ ٱلْحَىَّ مِنَ ٱلْمَيِّتِ وَمُخْرِجُ ٱلْمَيِّتِ مِنَ ٱلْحَىِّ ۚ ذَٰلِكُمُ ٱللَّهُ ۖ فَأَنَّىٰ تُؤْفَكُونَ","page_number":140,"words":[{"id":69698,"position":1,"audio_url":"wbw/006_095_002.mp3","qpc_uthmani_hafs":"۞ إِنَّ","char_type_name":"word","page_number":140,"line_number":1,"text":"ﭑ ﭒ","translation":{"text":"Indeed","language_name":"english","language_id":38},"transliteration":{"text":"inna","language_name":"english","language_id":38}},{"id":69699,"position":2,"audio_url":"wbw/006_095_003.mp3","qpc_uthmani_hafs":"ٱللَّهَ","char_type_name":"word","page_number":140,"line_number":1,"text":"ﭓ","translation":{"text":"Allah","language_name":"english","language_id":38},"transliteration":{"text":"l-laha","language_name":"english","language_id":38}},{"id":69700,"position":3,"audio_url":"wbw/006_095_004.mp3","qpc_uthmani_hafs":"فَالِقُ","char_type_name":"word","page_number":140,"line_number":1,"text":"ﭔ","translation":{"text":"(is the) Cleaver","language_name":"english","language_id":38},"transliteration":{"text":"fāliqu","language_name":"english","language_id":38}},{"id":69701,"position":4,"audio_url":"wbw/006_095_005.mp3","qpc_uthmani_hafs":"ٱلۡحَبِّ","char_type_name":"word","page_number":140,"line_number":1,"text":"ﭕ","translation":{"text":"(of) the grain","language_name":"english","language_id":38},"transliteration":{"text":"l-ḥabi","language_name":"english","language_id":38}},{"id":69702,"position":5,"audio_url":"wbw/006_095_006.mp3","qpc_uthmani_hafs":"وَٱلنَّوَىٰۖ","char_type_name":"word","page_number":140,"line_number":1,"text":"ﭖﭗ","translation":{"text":"and the date-seed","language_name":"english","language_id":38},"transliteration":{"text":"wal-nawā","language_name":"english","language_id":38}},{"id":69704,"position":6,"audio_url":"wbw/006_095_008.mp3","qpc_uthmani_hafs":"يُخۡرِجُ","char_type_name":"word","page_number":140,"line_number":1,"text":"ﭘ","translation":{"text":"He brings forth","language_name":"english","language_id":38},"transliteration":{"text":"yukh'riju","language_name":"english","language_id":38}},{"id":69705,"position":7,"audio_url":"wbw/006_095_009.mp3","qpc_uthmani_hafs":"ٱلۡحَيَّ","char_type_name":"word","page_number":140,"line_number":1,"text":"ﭙ","translation":{"text":"the living","language_name":"english","language_id":38},"transliteration":{"text":"l-ḥaya","language_name":"english","language_id":38}},{"id":69706,"position":8,"audio_url":"wbw/006_095_010.mp3","qpc_uthmani_hafs":"مِنَ","char_type_name":"word","page_number":140,"line_number":1,"text":"ﭚ","translation":{"text":"from","language_name":"english","language_id":38},"transliteration":{"text":"mina","language_name":"english","language_id":38}},{"id":69707,"position":9,"audio_url":"wbw/006_095_011.mp3","qpc_uthmani_hafs":"ٱلۡمَيِّتِ","char_type_name":"word","page_number":140,"line_number":1,"text":"ﭛ","translation":{"text":"the dead","language_name":"english","language_id":38},"transliteration":{"text":"l-mayiti","language_name":"english","language_id":38}},{"id":69708,"position":10,"audio_url":"wbw/006_095_012.mp3","qpc_uthmani_hafs":"وَمُخۡرِجُ","char_type_name":"word","page_number":140,"line_number":1,"text":"ﭜ","translation":{"text":"and brings forth","language_name":"english","language_id":38},"transliteration":{"text":"wamukh'riju","language_name":"english","language_id":38}},{"id":69709,"position":11,"audio_url":"wbw/006_095_013.mp3","qpc_uthmani_hafs":"ٱلۡمَيِّتِ","char_type_name":"word","page_number":140,"line_number":2,"text":"ﭝ","translation":{"text":"the dead","language_name":"english","language_id":38},"transliteration":{"text":"l-mayiti","language_name":"english","language_id":38}},{"id":69710,"position":12,"audio_url":"wbw/006_095_014.mp3","qpc_uthmani_hafs":"مِنَ","char_type_name":"word","page_number":140,"line_number":2,"text":"ﭞ","translation":{"text":"from","language_name":"english","language_id":38},"transliteration":{"text":"mina","language_name":"english","language_id":38}},{"id":69711,"position":13,"audio_url":"wbw/006_095_015.mp3","qpc_uthmani_hafs":"ٱلۡحَيِّۚ","char_type_name":"word","page_number":140,"line_number":2,"text":"ﭟﭠ","translation":{"text":"the living","language_name":"english","language_id":38},"transliteration":{"text":"l-ḥayi","language_name":"english","language_id":38}},{"id":69713,"position":14,"audio_url":"wbw/006_095_017.mp3","qpc_uthmani_hafs":"ذَٰلِكُمُ","char_type_name":"word","page_number":140,"line_number":2,"text":"ﭡ","translation":{"text":"That","language_name":"english","language_id":38},"transliteration":{"text":"dhālikumu","language_name":"english","language_id":38}},{"id":69714,"position":15,"audio_url":"wbw/006_095_018.mp3","qpc_uthmani_hafs":"ٱللَّهُۖ","char_type_name":"word","page_number":140,"line_number":2,"text":"ﭢﭣ","translation":{"text":"(is) Allah","language_name":"english","language_id":38},"transliteration":{"text":"l-lahu","language_name":"english","language_id":38}},{"id":69716,"position":16,"audio_url":"wbw/006_095_020.mp3","qpc_uthmani_hafs":"فَأَنَّىٰ","char_type_name":"word","page_number":140,"line_number":2,"text":"ﭤ","translation":{"text":"so how","language_name":"english","language_id":38},"transliteration":{"text":"fa-annā","language_name":"english","language_id":38}},{"id":69717,"position":17,"audio_url":"wbw/006_095_021.mp3","qpc_uthmani_hafs":"تُؤۡفَكُونَ","char_type_name":"word","page_number":140,"line_number":2,"text":"ﭥ","translation":{"text":"are you deluded","language_name":"english","language_id":38},"transliteration":{"text":"tu'fakūna","language_name":"english","language_id":38}},{"id":69718,"position":18,"audio_url":null,"qpc_uthmani_hafs":"٩٥","char_type_name":"end","page_number":140,"line_number":2,"text":"ﭦ","translation":{"text":"(95)","language_name":"english","language_id":38},"transliteration":{"text":null,"language_name":"english","language_id":38}}],"translations":[{"id":917313,"resource_id":134,"text":"Sesungguhnya Allah menumbuhkan butir tumbuh-tumbuhan dan biji buah-buahan.  Dia mengeluarkan yang hidup dari yang mati dan mengeluarkan yang mati dari yang hidup. (Yang memiliki sifat-sifat) demikian ialah Allah, maka mengapa kamu masih berpaling?"}]},{"id":885,"verse_number":96,"verse_key":"6:96","juz_number":7,"hizb_number":14,"rub_el_hizb_number":56,"ruku_number":113,"manzil_number":2,"sajdah_number":null,"text_uthmani":"فَالِقُ ٱلْإِصْبَاحِ وَجَعَلَ ٱلَّيْلَ سَكَنًا وَٱلشَّمْسَ وَٱلْقَمَرَ حُسْبَانًا ۚ ذَٰلِكَ تَقْدِيرُ ٱلْعَزِيزِ ٱلْعَلِيمِ","page_number":140,"words":[{"id":70243,"position":1,"audio_url":"wbw/006_096_001.mp3","qpc_uthmani_hafs":"فَالِقُ","char_type_name":"word","page_number":140,"line_number":2,"text":"ﭧ","translation":{"text":"(He is the) Cleaver","language_name":"english","language_id":38},"transliteration":{"text":"fāliqu","language_name":"english","language_id":38}},{"id":70244,"position":2,"audio_url":"wbw/006_096_002.mp3","qpc_uthmani_hafs":"ٱلۡإِصۡبَاحِ","char_type_name":"word","page_number":140,"line_number":2,"text":"ﭨ","translation":{"text":"(of) the daybreak","language_name":"english","language_id":38},"transliteration":{"text":"l-iṣ'bāḥi","language_name":"english","language_id":38}},{"id":70245,"position":3,"audio_url":"wbw/006_096_003.mp3","qpc_uthmani_hafs":"وَجَعَلَ","char_type_name":"word","page_number":140,"line_number":3,"text":"ﭩ","translation":{"text":"and He has made","language_name":"english","language_id":38},"transliteration":{"text":"wajaʿala","language_name":"english","language_id":38}},{"id":70246,"position":4,"audio_url":"wbw/006_096_004.mp3","qpc_uthmani_hafs":"ٱلَّيۡلَ","char_type_name":"word","page_number":140,"line_number":3,"text":"ﭪ","translation":{"text":"the night","language_name":"english","language_id":38},"transliteration":{"text":"al-layla","language_name":"english","language_id":38}},{"id":70247,"position":5,"audio_url":"wbw/006_096_005.mp3","qpc_uthmani_hafs":"سَكَنٗا","char_type_name":"word","page_number":140,"line_number":3,"text":"ﭫ","translation":{"text":"(for) rest","language_name":"english","language_id":38},"transliteration":{"text":"sakanan","language_name":"english","language_id":38}},{"id":70248,"position":6,"audio_url":"wbw/006_096_006.mp3","qpc_uthmani_hafs":"وَٱلشَّمۡسَ","char_type_name":"word","page_number":140,"line_number":3,"text":"ﭬ","translation":{"text":"and the sun","language_name":"english","language_id":38},"transliteration":{"text":"wal-shamsa","language_name":"english","language_id":38}},{"id":70249,"position":7,"audio_url":"wbw/006_096_007.mp3","qpc_uthmani_hafs":"وَٱلۡقَمَرَ","char_type_name":"word","page_number":140,"line_number":3,"text":"ﭭ","translation":{"text":"and the moon","language_name":"english","language_id":38},"transliteration":{"text":"wal-qamara","language_name":"english","language_id":38}},{"id":70250,"position":8,"audio_url":"wbw/006_096_008.mp3","qpc_uthmani_hafs":"حُسۡبَانٗاۚ","char_type_name":"word","page_number":140,"line_number":3,"text":"ﭮﭯ","translation":{"text":"(for) reckoning","language_name":"english","language_id":38},"transliteration":{"text":"ḥus'bānan","language_name":"english","language_id":38}},{"id":70252,"position":9,"audio_url":"wbw/006_096_010.mp3","qpc_uthmani_hafs":"ذَٰلِكَ","char_type_name":"word","page_number":140,"line_number":3,"text":"ﭰ","translation":{"text":"That","language_name":"english","language_id":38},"transliteration":{"text":"dhālika","language_name":"english","language_id":38}},{"id":70253,"position":10,"audio_url":"wbw/006_096_011.mp3","qpc_uthmani_hafs":"تَقۡدِيرُ","char_type_name":"word","page_number":140,"line_number":3,"text":"ﭱ","translation":{"text":"(is the) ordaining","language_name":"english","language_id":38},"transliteration":{"text":"taqdīru","language_name":"english","language_id":38}},{"id":70254,"position":11,"audio_url":"wbw/006_096_012.mp3","qpc_uthmani_hafs":"ٱلۡعَزِيزِ","char_type_name":"word","page_number":140,"line_number":4,"text":"ﭲ","translation":{"text":"(of) the All-Mighty","language_name":"english","language_id":38},"transliteration":{"text":"l-ʿazīzi","language_name":"english","language_id":38}},{"id":70255,"position":12,"audio_url":"wbw/006_096_013.mp3","qpc_uthmani_hafs":"ٱلۡعَلِيمِ","char_type_name":"word","page_number":140,"line_number":4,"text":"ﭳ","translation":{"text":"the All-Knowing","language_name":"english","language_id":38},"transliteration":{"text":"l-ʿalīmi","language_name":"english","language_id":38}},{"id":70256,"position":13,"audio_url":null,"qpc_uthmani_hafs":"٩٦","char_type_name":"end","page_number":140,"line_number":4,"text":"ﭴ","translation":{"text":"(96)","language_name":"english","language_id":38},"transliteration":{"text":null,"language_name":"english","language_id":38}}],"translations":[{"id":917314,"resource_id":134,"text":"Dia menyingsingkan pagi dan menjadikan malam untuk beristirahat, dan (menjadikan) matahari dan bulan untuk perhitungan.  Itulah ketentuan Allah Yang Maha Perkasa lagi Maha Mengetahui."}]},{"id":886,"verse_number":97,"verse_key":"6:97","juz_number":7,"hizb_number":14,"rub_el_hizb_number":56,"ruku_number":113,"manzil_number":2,"sajdah_number":null,"text_uthmani":"وَهُوَ ٱلَّذِى جَعَلَ لَكُمُ ٱلنُّجُومَ لِتَهْتَدُوا۟ بِهَا فِى ظُلُمَـٰتِ ٱلْبَرِّ وَٱلْبَحْرِ ۗ قَدْ فَصَّلْنَا ٱلْـَٔايَـٰتِ لِقَوْمٍ يَعْلَمُونَ","page_number":140,"words":[{"id":70553,"position":1,"audio_url":"wbw/006_097_001.mp3","qpc_uthmani_hafs":"وَهُوَ","char_type_name":"word","page_number":140,"line_number":4,"text":"ﭵ","translation":{"text":"And He","language_name":"english","language_id":38},"transliteration":{"text":"wahuwa","language_name":"english","language_id":38}},{"id":70554,"position":2,"audio_url":"wbw/006_097_002.mp3","qpc_uthmani_hafs":"ٱلَّذِي","char_type_name":"word","page_number":140,"line_number":4,"text":"ﭶ","translation":{"text":"(is) the One Who","language_name":"english","language_id":38},"transliteration":{"text":"alladhī","language_name":"english","language_id":38}},{"id":70555,"position":3,"audio_url":"wbw/006_097_003.mp3","qpc_uthmani_hafs":"جَعَلَ","char_type_name":"word","page_number":140,"line_number":4,"text":"ﭷ","translation":{"text":"made","language_name":"english","language_id":38},"transliteration":{"text":"jaʿala","language_name":"english","language_id":38}},{"id":70556,"position":4,"audio_url":"wbw/006_097_004.mp3","qpc_uthmani_hafs":"لَكُمُ","char_type_name":"word","page_number":140,"line_number":4,"text":"ﭸ","translation":{"text":"for you","language_name":"english","language_id":38},"transliteration":{"text":"lakumu","language_name":"english","language_id":38}},{"id":70557,"position":5,"audio_url":"wbw/006_097_005.mp3","qpc_uthmani_hafs":"ٱلنُّجُومَ","char_type_name":"word","page_number":140,"line_number":4,"text":"ﭹ","translation":{"text":"the stars","language_name":"english","language_id":38},"transliteration":{"text":"l-nujūma","language_name":"english","language_id":38}},{"id":70558,"position":6,"audio_url":"wbw/006_097_006.mp3","qpc_uthmani_hafs":"لِتَهۡتَدُواْ","char_type_name":"word","page_number":140,"line_number":4,"text":"ﭺ","translation":{"text":"that you may guide yourselves","language_name":"english","language_id":38},"transliteration":{"text":"litahtadū","language_name":"english","language_id":38}},{"id":70559,"position":7,"audio_url":"wbw/006_097_007.mp3","qpc_uthmani_hafs":"بِهَا","char_type_name":"word","page_number":140,"line_number":5,"text":"ﭻ","translation":{"text":"with them","language_name":"english","language_id":38},"transliteration":{"text":"bihā","language_name":"english","language_id":38}},{"id":70560,"position":8,"audio_url":"wbw/006_097_008.mp3","qpc_uthmani_hafs":"فِي","char_type_name":"word","page_number":140,"line_number":5,"text":"ﭼ","translation":{"text":"in","language_name":"english","language_id":38},"transliteration":{"text":"fī","language_name":"english","language_id":38}},{"id":70561,"position":9,"audio_url":"wbw/006_097_009.mp3","qpc_uthmani_hafs":"ظُلُمَٰتِ","char_type_name":"word","page_number":140,"line_number":5,"text":"ﭽ","translation":{"text":"the darkness[es]","language_name":"english","language_id":38},"transliteration":{"text":"ẓulumāti","language_name":"english","language_id":38}},{"id":70562,"position":10,"audio_url":"wbw/006_097_010.mp3","qpc_uthmani_hafs":"ٱلۡبَرِّ","char_type_name":"word","page_number":140,"line_number":5,"text":"ﭾ","translation":{"text":"(of) the land","language_name":"english","language_id":38},"transliteration":{"text":"l-bari","language_name":"english","language_id":38}},{"id":70563,"position":11,"audio_url":"wbw/006_097_011.mp3","qpc_uthmani_hafs":"وَٱلۡبَحۡرِۗ","char_type_name":"word","page_number":140,"line_number":5,"text":"ﭿﮀ","translation":{"text":"and the sea","language_name":"english","language_id":38},"transliteration":{"text":"wal-baḥri","language_name":"english","language_id":38}},{"id":70565,"position":12,"audio_url":"wbw/006_097_013.mp3","qpc_uthmani_hafs":"قَدۡ","char_type_name":"word","page_number":140,"line_number":5,"text":"ﮁ","translation":{"text":"Certainly","language_name":"english","language_id":38},"transliteration":{"text":"qad","language_name":"english","language_id":38}},{"id":70566,"position":13,"audio_url":"wbw/006_097_014.mp3","qpc_uthmani_hafs":"فَصَّلۡنَا","char_type_name":"word","page_number":140,"line_number":5,"text":"ﮂ","translation":{"text":"We have made clear","language_name":"english","language_id":38},"transliteration":{"text":"faṣṣalnā","language_name":"english","language_id":38}},{"id":70567,"position":14,"audio_url":"wbw/006_097_015.mp3","qpc_uthmani_hafs":"ٱلۡأٓيَٰتِ","char_type_name":"word","page_number":140,"line_number":5,"text":"ﮃ","translation":{"text":"the Signs","language_name":"english","language_id":38},"transliteration":{"text":"l-āyāti","language_name":"english","language_id":38}},{"id":70568,"position":15,"audio_url":"wbw/006_097_016.mp3","qpc_uthmani_hafs":"لِقَوۡمٖ","char_type_name":"word","page_number":140,"line_number":5,"text":"ﮄ","translation":{"text":"for a people","language_name":"english","language_id":38},"transliteration":{"text":"liqawmin","language_name":"english","language_id":38}},{"id":70569,"position":16,"audio_url":"wbw/006_097_017.mp3","qpc_uthmani_hafs":"يَعۡلَمُونَ","char_type_name":"word","page_number":140,"line_number":5,"text":"ﮅ","translation":{"text":"(who) know","language_name":"english","language_id":38},"transliteration":{"text":"yaʿlamūna","language_name":"english","language_id":38}},{"id":70570,"position":17,"audio_url":null,"qpc_uthmani_hafs":"٩٧","char_type_name":"end","page_number":140,"line_number":6,"text":"ﮆ","translation":{"text":"(97)","language_name":"english","language_id":38},"transliteration":{"text":null,"language_name":"english","language_id":38}}],"translations":[{"id":917315,"resource_id":134,"text":"Dan Dia-lah yang menjadikan bintang-bintang bagimu agar kamu menjadikannya petunjuk dalam kegelapan di darat dan di laut.  Sesungguhnya Kami telah menjelaskan tanda-tanda kebesaran (Kami) kepada orang-orang yang mengetahui."}]},{"id":887,"verse_number":98,"verse_key":"6:98","juz_number":7,"hizb_number":14,"rub_el_hizb_number":56,"ruku_number":113,"manzil_number":2,"sajdah_number":null,"text_uthmani":"وَهُوَ ٱلَّذِىٓ أَنشَأَكُم مِّن نَّفْسٍ وَٰحِدَةٍ فَمُسْتَقَرٌّ وَمُسْتَوْدَعٌ ۗ قَدْ فَصَّلْنَا ٱلْـَٔايَـٰتِ لِقَوْمٍ يَفْقَهُونَ","page_number":140,"words":[{"id":70609,"position":1,"audio_url":"wbw/006_098_001.mp3","qpc_uthmani_hafs":"وَهُوَ","char_type_name":"word","page_number":140,"line_number":6,"text":"ﮇ","translation":{"text":"And He","language_name":"english","language_id":38},"transliteration":{"text":"wahuwa","language_name":"english","language_id":38}},{"id":70610,"position":2,"audio_url":"wbw/006_098_002.mp3","qpc_uthmani_hafs":"ٱلَّذِيٓ","char_type_name":"word","page_number":140,"line_number":6,"text":"ﮈ","translation":{"text":"(is) the One Who","language_name":"english","language_id":38},"transliteration":{"text":"alladhī","language_name":"english","language_id":38}},{"id":70611,"position":3,"audio_url":"wbw/006_098_003.mp3","qpc_uthmani_hafs":"أَنشَأَكُم","char_type_name":"word","page_number":140,"line_number":6,"text":"ﮉ","translation":{"text":"(has) produced you","language_name":"english","language_id":38},"transliteration":{"text":"ansha-akum","language_name":"english","language_id":38}},{"id":70612,"position":4,"audio_url":"wbw/006_098_004.mp3","qpc_uthmani_hafs":"مِّن","char_type_name":"word","page_number":140,"line_number":6,"text":"ﮊ","translation":{"text":"from","language_name":"english","language_id":38},"transliteration":{"text":"min","language_name":"english","language_id":38}},{"id":70613,"position":5,"audio_url":"wbw/006_098_005.mp3","qpc_uthmani_hafs":"نَّفۡسٖ","char_type_name":"word","page_number":140,"line_number":6,"text":"ﮋ","translation":{"text":"a soul","language_name":"english","language_id":38},"transliteration":{"text":"nafsin","language_name":"english","language_id":38}},{"id":70614,"position":6,"audio_url":"wbw/006_098_006.mp3","qpc_uthmani_hafs":"وَٰحِدَةٖ","char_type_name":"word","page_number":140,"line_number":6,"text":"ﮌ","translation":{"text":"single","language_name":"english","language_id":38},"transliteration":{"text":"wāḥidatin","language_name":"english","language_id":38}},{"id":70615,"position":7,"audio_url":"wbw/006_098_007.mp3","qpc_uthmani_hafs":"فَمُسۡتَقَرّٞ","char_type_name":"word","page_number":140,"line_number":6,"text":"ﮍ","translation":{"text":"so (there is) a place of dwelling","language_name":"english","language_id":38},"transliteration":{"text":"famus'taqarrun","language_name":"english","language_id":38}},{"id":70616,"position":8,"audio_url":"wbw/006_098_008.mp3","qpc_uthmani_hafs":"وَمُسۡتَوۡدَعٞۗ","char_type_name":"word","page_number":140,"line_number":6,"text":"ﮎﮏ","translation":{"text":"and a resting place","language_name":"english","language_id":38},"transliteration":{"text":"wamus'tawdaʿun","language_name":"english","language_id":38}},{"id":70618,"position":9,"audio_url":"wbw/006_098_010.mp3","qpc_uthmani_hafs":"قَدۡ","char_type_name":"word","page_number":140,"line_number":7,"text":"ﮐ","translation":{"text":"Certainly","language_name":"english","language_id":38},"transliteration":{"text":"qad","language_name":"english","language_id":38}},{"id":70619,"position":10,"audio_url":"wbw/006_098_011.mp3","qpc_uthmani_hafs":"فَصَّلۡنَا","char_type_name":"word","page_number":140,"line_number":7,"text":"ﮑ","translation":{"text":"We have made clear","language_name":"english","language_id":38},"transliteration":{"text":"faṣṣalnā","language_name":"english","language_id":38}},{"id":70620,"position":11,"audio_url":"wbw/006_098_012.mp3","qpc_uthmani_hafs":"ٱلۡأٓيَٰتِ","char_type_name":"word","page_number":140,"line_number":7,"text":"ﮒ","translation":{"text":"the Signs","language_name":"english","language_id":38},"transliteration":{"text":"l-āyāti","language_name":"english","language_id":38}},{"id":70621,"position":12,"audio_url":"wbw/006_098_013.mp3","qpc_uthmani_hafs":"لِقَوۡمٖ","char_type_name":"word","page_number":140,"line_number":7,"text":"ﮓ","translation":{"text":"for a people","language_name":"english","language_id":38},"transliteration":{"text":"liqawmin","language_name":"english","language_id":38}},{"id":70622,"position":13,"audio_url":"wbw/006_098_014.mp3","qpc_uthmani_hafs":"يَفۡقَهُونَ","char_type_name":"word","page_number":140,"line_number":7,"text":"ﮔ","translation":{"text":"(who) understand","language_name":"english","language_id":38},"transliteration":{"text":"yafqahūna","language_name":"english","language_id":38}},{"id":70623,"position":14,"audio_url":null,"qpc_uthmani_hafs":"٩٨","char_type_name":"end","page_number":140,"line_number":7,"text":"ﮕ","translation":{"text":"(98)","language_name":"english","language_id":38},"transliteration":{"text":null,"language_name":"english","language_id":38}}],"translations":[{"id":917316,"resource_id":134,"text":"Dan Dia-lah yang menciptakan kamu dari seorang diri<sup foot_note=210263>1</sup>, maka (bagimu) ada tempat tetap dan tempat simpanan<sup foot_note=210264>2</sup>.  Sesungguhnya telah Kami jelaskan tanda-tanda kebesaran Kami kepada orang-orang yang mengetahui."}]},{"id":888,"verse_number":99,"verse_key":"6:99","juz_number":7,"hizb_number":14,"rub_el_hizb_number":56,"ruku_number":113,"manzil_number":2,"sajdah_number":null,"text_uthmani":"وَهُوَ ٱلَّذِىٓ أَنزَلَ مِنَ ٱلسَّمَآءِ مَآءً فَأَخْرَجْنَا بِهِۦ نَبَاتَ كُلِّ شَىْءٍ فَأَخْرَجْنَا مِنْهُ خَضِرًا نُّخْرِجُ مِنْهُ حَبًّا مُّتَرَاكِبًا وَمِنَ ٱلنَّخْلِ مِن طَلْعِهَا قِنْوَانٌ دَانِيَةٌ وَجَنَّـٰتٍ مِّنْ أَعْنَابٍ وَٱلزَّيْتُونَ وَٱلرُّمَّانَ مُشْتَبِهًا وَغَيْرَ مُتَشَـٰبِهٍ ۗ ٱنظُرُوٓا۟ إِلَىٰ ثَمَرِهِۦٓ إِذَآ أَثْمَرَ وَيَنْعِهِۦٓ ۚ إِنَّ فِى ذَٰلِكُمْ لَـَٔايَـٰتٍ لِّقَوْمٍ يُؤْمِنُونَ","page_number":140,"words":[{"id":71058,"position":1,"audio_url":"wbw/006_099_001.mp3","qpc_uthmani_hafs":"وَهُوَ","char_type_name":"word","page_number":140,"line_number":7,"text":"ﮖ","translation":{"text":"And He","language_name":"english","language_id":38},"transliteration":{"text":"wahuwa","language_name":"english","language_id":38}},{"id":71059,"position":2,"audio_url":"wbw/006_099_002.mp3","qpc_uthmani_hafs":"ٱلَّذِيٓ","char_type_name":"word","page_number":140,"line_number":7,"text":"ﮗ","translation":{"text":"(is) the One Who","language_name":"english","language_id":38},"transliteration":{"text":"alladhī","language_name":"english","language_id":38}},{"id":71060,"position":3,"audio_url":"wbw/006_099_003.mp3","qpc_uthmani_hafs":"أَنزَلَ","char_type_name":"word","page_number":140,"line_number":7,"text":"ﮘ","translation":{"text":"sends down","language_name":"english","language_id":38},"transliteration":{"text":"anzala","language_name":"english","language_id":38}},{"id":71061,"position":4,"audio_url":"wbw/006_099_004.mp3","qpc_uthmani_hafs":"مِنَ","char_type_name":"word","page_number":140,"line_number":8,"text":"ﮙ","translation":{"text":"from","language_name":"english","language_id":38},"transliteration":{"text":"mina","language_name":"english","language_id":38}},{"id":71062,"position":5,"audio_url":"wbw/006_099_005.mp3","qpc_uthmani_hafs":"ٱلسَّمَآءِ","char_type_name":"word","page_number":140,"line_number":8,"text":"ﮚ","translation":{"text":"the sky","language_name":"english","language_id":38},"transliteration":{"text":"l-samāi","language_name":"english","language_id":38}},{"id":71063,"position":6,"audio_url":"wbw/006_099_006.mp3","qpc_uthmani_hafs":"مَآءٗ","char_type_name":"word","page_number":140,"line_number":8,"text":"ﮛ","translation":{"text":"water","language_name":"english","language_id":38},"transliteration":{"text":"māan","language_name":"english","language_id":38}},{"id":71064,"position":7,"audio_url":"wbw/006_099_007.mp3","qpc_uthmani_hafs":"فَأَخۡرَجۡنَا","char_type_name":"word","page_number":140,"line_number":8,"text":"ﮜ","translation":{"text":"then We bring forth","language_name":"english","language_id":38},"transliteration":{"text":"fa-akhrajnā","language_name":"english","language_id":38}},{"id":71065,"position":8,"audio_url":"wbw/006_099_008.mp3","qpc_uthmani_hafs":"بِهِۦ","char_type_name":"word","page_number":140,"line_number":8,"text":"ﮝ","translation":{"text":"with it","language_name":"english","language_id":38},"transliteration":{"text":"bihi","language_name":"english","language_id":38}},{"id":71066,"position":9,"audio_url":"wbw/006_099_009.mp3","qpc_uthmani_hafs":"نَبَاتَ","char_type_name":"word","page_number":140,"line_number":8,"text":"ﮞ","translation":{"text":"vegetation","language_name":"english","language_id":38},"transliteration":{"text":"nabāta","language_name":"english","language_id":38}},{"id":71067,"position":10,"audio_url":"wbw/006_099_010.mp3","qpc_uthmani_hafs":"كُلِّ","char_type_name":"word","page_number":140,"line_number":8,"text":"ﮟ","translation":{"text":"(of) every","language_name":"english","language_id":38},"transliteration":{"text":"kulli","language_name":"english","language_id":38}},{"id":71068,"position":11,"audio_url":"wbw/006_099_011.mp3","qpc_uthmani_hafs":"شَيۡءٖ","char_type_name":"word","page_number":140,"line_number":8,"text":"ﮠ","translation":{"text":"thing","language_name":"english","language_id":38},"transliteration":{"text":"shayin","language_name":"english","language_id":38}},{"id":71069,"position":12,"audio_url":"wbw/006_099_012.mp3","qpc_uthmani_hafs":"فَأَخۡرَجۡنَا","char_type_name":"word","page_number":140,"line_number":8,"text":"ﮡ","translation":{"text":"Then We bring forth","language_name":"english","language_id":38},"transliteration":{"text":"fa-akhrajnā","language_name":"english","language_id":38}},{"id":71070,"position":13,"audio_url":"wbw/006_099_013.mp3","qpc_uthmani_hafs":"مِنۡهُ","char_type_name":"word","page_number":140,"line_number":8,"text":"ﮢ","translation":{"text":"from it","language_name":"english","language_id":38},"transliteration":{"text":"min'hu","language_name":"english","language_id":38}},{"id":71071,"position":14,"audio_url":"wbw/006_099_014.mp3","qpc_uthmani_hafs":"خَضِرٗا","char_type_name":"word","page_number":140,"line_number":9,"text":"ﮣ","translation":{"text":"green plant","language_name":"english","language_id":38},"transliteration":{"text":"khaḍiran","language_name":"english","language_id":38}},{"id":71072,"position":15,"audio_url":"wbw/006_099_015.mp3","qpc_uthmani_hafs":"نُّخۡرِجُ","char_type_name":"word","page_number":140,"line_number":9,"text":"ﮤ","translation":{"text":"We bring forth","language_name":"english","language_id":38},"transliteration":{"text":"nukh'riju","language_name":"english","language_id":38}},{"id":71073,"position":16,"audio_url":"wbw/006_099_016.mp3","qpc_uthmani_hafs":"مِنۡهُ","char_type_name":"word","page_number":140,"line_number":9,"text":"ﮥ","translation":{"text":"from it","language_name":"english","language_id":38},"transliteration":{"text":"min'hu","language_name":"english","language_id":38}},{"id":71074,"position":17,"audio_url":"wbw/006_099_017.mp3","qpc_uthmani_hafs":"حَبّٗا","char_type_name":"word","page_number":140,"line_number":9,"text":"ﮦ","translation":{"text":"grain ","language_name":"english","language_id":38},"transliteration":{"text":"ḥabban","language_name":"english","language_id":38}},{"id":71075,"position":18,"audio_url":"wbw/006_099_018.mp3","qpc_uthmani_hafs":"مُّتَرَاكِبٗا","char_type_name":"word","page_number":140,"line_number":9,"text":"ﮧ","translation":{"text":"thick clustered","language_name":"english","language_id":38},"transliteration":{"text":"mutarākiban","language_name":"english","language_id":38}},{"id":71076,"position":19,"audio_url":"wbw/006_099_019.mp3","qpc_uthmani_hafs":"وَمِنَ","char_type_name":"word","page_number":140,"line_number":9,"text":"ﮨ","translation":{"text":"And from","language_name":"english","language_id":38},"transliteration":{"text":"wamina","language_name":"english","language_id":38}},{"id":71077,"position":20,"audio_url":"wbw/006_099_020.mp3","qpc_uthmani_hafs":"ٱلنَّخۡلِ","char_type_name":"word","page_number":140,"line_number":9,"text":"ﮩ","translation":{"text":"the date-palm","language_name":"english","language_id":38},"transliteration":{"text":"l-nakhli","language_name":"english","language_id":38}},{"id":71078,"position":21,"audio_url":"wbw/006_099_021.mp3","qpc_uthmani_hafs":"مِن","char_type_name":"word","page_number":140,"line_number":9,"text":"ﮪ","translation":{"text":"from","language_name":"english","language_id":38},"transliteration":{"text":"min","language_name":"english","language_id":38}},{"id":71079,"position":22,"audio_url":"wbw/006_099_022.mp3","qpc_uthmani_hafs":"طَلۡعِهَا","char_type_name":"word","page_number":140,"line_number":9,"text":"ﮫ","translation":{"text":"its spathe","language_name":"english","language_id":38},"transliteration":{"text":"ṭalʿihā","language_name":"english","language_id":38}},{"id":71080,"position":23,"audio_url":"wbw/006_099_023.mp3","qpc_uthmani_hafs":"قِنۡوَانٞ","char_type_name":"word","page_number":140,"line_number":10,"text":"ﮬ","translation":{"text":"clusters of dates","language_name":"english","language_id":38},"transliteration":{"text":"qin'wānun","language_name":"english","language_id":38}},{"id":71081,"position":24,"audio_url":"wbw/006_099_024.mp3","qpc_uthmani_hafs":"دَانِيَةٞ","char_type_name":"word","page_number":140,"line_number":10,"text":"ﮭ","translation":{"text":"hanging low","language_name":"english","language_id":38},"transliteration":{"text":"dāniyatun","language_name":"english","language_id":38}},{"id":71082,"position":25,"audio_url":"wbw/006_099_025.mp3","qpc_uthmani_hafs":"وَجَنَّٰتٖ","char_type_name":"word","page_number":140,"line_number":10,"text":"ﮮ","translation":{"text":"And gardens","language_name":"english","language_id":38},"transliteration":{"text":"wajannātin","language_name":"english","language_id":38}},{"id":71083,"position":26,"audio_url":"wbw/006_099_026.mp3","qpc_uthmani_hafs":"مِّنۡ","char_type_name":"word","page_number":140,"line_number":10,"text":"ﮯ","translation":{"text":"of","language_name":"english","language_id":38},"transliteration":{"text":"min","language_name":"english","language_id":38}},{"id":71084,"position":27,"audio_url":"wbw/006_099_027.mp3","qpc_uthmani_hafs":"أَعۡنَابٖ","char_type_name":"word","page_number":140,"line_number":10,"text":"ﮰ","translation":{"text":"grapes","language_name":"english","language_id":38},"transliteration":{"text":"aʿnābin","language_name":"english","language_id":38}},{"id":71085,"position":28,"audio_url":"wbw/006_099_028.mp3","qpc_uthmani_hafs":"وَٱلزَّيۡتُونَ","char_type_name":"word","page_number":140,"line_number":10,"text":"ﮱ","translation":{"text":"and the olives","language_name":"english","language_id":38},"transliteration":{"text":"wal-zaytūna","language_name":"english","language_id":38}},{"id":71086,"position":29,"audio_url":"wbw/006_099_029.mp3","qpc_uthmani_hafs":"وَٱلرُّمَّانَ","char_type_name":"word","page_number":140,"line_number":10,"text":"ﯓ","translation":{"text":"and the pomegranates","language_name":"english","language_id":38},"transliteration":{"text":"wal-rumāna","language_name":"english","language_id":38}},{"id":71087,"position":30,"audio_url":"wbw/006_099_030.mp3","qpc_uthmani_hafs":"مُشۡتَبِهٗا","char_type_name":"word","page_number":140,"line_number":10,"text":"ﯔ","translation":{"text":"resembling","language_name":"english","language_id":38},"transliteration":{"text":"mush'tabihan","language_name":"english","language_id":38}},{"id":71088,"position":31,"audio_url":"wbw/006_099_031.mp3","qpc_uthmani_hafs":"وَغَيۡرَ","char_type_name":"word","page_number":140,"line_number":11,"text":"ﯕ","translation":{"text":"and not","language_name":"english","language_id":38},"transliteration":{"text":"waghayra","language_name":"english","language_id":38}},{"id":71089,"position":32,"audio_url":"wbw/006_099_032.mp3","qpc_uthmani_hafs":"مُتَشَٰبِهٍۗ","char_type_name":"word","page_number":140,"line_number":11,"text":"ﯖﯗ","translation":{"text":"resembling","language_name":"english","language_id":38},"transliteration":{"text":"mutashābihin","language_name":"english","language_id":38}},{"id":71091,"position":33,"audio_url":"wbw/006_099_034.mp3","qpc_uthmani_hafs":"ٱنظُرُوٓاْ","char_type_name":"word","page_number":140,"line_number":11,"text":"ﯘ","translation":{"text":"Look","language_name":"english","language_id":38},"transliteration":{"text":"unẓurū","language_name":"english","language_id":38}},{"id":71092,"position":34,"audio_url":"wbw/006_099_035.mp3","qpc_uthmani_hafs":"إِلَىٰ","char_type_name":"word","page_number":140,"line_number":11,"text":"ﯙ","translation":{"text":"at","language_name":"english","language_id":38},"transliteration":{"text":"ilā","language_name":"english","language_id":38}},{"id":71093,"position":35,"audio_url":"wbw/006_099_036.mp3","qpc_uthmani_hafs":"ثَمَرِهِۦٓ","char_type_name":"word","page_number":140,"line_number":11,"text":"ﯚ","translation":{"text":"its fruit","language_name":"english","language_id":38},"transliteration":{"text":"thamarihi","language_name":"english","language_id":38}},{"id":71094,"position":36,"audio_url":"wbw/006_099_037.mp3","qpc_uthmani_hafs":"إِذَآ","char_type_name":"word","page_number":140,"line_number":11,"text":"ﯛ","translation":{"text":"when","language_name":"english","language_id":38},"transliteration":{"text":"idhā","language_name":"english","language_id":38}},{"id":71095,"position":37,"audio_url":"wbw/006_099_038.mp3","qpc_uthmani_hafs":"أَثۡمَرَ","char_type_name":"word","page_number":140,"line_number":11,"text":"ﯜ","translation":{"text":"it bears fruit","language_name":"english","language_id":38},"transliteration":{"text":"athmara","language_name":"english","language_id":38}},{"id":71096,"position":38,"audio_url":"wbw/006_099_039.mp3","qpc_uthmani_hafs":"وَيَنۡعِهِۦٓۚ","char_type_name":"word","page_number":140,"line_number":11,"text":"ﯝﯞ","translation":{"text":"and its ripening","language_name":"english","language_id":38},"transliteration":{"text":"wayanʿihi","language_name":"english","language_id":38}},{"id":71098,"position":39,"audio_url":"wbw/006_099_041.mp3","qpc_uthmani_hafs":"إِنَّ","char_type_name":"word","page_number":140,"line_number":11,"text":"ﯟ","translation":{"text":"Indeed","language_name":"english","language_id":38},"transliteration":{"text":"inna","language_name":"english","language_id":38}},{"id":71099,"position":40,"audio_url":"wbw/006_099_042.mp3","qpc_uthmani_hafs":"فِي","char_type_name":"word","page_number":140,"line_number":11,"text":"ﯠ","translation":{"text":"in","language_name":"english","language_id":38},"transliteration":{"text":"fī","language_name":"english","language_id":38}},{"id":71100,"position":41,"audio_url":"wbw/006_099_043.mp3","qpc_uthmani_hafs":"ذَٰلِكُمۡ","char_type_name":"word","page_number":140,"line_number":11,"text":"ﯡ","translation":{"text":"that","language_name":"english","language_id":38},"transliteration":{"text":"dhālikum","language_name":"english","language_id":38}},{"id":71101,"position":42,"audio_url":"wbw/006_099_044.mp3","qpc_uthmani_hafs":"لَأٓيَٰتٖ","char_type_name":"word","page_number":140,"line_number":12,"text":"ﯢ","translation":{"text":"(are) signs","language_name":"english","language_id":38},"transliteration":{"text":"laāyātin","language_name":"english","language_id":38}},{"id":71102,"position":43,"audio_url":"wbw/006_099_045.mp3","qpc_uthmani_hafs":"لِّقَوۡمٖ","char_type_name":"word","page_number":140,"line_number":12,"text":"ﯣ","translation":{"text":"for a people","language_name":"english","language_id":38},"transliteration":{"text":"liqawmin","language_name":"english","language_id":38}},{"id":71103,"position":44,"audio_url":"wbw/006_099_046.mp3","qpc_uthmani_hafs":"يُؤۡمِنُونَ","char_type_name":"word","page_number":140,"line_number":12,"text":"ﯤ","translation":{"text":"(who) believe","language_name":"english","language_id":38},"transliteration":{"text":"yu'minūna","language_name":"english","language_id":38}},{"id":71104,"position":45,"audio_url":null,"qpc_uthmani_hafs":"٩٩","char_type_name":"end","page_number":140,"line_number":12,"text":"ﯥ","translation":{"text":"(99)","language_name":"english","language_id":38},"transliteration":{"text":null,"language_name":"english","language_id":38}}],"translations":[{"id":917317,"resource_id":134,"text":"Dan Dia-lah yang menurunkan air hujan dari langit, lalu Kami tumbuhkan dengan air itu segala macam tumbuh-tumbuhan, maka Kami keluarkan dari tumbuh-tumbuhan itu tanaman yang menghijau, Kami keluarkan dari tanaman yang menghijau itu butir yang banyak; dan dari mayang kurma mengurai tangkai-tangkai yang menjulai, dan kebun-kebun anggur, dan (Kami keluarkan pula) zaitun dan delima yang serupa dan yang tidak serupa. Perhatikanlah buahnya di waktu pohonnya berbuah, dan (perhatikan pulalah) kematangannya.  Sesungguhnya pada yang demikian itu ada tanda-tanda (kekuasaan Allah) bagi orang-orang yang beriman."}]},{"id":889,"verse_number":100,"verse_key":"6:100","juz_number":7,"hizb_number":14,"rub_el_hizb_number":56,"ruku_number":113,"manzil_number":2,"sajdah_number":null,"text_uthmani":"وَجَعَلُوا۟ لِلَّهِ شُرَكَآءَ ٱلْجِنَّ وَخَلَقَهُمْ ۖ وَخَرَقُوا۟ لَهُۥ بَنِينَ وَبَنَـٰتٍۭ بِغَيْرِ عِلْمٍ ۚ سُبْحَـٰنَهُۥ وَتَعَـٰلَىٰ عَمَّا يَصِفُونَ","page_number":140,"words":[{"id":71412,"position":1,"audio_url":"wbw/006_100_001.mp3","qpc_uthmani_hafs":"وَجَعَلُواْ","char_type_name":"word","page_number":140,"line_number":12,"text":"ﯦ","translation":{"text":"And they make","language_name":"english","language_id":38},"transliteration":{"text":"wajaʿalū","language_name":"english","language_id":38}},{"id":71413,"position":2,"audio_url":"wbw/006_100_002.mp3","qpc_uthmani_hafs":"لِلَّهِ","char_type_name":"word","page_number":140,"line_number":12,"text":"ﯧ","translation":{"text":"with Allah","language_name":"english","language_id":38},"transliteration":{"text":"lillahi","language_name":"english","language_id":38}},{"id":71414,"position":3,"audio_url":"wbw/006_100_003.mp3","qpc_uthmani_hafs":"شُرَكَآءَ","char_type_name":"word","page_number":140,"line_number":12,"text":"ﯨ","translation":{"text":"partners ","language_name":"english","language_id":38},"transliteration":{"text":"shurakāa","language_name":"english","language_id":38}},{"id":71415,"position":4,"audio_url":"wbw/006_100_004.mp3","qpc_uthmani_hafs":"ٱلۡجِنَّ","char_type_name":"word","page_number":140,"line_number":12,"text":"ﯩ","translation":{"text":"jinn","language_name":"english","language_id":38},"transliteration":{"text":"l-jina","language_name":"english","language_id":38}},{"id":71416,"position":5,"audio_url":"wbw/006_100_005.mp3","qpc_uthmani_hafs":"وَخَلَقَهُمۡۖ","char_type_name":"word","page_number":140,"line_number":12,"text":"ﯪﯫ","translation":{"text":"though He has created them","language_name":"english","language_id":38},"transliteration":{"text":"wakhalaqahum","language_name":"english","language_id":38}},{"id":71418,"position":6,"audio_url":"wbw/006_100_007.mp3","qpc_uthmani_hafs":"وَخَرَقُواْ","char_type_name":"word","page_number":140,"line_number":13,"text":"ﯬ","translation":{"text":"and they falsely attribute","language_name":"english","language_id":38},"transliteration":{"text":"wakharaqū","language_name":"english","language_id":38}},{"id":71419,"position":7,"audio_url":"wbw/006_100_008.mp3","qpc_uthmani_hafs":"لَهُۥ","char_type_name":"word","page_number":140,"line_number":13,"text":"ﯭ","translation":{"text":"to Him","language_name":"english","language_id":38},"transliteration":{"text":"lahu","language_name":"english","language_id":38}},{"id":71420,"position":8,"audio_url":"wbw/006_100_009.mp3","qpc_uthmani_hafs":"بَنِينَ","char_type_name":"word","page_number":140,"line_number":13,"text":"ﯮ","translation":{"text":"sons","language_name":"english","language_id":38},"transliteration":{"text":"banīna","language_name":"english","language_id":38}},{"id":71421,"position":9,"audio_url":"wbw/006_100_010.mp3","qpc_uthmani_hafs":"وَبَنَٰتِۭ","char_type_name":"word","page_number":140,"line_number":13,"text":"ﯯ","translation":{"text":"and daughters","language_name":"english","language_id":38},"transliteration":{"text":"wabanātin","language_name":"english","language_id":38}},{"id":71422,"position":10,"audio_url":"wbw/006_100_011.mp3","qpc_uthmani_hafs":"بِغَيۡرِ","char_type_name":"word","page_number":140,"line_number":13,"text":"ﯰ","translation":{"text":"without","language_name":"english","language_id":38},"transliteration":{"text":"bighayri","language_name":"english","language_id":38}},{"id":71423,"position":11,"audio_url":"wbw/006_100_012.mp3","qpc_uthmani_hafs":"عِلۡمٖۚ","char_type_name":"word","page_number":140,"line_number":13,"text":"ﯱﯲ","translation":{"text":"knowledge","language_name":"english","language_id":38},"transliteration":{"text":"ʿil'min","language_name":"english","language_id":38}},{"id":71425,"position":12,"audio_url":"wbw/006_100_014.mp3","qpc_uthmani_hafs":"سُبۡحَٰنَهُۥ","char_type_name":"word","page_number":140,"line_number":13,"text":"ﯳ","translation":{"text":"Glorified is He","language_name":"english","language_id":38},"transliteration":{"text":"sub'ḥānahu","language_name":"english","language_id":38}},{"id":71426,"position":13,"audio_url":"wbw/006_100_015.mp3","qpc_uthmani_hafs":"وَتَعَٰلَىٰ","char_type_name":"word","page_number":140,"line_number":13,"text":"ﯴ","translation":{"text":"and Exalted","language_name":"english","language_id":38},"transliteration":{"text":"wataʿālā","language_name":"english","language_id":38}},{"id":71427,"position":14,"audio_url":"wbw/006_100_016.mp3","qpc_uthmani_hafs":"عَمَّا","char_type_name":"word","page_number":140,"line_number":13,"text":"ﯵ","translation":{"text":"above what","language_name":"english","language_id":38},"transliteration":{"text":"ʿammā","language_name":"english","language_id":38}},{"id":71428,"position":15,"audio_url":"wbw/006_100_017.mp3","qpc_uthmani_hafs":"يَصِفُونَ","char_type_name":"word","page_number":140,"line_number":14,"text":"ﯶ","translation":{"text":"they attribute","language_name":"english","language_id":38},"transliteration":{"text":"yaṣifūna","language_name":"english","language_id":38}},{"id":71429,"position":16,"audio_url":null,"qpc_uthmani_hafs":"١٠٠","char_type_name":"end","page_number":140,"line_number":14,"text":"ﯷ","translation":{"text":"(100)","language_name":"english","language_id":38},"transliteration":{"text":null,"language_name":"english","language_id":38}}],"translations":[{"id":917318,"resource_id":134,"text":"Dan mereka (orang-orang musyrik) menjadikan jin itu sekutu bagi Allah, padahal Allah-lah yang menciptakan jin-jin itu, dan mereka berbohong (dengan mengatakan), \"Bahwasanya Allah mempunyai anak laki-laki dan perempuan<sup foot_note=210265>1</sup>, tanpa (berdasar) ilmu pengetahuan. Maha Suci Allah dan Maha Tinggi dari sifat-sifat yang mereka berikan."}]},{"id":890,"verse_number":101,"verse_key":"6:101","juz_number":7,"hizb_number":14,"rub_el_hizb_number":56,"ruku_number":114,"manzil_number":2,"sajdah_number":null,"text_uthmani":"بَدِيعُ ٱلسَّمَـٰوَٰتِ وَٱلْأَرْضِ ۖ أَنَّىٰ يَكُونُ لَهُۥ وَلَدٌ وَلَمْ تَكُن لَّهُۥ صَـٰحِبَةٌ ۖ وَخَلَقَ كُلَّ شَىْءٍ ۖ وَهُوَ بِكُلِّ شَىْءٍ عَلِيمٌ","page_number":140,"words":[{"id":71555,"position":1,"audio_url":"wbw/006_101_001.mp3","qpc_uthmani_hafs":"بَدِيعُ","char_type_name":"word","page_number":140,"line_number":14,"text":"ﯸ","translation":{"text":"Originator","language_name":"english","language_id":38},"transliteration":{"text":"badīʿu","language_name":"english","language_id":38}},{"id":71556,"position":2,"audio_url":"wbw/006_101_002.mp3","qpc_uthmani_hafs":"ٱلسَّمَٰوَٰتِ","char_type_name":"word","page_number":140,"line_number":14,"text":"ﯹ","translation":{"text":"(of) the heavens","language_name":"english","language_id":38},"transliteration":{"text":"l-samāwāti","language_name":"english","language_id":38}},{"id":71557,"position":3,"audio_url":"wbw/006_101_003.mp3","qpc_uthmani_hafs":"وَٱلۡأَرۡضِۖ","char_type_name":"word","page_number":140,"line_number":14,"text":"ﯺﯻ","translation":{"text":"and the earth","language_name":"english","language_id":38},"transliteration":{"text":"wal-arḍi","language_name":"english","language_id":38}},{"id":71559,"position":4,"audio_url":"wbw/006_101_005.mp3","qpc_uthmani_hafs":"أَنَّىٰ","char_type_name":"word","page_number":140,"line_number":14,"text":"ﯼ","translation":{"text":"How","language_name":"english","language_id":38},"transliteration":{"text":"annā","language_name":"english","language_id":38}},{"id":71560,"position":5,"audio_url":"wbw/006_101_006.mp3","qpc_uthmani_hafs":"يَكُونُ","char_type_name":"word","page_number":140,"line_number":14,"text":"ﯽ","translation":{"text":"can be","language_name":"english","language_id":38},"transliteration":{"text":"yakūnu","language_name":"english","language_id":38}},{"id":71561,"position":6,"audio_url":"wbw/006_101_007.mp3","qpc_uthmani_hafs":"لَهُۥ","char_type_name":"word","page_number":140,"line_number":14,"text":"ﯾ","translation":{"text":"for Him","language_name":"english","language_id":38},"transliteration":{"text":"lahu","language_name":"english","language_id":38}},{"id":71562,"position":7,"audio_url":"wbw/006_101_008.mp3","qpc_uthmani_hafs":"وَلَدٞ","char_type_name":"word","page_number":140,"line_number":14,"text":"ﯿ","translation":{"text":"a son","language_name":"english","language_id":38},"transliteration":{"text":"waladun","language_name":"english","language_id":38}},{"id":71563,"position":8,"audio_url":"wbw/006_101_009.mp3","qpc_uthmani_hafs":"وَلَمۡ","char_type_name":"word","page_number":140,"line_number":15,"text":"ﰀ","translation":{"text":"while not","language_name":"english","language_id":38},"transliteration":{"text":"walam","language_name":"english","language_id":38}},{"id":71564,"position":9,"audio_url":"wbw/006_101_010.mp3","qpc_uthmani_hafs":"تَكُن","char_type_name":"word","page_number":140,"line_number":15,"text":"ﰁ","translation":{"text":"(there) is","language_name":"english","language_id":38},"transliteration":{"text":"takun","language_name":"english","language_id":38}},{"id":71565,"position":10,"audio_url":"wbw/006_101_011.mp3","qpc_uthmani_hafs":"لَّهُۥ","char_type_name":"word","page_number":140,"line_number":15,"text":"ﰂ","translation":{"text":"for Him","language_name":"english","language_id":38},"transliteration":{"text":"lahu","language_name":"english","language_id":38}},{"id":71566,"position":11,"audio_url":"wbw/006_101_012.mp3","qpc_uthmani_hafs":"صَٰحِبَةٞۖ","char_type_name":"word","page_number":140,"line_number":15,"text":"ﰃﰄ","translation":{"text":"a companion","language_name":"english","language_id":38},"transliteration":{"text":"ṣāḥibatun","language_name":"english","language_id":38}},{"id":71568,"position":12,"audio_url":"wbw/006_101_014.mp3","qpc_uthmani_hafs":"وَخَلَقَ","char_type_name":"word","page_number":140,"line_number":15,"text":"ﰅ","translation":{"text":"and He created","language_name":"english","language_id":38},"transliteration":{"text":"wakhalaqa","language_name":"english","language_id":38}},{"id":71569,"position":13,"audio_url":"wbw/006_101_015.mp3","qpc_uthmani_hafs":"كُلَّ","char_type_name":"word","page_number":140,"line_number":15,"text":"ﰆ","translation":{"text":"every","language_name":"english","language_id":38},"transliteration":{"text":"kulla","language_name":"english","language_id":38}},{"id":71570,"position":14,"audio_url":"wbw/006_101_016.mp3","qpc_uthmani_hafs":"شَيۡءٖۖ","char_type_name":"word","page_number":140,"line_number":15,"text":"ﰇﰈ","translation":{"text":"thing","language_name":"english","language_id":38},"transliteration":{"text":"shayin","language_name":"english","language_id":38}},{"id":71572,"position":15,"audio_url":"wbw/006_101_018.mp3","qpc_uthmani_hafs":"وَهُوَ","char_type_name":"word","page_number":140,"line_number":15,"text":"ﰉ","translation":{"text":"And He","language_name":"english","language_id":38},"transliteration":{"text":"wahuwa","language_name":"english","language_id":38}},{"id":71573,"position":16,"audio_url":"wbw/006_101_019.mp3","qpc_uthmani_hafs":"بِكُلِّ","char_type_name":"word","page_number":140,"line_number":15,"text":"ﰊ","translation":{"text":"(is) of every","language_name":"english","language_id":38},"transliteration":{"text":"bikulli","language_name":"english","language_id":38}},{"id":71574,"position":17,"audio_url":"wbw/006_101_020.mp3","qpc_uthmani_hafs":"شَيۡءٍ","char_type_name":"word","page_number":140,"line_number":15,"text":"ﰋ","translation":{"text":"thing","language_name":"english","language_id":38},"transliteration":{"text":"shayin","language_name":"english","language_id":38}},{"id":71575,"position":18,"audio_url":"wbw/006_101_021.mp3","qpc_uthmani_hafs":"عَلِيمٞ","char_type_name":"word","page_number":140,"line_number":15,"text":"ﰌ","translation":{"text":"All-Knower","language_name":"english","language_id":38},"transliteration":{"text":"ʿalīmun","language_name":"english","language_id":38}},{"id":71576,"position":19,"audio_url":null,"qpc_uthmani_hafs":"١٠١","char_type_name":"end","page_number":140,"line_number":15,"text":"ﰍ","translation":{"text":"(101)","language_name":"english","language_id":38},"transliteration":{"text":null,"language_name":"english","language_id":38}}],"translations":[{"id":917319,"resource_id":134,"text":"Dia Pencipta langit dan bumi.  Bagaimana Dia mempunyai anak padahal Dia tidak mempunyai istri.  Dia menciptakan segala sesuatu; dan Dia mengetahui segala sesuatu."}]}],"pagination":{"per_page":50,"current_page":1,"next_page":null,"total_pages":1,"total_records":7}}