{"verses":[{"id":914,"verse_number":125,"verse_key":"6:125","juz_number":8,"hizb_number":15,"rub_el_hizb_number":57,"ruku_number":116,"manzil_number":2,"sajdah_number":null,"text_uthmani":"فَمَن يُرِدِ ٱللَّهُ أَن يَهْدِيَهُۥ يَشْرَحْ صَدْرَهُۥ لِلْإِسْلَـٰمِ ۖ وَمَن يُرِدْ أَن يُضِلَّهُۥ يَجْعَلْ صَدْرَهُۥ ضَيِّقًا حَرَجًا كَأَنَّمَا يَصَّعَّدُ فِى ٱلسَّمَآءِ ۚ كَذَٰلِكَ يَجْعَلُ ٱللَّهُ ٱلرِّجْسَ عَلَى ٱلَّذِينَ لَا يُؤْمِنُونَ","page_number":144,"words":[{"id":77201,"position":1,"audio_url":"wbw/006_125_001.mp3","qpc_uthmani_hafs":"فَمَن","char_type_name":"word","page_number":144,"line_number":1,"text":"ﭑ","translation":{"text":"So whoever","language_name":"english","language_id":38},"transliteration":{"text":"faman","language_name":"english","language_id":38}},{"id":77202,"position":2,"audio_url":"wbw/006_125_002.mp3","qpc_uthmani_hafs":"يُرِدِ","char_type_name":"word","page_number":144,"line_number":1,"text":"ﭒ","translation":{"text":"wants","language_name":"english","language_id":38},"transliteration":{"text":"yuridi","language_name":"english","language_id":38}},{"id":77203,"position":3,"audio_url":"wbw/006_125_003.mp3","qpc_uthmani_hafs":"ٱللَّهُ","char_type_name":"word","page_number":144,"line_number":1,"text":"ﭓ","translation":{"text":"Allah","language_name":"english","language_id":38},"transliteration":{"text":"l-lahu","language_name":"english","language_id":38}},{"id":77204,"position":4,"audio_url":"wbw/006_125_004.mp3","qpc_uthmani_hafs":"أَن","char_type_name":"word","page_number":144,"line_number":1,"text":"ﭔ","translation":{"text":"that","language_name":"english","language_id":38},"transliteration":{"text":"an","language_name":"english","language_id":38}},{"id":77205,"position":5,"audio_url":"wbw/006_125_005.mp3","qpc_uthmani_hafs":"يَهۡدِيَهُۥ","char_type_name":"word","page_number":144,"line_number":1,"text":"ﭕ","translation":{"text":"He guides him ","language_name":"english","language_id":38},"transliteration":{"text":"yahdiyahu","language_name":"english","language_id":38}},{"id":77206,"position":6,"audio_url":"wbw/006_125_006.mp3","qpc_uthmani_hafs":"يَشۡرَحۡ","char_type_name":"word","page_number":144,"line_number":1,"text":"ﭖ","translation":{"text":"He expands","language_name":"english","language_id":38},"transliteration":{"text":"yashraḥ","language_name":"english","language_id":38}},{"id":77207,"position":7,"audio_url":"wbw/006_125_007.mp3","qpc_uthmani_hafs":"صَدۡرَهُۥ","char_type_name":"word","page_number":144,"line_number":1,"text":"ﭗ","translation":{"text":"his breast","language_name":"english","language_id":38},"transliteration":{"text":"ṣadrahu","language_name":"english","language_id":38}},{"id":77208,"position":8,"audio_url":"wbw/006_125_008.mp3","qpc_uthmani_hafs":"لِلۡإِسۡلَٰمِۖ","char_type_name":"word","page_number":144,"line_number":1,"text":"ﭘﭙ","translation":{"text":"to Islam","language_name":"english","language_id":38},"transliteration":{"text":"lil'is'lāmi","language_name":"english","language_id":38}},{"id":77210,"position":9,"audio_url":"wbw/006_125_010.mp3","qpc_uthmani_hafs":"وَمَن","char_type_name":"word","page_number":144,"line_number":1,"text":"ﭚ","translation":{"text":"and whoever","language_name":"english","language_id":38},"transliteration":{"text":"waman","language_name":"english","language_id":38}},{"id":77211,"position":10,"audio_url":"wbw/006_125_011.mp3","qpc_uthmani_hafs":"يُرِدۡ","char_type_name":"word","page_number":144,"line_number":1,"text":"ﭛ","translation":{"text":"He wants","language_name":"english","language_id":38},"transliteration":{"text":"yurid","language_name":"english","language_id":38}},{"id":77212,"position":11,"audio_url":"wbw/006_125_012.mp3","qpc_uthmani_hafs":"أَن","char_type_name":"word","page_number":144,"line_number":2,"text":"ﭜ","translation":{"text":"that","language_name":"english","language_id":38},"transliteration":{"text":"an","language_name":"english","language_id":38}},{"id":77213,"position":12,"audio_url":"wbw/006_125_013.mp3","qpc_uthmani_hafs":"يُضِلَّهُۥ","char_type_name":"word","page_number":144,"line_number":2,"text":"ﭝ","translation":{"text":"He lets him go astray","language_name":"english","language_id":38},"transliteration":{"text":"yuḍillahu","language_name":"english","language_id":38}},{"id":77214,"position":13,"audio_url":"wbw/006_125_014.mp3","qpc_uthmani_hafs":"يَجۡعَلۡ","char_type_name":"word","page_number":144,"line_number":2,"text":"ﭞ","translation":{"text":"He makes","language_name":"english","language_id":38},"transliteration":{"text":"yajʿal","language_name":"english","language_id":38}},{"id":77215,"position":14,"audio_url":"wbw/006_125_015.mp3","qpc_uthmani_hafs":"صَدۡرَهُۥ","char_type_name":"word","page_number":144,"line_number":2,"text":"ﭟ","translation":{"text":"his breast","language_name":"english","language_id":38},"transliteration":{"text":"ṣadrahu","language_name":"english","language_id":38}},{"id":77216,"position":15,"audio_url":"wbw/006_125_016.mp3","qpc_uthmani_hafs":"ضَيِّقًا","char_type_name":"word","page_number":144,"line_number":2,"text":"ﭠ","translation":{"text":"tight","language_name":"english","language_id":38},"transliteration":{"text":"ḍayyiqan","language_name":"english","language_id":38}},{"id":77217,"position":16,"audio_url":"wbw/006_125_017.mp3","qpc_uthmani_hafs":"حَرَجٗا","char_type_name":"word","page_number":144,"line_number":2,"text":"ﭡ","translation":{"text":"and constricted","language_name":"english","language_id":38},"transliteration":{"text":"ḥarajan","language_name":"english","language_id":38}},{"id":77218,"position":17,"audio_url":"wbw/006_125_018.mp3","qpc_uthmani_hafs":"كَأَنَّمَا","char_type_name":"word","page_number":144,"line_number":2,"text":"ﭢ","translation":{"text":"as though","language_name":"english","language_id":38},"transliteration":{"text":"ka-annamā","language_name":"english","language_id":38}},{"id":77219,"position":18,"audio_url":"wbw/006_125_019.mp3","qpc_uthmani_hafs":"يَصَّعَّدُ","char_type_name":"word","page_number":144,"line_number":2,"text":"ﭣ","translation":{"text":"he (were) climbing","language_name":"english","language_id":38},"transliteration":{"text":"yaṣṣaʿʿadu","language_name":"english","language_id":38}},{"id":77220,"position":19,"audio_url":"wbw/006_125_020.mp3","qpc_uthmani_hafs":"فِي","char_type_name":"word","page_number":144,"line_number":3,"text":"ﭤ","translation":{"text":"into","language_name":"english","language_id":38},"transliteration":{"text":"fī","language_name":"english","language_id":38}},{"id":77221,"position":20,"audio_url":"wbw/006_125_021.mp3","qpc_uthmani_hafs":"ٱلسَّمَآءِۚ","char_type_name":"word","page_number":144,"line_number":3,"text":"ﭥﭦ","translation":{"text":"the sky","language_name":"english","language_id":38},"transliteration":{"text":"l-samāi","language_name":"english","language_id":38}},{"id":77223,"position":21,"audio_url":"wbw/006_125_023.mp3","qpc_uthmani_hafs":"كَذَٰلِكَ","char_type_name":"word","page_number":144,"line_number":3,"text":"ﭧ","translation":{"text":"Thus","language_name":"english","language_id":38},"transliteration":{"text":"kadhālika","language_name":"english","language_id":38}},{"id":77224,"position":22,"audio_url":"wbw/006_125_024.mp3","qpc_uthmani_hafs":"يَجۡعَلُ","char_type_name":"word","page_number":144,"line_number":3,"text":"ﭨ","translation":{"text":"places","language_name":"english","language_id":38},"transliteration":{"text":"yajʿalu","language_name":"english","language_id":38}},{"id":77225,"position":23,"audio_url":"wbw/006_125_025.mp3","qpc_uthmani_hafs":"ٱللَّهُ","char_type_name":"word","page_number":144,"line_number":3,"text":"ﭩ","translation":{"text":"Allah","language_name":"english","language_id":38},"transliteration":{"text":"l-lahu","language_name":"english","language_id":38}},{"id":77226,"position":24,"audio_url":"wbw/006_125_026.mp3","qpc_uthmani_hafs":"ٱلرِّجۡسَ","char_type_name":"word","page_number":144,"line_number":3,"text":"ﭪ","translation":{"text":"the filth","language_name":"english","language_id":38},"transliteration":{"text":"l-rij'sa","language_name":"english","language_id":38}},{"id":77227,"position":25,"audio_url":"wbw/006_125_027.mp3","qpc_uthmani_hafs":"عَلَى","char_type_name":"word","page_number":144,"line_number":3,"text":"ﭫ","translation":{"text":"on","language_name":"english","language_id":38},"transliteration":{"text":"ʿalā","language_name":"english","language_id":38}},{"id":77228,"position":26,"audio_url":"wbw/006_125_028.mp3","qpc_uthmani_hafs":"ٱلَّذِينَ","char_type_name":"word","page_number":144,"line_number":3,"text":"ﭬ","translation":{"text":"those who","language_name":"english","language_id":38},"transliteration":{"text":"alladhīna","language_name":"english","language_id":38}},{"id":77229,"position":27,"audio_url":"wbw/006_125_029.mp3","qpc_uthmani_hafs":"لَا","char_type_name":"word","page_number":144,"line_number":4,"text":"ﭭ","translation":{"text":"(do) not","language_name":"english","language_id":38},"transliteration":{"text":"lā","language_name":"english","language_id":38}},{"id":77230,"position":28,"audio_url":"wbw/006_125_030.mp3","qpc_uthmani_hafs":"يُؤۡمِنُونَ","char_type_name":"word","page_number":144,"line_number":4,"text":"ﭮ","translation":{"text":"believe","language_name":"english","language_id":38},"transliteration":{"text":"yu'minūna","language_name":"english","language_id":38}},{"id":77231,"position":29,"audio_url":null,"qpc_uthmani_hafs":"١٢٥","char_type_name":"end","page_number":144,"line_number":4,"text":"ﭯ","translation":{"text":"(125)","language_name":"english","language_id":38},"transliteration":{"text":null,"language_name":"english","language_id":38}}],"translations":[{"id":917343,"resource_id":134,"text":"Barang siapa yang Allah menghendaki akan memberikan kepadanya petunjuk, niscaya Dia melapangkan dadanya untuk (memeluk agama) Islam.  Dan barang siapa yang dikehendaki Allah kesesatannya<sup foot_note=210273>1</sup>, niscaya Allah menjadikan dadanya sesak lagi sempit, seolah-olah ia sedang mendaki ke langit.  Begitulah Allah menimpakan siksa kepada orang-orang yang tidak beriman."}]},{"id":915,"verse_number":126,"verse_key":"6:126","juz_number":8,"hizb_number":15,"rub_el_hizb_number":57,"ruku_number":116,"manzil_number":2,"sajdah_number":null,"text_uthmani":"وَهَـٰذَا صِرَٰطُ رَبِّكَ مُسْتَقِيمًا ۗ قَدْ فَصَّلْنَا ٱلْـَٔايَـٰتِ لِقَوْمٍ يَذَّكَّرُونَ","page_number":144,"words":[{"id":77312,"position":1,"audio_url":"wbw/006_126_001.mp3","qpc_uthmani_hafs":"وَهَٰذَا","char_type_name":"word","page_number":144,"line_number":4,"text":"ﭰ","translation":{"text":"And this","language_name":"english","language_id":38},"transliteration":{"text":"wahādhā","language_name":"english","language_id":38}},{"id":77313,"position":2,"audio_url":"wbw/006_126_002.mp3","qpc_uthmani_hafs":"صِرَٰطُ","char_type_name":"word","page_number":144,"line_number":4,"text":"ﭱ","translation":{"text":"(is the) way","language_name":"english","language_id":38},"transliteration":{"text":"ṣirāṭu","language_name":"english","language_id":38}},{"id":77314,"position":3,"audio_url":"wbw/006_126_003.mp3","qpc_uthmani_hafs":"رَبِّكَ","char_type_name":"word","page_number":144,"line_number":4,"text":"ﭲ","translation":{"text":"(of) your Lord ","language_name":"english","language_id":38},"transliteration":{"text":"rabbika","language_name":"english","language_id":38}},{"id":77315,"position":4,"audio_url":"wbw/006_126_004.mp3","qpc_uthmani_hafs":"مُسۡتَقِيمٗاۗ","char_type_name":"word","page_number":144,"line_number":4,"text":"ﭳﭴ","translation":{"text":"straight","language_name":"english","language_id":38},"transliteration":{"text":"mus'taqīman","language_name":"english","language_id":38}},{"id":77317,"position":5,"audio_url":"wbw/006_126_006.mp3","qpc_uthmani_hafs":"قَدۡ","char_type_name":"word","page_number":144,"line_number":4,"text":"ﭵ","translation":{"text":"Certainly","language_name":"english","language_id":38},"transliteration":{"text":"qad","language_name":"english","language_id":38}},{"id":77318,"position":6,"audio_url":"wbw/006_126_007.mp3","qpc_uthmani_hafs":"فَصَّلۡنَا","char_type_name":"word","page_number":144,"line_number":4,"text":"ﭶ","translation":{"text":"We have detailed","language_name":"english","language_id":38},"transliteration":{"text":"faṣṣalnā","language_name":"english","language_id":38}},{"id":77319,"position":7,"audio_url":"wbw/006_126_008.mp3","qpc_uthmani_hafs":"ٱلۡأٓيَٰتِ","char_type_name":"word","page_number":144,"line_number":5,"text":"ﭷ","translation":{"text":"the Verses","language_name":"english","language_id":38},"transliteration":{"text":"l-āyāti","language_name":"english","language_id":38}},{"id":77320,"position":8,"audio_url":"wbw/006_126_009.mp3","qpc_uthmani_hafs":"لِقَوۡمٖ","char_type_name":"word","page_number":144,"line_number":5,"text":"ﭸ","translation":{"text":"for a people","language_name":"english","language_id":38},"transliteration":{"text":"liqawmin","language_name":"english","language_id":38}},{"id":77321,"position":9,"audio_url":"wbw/006_126_010.mp3","qpc_uthmani_hafs":"يَذَّكَّرُونَ","char_type_name":"word","page_number":144,"line_number":5,"text":"ﭹ","translation":{"text":"who take heed","language_name":"english","language_id":38},"transliteration":{"text":"yadhakkarūna","language_name":"english","language_id":38}},{"id":77322,"position":10,"audio_url":null,"qpc_uthmani_hafs":"١٢٦","char_type_name":"end","page_number":144,"line_number":5,"text":"ﭺ","translation":{"text":"(126)","language_name":"english","language_id":38},"transliteration":{"text":null,"language_name":"english","language_id":38}}],"translations":[{"id":917344,"resource_id":134,"text":"Dan inilah jalan Tuhan-mu; (jalan) yang lurus.  Sesungguhnya Kami telah menjelaskan ayat-ayat (Kami) kepada orang-orang yang mengambil pelajaran."}]},{"id":916,"verse_number":127,"verse_key":"6:127","juz_number":8,"hizb_number":15,"rub_el_hizb_number":58,"ruku_number":116,"manzil_number":2,"sajdah_number":null,"text_uthmani":"۞ لَهُمْ دَارُ ٱلسَّلَـٰمِ عِندَ رَبِّهِمْ ۖ وَهُوَ وَلِيُّهُم بِمَا كَانُوا۟ يَعْمَلُونَ","page_number":144,"words":[{"id":77586,"position":1,"audio_url":"wbw/006_127_002.mp3","qpc_uthmani_hafs":"۞ لَهُمۡ","char_type_name":"word","page_number":144,"line_number":5,"text":"ﭻ ﭼ","translation":{"text":"For them","language_name":"english","language_id":38},"transliteration":{"text":"lahum","language_name":"english","language_id":38}},{"id":77587,"position":2,"audio_url":"wbw/006_127_003.mp3","qpc_uthmani_hafs":"دَارُ","char_type_name":"word","page_number":144,"line_number":5,"text":"ﭽ","translation":{"text":"(will be) home","language_name":"english","language_id":38},"transliteration":{"text":"dāru","language_name":"english","language_id":38}},{"id":77588,"position":3,"audio_url":"wbw/006_127_004.mp3","qpc_uthmani_hafs":"ٱلسَّلَٰمِ","char_type_name":"word","page_number":144,"line_number":5,"text":"ﭾ","translation":{"text":"(of) [the] peace","language_name":"english","language_id":38},"transliteration":{"text":"l-salāmi","language_name":"english","language_id":38}},{"id":77589,"position":4,"audio_url":"wbw/006_127_005.mp3","qpc_uthmani_hafs":"عِندَ","char_type_name":"word","page_number":144,"line_number":5,"text":"ﭿ","translation":{"text":"with","language_name":"english","language_id":38},"transliteration":{"text":"ʿinda","language_name":"english","language_id":38}},{"id":77590,"position":5,"audio_url":"wbw/006_127_006.mp3","qpc_uthmani_hafs":"رَبِّهِمۡۖ","char_type_name":"word","page_number":144,"line_number":5,"text":"ﮀﮁ","translation":{"text":"their Lord","language_name":"english","language_id":38},"transliteration":{"text":"rabbihim","language_name":"english","language_id":38}},{"id":77592,"position":6,"audio_url":"wbw/006_127_008.mp3","qpc_uthmani_hafs":"وَهُوَ","char_type_name":"word","page_number":144,"line_number":6,"text":"ﮂ","translation":{"text":"And He","language_name":"english","language_id":38},"transliteration":{"text":"wahuwa","language_name":"english","language_id":38}},{"id":77593,"position":7,"audio_url":"wbw/006_127_009.mp3","qpc_uthmani_hafs":"وَلِيُّهُم","char_type_name":"word","page_number":144,"line_number":6,"text":"ﮃ","translation":{"text":"(will be) their protecting friend","language_name":"english","language_id":38},"transliteration":{"text":"waliyyuhum","language_name":"english","language_id":38}},{"id":77594,"position":8,"audio_url":"wbw/006_127_010.mp3","qpc_uthmani_hafs":"بِمَا","char_type_name":"word","page_number":144,"line_number":6,"text":"ﮄ","translation":{"text":"because","language_name":"english","language_id":38},"transliteration":{"text":"bimā","language_name":"english","language_id":38}},{"id":77595,"position":9,"audio_url":"wbw/006_127_011.mp3","qpc_uthmani_hafs":"كَانُواْ","char_type_name":"word","page_number":144,"line_number":6,"text":"ﮅ","translation":{"text":"(of what) they used to","language_name":"english","language_id":38},"transliteration":{"text":"kānū","language_name":"english","language_id":38}},{"id":77596,"position":10,"audio_url":"wbw/006_127_012.mp3","qpc_uthmani_hafs":"يَعۡمَلُونَ","char_type_name":"word","page_number":144,"line_number":6,"text":"ﮆ","translation":{"text":"do","language_name":"english","language_id":38},"transliteration":{"text":"yaʿmalūna","language_name":"english","language_id":38}},{"id":77597,"position":11,"audio_url":null,"qpc_uthmani_hafs":"١٢٧","char_type_name":"end","page_number":144,"line_number":6,"text":"ﮇ","translation":{"text":"(127)","language_name":"english","language_id":38},"transliteration":{"text":null,"language_name":"english","language_id":38}}],"translations":[{"id":917345,"resource_id":134,"text":"Bagi mereka (disediakan) darusalam (surga) pada sisi Tuhan-nya dan Dia-lah Pelindung mereka disebabkan amal-amal saleh yang selalu mereka kerjakan."}]},{"id":917,"verse_number":128,"verse_key":"6:128","juz_number":8,"hizb_number":15,"rub_el_hizb_number":58,"ruku_number":116,"manzil_number":2,"sajdah_number":null,"text_uthmani":"وَيَوْمَ يَحْشُرُهُمْ جَمِيعًا يَـٰمَعْشَرَ ٱلْجِنِّ قَدِ ٱسْتَكْثَرْتُم مِّنَ ٱلْإِنسِ ۖ وَقَالَ أَوْلِيَآؤُهُم مِّنَ ٱلْإِنسِ رَبَّنَا ٱسْتَمْتَعَ بَعْضُنَا بِبَعْضٍ وَبَلَغْنَآ أَجَلَنَا ٱلَّذِىٓ أَجَّلْتَ لَنَا ۚ قَالَ ٱلنَّارُ مَثْوَىٰكُمْ خَـٰلِدِينَ فِيهَآ إِلَّا مَا شَآءَ ٱللَّهُ ۗ إِنَّ رَبَّكَ حَكِيمٌ عَلِيمٌ","page_number":144,"words":[{"id":77598,"position":1,"audio_url":"wbw/006_128_001.mp3","qpc_uthmani_hafs":"وَيَوۡمَ","char_type_name":"word","page_number":144,"line_number":6,"text":"ﮈ","translation":{"text":"And (the) Day","language_name":"english","language_id":38},"transliteration":{"text":"wayawma","language_name":"english","language_id":38}},{"id":77599,"position":2,"audio_url":"wbw/006_128_002.mp3","qpc_uthmani_hafs":"يَحۡشُرُهُمۡ","char_type_name":"word","page_number":144,"line_number":6,"text":"ﮉ","translation":{"text":"He will gather them","language_name":"english","language_id":38},"transliteration":{"text":"yaḥshuruhum","language_name":"english","language_id":38}},{"id":77600,"position":3,"audio_url":"wbw/006_128_003.mp3","qpc_uthmani_hafs":"جَمِيعٗا","char_type_name":"word","page_number":144,"line_number":6,"text":"ﮊ","translation":{"text":"all","language_name":"english","language_id":38},"transliteration":{"text":"jamīʿan","language_name":"english","language_id":38}},{"id":77601,"position":4,"audio_url":"wbw/006_128_004.mp3","qpc_uthmani_hafs":"يَٰمَعۡشَرَ","char_type_name":"word","page_number":144,"line_number":7,"text":"ﮋ","translation":{"text":"(and will say), \"O assembly","language_name":"english","language_id":38},"transliteration":{"text":"yāmaʿshara","language_name":"english","language_id":38}},{"id":77602,"position":5,"audio_url":"wbw/006_128_005.mp3","qpc_uthmani_hafs":"ٱلۡجِنِّ","char_type_name":"word","page_number":144,"line_number":7,"text":"ﮌ","translation":{"text":"(of) [the] jinn","language_name":"english","language_id":38},"transliteration":{"text":"l-jini","language_name":"english","language_id":38}},{"id":77603,"position":6,"audio_url":"wbw/006_128_006.mp3","qpc_uthmani_hafs":"قَدِ","char_type_name":"word","page_number":144,"line_number":7,"text":"ﮍ","translation":{"text":"Certainly","language_name":"english","language_id":38},"transliteration":{"text":"qadi","language_name":"english","language_id":38}},{"id":77604,"position":7,"audio_url":"wbw/006_128_007.mp3","qpc_uthmani_hafs":"ٱسۡتَكۡثَرۡتُم","char_type_name":"word","page_number":144,"line_number":7,"text":"ﮎ","translation":{"text":"you have (misled) many","language_name":"english","language_id":38},"transliteration":{"text":"is'takthartum","language_name":"english","language_id":38}},{"id":77605,"position":8,"audio_url":"wbw/006_128_008.mp3","qpc_uthmani_hafs":"مِّنَ","char_type_name":"word","page_number":144,"line_number":7,"text":"ﮏ","translation":{"text":"of","language_name":"english","language_id":38},"transliteration":{"text":"mina","language_name":"english","language_id":38}},{"id":77606,"position":9,"audio_url":"wbw/006_128_009.mp3","qpc_uthmani_hafs":"ٱلۡإِنسِۖ","char_type_name":"word","page_number":144,"line_number":7,"text":"ﮐﮑ","translation":{"text":"the mankind","language_name":"english","language_id":38},"transliteration":{"text":"l-insi","language_name":"english","language_id":38}},{"id":77608,"position":10,"audio_url":"wbw/006_128_011.mp3","qpc_uthmani_hafs":"وَقَالَ","char_type_name":"word","page_number":144,"line_number":7,"text":"ﮒ","translation":{"text":"And will say","language_name":"english","language_id":38},"transliteration":{"text":"waqāla","language_name":"english","language_id":38}},{"id":77609,"position":11,"audio_url":"wbw/006_128_012.mp3","qpc_uthmani_hafs":"أَوۡلِيَآؤُهُم","char_type_name":"word","page_number":144,"line_number":7,"text":"ﮓ","translation":{"text":"their friends","language_name":"english","language_id":38},"transliteration":{"text":"awliyāuhum","language_name":"english","language_id":38}},{"id":77610,"position":12,"audio_url":"wbw/006_128_013.mp3","qpc_uthmani_hafs":"مِّنَ","char_type_name":"word","page_number":144,"line_number":8,"text":"ﮔ","translation":{"text":"among","language_name":"english","language_id":38},"transliteration":{"text":"mina","language_name":"english","language_id":38}},{"id":77611,"position":13,"audio_url":"wbw/006_128_014.mp3","qpc_uthmani_hafs":"ٱلۡإِنسِ","char_type_name":"word","page_number":144,"line_number":8,"text":"ﮕ","translation":{"text":"the men","language_name":"english","language_id":38},"transliteration":{"text":"l-insi","language_name":"english","language_id":38}},{"id":77612,"position":14,"audio_url":"wbw/006_128_015.mp3","qpc_uthmani_hafs":"رَبَّنَا","char_type_name":"word","page_number":144,"line_number":8,"text":"ﮖ","translation":{"text":"Our Lord","language_name":"english","language_id":38},"transliteration":{"text":"rabbanā","language_name":"english","language_id":38}},{"id":77613,"position":15,"audio_url":"wbw/006_128_016.mp3","qpc_uthmani_hafs":"ٱسۡتَمۡتَعَ","char_type_name":"word","page_number":144,"line_number":8,"text":"ﮗ","translation":{"text":"profited","language_name":"english","language_id":38},"transliteration":{"text":"is'tamtaʿa","language_name":"english","language_id":38}},{"id":77614,"position":16,"audio_url":"wbw/006_128_017.mp3","qpc_uthmani_hafs":"بَعۡضُنَا","char_type_name":"word","page_number":144,"line_number":8,"text":"ﮘ","translation":{"text":"some of us","language_name":"english","language_id":38},"transliteration":{"text":"baʿḍunā","language_name":"english","language_id":38}},{"id":77615,"position":17,"audio_url":"wbw/006_128_018.mp3","qpc_uthmani_hafs":"بِبَعۡضٖ","char_type_name":"word","page_number":144,"line_number":8,"text":"ﮙ","translation":{"text":"by others","language_name":"english","language_id":38},"transliteration":{"text":"bibaʿḍin","language_name":"english","language_id":38}},{"id":77616,"position":18,"audio_url":"wbw/006_128_019.mp3","qpc_uthmani_hafs":"وَبَلَغۡنَآ","char_type_name":"word","page_number":144,"line_number":8,"text":"ﮚ","translation":{"text":"and we have reached","language_name":"english","language_id":38},"transliteration":{"text":"wabalaghnā","language_name":"english","language_id":38}},{"id":77617,"position":19,"audio_url":"wbw/006_128_020.mp3","qpc_uthmani_hafs":"أَجَلَنَا","char_type_name":"word","page_number":144,"line_number":8,"text":"ﮛ","translation":{"text":"our term","language_name":"english","language_id":38},"transliteration":{"text":"ajalanā","language_name":"english","language_id":38}},{"id":77618,"position":20,"audio_url":"wbw/006_128_021.mp3","qpc_uthmani_hafs":"ٱلَّذِيٓ","char_type_name":"word","page_number":144,"line_number":8,"text":"ﮜ","translation":{"text":"which","language_name":"english","language_id":38},"transliteration":{"text":"alladhī","language_name":"english","language_id":38}},{"id":77619,"position":21,"audio_url":"wbw/006_128_022.mp3","qpc_uthmani_hafs":"أَجَّلۡتَ","char_type_name":"word","page_number":144,"line_number":9,"text":"ﮝ","translation":{"text":"You appointed","language_name":"english","language_id":38},"transliteration":{"text":"ajjalta","language_name":"english","language_id":38}},{"id":77620,"position":22,"audio_url":"wbw/006_128_023.mp3","qpc_uthmani_hafs":"لَنَاۚ","char_type_name":"word","page_number":144,"line_number":9,"text":"ﮞﮟ","translation":{"text":"for us","language_name":"english","language_id":38},"transliteration":{"text":"lanā","language_name":"english","language_id":38}},{"id":77622,"position":23,"audio_url":"wbw/006_128_025.mp3","qpc_uthmani_hafs":"قَالَ","char_type_name":"word","page_number":144,"line_number":9,"text":"ﮠ","translation":{"text":"He will say","language_name":"english","language_id":38},"transliteration":{"text":"qāla","language_name":"english","language_id":38}},{"id":77623,"position":24,"audio_url":"wbw/006_128_026.mp3","qpc_uthmani_hafs":"ٱلنَّارُ","char_type_name":"word","page_number":144,"line_number":9,"text":"ﮡ","translation":{"text":"The Fire","language_name":"english","language_id":38},"transliteration":{"text":"l-nāru","language_name":"english","language_id":38}},{"id":77624,"position":25,"audio_url":"wbw/006_128_027.mp3","qpc_uthmani_hafs":"مَثۡوَىٰكُمۡ","char_type_name":"word","page_number":144,"line_number":9,"text":"ﮢ","translation":{"text":"(is) your abode","language_name":"english","language_id":38},"transliteration":{"text":"mathwākum","language_name":"english","language_id":38}},{"id":77625,"position":26,"audio_url":"wbw/006_128_028.mp3","qpc_uthmani_hafs":"خَٰلِدِينَ","char_type_name":"word","page_number":144,"line_number":9,"text":"ﮣ","translation":{"text":"will abide forever","language_name":"english","language_id":38},"transliteration":{"text":"khālidīna","language_name":"english","language_id":38}},{"id":77626,"position":27,"audio_url":"wbw/006_128_029.mp3","qpc_uthmani_hafs":"فِيهَآ","char_type_name":"word","page_number":144,"line_number":9,"text":"ﮤ","translation":{"text":"in it","language_name":"english","language_id":38},"transliteration":{"text":"fīhā","language_name":"english","language_id":38}},{"id":77627,"position":28,"audio_url":"wbw/006_128_030.mp3","qpc_uthmani_hafs":"إِلَّا","char_type_name":"word","page_number":144,"line_number":9,"text":"ﮥ","translation":{"text":"except","language_name":"english","language_id":38},"transliteration":{"text":"illā","language_name":"english","language_id":38}},{"id":77628,"position":29,"audio_url":"wbw/006_128_031.mp3","qpc_uthmani_hafs":"مَا","char_type_name":"word","page_number":144,"line_number":9,"text":"ﮦ","translation":{"text":"(for) what","language_name":"english","language_id":38},"transliteration":{"text":"mā","language_name":"english","language_id":38}},{"id":77629,"position":30,"audio_url":"wbw/006_128_032.mp3","qpc_uthmani_hafs":"شَآءَ","char_type_name":"word","page_number":144,"line_number":9,"text":"ﮧ","translation":{"text":"wills","language_name":"english","language_id":38},"transliteration":{"text":"shāa","language_name":"english","language_id":38}},{"id":77630,"position":31,"audio_url":"wbw/006_128_033.mp3","qpc_uthmani_hafs":"ٱللَّهُۚ","char_type_name":"word","page_number":144,"line_number":9,"text":"ﮨﮩ","translation":{"text":"Allah","language_name":"english","language_id":38},"transliteration":{"text":"l-lahu","language_name":"english","language_id":38}},{"id":77632,"position":32,"audio_url":"wbw/006_128_035.mp3","qpc_uthmani_hafs":"إِنَّ","char_type_name":"word","page_number":144,"line_number":9,"text":"ﮪ","translation":{"text":"Indeed","language_name":"english","language_id":38},"transliteration":{"text":"inna","language_name":"english","language_id":38}},{"id":77633,"position":33,"audio_url":"wbw/006_128_036.mp3","qpc_uthmani_hafs":"رَبَّكَ","char_type_name":"word","page_number":144,"line_number":10,"text":"ﮫ","translation":{"text":"your Lord","language_name":"english","language_id":38},"transliteration":{"text":"rabbaka","language_name":"english","language_id":38}},{"id":77634,"position":34,"audio_url":"wbw/006_128_037.mp3","qpc_uthmani_hafs":"حَكِيمٌ","char_type_name":"word","page_number":144,"line_number":10,"text":"ﮬ","translation":{"text":"(is) All-Wise","language_name":"english","language_id":38},"transliteration":{"text":"ḥakīmun","language_name":"english","language_id":38}},{"id":77635,"position":35,"audio_url":"wbw/006_128_038.mp3","qpc_uthmani_hafs":"عَلِيمٞ","char_type_name":"word","page_number":144,"line_number":10,"text":"ﮭ","translation":{"text":"All-Knowing","language_name":"english","language_id":38},"transliteration":{"text":"ʿalīmun","language_name":"english","language_id":38}},{"id":77636,"position":36,"audio_url":null,"qpc_uthmani_hafs":"١٢٨","char_type_name":"end","page_number":144,"line_number":10,"text":"ﮮ","translation":{"text":"(128)","language_name":"english","language_id":38},"transliteration":{"text":null,"language_name":"english","language_id":38}}],"translations":[{"id":917346,"resource_id":134,"text":"Dan (ingatlah) hari diwaktu Allah menghimpunkan mereka semuanya (dan Allah berfirman), \"Hai golongan jin (setan), sesungguhnya kamu telah banyak menyesatkan manusia\", lalu berkatalah kawan-kawan meraka dari golongan manusia, \"Ya Tuhan kami, sesungguhnya sebagian dari kami telah dapat kesenangan dari sebagian (yang lain)<sup foot_note=210274>1</sup> dan kami telah sampai kepada waktu yang telah Engkau tentukan bagi kami\".  Allah berfirman, \"Neraka itulah tempat diam kamu, sedang kamu kekal di dalamnya, kecuali kalau Allah menghendaki (yang lain)\".  Sesungguhnya Tuhan-mu Maha Bijaksana lagi Maha Mengetahui."}]},{"id":918,"verse_number":129,"verse_key":"6:129","juz_number":8,"hizb_number":15,"rub_el_hizb_number":58,"ruku_number":116,"manzil_number":2,"sajdah_number":null,"text_uthmani":"وَكَذَٰلِكَ نُوَلِّى بَعْضَ ٱلظَّـٰلِمِينَ بَعْضًۢا بِمَا كَانُوا۟ يَكْسِبُونَ","page_number":144,"words":[{"id":77851,"position":1,"audio_url":"wbw/006_129_001.mp3","qpc_uthmani_hafs":"وَكَذَٰلِكَ","char_type_name":"word","page_number":144,"line_number":10,"text":"ﮯ","translation":{"text":"And thus","language_name":"english","language_id":38},"transliteration":{"text":"wakadhālika","language_name":"english","language_id":38}},{"id":77852,"position":2,"audio_url":"wbw/006_129_002.mp3","qpc_uthmani_hafs":"نُوَلِّي","char_type_name":"word","page_number":144,"line_number":10,"text":"ﮰ","translation":{"text":"We make friends","language_name":"english","language_id":38},"transliteration":{"text":"nuwallī","language_name":"english","language_id":38}},{"id":77853,"position":3,"audio_url":"wbw/006_129_003.mp3","qpc_uthmani_hafs":"بَعۡضَ","char_type_name":"word","page_number":144,"line_number":10,"text":"ﮱ","translation":{"text":"some (of)","language_name":"english","language_id":38},"transliteration":{"text":"baʿḍa","language_name":"english","language_id":38}},{"id":77854,"position":4,"audio_url":"wbw/006_129_004.mp3","qpc_uthmani_hafs":"ٱلظَّٰلِمِينَ","char_type_name":"word","page_number":144,"line_number":10,"text":"ﯓ","translation":{"text":"the wrongdoers","language_name":"english","language_id":38},"transliteration":{"text":"l-ẓālimīna","language_name":"english","language_id":38}},{"id":77855,"position":5,"audio_url":"wbw/006_129_005.mp3","qpc_uthmani_hafs":"بَعۡضَۢا","char_type_name":"word","page_number":144,"line_number":10,"text":"ﯔ","translation":{"text":"(to) others","language_name":"english","language_id":38},"transliteration":{"text":"baʿḍan","language_name":"english","language_id":38}},{"id":77856,"position":6,"audio_url":"wbw/006_129_006.mp3","qpc_uthmani_hafs":"بِمَا","char_type_name":"word","page_number":144,"line_number":11,"text":"ﯕ","translation":{"text":"for what","language_name":"english","language_id":38},"transliteration":{"text":"bimā","language_name":"english","language_id":38}},{"id":77857,"position":7,"audio_url":"wbw/006_129_007.mp3","qpc_uthmani_hafs":"كَانُواْ","char_type_name":"word","page_number":144,"line_number":11,"text":"ﯖ","translation":{"text":"they used to","language_name":"english","language_id":38},"transliteration":{"text":"kānū","language_name":"english","language_id":38}},{"id":77858,"position":8,"audio_url":"wbw/006_129_008.mp3","qpc_uthmani_hafs":"يَكۡسِبُونَ","char_type_name":"word","page_number":144,"line_number":11,"text":"ﯗ","translation":{"text":"earn","language_name":"english","language_id":38},"transliteration":{"text":"yaksibūna","language_name":"english","language_id":38}},{"id":77859,"position":9,"audio_url":null,"qpc_uthmani_hafs":"١٢٩","char_type_name":"end","page_number":144,"line_number":11,"text":"ﯘ","translation":{"text":"(129)","language_name":"english","language_id":38},"transliteration":{"text":null,"language_name":"english","language_id":38}}],"translations":[{"id":917347,"resource_id":134,"text":"Dan demikianlah Kami jadikan sebagian orang-orang yang zalim itu menjadi teman bagi sebagian yang lain disebabkan apa yang mereka usahakan."}]},{"id":919,"verse_number":130,"verse_key":"6:130","juz_number":8,"hizb_number":15,"rub_el_hizb_number":58,"ruku_number":117,"manzil_number":2,"sajdah_number":null,"text_uthmani":"يَـٰمَعْشَرَ ٱلْجِنِّ وَٱلْإِنسِ أَلَمْ يَأْتِكُمْ رُسُلٌ مِّنكُمْ يَقُصُّونَ عَلَيْكُمْ ءَايَـٰتِى وَيُنذِرُونَكُمْ لِقَآءَ يَوْمِكُمْ هَـٰذَا ۚ قَالُوا۟ شَهِدْنَا عَلَىٰٓ أَنفُسِنَا ۖ وَغَرَّتْهُمُ ٱلْحَيَوٰةُ ٱلدُّنْيَا وَشَهِدُوا۟ عَلَىٰٓ أَنفُسِهِمْ أَنَّهُمْ كَانُوا۟ كَـٰفِرِينَ","page_number":144,"words":[{"id":77922,"position":1,"audio_url":"wbw/006_130_001.mp3","qpc_uthmani_hafs":"يَٰمَعۡشَرَ","char_type_name":"word","page_number":144,"line_number":11,"text":"ﯙ","translation":{"text":"O assembly","language_name":"english","language_id":38},"transliteration":{"text":"yāmaʿshara","language_name":"english","language_id":38}},{"id":77923,"position":2,"audio_url":"wbw/006_130_002.mp3","qpc_uthmani_hafs":"ٱلۡجِنِّ","char_type_name":"word","page_number":144,"line_number":11,"text":"ﯚ","translation":{"text":"(of) [the] jinn","language_name":"english","language_id":38},"transliteration":{"text":"l-jini","language_name":"english","language_id":38}},{"id":77924,"position":3,"audio_url":"wbw/006_130_003.mp3","qpc_uthmani_hafs":"وَٱلۡإِنسِ","char_type_name":"word","page_number":144,"line_number":11,"text":"ﯛ","translation":{"text":"and [the] men","language_name":"english","language_id":38},"transliteration":{"text":"wal-insi","language_name":"english","language_id":38}},{"id":77925,"position":4,"audio_url":"wbw/006_130_004.mp3","qpc_uthmani_hafs":"أَلَمۡ","char_type_name":"word","page_number":144,"line_number":11,"text":"ﯜ","translation":{"text":"Did (there) not","language_name":"english","language_id":38},"transliteration":{"text":"alam","language_name":"english","language_id":38}},{"id":77926,"position":5,"audio_url":"wbw/006_130_005.mp3","qpc_uthmani_hafs":"يَأۡتِكُمۡ","char_type_name":"word","page_number":144,"line_number":11,"text":"ﯝ","translation":{"text":"come to you","language_name":"english","language_id":38},"transliteration":{"text":"yatikum","language_name":"english","language_id":38}},{"id":77927,"position":6,"audio_url":"wbw/006_130_006.mp3","qpc_uthmani_hafs":"رُسُلٞ","char_type_name":"word","page_number":144,"line_number":12,"text":"ﯞ","translation":{"text":"Messengers","language_name":"english","language_id":38},"transliteration":{"text":"rusulun","language_name":"english","language_id":38}},{"id":77928,"position":7,"audio_url":"wbw/006_130_007.mp3","qpc_uthmani_hafs":"مِّنكُمۡ","char_type_name":"word","page_number":144,"line_number":12,"text":"ﯟ","translation":{"text":"from (among) you","language_name":"english","language_id":38},"transliteration":{"text":"minkum","language_name":"english","language_id":38}},{"id":77929,"position":8,"audio_url":"wbw/006_130_008.mp3","qpc_uthmani_hafs":"يَقُصُّونَ","char_type_name":"word","page_number":144,"line_number":12,"text":"ﯠ","translation":{"text":"relating","language_name":"english","language_id":38},"transliteration":{"text":"yaquṣṣūna","language_name":"english","language_id":38}},{"id":77930,"position":9,"audio_url":"wbw/006_130_009.mp3","qpc_uthmani_hafs":"عَلَيۡكُمۡ","char_type_name":"word","page_number":144,"line_number":12,"text":"ﯡ","translation":{"text":"to you","language_name":"english","language_id":38},"transliteration":{"text":"ʿalaykum","language_name":"english","language_id":38}},{"id":77931,"position":10,"audio_url":"wbw/006_130_010.mp3","qpc_uthmani_hafs":"ءَايَٰتِي","char_type_name":"word","page_number":144,"line_number":12,"text":"ﯢ","translation":{"text":"My Verses","language_name":"english","language_id":38},"transliteration":{"text":"āyātī","language_name":"english","language_id":38}},{"id":77932,"position":11,"audio_url":"wbw/006_130_011.mp3","qpc_uthmani_hafs":"وَيُنذِرُونَكُمۡ","char_type_name":"word","page_number":144,"line_number":12,"text":"ﯣ","translation":{"text":"and warning you","language_name":"english","language_id":38},"transliteration":{"text":"wayundhirūnakum","language_name":"english","language_id":38}},{"id":77933,"position":12,"audio_url":"wbw/006_130_012.mp3","qpc_uthmani_hafs":"لِقَآءَ","char_type_name":"word","page_number":144,"line_number":12,"text":"ﯤ","translation":{"text":"(of the) meeting","language_name":"english","language_id":38},"transliteration":{"text":"liqāa","language_name":"english","language_id":38}},{"id":77934,"position":13,"audio_url":"wbw/006_130_013.mp3","qpc_uthmani_hafs":"يَوۡمِكُمۡ","char_type_name":"word","page_number":144,"line_number":13,"text":"ﯥ","translation":{"text":"(of) your day","language_name":"english","language_id":38},"transliteration":{"text":"yawmikum","language_name":"english","language_id":38}},{"id":77935,"position":14,"audio_url":"wbw/006_130_014.mp3","qpc_uthmani_hafs":"هَٰذَاۚ","char_type_name":"word","page_number":144,"line_number":13,"text":"ﯦﯧ","translation":{"text":"this","language_name":"english","language_id":38},"transliteration":{"text":"hādhā","language_name":"english","language_id":38}},{"id":77937,"position":15,"audio_url":"wbw/006_130_016.mp3","qpc_uthmani_hafs":"قَالُواْ","char_type_name":"word","page_number":144,"line_number":13,"text":"ﯨ","translation":{"text":"They will say","language_name":"english","language_id":38},"transliteration":{"text":"qālū","language_name":"english","language_id":38}},{"id":77938,"position":16,"audio_url":"wbw/006_130_017.mp3","qpc_uthmani_hafs":"شَهِدۡنَا","char_type_name":"word","page_number":144,"line_number":13,"text":"ﯩ","translation":{"text":"We bear witness","language_name":"english","language_id":38},"transliteration":{"text":"shahid'nā","language_name":"english","language_id":38}},{"id":77939,"position":17,"audio_url":"wbw/006_130_018.mp3","qpc_uthmani_hafs":"عَلَىٰٓ","char_type_name":"word","page_number":144,"line_number":13,"text":"ﯪ","translation":{"text":"against","language_name":"english","language_id":38},"transliteration":{"text":"ʿalā","language_name":"english","language_id":38}},{"id":77940,"position":18,"audio_url":"wbw/006_130_019.mp3","qpc_uthmani_hafs":"أَنفُسِنَاۖ","char_type_name":"word","page_number":144,"line_number":13,"text":"ﯫﯬ","translation":{"text":"ourselves","language_name":"english","language_id":38},"transliteration":{"text":"anfusinā","language_name":"english","language_id":38}},{"id":77942,"position":19,"audio_url":"wbw/006_130_021.mp3","qpc_uthmani_hafs":"وَغَرَّتۡهُمُ","char_type_name":"word","page_number":144,"line_number":13,"text":"ﯭ","translation":{"text":"And deluded them","language_name":"english","language_id":38},"transliteration":{"text":"wagharrathumu","language_name":"english","language_id":38}},{"id":77943,"position":20,"audio_url":"wbw/006_130_022.mp3","qpc_uthmani_hafs":"ٱلۡحَيَوٰةُ","char_type_name":"word","page_number":144,"line_number":13,"text":"ﯮ","translation":{"text":"the life","language_name":"english","language_id":38},"transliteration":{"text":"l-ḥayatu","language_name":"english","language_id":38}},{"id":77944,"position":21,"audio_url":"wbw/006_130_023.mp3","qpc_uthmani_hafs":"ٱلدُّنۡيَا","char_type_name":"word","page_number":144,"line_number":13,"text":"ﯯ","translation":{"text":"(of) the world","language_name":"english","language_id":38},"transliteration":{"text":"l-dun'yā","language_name":"english","language_id":38}},{"id":77945,"position":22,"audio_url":"wbw/006_130_024.mp3","qpc_uthmani_hafs":"وَشَهِدُواْ","char_type_name":"word","page_number":144,"line_number":14,"text":"ﯰ","translation":{"text":"and they will bear witness","language_name":"english","language_id":38},"transliteration":{"text":"washahidū","language_name":"english","language_id":38}},{"id":77946,"position":23,"audio_url":"wbw/006_130_025.mp3","qpc_uthmani_hafs":"عَلَىٰٓ","char_type_name":"word","page_number":144,"line_number":14,"text":"ﯱ","translation":{"text":"against","language_name":"english","language_id":38},"transliteration":{"text":"ʿalā","language_name":"english","language_id":38}},{"id":77947,"position":24,"audio_url":"wbw/006_130_026.mp3","qpc_uthmani_hafs":"أَنفُسِهِمۡ","char_type_name":"word","page_number":144,"line_number":14,"text":"ﯲ","translation":{"text":"themselves","language_name":"english","language_id":38},"transliteration":{"text":"anfusihim","language_name":"english","language_id":38}},{"id":77948,"position":25,"audio_url":"wbw/006_130_027.mp3","qpc_uthmani_hafs":"أَنَّهُمۡ","char_type_name":"word","page_number":144,"line_number":14,"text":"ﯳ","translation":{"text":"that they","language_name":"english","language_id":38},"transliteration":{"text":"annahum","language_name":"english","language_id":38}},{"id":77949,"position":26,"audio_url":"wbw/006_130_028.mp3","qpc_uthmani_hafs":"كَانُواْ","char_type_name":"word","page_number":144,"line_number":14,"text":"ﯴ","translation":{"text":"were","language_name":"english","language_id":38},"transliteration":{"text":"kānū","language_name":"english","language_id":38}},{"id":77950,"position":27,"audio_url":"wbw/006_130_029.mp3","qpc_uthmani_hafs":"كَٰفِرِينَ","char_type_name":"word","page_number":144,"line_number":14,"text":"ﯵ","translation":{"text":"disbelievers","language_name":"english","language_id":38},"transliteration":{"text":"kāfirīna","language_name":"english","language_id":38}},{"id":77951,"position":28,"audio_url":null,"qpc_uthmani_hafs":"١٣٠","char_type_name":"end","page_number":144,"line_number":14,"text":"ﯶ","translation":{"text":"(130)","language_name":"english","language_id":38},"transliteration":{"text":null,"language_name":"english","language_id":38}}],"translations":[{"id":917348,"resource_id":134,"text":"Hai golongan jin dan manusia, apakah belum datang kepadamu rasul-rasul dari golongan kamu sendiri, yang menyampaikan kepadamu ayat-ayat-Ku dan memberi peringatan kepadamu terhadap pertemuanmu dengan hari ini? Mereka berkata, \"Kami menjadi saksi atas diri kami sendiri\", kehidupan dunia telah menipu mereka, dan mereka menjadi saksi atas diri mereka sendiri bahwa mereka adalah orang-orang yang kafir."}]},{"id":920,"verse_number":131,"verse_key":"6:131","juz_number":8,"hizb_number":15,"rub_el_hizb_number":58,"ruku_number":117,"manzil_number":2,"sajdah_number":null,"text_uthmani":"ذَٰلِكَ أَن لَّمْ يَكُن رَّبُّكَ مُهْلِكَ ٱلْقُرَىٰ بِظُلْمٍ وَأَهْلُهَا غَـٰفِلُونَ","page_number":144,"words":[{"id":78069,"position":1,"audio_url":"wbw/006_131_001.mp3","qpc_uthmani_hafs":"ذَٰلِكَ","char_type_name":"word","page_number":144,"line_number":14,"text":"ﯷ","translation":{"text":"That (is because)","language_name":"english","language_id":38},"transliteration":{"text":"dhālika","language_name":"english","language_id":38}},{"id":78070,"position":2,"audio_url":"wbw/006_131_002.mp3","qpc_uthmani_hafs":"أَن","char_type_name":"word","page_number":144,"line_number":15,"text":"ﯸ","translation":{"text":"[that]","language_name":"english","language_id":38},"transliteration":{"text":"an","language_name":"english","language_id":38}},{"id":78071,"position":3,"audio_url":"wbw/006_131_003.mp3","qpc_uthmani_hafs":"لَّمۡ","char_type_name":"word","page_number":144,"line_number":15,"text":"ﯹ","translation":{"text":"not","language_name":"english","language_id":38},"transliteration":{"text":"lam","language_name":"english","language_id":38}},{"id":78072,"position":4,"audio_url":"wbw/006_131_004.mp3","qpc_uthmani_hafs":"يَكُن","char_type_name":"word","page_number":144,"line_number":15,"text":"ﯺ","translation":{"text":"is","language_name":"english","language_id":38},"transliteration":{"text":"yakun","language_name":"english","language_id":38}},{"id":78073,"position":5,"audio_url":"wbw/006_131_005.mp3","qpc_uthmani_hafs":"رَّبُّكَ","char_type_name":"word","page_number":144,"line_number":15,"text":"ﯻ","translation":{"text":"your Lord","language_name":"english","language_id":38},"transliteration":{"text":"rabbuka","language_name":"english","language_id":38}},{"id":78074,"position":6,"audio_url":"wbw/006_131_006.mp3","qpc_uthmani_hafs":"مُهۡلِكَ","char_type_name":"word","page_number":144,"line_number":15,"text":"ﯼ","translation":{"text":"one who destroys","language_name":"english","language_id":38},"transliteration":{"text":"muh'lika","language_name":"english","language_id":38}},{"id":78075,"position":7,"audio_url":"wbw/006_131_007.mp3","qpc_uthmani_hafs":"ٱلۡقُرَىٰ","char_type_name":"word","page_number":144,"line_number":15,"text":"ﯽ","translation":{"text":"the cities","language_name":"english","language_id":38},"transliteration":{"text":"l-qurā","language_name":"english","language_id":38}},{"id":78076,"position":8,"audio_url":"wbw/006_131_008.mp3","qpc_uthmani_hafs":"بِظُلۡمٖ","char_type_name":"word","page_number":144,"line_number":15,"text":"ﯾ","translation":{"text":"for (their) wrongdoing","language_name":"english","language_id":38},"transliteration":{"text":"biẓul'min","language_name":"english","language_id":38}},{"id":78077,"position":9,"audio_url":"wbw/006_131_009.mp3","qpc_uthmani_hafs":"وَأَهۡلُهَا","char_type_name":"word","page_number":144,"line_number":15,"text":"ﯿ","translation":{"text":"while their people","language_name":"english","language_id":38},"transliteration":{"text":"wa-ahluhā","language_name":"english","language_id":38}},{"id":78078,"position":10,"audio_url":"wbw/006_131_010.mp3","qpc_uthmani_hafs":"غَٰفِلُونَ","char_type_name":"word","page_number":144,"line_number":15,"text":"ﰀ","translation":{"text":"(are) unaware","language_name":"english","language_id":38},"transliteration":{"text":"ghāfilūna","language_name":"english","language_id":38}},{"id":78079,"position":11,"audio_url":null,"qpc_uthmani_hafs":"١٣١","char_type_name":"end","page_number":144,"line_number":15,"text":"ﰁ","translation":{"text":"(131)","language_name":"english","language_id":38},"transliteration":{"text":null,"language_name":"english","language_id":38}}],"translations":[{"id":917349,"resource_id":134,"text":"Yang demikian itu adalah karena Tuhan-mu tidaklah membinasakan kota-kota secara aniaya, sedang penduduknya dalam keadaan lengah<sup foot_note=210275>1</sup>."}]}],"pagination":{"per_page":50,"current_page":1,"next_page":null,"total_pages":1,"total_records":7}}