{"verses":[{"id":1085,"verse_number":131,"verse_key":"7:131","juz_number":9,"hizb_number":17,"rub_el_hizb_number":66,"ruku_number":137,"manzil_number":2,"sajdah_number":null,"text_uthmani":"فَإِذَا جَآءَتْهُمُ ٱلْحَسَنَةُ قَالُوا۟ لَنَا هَـٰذِهِۦ ۖ وَإِن تُصِبْهُمْ سَيِّئَةٌ يَطَّيَّرُوا۟ بِمُوسَىٰ وَمَن مَّعَهُۥٓ ۗ أَلَآ إِنَّمَا طَـٰٓئِرُهُمْ عِندَ ٱللَّهِ وَلَـٰكِنَّ أَكْثَرَهُمْ لَا يَعْلَمُونَ","page_number":166,"words":[{"id":78122,"position":1,"audio_url":"wbw/007_131_001.mp3","qpc_uthmani_hafs":"فَإِذَا","char_type_name":"word","page_number":166,"line_number":1,"text":"ﭑ","translation":{"text":"But when","language_name":"english","language_id":38},"transliteration":{"text":"fa-idhā","language_name":"english","language_id":38}},{"id":78123,"position":2,"audio_url":"wbw/007_131_002.mp3","qpc_uthmani_hafs":"جَآءَتۡهُمُ","char_type_name":"word","page_number":166,"line_number":1,"text":"ﭒ","translation":{"text":"came to them","language_name":"english","language_id":38},"transliteration":{"text":"jāathumu","language_name":"english","language_id":38}},{"id":78124,"position":3,"audio_url":"wbw/007_131_003.mp3","qpc_uthmani_hafs":"ٱلۡحَسَنَةُ","char_type_name":"word","page_number":166,"line_number":1,"text":"ﭓ","translation":{"text":"the good","language_name":"english","language_id":38},"transliteration":{"text":"l-ḥasanatu","language_name":"english","language_id":38}},{"id":78125,"position":4,"audio_url":"wbw/007_131_004.mp3","qpc_uthmani_hafs":"قَالُواْ","char_type_name":"word","page_number":166,"line_number":1,"text":"ﭔ","translation":{"text":"they said","language_name":"english","language_id":38},"transliteration":{"text":"qālū","language_name":"english","language_id":38}},{"id":78126,"position":5,"audio_url":"wbw/007_131_005.mp3","qpc_uthmani_hafs":"لَنَا","char_type_name":"word","page_number":166,"line_number":1,"text":"ﭕ","translation":{"text":"For us","language_name":"english","language_id":38},"transliteration":{"text":"lanā","language_name":"english","language_id":38}},{"id":78127,"position":6,"audio_url":"wbw/007_131_006.mp3","qpc_uthmani_hafs":"هَٰذِهِۦۖ","char_type_name":"word","page_number":166,"line_number":1,"text":"ﭖﭗ","translation":{"text":"(is) this","language_name":"english","language_id":38},"transliteration":{"text":"hādhihi","language_name":"english","language_id":38}},{"id":78129,"position":7,"audio_url":"wbw/007_131_008.mp3","qpc_uthmani_hafs":"وَإِن","char_type_name":"word","page_number":166,"line_number":1,"text":"ﭘ","translation":{"text":"And if","language_name":"english","language_id":38},"transliteration":{"text":"wa-in","language_name":"english","language_id":38}},{"id":78130,"position":8,"audio_url":"wbw/007_131_009.mp3","qpc_uthmani_hafs":"تُصِبۡهُمۡ","char_type_name":"word","page_number":166,"line_number":1,"text":"ﭙ","translation":{"text":"afflicts them","language_name":"english","language_id":38},"transliteration":{"text":"tuṣib'hum","language_name":"english","language_id":38}},{"id":78131,"position":9,"audio_url":"wbw/007_131_010.mp3","qpc_uthmani_hafs":"سَيِّئَةٞ","char_type_name":"word","page_number":166,"line_number":1,"text":"ﭚ","translation":{"text":"bad","language_name":"english","language_id":38},"transliteration":{"text":"sayyi-atun","language_name":"english","language_id":38}},{"id":78132,"position":10,"audio_url":"wbw/007_131_011.mp3","qpc_uthmani_hafs":"يَطَّيَّرُواْ","char_type_name":"word","page_number":166,"line_number":2,"text":"ﭛ","translation":{"text":"they ascribe evil omens","language_name":"english","language_id":38},"transliteration":{"text":"yaṭṭayyarū","language_name":"english","language_id":38}},{"id":78133,"position":11,"audio_url":"wbw/007_131_012.mp3","qpc_uthmani_hafs":"بِمُوسَىٰ","char_type_name":"word","page_number":166,"line_number":2,"text":"ﭜ","translation":{"text":"to Musa","language_name":"english","language_id":38},"transliteration":{"text":"bimūsā","language_name":"english","language_id":38}},{"id":78134,"position":12,"audio_url":"wbw/007_131_013.mp3","qpc_uthmani_hafs":"وَمَن","char_type_name":"word","page_number":166,"line_number":2,"text":"ﭝ","translation":{"text":"and who","language_name":"english","language_id":38},"transliteration":{"text":"waman","language_name":"english","language_id":38}},{"id":78135,"position":13,"audio_url":"wbw/007_131_014.mp3","qpc_uthmani_hafs":"مَّعَهُۥٓۗ","char_type_name":"word","page_number":166,"line_number":2,"text":"ﭞﭟ","translation":{"text":"(were) with him","language_name":"english","language_id":38},"transliteration":{"text":"maʿahu","language_name":"english","language_id":38}},{"id":78137,"position":14,"audio_url":"wbw/007_131_016.mp3","qpc_uthmani_hafs":"أَلَآ","char_type_name":"word","page_number":166,"line_number":2,"text":"ﭠ","translation":{"text":"Behold","language_name":"english","language_id":38},"transliteration":{"text":"alā","language_name":"english","language_id":38}},{"id":78138,"position":15,"audio_url":"wbw/007_131_017.mp3","qpc_uthmani_hafs":"إِنَّمَا","char_type_name":"word","page_number":166,"line_number":2,"text":"ﭡ","translation":{"text":"Only","language_name":"english","language_id":38},"transliteration":{"text":"innamā","language_name":"english","language_id":38}},{"id":78139,"position":16,"audio_url":"wbw/007_131_018.mp3","qpc_uthmani_hafs":"طَٰٓئِرُهُمۡ","char_type_name":"word","page_number":166,"line_number":2,"text":"ﭢ","translation":{"text":"their evil omens","language_name":"english","language_id":38},"transliteration":{"text":"ṭāiruhum","language_name":"english","language_id":38}},{"id":78140,"position":17,"audio_url":"wbw/007_131_019.mp3","qpc_uthmani_hafs":"عِندَ","char_type_name":"word","page_number":166,"line_number":2,"text":"ﭣ","translation":{"text":"(are) with","language_name":"english","language_id":38},"transliteration":{"text":"ʿinda","language_name":"english","language_id":38}},{"id":78141,"position":18,"audio_url":"wbw/007_131_020.mp3","qpc_uthmani_hafs":"ٱللَّهِ","char_type_name":"word","page_number":166,"line_number":2,"text":"ﭤ","translation":{"text":"Allah","language_name":"english","language_id":38},"transliteration":{"text":"l-lahi","language_name":"english","language_id":38}},{"id":78142,"position":19,"audio_url":"wbw/007_131_021.mp3","qpc_uthmani_hafs":"وَلَٰكِنَّ","char_type_name":"word","page_number":166,"line_number":2,"text":"ﭥ","translation":{"text":"but","language_name":"english","language_id":38},"transliteration":{"text":"walākinna","language_name":"english","language_id":38}},{"id":78143,"position":20,"audio_url":"wbw/007_131_022.mp3","qpc_uthmani_hafs":"أَكۡثَرَهُمۡ","char_type_name":"word","page_number":166,"line_number":3,"text":"ﭦ","translation":{"text":"most of them","language_name":"english","language_id":38},"transliteration":{"text":"aktharahum","language_name":"english","language_id":38}},{"id":78144,"position":21,"audio_url":"wbw/007_131_023.mp3","qpc_uthmani_hafs":"لَا","char_type_name":"word","page_number":166,"line_number":3,"text":"ﭧ","translation":{"text":"(do) not","language_name":"english","language_id":38},"transliteration":{"text":"lā","language_name":"english","language_id":38}},{"id":78145,"position":22,"audio_url":"wbw/007_131_024.mp3","qpc_uthmani_hafs":"يَعۡلَمُونَ","char_type_name":"word","page_number":166,"line_number":3,"text":"ﭨ","translation":{"text":"know","language_name":"english","language_id":38},"transliteration":{"text":"yaʿlamūna","language_name":"english","language_id":38}},{"id":78146,"position":23,"audio_url":null,"qpc_uthmani_hafs":"١٣١","char_type_name":"end","page_number":166,"line_number":3,"text":"ﭩ","translation":{"text":"(131)","language_name":"english","language_id":38},"transliteration":{"text":null,"language_name":"english","language_id":38}}],"translations":[{"id":917514,"resource_id":134,"text":"Kemudian apabila datang kepada mereka kemakmuran, mereka berkata, \"Itu adalah karena (usaha) kami\".  Dan jika mereka ditimpa kesusahan, mereka lemparkan sebab kesialan itu kepada Musa dan orang-orang yang besertanya.  Ketahuilah, sesungguhnya kesialan mereka itu adalah ketetapan dari Allah, akan tetapi kebanyakan mereka tidak mengetahui."}]},{"id":1086,"verse_number":132,"verse_key":"7:132","juz_number":9,"hizb_number":17,"rub_el_hizb_number":66,"ruku_number":137,"manzil_number":2,"sajdah_number":null,"text_uthmani":"وَقَالُوا۟ مَهْمَا تَأْتِنَا بِهِۦ مِنْ ءَايَةٍ لِّتَسْحَرَنَا بِهَا فَمَا نَحْنُ لَكَ بِمُؤْمِنِينَ","page_number":166,"words":[{"id":78220,"position":1,"audio_url":"wbw/007_132_001.mp3","qpc_uthmani_hafs":"وَقَالُواْ","char_type_name":"word","page_number":166,"line_number":3,"text":"ﭪ","translation":{"text":"And they said","language_name":"english","language_id":38},"transliteration":{"text":"waqālū","language_name":"english","language_id":38}},{"id":78221,"position":2,"audio_url":"wbw/007_132_002.mp3","qpc_uthmani_hafs":"مَهۡمَا","char_type_name":"word","page_number":166,"line_number":3,"text":"ﭫ","translation":{"text":"Whatever","language_name":"english","language_id":38},"transliteration":{"text":"mahmā","language_name":"english","language_id":38}},{"id":78222,"position":3,"audio_url":"wbw/007_132_003.mp3","qpc_uthmani_hafs":"تَأۡتِنَا","char_type_name":"word","page_number":166,"line_number":3,"text":"ﭬ","translation":{"text":"you bring us","language_name":"english","language_id":38},"transliteration":{"text":"tatinā","language_name":"english","language_id":38}},{"id":78223,"position":4,"audio_url":"wbw/007_132_004.mp3","qpc_uthmani_hafs":"بِهِۦ","char_type_name":"word","page_number":166,"line_number":3,"text":"ﭭ","translation":{"text":"therewith","language_name":"english","language_id":38},"transliteration":{"text":"bihi","language_name":"english","language_id":38}},{"id":78224,"position":5,"audio_url":"wbw/007_132_005.mp3","qpc_uthmani_hafs":"مِنۡ","char_type_name":"word","page_number":166,"line_number":3,"text":"ﭮ","translation":{"text":"of","language_name":"english","language_id":38},"transliteration":{"text":"min","language_name":"english","language_id":38}},{"id":78225,"position":6,"audio_url":"wbw/007_132_006.mp3","qpc_uthmani_hafs":"ءَايَةٖ","char_type_name":"word","page_number":166,"line_number":3,"text":"ﭯ","translation":{"text":"(the) sign","language_name":"english","language_id":38},"transliteration":{"text":"āyatin","language_name":"english","language_id":38}},{"id":78226,"position":7,"audio_url":"wbw/007_132_007.mp3","qpc_uthmani_hafs":"لِّتَسۡحَرَنَا","char_type_name":"word","page_number":166,"line_number":4,"text":"ﭰ","translation":{"text":"so that you bewitch us","language_name":"english","language_id":38},"transliteration":{"text":"litasḥaranā","language_name":"english","language_id":38}},{"id":78227,"position":8,"audio_url":"wbw/007_132_008.mp3","qpc_uthmani_hafs":"بِهَا","char_type_name":"word","page_number":166,"line_number":4,"text":"ﭱ","translation":{"text":"with it","language_name":"english","language_id":38},"transliteration":{"text":"bihā","language_name":"english","language_id":38}},{"id":78228,"position":9,"audio_url":"wbw/007_132_009.mp3","qpc_uthmani_hafs":"فَمَا","char_type_name":"word","page_number":166,"line_number":4,"text":"ﭲ","translation":{"text":"then not","language_name":"english","language_id":38},"transliteration":{"text":"famā","language_name":"english","language_id":38}},{"id":78229,"position":10,"audio_url":"wbw/007_132_010.mp3","qpc_uthmani_hafs":"نَحۡنُ","char_type_name":"word","page_number":166,"line_number":4,"text":"ﭳ","translation":{"text":"we","language_name":"english","language_id":38},"transliteration":{"text":"naḥnu","language_name":"english","language_id":38}},{"id":78230,"position":11,"audio_url":"wbw/007_132_011.mp3","qpc_uthmani_hafs":"لَكَ","char_type_name":"word","page_number":166,"line_number":4,"text":"ﭴ","translation":{"text":"(will be) in you","language_name":"english","language_id":38},"transliteration":{"text":"laka","language_name":"english","language_id":38}},{"id":78231,"position":12,"audio_url":"wbw/007_132_012.mp3","qpc_uthmani_hafs":"بِمُؤۡمِنِينَ","char_type_name":"word","page_number":166,"line_number":4,"text":"ﭵ","translation":{"text":"believers","language_name":"english","language_id":38},"transliteration":{"text":"bimu'minīna","language_name":"english","language_id":38}},{"id":78232,"position":13,"audio_url":null,"qpc_uthmani_hafs":"١٣٢","char_type_name":"end","page_number":166,"line_number":4,"text":"ﭶ","translation":{"text":"(132)","language_name":"english","language_id":38},"transliteration":{"text":null,"language_name":"english","language_id":38}}],"translations":[{"id":917515,"resource_id":134,"text":"Mereka berkata, \"Bagaimanapun kamu mendatangkan keterangan kepada kami untuk menyihir kami dengan keterangan itu, maka kami sekali-kali tidak akan beriman kepadamu\"."}]},{"id":1087,"verse_number":133,"verse_key":"7:133","juz_number":9,"hizb_number":17,"rub_el_hizb_number":66,"ruku_number":137,"manzil_number":2,"sajdah_number":null,"text_uthmani":"فَأَرْسَلْنَا عَلَيْهِمُ ٱلطُّوفَانَ وَٱلْجَرَادَ وَٱلْقُمَّلَ وَٱلضَّفَادِعَ وَٱلدَّمَ ءَايَـٰتٍ مُّفَصَّلَـٰتٍ فَٱسْتَكْبَرُوا۟ وَكَانُوا۟ قَوْمًا مُّجْرِمِينَ","page_number":166,"words":[{"id":78317,"position":1,"audio_url":"wbw/007_133_001.mp3","qpc_uthmani_hafs":"فَأَرۡسَلۡنَا","char_type_name":"word","page_number":166,"line_number":4,"text":"ﭷ","translation":{"text":"So We sent","language_name":"english","language_id":38},"transliteration":{"text":"fa-arsalnā","language_name":"english","language_id":38}},{"id":78318,"position":2,"audio_url":"wbw/007_133_002.mp3","qpc_uthmani_hafs":"عَلَيۡهِمُ","char_type_name":"word","page_number":166,"line_number":4,"text":"ﭸ","translation":{"text":"on them","language_name":"english","language_id":38},"transliteration":{"text":"ʿalayhimu","language_name":"english","language_id":38}},{"id":78319,"position":3,"audio_url":"wbw/007_133_003.mp3","qpc_uthmani_hafs":"ٱلطُّوفَانَ","char_type_name":"word","page_number":166,"line_number":5,"text":"ﭹ","translation":{"text":"the flood","language_name":"english","language_id":38},"transliteration":{"text":"l-ṭūfāna","language_name":"english","language_id":38}},{"id":78320,"position":4,"audio_url":"wbw/007_133_004.mp3","qpc_uthmani_hafs":"وَٱلۡجَرَادَ","char_type_name":"word","page_number":166,"line_number":5,"text":"ﭺ","translation":{"text":"and the locusts","language_name":"english","language_id":38},"transliteration":{"text":"wal-jarāda","language_name":"english","language_id":38}},{"id":78321,"position":5,"audio_url":"wbw/007_133_005.mp3","qpc_uthmani_hafs":"وَٱلۡقُمَّلَ","char_type_name":"word","page_number":166,"line_number":5,"text":"ﭻ","translation":{"text":"and the lice","language_name":"english","language_id":38},"transliteration":{"text":"wal-qumala","language_name":"english","language_id":38}},{"id":78322,"position":6,"audio_url":"wbw/007_133_006.mp3","qpc_uthmani_hafs":"وَٱلضَّفَادِعَ","char_type_name":"word","page_number":166,"line_number":5,"text":"ﭼ","translation":{"text":"and the frogs","language_name":"english","language_id":38},"transliteration":{"text":"wal-ḍafādiʿa","language_name":"english","language_id":38}},{"id":78323,"position":7,"audio_url":"wbw/007_133_007.mp3","qpc_uthmani_hafs":"وَٱلدَّمَ","char_type_name":"word","page_number":166,"line_number":5,"text":"ﭽ","translation":{"text":"and the blood","language_name":"english","language_id":38},"transliteration":{"text":"wal-dama","language_name":"english","language_id":38}},{"id":78324,"position":8,"audio_url":"wbw/007_133_008.mp3","qpc_uthmani_hafs":"ءَايَٰتٖ","char_type_name":"word","page_number":166,"line_number":5,"text":"ﭾ","translation":{"text":"(as) signs","language_name":"english","language_id":38},"transliteration":{"text":"āyātin","language_name":"english","language_id":38}},{"id":78325,"position":9,"audio_url":"wbw/007_133_009.mp3","qpc_uthmani_hafs":"مُّفَصَّلَٰتٖ","char_type_name":"word","page_number":166,"line_number":5,"text":"ﭿ","translation":{"text":"manifest","language_name":"english","language_id":38},"transliteration":{"text":"mufaṣṣalātin","language_name":"english","language_id":38}},{"id":78326,"position":10,"audio_url":"wbw/007_133_010.mp3","qpc_uthmani_hafs":"فَٱسۡتَكۡبَرُواْ","char_type_name":"word","page_number":166,"line_number":6,"text":"ﮀ","translation":{"text":"but they showed arrogance","language_name":"english","language_id":38},"transliteration":{"text":"fa-is'takbarū","language_name":"english","language_id":38}},{"id":78327,"position":11,"audio_url":"wbw/007_133_011.mp3","qpc_uthmani_hafs":"وَكَانُواْ","char_type_name":"word","page_number":166,"line_number":6,"text":"ﮁ","translation":{"text":"and they were","language_name":"english","language_id":38},"transliteration":{"text":"wakānū","language_name":"english","language_id":38}},{"id":78328,"position":12,"audio_url":"wbw/007_133_012.mp3","qpc_uthmani_hafs":"قَوۡمٗا","char_type_name":"word","page_number":166,"line_number":6,"text":"ﮂ","translation":{"text":"a people","language_name":"english","language_id":38},"transliteration":{"text":"qawman","language_name":"english","language_id":38}},{"id":78329,"position":13,"audio_url":"wbw/007_133_013.mp3","qpc_uthmani_hafs":"مُّجۡرِمِينَ","char_type_name":"word","page_number":166,"line_number":6,"text":"ﮃ","translation":{"text":"criminal","language_name":"english","language_id":38},"transliteration":{"text":"muj'rimīna","language_name":"english","language_id":38}},{"id":78330,"position":14,"audio_url":null,"qpc_uthmani_hafs":"١٣٣","char_type_name":"end","page_number":166,"line_number":6,"text":"ﮄ","translation":{"text":"(133)","language_name":"english","language_id":38},"transliteration":{"text":null,"language_name":"english","language_id":38}}],"translations":[{"id":917516,"resource_id":134,"text":"Maka Kami kirimkan kepada mereka topan, belalang, kutu, katak, dan darah sebagai bukti yang jelas<sup foot_note=210328>1</sup>, tetapi mereka tetap menyombongkan diri dan mereka adalah kaum yang berdosa."}]},{"id":1088,"verse_number":134,"verse_key":"7:134","juz_number":9,"hizb_number":17,"rub_el_hizb_number":66,"ruku_number":137,"manzil_number":2,"sajdah_number":null,"text_uthmani":"وَلَمَّا وَقَعَ عَلَيْهِمُ ٱلرِّجْزُ قَالُوا۟ يَـٰمُوسَى ٱدْعُ لَنَا رَبَّكَ بِمَا عَهِدَ عِندَكَ ۖ لَئِن كَشَفْتَ عَنَّا ٱلرِّجْزَ لَنُؤْمِنَنَّ لَكَ وَلَنُرْسِلَنَّ مَعَكَ بَنِىٓ إِسْرَٰٓءِيلَ","page_number":166,"words":[{"id":78394,"position":1,"audio_url":"wbw/007_134_001.mp3","qpc_uthmani_hafs":"وَلَمَّا","char_type_name":"word","page_number":166,"line_number":6,"text":"ﮅ","translation":{"text":"And when","language_name":"english","language_id":38},"transliteration":{"text":"walammā","language_name":"english","language_id":38}},{"id":78395,"position":2,"audio_url":"wbw/007_134_002.mp3","qpc_uthmani_hafs":"وَقَعَ","char_type_name":"word","page_number":166,"line_number":6,"text":"ﮆ","translation":{"text":"fell","language_name":"english","language_id":38},"transliteration":{"text":"waqaʿa","language_name":"english","language_id":38}},{"id":78396,"position":3,"audio_url":"wbw/007_134_003.mp3","qpc_uthmani_hafs":"عَلَيۡهِمُ","char_type_name":"word","page_number":166,"line_number":6,"text":"ﮇ","translation":{"text":"on them","language_name":"english","language_id":38},"transliteration":{"text":"ʿalayhimu","language_name":"english","language_id":38}},{"id":78397,"position":4,"audio_url":"wbw/007_134_004.mp3","qpc_uthmani_hafs":"ٱلرِّجۡزُ","char_type_name":"word","page_number":166,"line_number":7,"text":"ﮈ","translation":{"text":"the punishment","language_name":"english","language_id":38},"transliteration":{"text":"l-rij'zu","language_name":"english","language_id":38}},{"id":78398,"position":5,"audio_url":"wbw/007_134_005.mp3","qpc_uthmani_hafs":"قَالُواْ","char_type_name":"word","page_number":166,"line_number":7,"text":"ﮉ","translation":{"text":"they said","language_name":"english","language_id":38},"transliteration":{"text":"qālū","language_name":"english","language_id":38}},{"id":78399,"position":6,"audio_url":"wbw/007_134_006.mp3","qpc_uthmani_hafs":"يَٰمُوسَى","char_type_name":"word","page_number":166,"line_number":7,"text":"ﮊ","translation":{"text":"O Musa","language_name":"english","language_id":38},"transliteration":{"text":"yāmūsā","language_name":"english","language_id":38}},{"id":78400,"position":7,"audio_url":"wbw/007_134_007.mp3","qpc_uthmani_hafs":"ٱدۡعُ","char_type_name":"word","page_number":166,"line_number":7,"text":"ﮋ","translation":{"text":"Invoke","language_name":"english","language_id":38},"transliteration":{"text":"ud'ʿu","language_name":"english","language_id":38}},{"id":78401,"position":8,"audio_url":"wbw/007_134_008.mp3","qpc_uthmani_hafs":"لَنَا","char_type_name":"word","page_number":166,"line_number":7,"text":"ﮌ","translation":{"text":"for us","language_name":"english","language_id":38},"transliteration":{"text":"lanā","language_name":"english","language_id":38}},{"id":78402,"position":9,"audio_url":"wbw/007_134_009.mp3","qpc_uthmani_hafs":"رَبَّكَ","char_type_name":"word","page_number":166,"line_number":7,"text":"ﮍ","translation":{"text":"your Lord","language_name":"english","language_id":38},"transliteration":{"text":"rabbaka","language_name":"english","language_id":38}},{"id":78403,"position":10,"audio_url":"wbw/007_134_010.mp3","qpc_uthmani_hafs":"بِمَا","char_type_name":"word","page_number":166,"line_number":7,"text":"ﮎ","translation":{"text":"by what","language_name":"english","language_id":38},"transliteration":{"text":"bimā","language_name":"english","language_id":38}},{"id":78404,"position":11,"audio_url":"wbw/007_134_011.mp3","qpc_uthmani_hafs":"عَهِدَ","char_type_name":"word","page_number":166,"line_number":7,"text":"ﮏ","translation":{"text":"He has promised","language_name":"english","language_id":38},"transliteration":{"text":"ʿahida","language_name":"english","language_id":38}},{"id":78405,"position":12,"audio_url":"wbw/007_134_012.mp3","qpc_uthmani_hafs":"عِندَكَۖ","char_type_name":"word","page_number":166,"line_number":7,"text":"ﮐﮑ","translation":{"text":"to you","language_name":"english","language_id":38},"transliteration":{"text":"ʿindaka","language_name":"english","language_id":38}},{"id":78407,"position":13,"audio_url":"wbw/007_134_014.mp3","qpc_uthmani_hafs":"لَئِن","char_type_name":"word","page_number":166,"line_number":7,"text":"ﮒ","translation":{"text":"If","language_name":"english","language_id":38},"transliteration":{"text":"la-in","language_name":"english","language_id":38}},{"id":78408,"position":14,"audio_url":"wbw/007_134_015.mp3","qpc_uthmani_hafs":"كَشَفۡتَ","char_type_name":"word","page_number":166,"line_number":8,"text":"ﮓ","translation":{"text":"you remove","language_name":"english","language_id":38},"transliteration":{"text":"kashafta","language_name":"english","language_id":38}},{"id":78409,"position":15,"audio_url":"wbw/007_134_016.mp3","qpc_uthmani_hafs":"عَنَّا","char_type_name":"word","page_number":166,"line_number":8,"text":"ﮔ","translation":{"text":"from us","language_name":"english","language_id":38},"transliteration":{"text":"ʿannā","language_name":"english","language_id":38}},{"id":78410,"position":16,"audio_url":"wbw/007_134_017.mp3","qpc_uthmani_hafs":"ٱلرِّجۡزَ","char_type_name":"word","page_number":166,"line_number":8,"text":"ﮕ","translation":{"text":"the punishment","language_name":"english","language_id":38},"transliteration":{"text":"l-rij'za","language_name":"english","language_id":38}},{"id":78411,"position":17,"audio_url":"wbw/007_134_018.mp3","qpc_uthmani_hafs":"لَنُؤۡمِنَنَّ","char_type_name":"word","page_number":166,"line_number":8,"text":"ﮖ","translation":{"text":"surely, we will believe","language_name":"english","language_id":38},"transliteration":{"text":"lanu'minanna","language_name":"english","language_id":38}},{"id":78412,"position":18,"audio_url":"wbw/007_134_019.mp3","qpc_uthmani_hafs":"لَكَ","char_type_name":"word","page_number":166,"line_number":8,"text":"ﮗ","translation":{"text":"[for] you","language_name":"english","language_id":38},"transliteration":{"text":"laka","language_name":"english","language_id":38}},{"id":78413,"position":19,"audio_url":"wbw/007_134_020.mp3","qpc_uthmani_hafs":"وَلَنُرۡسِلَنَّ","char_type_name":"word","page_number":166,"line_number":8,"text":"ﮘ","translation":{"text":"and surely, we will send","language_name":"english","language_id":38},"transliteration":{"text":"walanur'silanna","language_name":"english","language_id":38}},{"id":78414,"position":20,"audio_url":"wbw/007_134_021.mp3","qpc_uthmani_hafs":"مَعَكَ","char_type_name":"word","page_number":166,"line_number":8,"text":"ﮙ","translation":{"text":"with you","language_name":"english","language_id":38},"transliteration":{"text":"maʿaka","language_name":"english","language_id":38}},{"id":78415,"position":21,"audio_url":"wbw/007_134_022.mp3","qpc_uthmani_hafs":"بَنِيٓ","char_type_name":"word","page_number":166,"line_number":8,"text":"ﮚ","translation":{"text":"(the) Children","language_name":"english","language_id":38},"transliteration":{"text":"banī","language_name":"english","language_id":38}},{"id":78416,"position":22,"audio_url":"wbw/007_134_023.mp3","qpc_uthmani_hafs":"إِسۡرَٰٓءِيلَ","char_type_name":"word","page_number":166,"line_number":9,"text":"ﮛ","translation":{"text":"(of) Israel","language_name":"english","language_id":38},"transliteration":{"text":"is'rāīla","language_name":"english","language_id":38}},{"id":78417,"position":23,"audio_url":null,"qpc_uthmani_hafs":"١٣٤","char_type_name":"end","page_number":166,"line_number":9,"text":"ﮜ","translation":{"text":"(134)","language_name":"english","language_id":38},"transliteration":{"text":null,"language_name":"english","language_id":38}}],"translations":[{"id":917517,"resource_id":134,"text":"Dan ketika mereka ditimpa azab (yang telah diterangkan itu) mereka pun berkata, \"Hai Musa, mohonkanlah untuk kami kepada Tuhan-mu dengan (perantaraan) kenabian yang diketahui Allah ada pada sisimu<sup foot_note=210329>1</sup>.  Sesungguhnya jika kamu dapat menghilangkan azab itu dan pada kami, pasti kami akan beriman kepadamu dan akan kami biarkan Bani Isrā`īl pergi bersamamu\"."}]},{"id":1089,"verse_number":135,"verse_key":"7:135","juz_number":9,"hizb_number":17,"rub_el_hizb_number":66,"ruku_number":137,"manzil_number":2,"sajdah_number":null,"text_uthmani":"فَلَمَّا كَشَفْنَا عَنْهُمُ ٱلرِّجْزَ إِلَىٰٓ أَجَلٍ هُم بَـٰلِغُوهُ إِذَا هُمْ يَنكُثُونَ","page_number":166,"words":[{"id":78561,"position":1,"audio_url":"wbw/007_135_001.mp3","qpc_uthmani_hafs":"فَلَمَّا","char_type_name":"word","page_number":166,"line_number":9,"text":"ﮝ","translation":{"text":"But when","language_name":"english","language_id":38},"transliteration":{"text":"falammā","language_name":"english","language_id":38}},{"id":78562,"position":2,"audio_url":"wbw/007_135_002.mp3","qpc_uthmani_hafs":"كَشَفۡنَا","char_type_name":"word","page_number":166,"line_number":9,"text":"ﮞ","translation":{"text":"We removed","language_name":"english","language_id":38},"transliteration":{"text":"kashafnā","language_name":"english","language_id":38}},{"id":78563,"position":3,"audio_url":"wbw/007_135_003.mp3","qpc_uthmani_hafs":"عَنۡهُمُ","char_type_name":"word","page_number":166,"line_number":9,"text":"ﮟ","translation":{"text":"from them","language_name":"english","language_id":38},"transliteration":{"text":"ʿanhumu","language_name":"english","language_id":38}},{"id":78564,"position":4,"audio_url":"wbw/007_135_004.mp3","qpc_uthmani_hafs":"ٱلرِّجۡزَ","char_type_name":"word","page_number":166,"line_number":9,"text":"ﮠ","translation":{"text":"the punishment","language_name":"english","language_id":38},"transliteration":{"text":"l-rij'za","language_name":"english","language_id":38}},{"id":78565,"position":5,"audio_url":"wbw/007_135_005.mp3","qpc_uthmani_hafs":"إِلَىٰٓ","char_type_name":"word","page_number":166,"line_number":9,"text":"ﮡ","translation":{"text":"till","language_name":"english","language_id":38},"transliteration":{"text":"ilā","language_name":"english","language_id":38}},{"id":78566,"position":6,"audio_url":"wbw/007_135_006.mp3","qpc_uthmani_hafs":"أَجَلٍ","char_type_name":"word","page_number":166,"line_number":9,"text":"ﮢ","translation":{"text":"a (fixed) term","language_name":"english","language_id":38},"transliteration":{"text":"ajalin","language_name":"english","language_id":38}},{"id":78567,"position":7,"audio_url":"wbw/007_135_007.mp3","qpc_uthmani_hafs":"هُم","char_type_name":"word","page_number":166,"line_number":10,"text":"ﮣ","translation":{"text":"(which) they","language_name":"english","language_id":38},"transliteration":{"text":"hum","language_name":"english","language_id":38}},{"id":78568,"position":8,"audio_url":"wbw/007_135_008.mp3","qpc_uthmani_hafs":"بَٰلِغُوهُ","char_type_name":"word","page_number":166,"line_number":10,"text":"ﮤ","translation":{"text":"were to reach [it]","language_name":"english","language_id":38},"transliteration":{"text":"bālighūhu","language_name":"english","language_id":38}},{"id":78569,"position":9,"audio_url":"wbw/007_135_009.mp3","qpc_uthmani_hafs":"إِذَا","char_type_name":"word","page_number":166,"line_number":10,"text":"ﮥ","translation":{"text":"then","language_name":"english","language_id":38},"transliteration":{"text":"idhā","language_name":"english","language_id":38}},{"id":78570,"position":10,"audio_url":"wbw/007_135_010.mp3","qpc_uthmani_hafs":"هُمۡ","char_type_name":"word","page_number":166,"line_number":10,"text":"ﮦ","translation":{"text":"they","language_name":"english","language_id":38},"transliteration":{"text":"hum","language_name":"english","language_id":38}},{"id":78571,"position":11,"audio_url":"wbw/007_135_011.mp3","qpc_uthmani_hafs":"يَنكُثُونَ","char_type_name":"word","page_number":166,"line_number":10,"text":"ﮧ","translation":{"text":"broke (the word)","language_name":"english","language_id":38},"transliteration":{"text":"yankuthūna","language_name":"english","language_id":38}},{"id":78572,"position":12,"audio_url":null,"qpc_uthmani_hafs":"١٣٥","char_type_name":"end","page_number":166,"line_number":10,"text":"ﮨ","translation":{"text":"(135)","language_name":"english","language_id":38},"transliteration":{"text":null,"language_name":"english","language_id":38}}],"translations":[{"id":917518,"resource_id":134,"text":"Maka setelah Kami hilangkan azab itu dari mereka hingga batas waktu yang mereka sampai kepadanya, tiba-tiba mereka mengingkarinya."}]},{"id":1090,"verse_number":136,"verse_key":"7:136","juz_number":9,"hizb_number":17,"rub_el_hizb_number":66,"ruku_number":137,"manzil_number":2,"sajdah_number":null,"text_uthmani":"فَٱنتَقَمْنَا مِنْهُمْ فَأَغْرَقْنَـٰهُمْ فِى ٱلْيَمِّ بِأَنَّهُمْ كَذَّبُوا۟ بِـَٔايَـٰتِنَا وَكَانُوا۟ عَنْهَا غَـٰفِلِينَ","page_number":166,"words":[{"id":78647,"position":1,"audio_url":"wbw/007_136_001.mp3","qpc_uthmani_hafs":"فَٱنتَقَمۡنَا","char_type_name":"word","page_number":166,"line_number":10,"text":"ﮩ","translation":{"text":"So We took retribution","language_name":"english","language_id":38},"transliteration":{"text":"fa-intaqamnā","language_name":"english","language_id":38}},{"id":78648,"position":2,"audio_url":"wbw/007_136_002.mp3","qpc_uthmani_hafs":"مِنۡهُمۡ","char_type_name":"word","page_number":166,"line_number":10,"text":"ﮪ","translation":{"text":"from them","language_name":"english","language_id":38},"transliteration":{"text":"min'hum","language_name":"english","language_id":38}},{"id":78649,"position":3,"audio_url":"wbw/007_136_003.mp3","qpc_uthmani_hafs":"فَأَغۡرَقۡنَٰهُمۡ","char_type_name":"word","page_number":166,"line_number":10,"text":"ﮫ","translation":{"text":"and We drowned them","language_name":"english","language_id":38},"transliteration":{"text":"fa-aghraqnāhum","language_name":"english","language_id":38}},{"id":78650,"position":4,"audio_url":"wbw/007_136_004.mp3","qpc_uthmani_hafs":"فِي","char_type_name":"word","page_number":166,"line_number":11,"text":"ﮬ","translation":{"text":"in","language_name":"english","language_id":38},"transliteration":{"text":"fī","language_name":"english","language_id":38}},{"id":78651,"position":5,"audio_url":"wbw/007_136_005.mp3","qpc_uthmani_hafs":"ٱلۡيَمِّ","char_type_name":"word","page_number":166,"line_number":11,"text":"ﮭ","translation":{"text":"the sea","language_name":"english","language_id":38},"transliteration":{"text":"l-yami","language_name":"english","language_id":38}},{"id":78652,"position":6,"audio_url":"wbw/007_136_006.mp3","qpc_uthmani_hafs":"بِأَنَّهُمۡ","char_type_name":"word","page_number":166,"line_number":11,"text":"ﮮ","translation":{"text":"because they","language_name":"english","language_id":38},"transliteration":{"text":"bi-annahum","language_name":"english","language_id":38}},{"id":78653,"position":7,"audio_url":"wbw/007_136_007.mp3","qpc_uthmani_hafs":"كَذَّبُواْ","char_type_name":"word","page_number":166,"line_number":11,"text":"ﮯ","translation":{"text":"denied","language_name":"english","language_id":38},"transliteration":{"text":"kadhabū","language_name":"english","language_id":38}},{"id":78654,"position":8,"audio_url":"wbw/007_136_008.mp3","qpc_uthmani_hafs":"بِـَٔايَٰتِنَا","char_type_name":"word","page_number":166,"line_number":11,"text":"ﮰ","translation":{"text":"Our Signs","language_name":"english","language_id":38},"transliteration":{"text":"biāyātinā","language_name":"english","language_id":38}},{"id":78655,"position":9,"audio_url":"wbw/007_136_009.mp3","qpc_uthmani_hafs":"وَكَانُواْ","char_type_name":"word","page_number":166,"line_number":11,"text":"ﮱ","translation":{"text":"and they were","language_name":"english","language_id":38},"transliteration":{"text":"wakānū","language_name":"english","language_id":38}},{"id":78656,"position":10,"audio_url":"wbw/007_136_010.mp3","qpc_uthmani_hafs":"عَنۡهَا","char_type_name":"word","page_number":166,"line_number":11,"text":"ﯓ","translation":{"text":"to them","language_name":"english","language_id":38},"transliteration":{"text":"ʿanhā","language_name":"english","language_id":38}},{"id":78657,"position":11,"audio_url":"wbw/007_136_011.mp3","qpc_uthmani_hafs":"غَٰفِلِينَ","char_type_name":"word","page_number":166,"line_number":11,"text":"ﯔ","translation":{"text":"heedless","language_name":"english","language_id":38},"transliteration":{"text":"ghāfilīna","language_name":"english","language_id":38}},{"id":78658,"position":12,"audio_url":null,"qpc_uthmani_hafs":"١٣٦","char_type_name":"end","page_number":166,"line_number":11,"text":"ﯕ","translation":{"text":"(136)","language_name":"english","language_id":38},"transliteration":{"text":null,"language_name":"english","language_id":38}}],"translations":[{"id":917519,"resource_id":134,"text":"Kemudian Kami menghukum mereka, maka Kami tenggelamkan mereka di laut disebabkan mereka mendustakan ayat-ayat Kami dan mereka adalah orang-orang yang melalaikan ayat-ayat Kami itu."}]},{"id":1091,"verse_number":137,"verse_key":"7:137","juz_number":9,"hizb_number":17,"rub_el_hizb_number":66,"ruku_number":137,"manzil_number":2,"sajdah_number":null,"text_uthmani":"وَأَوْرَثْنَا ٱلْقَوْمَ ٱلَّذِينَ كَانُوا۟ يُسْتَضْعَفُونَ مَشَـٰرِقَ ٱلْأَرْضِ وَمَغَـٰرِبَهَا ٱلَّتِى بَـٰرَكْنَا فِيهَا ۖ وَتَمَّتْ كَلِمَتُ رَبِّكَ ٱلْحُسْنَىٰ عَلَىٰ بَنِىٓ إِسْرَٰٓءِيلَ بِمَا صَبَرُوا۟ ۖ وَدَمَّرْنَا مَا كَانَ يَصْنَعُ فِرْعَوْنُ وَقَوْمُهُۥ وَمَا كَانُوا۟ يَعْرِشُونَ","page_number":166,"words":[{"id":78761,"position":1,"audio_url":"wbw/007_137_001.mp3","qpc_uthmani_hafs":"وَأَوۡرَثۡنَا","char_type_name":"word","page_number":166,"line_number":12,"text":"ﯖ","translation":{"text":"And We made inheritors","language_name":"english","language_id":38},"transliteration":{"text":"wa-awrathnā","language_name":"english","language_id":38}},{"id":78762,"position":2,"audio_url":"wbw/007_137_002.mp3","qpc_uthmani_hafs":"ٱلۡقَوۡمَ","char_type_name":"word","page_number":166,"line_number":12,"text":"ﯗ","translation":{"text":"the people","language_name":"english","language_id":38},"transliteration":{"text":"l-qawma","language_name":"english","language_id":38}},{"id":78763,"position":3,"audio_url":"wbw/007_137_003.mp3","qpc_uthmani_hafs":"ٱلَّذِينَ","char_type_name":"word","page_number":166,"line_number":12,"text":"ﯘ","translation":{"text":"those who","language_name":"english","language_id":38},"transliteration":{"text":"alladhīna","language_name":"english","language_id":38}},{"id":78764,"position":4,"audio_url":"wbw/007_137_004.mp3","qpc_uthmani_hafs":"كَانُواْ","char_type_name":"word","page_number":166,"line_number":12,"text":"ﯙ","translation":{"text":"were","language_name":"english","language_id":38},"transliteration":{"text":"kānū","language_name":"english","language_id":38}},{"id":78765,"position":5,"audio_url":"wbw/007_137_005.mp3","qpc_uthmani_hafs":"يُسۡتَضۡعَفُونَ","char_type_name":"word","page_number":166,"line_number":12,"text":"ﯚ","translation":{"text":"considered weak ","language_name":"english","language_id":38},"transliteration":{"text":"yus'taḍʿafūna","language_name":"english","language_id":38}},{"id":78766,"position":6,"audio_url":"wbw/007_137_006.mp3","qpc_uthmani_hafs":"مَشَٰرِقَ","char_type_name":"word","page_number":166,"line_number":12,"text":"ﯛ","translation":{"text":"(the) eastern (parts)","language_name":"english","language_id":38},"transliteration":{"text":"mashāriqa","language_name":"english","language_id":38}},{"id":78767,"position":7,"audio_url":"wbw/007_137_007.mp3","qpc_uthmani_hafs":"ٱلۡأَرۡضِ","char_type_name":"word","page_number":166,"line_number":13,"text":"ﯜ","translation":{"text":"(of) the land","language_name":"english","language_id":38},"transliteration":{"text":"l-arḍi","language_name":"english","language_id":38}},{"id":78768,"position":8,"audio_url":"wbw/007_137_008.mp3","qpc_uthmani_hafs":"وَمَغَٰرِبَهَا","char_type_name":"word","page_number":166,"line_number":13,"text":"ﯝ","translation":{"text":"and the western (parts) of it","language_name":"english","language_id":38},"transliteration":{"text":"wamaghāribahā","language_name":"english","language_id":38}},{"id":78769,"position":9,"audio_url":"wbw/007_137_009.mp3","qpc_uthmani_hafs":"ٱلَّتِي","char_type_name":"word","page_number":166,"line_number":13,"text":"ﯞ","translation":{"text":"which","language_name":"english","language_id":38},"transliteration":{"text":"allatī","language_name":"english","language_id":38}},{"id":78770,"position":10,"audio_url":"wbw/007_137_010.mp3","qpc_uthmani_hafs":"بَٰرَكۡنَا","char_type_name":"word","page_number":166,"line_number":13,"text":"ﯟ","translation":{"text":"We blessed","language_name":"english","language_id":38},"transliteration":{"text":"bāraknā","language_name":"english","language_id":38}},{"id":78771,"position":11,"audio_url":"wbw/007_137_011.mp3","qpc_uthmani_hafs":"فِيهَاۖ","char_type_name":"word","page_number":166,"line_number":13,"text":"ﯠﯡ","translation":{"text":"[in it]","language_name":"english","language_id":38},"transliteration":{"text":"fīhā","language_name":"english","language_id":38}},{"id":78773,"position":12,"audio_url":"wbw/007_137_013.mp3","qpc_uthmani_hafs":"وَتَمَّتۡ","char_type_name":"word","page_number":166,"line_number":13,"text":"ﯢ","translation":{"text":"And was fulfilled","language_name":"english","language_id":38},"transliteration":{"text":"watammat","language_name":"english","language_id":38}},{"id":78774,"position":13,"audio_url":"wbw/007_137_014.mp3","qpc_uthmani_hafs":"كَلِمَتُ","char_type_name":"word","page_number":166,"line_number":13,"text":"ﯣ","translation":{"text":"(the) word","language_name":"english","language_id":38},"transliteration":{"text":"kalimatu","language_name":"english","language_id":38}},{"id":78775,"position":14,"audio_url":"wbw/007_137_015.mp3","qpc_uthmani_hafs":"رَبِّكَ","char_type_name":"word","page_number":166,"line_number":13,"text":"ﯤ","translation":{"text":"(of) your Lord ","language_name":"english","language_id":38},"transliteration":{"text":"rabbika","language_name":"english","language_id":38}},{"id":78776,"position":15,"audio_url":"wbw/007_137_016.mp3","qpc_uthmani_hafs":"ٱلۡحُسۡنَىٰ","char_type_name":"word","page_number":166,"line_number":14,"text":"ﯥ","translation":{"text":"the best","language_name":"english","language_id":38},"transliteration":{"text":"l-ḥus'nā","language_name":"english","language_id":38}},{"id":78777,"position":16,"audio_url":"wbw/007_137_017.mp3","qpc_uthmani_hafs":"عَلَىٰ","char_type_name":"word","page_number":166,"line_number":14,"text":"ﯦ","translation":{"text":"for","language_name":"english","language_id":38},"transliteration":{"text":"ʿalā","language_name":"english","language_id":38}},{"id":78778,"position":17,"audio_url":"wbw/007_137_018.mp3","qpc_uthmani_hafs":"بَنِيٓ","char_type_name":"word","page_number":166,"line_number":14,"text":"ﯧ","translation":{"text":"(the) Children","language_name":"english","language_id":38},"transliteration":{"text":"banī","language_name":"english","language_id":38}},{"id":78779,"position":18,"audio_url":"wbw/007_137_019.mp3","qpc_uthmani_hafs":"إِسۡرَٰٓءِيلَ","char_type_name":"word","page_number":166,"line_number":14,"text":"ﯨ","translation":{"text":"(of) Israel","language_name":"english","language_id":38},"transliteration":{"text":"is'rāīla","language_name":"english","language_id":38}},{"id":78780,"position":19,"audio_url":"wbw/007_137_020.mp3","qpc_uthmani_hafs":"بِمَا","char_type_name":"word","page_number":166,"line_number":14,"text":"ﯩ","translation":{"text":"because","language_name":"english","language_id":38},"transliteration":{"text":"bimā","language_name":"english","language_id":38}},{"id":78781,"position":20,"audio_url":"wbw/007_137_021.mp3","qpc_uthmani_hafs":"صَبَرُواْۖ","char_type_name":"word","page_number":166,"line_number":14,"text":"ﯪﯫ","translation":{"text":"they were patient","language_name":"english","language_id":38},"transliteration":{"text":"ṣabarū","language_name":"english","language_id":38}},{"id":78783,"position":21,"audio_url":"wbw/007_137_023.mp3","qpc_uthmani_hafs":"وَدَمَّرۡنَا","char_type_name":"word","page_number":166,"line_number":14,"text":"ﯬ","translation":{"text":"And We destroyed","language_name":"english","language_id":38},"transliteration":{"text":"wadammarnā","language_name":"english","language_id":38}},{"id":78784,"position":22,"audio_url":"wbw/007_137_024.mp3","qpc_uthmani_hafs":"مَا","char_type_name":"word","page_number":166,"line_number":14,"text":"ﯭ","translation":{"text":"what","language_name":"english","language_id":38},"transliteration":{"text":"mā","language_name":"english","language_id":38}},{"id":78785,"position":23,"audio_url":"wbw/007_137_025.mp3","qpc_uthmani_hafs":"كَانَ","char_type_name":"word","page_number":166,"line_number":14,"text":"ﯮ","translation":{"text":"used to","language_name":"english","language_id":38},"transliteration":{"text":"kāna","language_name":"english","language_id":38}},{"id":78786,"position":24,"audio_url":"wbw/007_137_026.mp3","qpc_uthmani_hafs":"يَصۡنَعُ","char_type_name":"word","page_number":166,"line_number":15,"text":"ﯯ","translation":{"text":"make","language_name":"english","language_id":38},"transliteration":{"text":"yaṣnaʿu","language_name":"english","language_id":38}},{"id":78787,"position":25,"audio_url":"wbw/007_137_027.mp3","qpc_uthmani_hafs":"فِرۡعَوۡنُ","char_type_name":"word","page_number":166,"line_number":15,"text":"ﯰ","translation":{"text":"Firaun","language_name":"english","language_id":38},"transliteration":{"text":"fir'ʿawnu","language_name":"english","language_id":38}},{"id":78788,"position":26,"audio_url":"wbw/007_137_028.mp3","qpc_uthmani_hafs":"وَقَوۡمُهُۥ","char_type_name":"word","page_number":166,"line_number":15,"text":"ﯱ","translation":{"text":"and his people","language_name":"english","language_id":38},"transliteration":{"text":"waqawmuhu","language_name":"english","language_id":38}},{"id":78789,"position":27,"audio_url":"wbw/007_137_029.mp3","qpc_uthmani_hafs":"وَمَا","char_type_name":"word","page_number":166,"line_number":15,"text":"ﯲ","translation":{"text":"and what","language_name":"english","language_id":38},"transliteration":{"text":"wamā","language_name":"english","language_id":38}},{"id":78790,"position":28,"audio_url":"wbw/007_137_030.mp3","qpc_uthmani_hafs":"كَانُواْ","char_type_name":"word","page_number":166,"line_number":15,"text":"ﯳ","translation":{"text":"they used to","language_name":"english","language_id":38},"transliteration":{"text":"kānū","language_name":"english","language_id":38}},{"id":78791,"position":29,"audio_url":"wbw/007_137_031.mp3","qpc_uthmani_hafs":"يَعۡرِشُونَ","char_type_name":"word","page_number":166,"line_number":15,"text":"ﯴ","translation":{"text":"erect","language_name":"english","language_id":38},"transliteration":{"text":"yaʿrishūna","language_name":"english","language_id":38}},{"id":78792,"position":30,"audio_url":null,"qpc_uthmani_hafs":"١٣٧","char_type_name":"end","page_number":166,"line_number":15,"text":"ﯵ","translation":{"text":"(137)","language_name":"english","language_id":38},"transliteration":{"text":null,"language_name":"english","language_id":38}}],"translations":[{"id":917520,"resource_id":134,"text":"Dan Kami pusakakan kepada kaum yang telah ditindas itu negeri-negeri bagian timur bumi dan bagian baratnya<sup foot_note=210330>1</sup> yang telah Kami beri berkah padanya.  Dan telah sempurnalah perkataan Tuhan-mu yang baik (sebagai janji) untuk Bani Isrā`īl disebabkan kesabaran mereka.  Dan Kami hancurkan apa yang telah dibuat Firʻawn  dan kaumnya dan apa yang telah dibangun mereka<sup foot_note=210331>2</sup>."}]}],"pagination":{"per_page":50,"current_page":1,"next_page":null,"total_pages":1,"total_records":7}}