{"verses":[{"id":1194,"verse_number":34,"verse_key":"8:34","juz_number":9,"hizb_number":18,"rub_el_hizb_number":72,"ruku_number":149,"manzil_number":2,"sajdah_number":null,"text_uthmani":"وَمَا لَهُمْ أَلَّا يُعَذِّبَهُمُ ٱللَّهُ وَهُمْ يَصُدُّونَ عَنِ ٱلْمَسْجِدِ ٱلْحَرَامِ وَمَا كَانُوٓا۟ أَوْلِيَآءَهُۥٓ ۚ إِنْ أَوْلِيَآؤُهُۥٓ إِلَّا ٱلْمُتَّقُونَ وَلَـٰكِنَّ أَكْثَرَهُمْ لَا يَعْلَمُونَ","page_number":181,"words":[{"id":36468,"position":1,"audio_url":"wbw/008_034_001.mp3","qpc_uthmani_hafs":"وَمَا","char_type_name":"word","page_number":181,"line_number":1,"text":"ﭑ","translation":{"text":"But what","language_name":"english","language_id":38},"transliteration":{"text":"wamā","language_name":"english","language_id":38}},{"id":36469,"position":2,"audio_url":"wbw/008_034_002.mp3","qpc_uthmani_hafs":"لَهُمۡ","char_type_name":"word","page_number":181,"line_number":1,"text":"ﭒ","translation":{"text":"(is) for them","language_name":"english","language_id":38},"transliteration":{"text":"lahum","language_name":"english","language_id":38}},{"id":36470,"position":3,"audio_url":"wbw/008_034_003.mp3","qpc_uthmani_hafs":"أَلَّا","char_type_name":"word","page_number":181,"line_number":1,"text":"ﭓ","translation":{"text":"that not","language_name":"english","language_id":38},"transliteration":{"text":"allā","language_name":"english","language_id":38}},{"id":36471,"position":4,"audio_url":"wbw/008_034_004.mp3","qpc_uthmani_hafs":"يُعَذِّبَهُمُ","char_type_name":"word","page_number":181,"line_number":1,"text":"ﭔ","translation":{"text":"(should) punish them","language_name":"english","language_id":38},"transliteration":{"text":"yuʿadhibahumu","language_name":"english","language_id":38}},{"id":36472,"position":5,"audio_url":"wbw/008_034_005.mp3","qpc_uthmani_hafs":"ٱللَّهُ","char_type_name":"word","page_number":181,"line_number":1,"text":"ﭕ","translation":{"text":"Allah","language_name":"english","language_id":38},"transliteration":{"text":"l-lahu","language_name":"english","language_id":38}},{"id":36473,"position":6,"audio_url":"wbw/008_034_006.mp3","qpc_uthmani_hafs":"وَهُمۡ","char_type_name":"word","page_number":181,"line_number":1,"text":"ﭖ","translation":{"text":"while they","language_name":"english","language_id":38},"transliteration":{"text":"wahum","language_name":"english","language_id":38}},{"id":36474,"position":7,"audio_url":"wbw/008_034_007.mp3","qpc_uthmani_hafs":"يَصُدُّونَ","char_type_name":"word","page_number":181,"line_number":1,"text":"ﭗ","translation":{"text":"hinder (people)","language_name":"english","language_id":38},"transliteration":{"text":"yaṣuddūna","language_name":"english","language_id":38}},{"id":36475,"position":8,"audio_url":"wbw/008_034_008.mp3","qpc_uthmani_hafs":"عَنِ","char_type_name":"word","page_number":181,"line_number":1,"text":"ﭘ","translation":{"text":"from","language_name":"english","language_id":38},"transliteration":{"text":"ʿani","language_name":"english","language_id":38}},{"id":36476,"position":9,"audio_url":"wbw/008_034_009.mp3","qpc_uthmani_hafs":"ٱلۡمَسۡجِدِ","char_type_name":"word","page_number":181,"line_number":1,"text":"ﭙ","translation":{"text":"Al-Masjid","language_name":"english","language_id":38},"transliteration":{"text":"l-masjidi","language_name":"english","language_id":38}},{"id":36477,"position":10,"audio_url":"wbw/008_034_010.mp3","qpc_uthmani_hafs":"ٱلۡحَرَامِ","char_type_name":"word","page_number":181,"line_number":2,"text":"ﭚ","translation":{"text":"Al-Haraam","language_name":"english","language_id":38},"transliteration":{"text":"l-ḥarāmi","language_name":"english","language_id":38}},{"id":36478,"position":11,"audio_url":"wbw/008_034_011.mp3","qpc_uthmani_hafs":"وَمَا","char_type_name":"word","page_number":181,"line_number":2,"text":"ﭛ","translation":{"text":"while not","language_name":"english","language_id":38},"transliteration":{"text":"wamā","language_name":"english","language_id":38}},{"id":36479,"position":12,"audio_url":"wbw/008_034_012.mp3","qpc_uthmani_hafs":"كَانُوٓاْ","char_type_name":"word","page_number":181,"line_number":2,"text":"ﭜ","translation":{"text":"they are","language_name":"english","language_id":38},"transliteration":{"text":"kānū","language_name":"english","language_id":38}},{"id":36480,"position":13,"audio_url":"wbw/008_034_013.mp3","qpc_uthmani_hafs":"أَوۡلِيَآءَهُۥٓۚ","char_type_name":"word","page_number":181,"line_number":2,"text":"ﭝﭞ","translation":{"text":"its guardians","language_name":"english","language_id":38},"transliteration":{"text":"awliyāahu","language_name":"english","language_id":38}},{"id":36482,"position":14,"audio_url":"wbw/008_034_015.mp3","qpc_uthmani_hafs":"إِنۡ","char_type_name":"word","page_number":181,"line_number":2,"text":"ﭟ","translation":{"text":"Not (can be)","language_name":"english","language_id":38},"transliteration":{"text":"in","language_name":"english","language_id":38}},{"id":36483,"position":15,"audio_url":"wbw/008_034_016.mp3","qpc_uthmani_hafs":"أَوۡلِيَآؤُهُۥٓ","char_type_name":"word","page_number":181,"line_number":2,"text":"ﭠ","translation":{"text":"its guardians","language_name":"english","language_id":38},"transliteration":{"text":"awliyāuhu","language_name":"english","language_id":38}},{"id":36484,"position":16,"audio_url":"wbw/008_034_017.mp3","qpc_uthmani_hafs":"إِلَّا","char_type_name":"word","page_number":181,"line_number":2,"text":"ﭡ","translation":{"text":"except","language_name":"english","language_id":38},"transliteration":{"text":"illā","language_name":"english","language_id":38}},{"id":36485,"position":17,"audio_url":"wbw/008_034_018.mp3","qpc_uthmani_hafs":"ٱلۡمُتَّقُونَ","char_type_name":"word","page_number":181,"line_number":2,"text":"ﭢ","translation":{"text":"the ones who fear Allah","language_name":"english","language_id":38},"transliteration":{"text":"l-mutaqūna","language_name":"english","language_id":38}},{"id":36486,"position":18,"audio_url":"wbw/008_034_019.mp3","qpc_uthmani_hafs":"وَلَٰكِنَّ","char_type_name":"word","page_number":181,"line_number":3,"text":"ﭣ","translation":{"text":"but","language_name":"english","language_id":38},"transliteration":{"text":"walākinna","language_name":"english","language_id":38}},{"id":36487,"position":19,"audio_url":"wbw/008_034_020.mp3","qpc_uthmani_hafs":"أَكۡثَرَهُمۡ","char_type_name":"word","page_number":181,"line_number":3,"text":"ﭤ","translation":{"text":"most of them","language_name":"english","language_id":38},"transliteration":{"text":"aktharahum","language_name":"english","language_id":38}},{"id":36488,"position":20,"audio_url":"wbw/008_034_021.mp3","qpc_uthmani_hafs":"لَا","char_type_name":"word","page_number":181,"line_number":3,"text":"ﭥ","translation":{"text":"(do) not","language_name":"english","language_id":38},"transliteration":{"text":"lā","language_name":"english","language_id":38}},{"id":36489,"position":21,"audio_url":"wbw/008_034_022.mp3","qpc_uthmani_hafs":"يَعۡلَمُونَ","char_type_name":"word","page_number":181,"line_number":3,"text":"ﭦ","translation":{"text":"know","language_name":"english","language_id":38},"transliteration":{"text":"yaʿlamūna","language_name":"english","language_id":38}},{"id":36490,"position":22,"audio_url":null,"qpc_uthmani_hafs":"٣٤","char_type_name":"end","page_number":181,"line_number":3,"text":"ﭧ","translation":{"text":"(34)","language_name":"english","language_id":38},"transliteration":{"text":null,"language_name":"english","language_id":38}}],"translations":[{"id":917623,"resource_id":134,"text":"Kenapa Allah tidak mengazab mereka padahal mereka menghalangi orang untuk (mendatangi) Masjidil Haram, dan mereka bukanlah orang-orang yang berhak menguasainya? Orang-orang yang berhak menguasai(nya) hanyalah orang-orang yang bertakwa, tetapi kebanyakan mereka tidak mengetahui."}]},{"id":1195,"verse_number":35,"verse_key":"8:35","juz_number":9,"hizb_number":18,"rub_el_hizb_number":72,"ruku_number":149,"manzil_number":2,"sajdah_number":null,"text_uthmani":"وَمَا كَانَ صَلَاتُهُمْ عِندَ ٱلْبَيْتِ إِلَّا مُكَآءً وَتَصْدِيَةً ۚ فَذُوقُوا۟ ٱلْعَذَابَ بِمَا كُنتُمْ تَكْفُرُونَ","page_number":181,"words":[{"id":37177,"position":1,"audio_url":"wbw/008_035_001.mp3","qpc_uthmani_hafs":"وَمَا","char_type_name":"word","page_number":181,"line_number":3,"text":"ﭨ","translation":{"text":"And not","language_name":"english","language_id":38},"transliteration":{"text":"wamā","language_name":"english","language_id":38}},{"id":37178,"position":2,"audio_url":"wbw/008_035_002.mp3","qpc_uthmani_hafs":"كَانَ","char_type_name":"word","page_number":181,"line_number":3,"text":"ﭩ","translation":{"text":"was","language_name":"english","language_id":38},"transliteration":{"text":"kāna","language_name":"english","language_id":38}},{"id":37179,"position":3,"audio_url":"wbw/008_035_003.mp3","qpc_uthmani_hafs":"صَلَاتُهُمۡ","char_type_name":"word","page_number":181,"line_number":3,"text":"ﭪ","translation":{"text":"their prayer","language_name":"english","language_id":38},"transliteration":{"text":"ṣalātuhum","language_name":"english","language_id":38}},{"id":37180,"position":4,"audio_url":"wbw/008_035_004.mp3","qpc_uthmani_hafs":"عِندَ","char_type_name":"word","page_number":181,"line_number":4,"text":"ﭫ","translation":{"text":"at","language_name":"english","language_id":38},"transliteration":{"text":"ʿinda","language_name":"english","language_id":38}},{"id":37181,"position":5,"audio_url":"wbw/008_035_005.mp3","qpc_uthmani_hafs":"ٱلۡبَيۡتِ","char_type_name":"word","page_number":181,"line_number":4,"text":"ﭬ","translation":{"text":"the House","language_name":"english","language_id":38},"transliteration":{"text":"l-bayti","language_name":"english","language_id":38}},{"id":37182,"position":6,"audio_url":"wbw/008_035_006.mp3","qpc_uthmani_hafs":"إِلَّا","char_type_name":"word","page_number":181,"line_number":4,"text":"ﭭ","translation":{"text":"except","language_name":"english","language_id":38},"transliteration":{"text":"illā","language_name":"english","language_id":38}},{"id":37183,"position":7,"audio_url":"wbw/008_035_007.mp3","qpc_uthmani_hafs":"مُكَآءٗ","char_type_name":"word","page_number":181,"line_number":4,"text":"ﭮ","translation":{"text":"whistling","language_name":"english","language_id":38},"transliteration":{"text":"mukāan","language_name":"english","language_id":38}},{"id":37184,"position":8,"audio_url":"wbw/008_035_008.mp3","qpc_uthmani_hafs":"وَتَصۡدِيَةٗۚ","char_type_name":"word","page_number":181,"line_number":4,"text":"ﭯﭰ","translation":{"text":"and clapping","language_name":"english","language_id":38},"transliteration":{"text":"wataṣdiyatan","language_name":"english","language_id":38}},{"id":37186,"position":9,"audio_url":"wbw/008_035_010.mp3","qpc_uthmani_hafs":"فَذُوقُواْ","char_type_name":"word","page_number":181,"line_number":4,"text":"ﭱ","translation":{"text":"So taste","language_name":"english","language_id":38},"transliteration":{"text":"fadhūqū","language_name":"english","language_id":38}},{"id":37187,"position":10,"audio_url":"wbw/008_035_011.mp3","qpc_uthmani_hafs":"ٱلۡعَذَابَ","char_type_name":"word","page_number":181,"line_number":4,"text":"ﭲ","translation":{"text":"the punishment","language_name":"english","language_id":38},"transliteration":{"text":"l-ʿadhāba","language_name":"english","language_id":38}},{"id":37188,"position":11,"audio_url":"wbw/008_035_012.mp3","qpc_uthmani_hafs":"بِمَا","char_type_name":"word","page_number":181,"line_number":5,"text":"ﭳ","translation":{"text":"because","language_name":"english","language_id":38},"transliteration":{"text":"bimā","language_name":"english","language_id":38}},{"id":37189,"position":12,"audio_url":"wbw/008_035_013.mp3","qpc_uthmani_hafs":"كُنتُمۡ","char_type_name":"word","page_number":181,"line_number":5,"text":"ﭴ","translation":{"text":"you used to","language_name":"english","language_id":38},"transliteration":{"text":"kuntum","language_name":"english","language_id":38}},{"id":37190,"position":13,"audio_url":"wbw/008_035_014.mp3","qpc_uthmani_hafs":"تَكۡفُرُونَ","char_type_name":"word","page_number":181,"line_number":5,"text":"ﭵ","translation":{"text":"disbelieve","language_name":"english","language_id":38},"transliteration":{"text":"takfurūna","language_name":"english","language_id":38}},{"id":37191,"position":14,"audio_url":null,"qpc_uthmani_hafs":"٣٥","char_type_name":"end","page_number":181,"line_number":5,"text":"ﭶ","translation":{"text":"(35)","language_name":"english","language_id":38},"transliteration":{"text":null,"language_name":"english","language_id":38}}],"translations":[{"id":917624,"resource_id":134,"text":"Salat mereka di sekitar Baitullah itu, lain tidak hanyalah siulan dan tepukan tangan.  Maka rasakanlah azab disebabkan kekafiranmu itu."}]},{"id":1196,"verse_number":36,"verse_key":"8:36","juz_number":9,"hizb_number":18,"rub_el_hizb_number":72,"ruku_number":149,"manzil_number":2,"sajdah_number":null,"text_uthmani":"إِنَّ ٱلَّذِينَ كَفَرُوا۟ يُنفِقُونَ أَمْوَٰلَهُمْ لِيَصُدُّوا۟ عَن سَبِيلِ ٱللَّهِ ۚ فَسَيُنفِقُونَهَا ثُمَّ تَكُونُ عَلَيْهِمْ حَسْرَةً ثُمَّ يُغْلَبُونَ ۗ وَٱلَّذِينَ كَفَرُوٓا۟ إِلَىٰ جَهَنَّمَ يُحْشَرُونَ","page_number":181,"words":[{"id":37978,"position":1,"audio_url":"wbw/008_036_001.mp3","qpc_uthmani_hafs":"إِنَّ","char_type_name":"word","page_number":181,"line_number":5,"text":"ﭷ","translation":{"text":"Indeed","language_name":"english","language_id":38},"transliteration":{"text":"inna","language_name":"english","language_id":38}},{"id":37979,"position":2,"audio_url":"wbw/008_036_002.mp3","qpc_uthmani_hafs":"ٱلَّذِينَ","char_type_name":"word","page_number":181,"line_number":5,"text":"ﭸ","translation":{"text":"those who","language_name":"english","language_id":38},"transliteration":{"text":"alladhīna","language_name":"english","language_id":38}},{"id":37980,"position":3,"audio_url":"wbw/008_036_003.mp3","qpc_uthmani_hafs":"كَفَرُواْ","char_type_name":"word","page_number":181,"line_number":5,"text":"ﭹ","translation":{"text":"disbelieve","language_name":"english","language_id":38},"transliteration":{"text":"kafarū","language_name":"english","language_id":38}},{"id":37981,"position":4,"audio_url":"wbw/008_036_004.mp3","qpc_uthmani_hafs":"يُنفِقُونَ","char_type_name":"word","page_number":181,"line_number":5,"text":"ﭺ","translation":{"text":"they spend","language_name":"english","language_id":38},"transliteration":{"text":"yunfiqūna","language_name":"english","language_id":38}},{"id":37982,"position":5,"audio_url":"wbw/008_036_005.mp3","qpc_uthmani_hafs":"أَمۡوَٰلَهُمۡ","char_type_name":"word","page_number":181,"line_number":6,"text":"ﭻ","translation":{"text":"their wealth","language_name":"english","language_id":38},"transliteration":{"text":"amwālahum","language_name":"english","language_id":38}},{"id":37983,"position":6,"audio_url":"wbw/008_036_006.mp3","qpc_uthmani_hafs":"لِيَصُدُّواْ","char_type_name":"word","page_number":181,"line_number":6,"text":"ﭼ","translation":{"text":"to hinder (people)","language_name":"english","language_id":38},"transliteration":{"text":"liyaṣuddū","language_name":"english","language_id":38}},{"id":37984,"position":7,"audio_url":"wbw/008_036_007.mp3","qpc_uthmani_hafs":"عَن","char_type_name":"word","page_number":181,"line_number":6,"text":"ﭽ","translation":{"text":"from","language_name":"english","language_id":38},"transliteration":{"text":"ʿan","language_name":"english","language_id":38}},{"id":37985,"position":8,"audio_url":"wbw/008_036_008.mp3","qpc_uthmani_hafs":"سَبِيلِ","char_type_name":"word","page_number":181,"line_number":6,"text":"ﭾ","translation":{"text":"(the) way","language_name":"english","language_id":38},"transliteration":{"text":"sabīli","language_name":"english","language_id":38}},{"id":37986,"position":9,"audio_url":"wbw/008_036_009.mp3","qpc_uthmani_hafs":"ٱللَّهِۚ","char_type_name":"word","page_number":181,"line_number":6,"text":"ﭿﮀ","translation":{"text":"(of) Allah","language_name":"english","language_id":38},"transliteration":{"text":"l-lahi","language_name":"english","language_id":38}},{"id":37988,"position":10,"audio_url":"wbw/008_036_011.mp3","qpc_uthmani_hafs":"فَسَيُنفِقُونَهَا","char_type_name":"word","page_number":181,"line_number":6,"text":"ﮁ","translation":{"text":"So they will spend it","language_name":"english","language_id":38},"transliteration":{"text":"fasayunfiqūnahā","language_name":"english","language_id":38}},{"id":37989,"position":11,"audio_url":"wbw/008_036_012.mp3","qpc_uthmani_hafs":"ثُمَّ","char_type_name":"word","page_number":181,"line_number":6,"text":"ﮂ","translation":{"text":"then","language_name":"english","language_id":38},"transliteration":{"text":"thumma","language_name":"english","language_id":38}},{"id":37990,"position":12,"audio_url":"wbw/008_036_013.mp3","qpc_uthmani_hafs":"تَكُونُ","char_type_name":"word","page_number":181,"line_number":6,"text":"ﮃ","translation":{"text":"it will be","language_name":"english","language_id":38},"transliteration":{"text":"takūnu","language_name":"english","language_id":38}},{"id":37991,"position":13,"audio_url":"wbw/008_036_014.mp3","qpc_uthmani_hafs":"عَلَيۡهِمۡ","char_type_name":"word","page_number":181,"line_number":7,"text":"ﮄ","translation":{"text":"for them","language_name":"english","language_id":38},"transliteration":{"text":"ʿalayhim","language_name":"english","language_id":38}},{"id":37992,"position":14,"audio_url":"wbw/008_036_015.mp3","qpc_uthmani_hafs":"حَسۡرَةٗ","char_type_name":"word","page_number":181,"line_number":7,"text":"ﮅ","translation":{"text":"a regret","language_name":"english","language_id":38},"transliteration":{"text":"ḥasratan","language_name":"english","language_id":38}},{"id":37993,"position":15,"audio_url":"wbw/008_036_016.mp3","qpc_uthmani_hafs":"ثُمَّ","char_type_name":"word","page_number":181,"line_number":7,"text":"ﮆ","translation":{"text":"then","language_name":"english","language_id":38},"transliteration":{"text":"thumma","language_name":"english","language_id":38}},{"id":37994,"position":16,"audio_url":"wbw/008_036_017.mp3","qpc_uthmani_hafs":"يُغۡلَبُونَۗ","char_type_name":"word","page_number":181,"line_number":7,"text":"ﮇﮈ","translation":{"text":"they will be overcome","language_name":"english","language_id":38},"transliteration":{"text":"yugh'labūna","language_name":"english","language_id":38}},{"id":37996,"position":17,"audio_url":"wbw/008_036_019.mp3","qpc_uthmani_hafs":"وَٱلَّذِينَ","char_type_name":"word","page_number":181,"line_number":7,"text":"ﮉ","translation":{"text":"And those who","language_name":"english","language_id":38},"transliteration":{"text":"wa-alladhīna","language_name":"english","language_id":38}},{"id":37997,"position":18,"audio_url":"wbw/008_036_020.mp3","qpc_uthmani_hafs":"كَفَرُوٓاْ","char_type_name":"word","page_number":181,"line_number":7,"text":"ﮊ","translation":{"text":"disbelieve","language_name":"english","language_id":38},"transliteration":{"text":"kafarū","language_name":"english","language_id":38}},{"id":37998,"position":19,"audio_url":"wbw/008_036_021.mp3","qpc_uthmani_hafs":"إِلَىٰ","char_type_name":"word","page_number":181,"line_number":7,"text":"ﮋ","translation":{"text":"to","language_name":"english","language_id":38},"transliteration":{"text":"ilā","language_name":"english","language_id":38}},{"id":37999,"position":20,"audio_url":"wbw/008_036_022.mp3","qpc_uthmani_hafs":"جَهَنَّمَ","char_type_name":"word","page_number":181,"line_number":7,"text":"ﮌ","translation":{"text":"Hell","language_name":"english","language_id":38},"transliteration":{"text":"jahannama","language_name":"english","language_id":38}},{"id":38000,"position":21,"audio_url":"wbw/008_036_023.mp3","qpc_uthmani_hafs":"يُحۡشَرُونَ","char_type_name":"word","page_number":181,"line_number":8,"text":"ﮍ","translation":{"text":"they will be gathered","language_name":"english","language_id":38},"transliteration":{"text":"yuḥ'sharūna","language_name":"english","language_id":38}},{"id":38001,"position":22,"audio_url":null,"qpc_uthmani_hafs":"٣٦","char_type_name":"end","page_number":181,"line_number":8,"text":"ﮎ","translation":{"text":"(36)","language_name":"english","language_id":38},"transliteration":{"text":null,"language_name":"english","language_id":38}}],"translations":[{"id":917625,"resource_id":134,"text":"Sesungguhnya orang-orang yang kafir itu menafkahkan harta mereka untuk menghalangi (orang) dari jalan Allah.  Mereka akan menafkahkan harta itu, kemudian menjadi sesalan bagi mereka, dan mereka akan dikalahkan.  Dan ke dalam neraka Jahanamlah orang-orang yang kafir itu dikumpulkan,"}]},{"id":1197,"verse_number":37,"verse_key":"8:37","juz_number":9,"hizb_number":18,"rub_el_hizb_number":72,"ruku_number":149,"manzil_number":2,"sajdah_number":null,"text_uthmani":"لِيَمِيزَ ٱللَّهُ ٱلْخَبِيثَ مِنَ ٱلطَّيِّبِ وَيَجْعَلَ ٱلْخَبِيثَ بَعْضَهُۥ عَلَىٰ بَعْضٍ فَيَرْكُمَهُۥ جَمِيعًا فَيَجْعَلَهُۥ فِى جَهَنَّمَ ۚ أُو۟لَـٰٓئِكَ هُمُ ٱلْخَـٰسِرُونَ","page_number":181,"words":[{"id":38815,"position":1,"audio_url":"wbw/008_037_001.mp3","qpc_uthmani_hafs":"لِيَمِيزَ","char_type_name":"word","page_number":181,"line_number":8,"text":"ﮏ","translation":{"text":"That may distinguish","language_name":"english","language_id":38},"transliteration":{"text":"liyamīza","language_name":"english","language_id":38}},{"id":38816,"position":2,"audio_url":"wbw/008_037_002.mp3","qpc_uthmani_hafs":"ٱللَّهُ","char_type_name":"word","page_number":181,"line_number":8,"text":"ﮐ","translation":{"text":"Allah","language_name":"english","language_id":38},"transliteration":{"text":"l-lahu","language_name":"english","language_id":38}},{"id":38817,"position":3,"audio_url":"wbw/008_037_003.mp3","qpc_uthmani_hafs":"ٱلۡخَبِيثَ","char_type_name":"word","page_number":181,"line_number":8,"text":"ﮑ","translation":{"text":"the wicked","language_name":"english","language_id":38},"transliteration":{"text":"l-khabītha","language_name":"english","language_id":38}},{"id":38818,"position":4,"audio_url":"wbw/008_037_004.mp3","qpc_uthmani_hafs":"مِنَ","char_type_name":"word","page_number":181,"line_number":8,"text":"ﮒ","translation":{"text":"from","language_name":"english","language_id":38},"transliteration":{"text":"mina","language_name":"english","language_id":38}},{"id":38819,"position":5,"audio_url":"wbw/008_037_005.mp3","qpc_uthmani_hafs":"ٱلطَّيِّبِ","char_type_name":"word","page_number":181,"line_number":8,"text":"ﮓ","translation":{"text":"the good","language_name":"english","language_id":38},"transliteration":{"text":"l-ṭayibi","language_name":"english","language_id":38}},{"id":38820,"position":6,"audio_url":"wbw/008_037_006.mp3","qpc_uthmani_hafs":"وَيَجۡعَلَ","char_type_name":"word","page_number":181,"line_number":8,"text":"ﮔ","translation":{"text":"and place","language_name":"english","language_id":38},"transliteration":{"text":"wayajʿala","language_name":"english","language_id":38}},{"id":38821,"position":7,"audio_url":"wbw/008_037_007.mp3","qpc_uthmani_hafs":"ٱلۡخَبِيثَ","char_type_name":"word","page_number":181,"line_number":9,"text":"ﮕ","translation":{"text":"the wicked","language_name":"english","language_id":38},"transliteration":{"text":"l-khabītha","language_name":"english","language_id":38}},{"id":38822,"position":8,"audio_url":"wbw/008_037_008.mp3","qpc_uthmani_hafs":"بَعۡضَهُۥ","char_type_name":"word","page_number":181,"line_number":9,"text":"ﮖ","translation":{"text":"some of them","language_name":"english","language_id":38},"transliteration":{"text":"baʿḍahu","language_name":"english","language_id":38}},{"id":38823,"position":9,"audio_url":"wbw/008_037_009.mp3","qpc_uthmani_hafs":"عَلَىٰ","char_type_name":"word","page_number":181,"line_number":9,"text":"ﮗ","translation":{"text":"on","language_name":"english","language_id":38},"transliteration":{"text":"ʿalā","language_name":"english","language_id":38}},{"id":38824,"position":10,"audio_url":"wbw/008_037_010.mp3","qpc_uthmani_hafs":"بَعۡضٖ","char_type_name":"word","page_number":181,"line_number":9,"text":"ﮘ","translation":{"text":"others","language_name":"english","language_id":38},"transliteration":{"text":"baʿḍin","language_name":"english","language_id":38}},{"id":38825,"position":11,"audio_url":"wbw/008_037_011.mp3","qpc_uthmani_hafs":"فَيَرۡكُمَهُۥ","char_type_name":"word","page_number":181,"line_number":9,"text":"ﮙ","translation":{"text":"and heap them","language_name":"english","language_id":38},"transliteration":{"text":"fayarkumahu","language_name":"english","language_id":38}},{"id":38826,"position":12,"audio_url":"wbw/008_037_012.mp3","qpc_uthmani_hafs":"جَمِيعٗا","char_type_name":"word","page_number":181,"line_number":9,"text":"ﮚ","translation":{"text":"all together","language_name":"english","language_id":38},"transliteration":{"text":"jamīʿan","language_name":"english","language_id":38}},{"id":38827,"position":13,"audio_url":"wbw/008_037_013.mp3","qpc_uthmani_hafs":"فَيَجۡعَلَهُۥ","char_type_name":"word","page_number":181,"line_number":9,"text":"ﮛ","translation":{"text":"and put them","language_name":"english","language_id":38},"transliteration":{"text":"fayajʿalahu","language_name":"english","language_id":38}},{"id":38828,"position":14,"audio_url":"wbw/008_037_014.mp3","qpc_uthmani_hafs":"فِي","char_type_name":"word","page_number":181,"line_number":10,"text":"ﮜ","translation":{"text":"in","language_name":"english","language_id":38},"transliteration":{"text":"fī","language_name":"english","language_id":38}},{"id":38829,"position":15,"audio_url":"wbw/008_037_015.mp3","qpc_uthmani_hafs":"جَهَنَّمَۚ","char_type_name":"word","page_number":181,"line_number":10,"text":"ﮝﮞ","translation":{"text":"Hell","language_name":"english","language_id":38},"transliteration":{"text":"jahannama","language_name":"english","language_id":38}},{"id":38831,"position":16,"audio_url":"wbw/008_037_017.mp3","qpc_uthmani_hafs":"أُوْلَٰٓئِكَ","char_type_name":"word","page_number":181,"line_number":10,"text":"ﮟ","translation":{"text":"Those ","language_name":"english","language_id":38},"transliteration":{"text":"ulāika","language_name":"english","language_id":38}},{"id":38832,"position":17,"audio_url":"wbw/008_037_018.mp3","qpc_uthmani_hafs":"هُمُ","char_type_name":"word","page_number":181,"line_number":10,"text":"ﮠ","translation":{"text":"they","language_name":"english","language_id":38},"transliteration":{"text":"humu","language_name":"english","language_id":38}},{"id":38833,"position":18,"audio_url":"wbw/008_037_019.mp3","qpc_uthmani_hafs":"ٱلۡخَٰسِرُونَ","char_type_name":"word","page_number":181,"line_number":10,"text":"ﮡ","translation":{"text":"(are) the losers","language_name":"english","language_id":38},"transliteration":{"text":"l-khāsirūna","language_name":"english","language_id":38}},{"id":38834,"position":19,"audio_url":null,"qpc_uthmani_hafs":"٣٧","char_type_name":"end","page_number":181,"line_number":10,"text":"ﮢ","translation":{"text":"(37)","language_name":"english","language_id":38},"transliteration":{"text":null,"language_name":"english","language_id":38}}],"translations":[{"id":917626,"resource_id":134,"text":"supaya Allah memisahkan (golongan) yang buruk dari yang baik dan menjadikan (golongan) yang buruk itu sebagiannya di atas sebagian yang lain, lalu kesemuanya ditumpukkan-Nya, dan dimasukkan-Nya ke dalam neraka Jahanam.  Mereka itulah orang-orang yang merugi."}]},{"id":1198,"verse_number":38,"verse_key":"8:38","juz_number":9,"hizb_number":18,"rub_el_hizb_number":72,"ruku_number":150,"manzil_number":2,"sajdah_number":null,"text_uthmani":"قُل لِّلَّذِينَ كَفَرُوٓا۟ إِن يَنتَهُوا۟ يُغْفَرْ لَهُم مَّا قَدْ سَلَفَ وَإِن يَعُودُوا۟ فَقَدْ مَضَتْ سُنَّتُ ٱلْأَوَّلِينَ","page_number":181,"words":[{"id":39705,"position":1,"audio_url":"wbw/008_038_001.mp3","qpc_uthmani_hafs":"قُل","char_type_name":"word","page_number":181,"line_number":10,"text":"ﮣ","translation":{"text":"Say","language_name":"english","language_id":38},"transliteration":{"text":"qul","language_name":"english","language_id":38}},{"id":39706,"position":2,"audio_url":"wbw/008_038_002.mp3","qpc_uthmani_hafs":"لِّلَّذِينَ","char_type_name":"word","page_number":181,"line_number":10,"text":"ﮤ","translation":{"text":"to those who","language_name":"english","language_id":38},"transliteration":{"text":"lilladhīna","language_name":"english","language_id":38}},{"id":39707,"position":3,"audio_url":"wbw/008_038_003.mp3","qpc_uthmani_hafs":"كَفَرُوٓاْ","char_type_name":"word","page_number":181,"line_number":11,"text":"ﮥ","translation":{"text":"disbelieve","language_name":"english","language_id":38},"transliteration":{"text":"kafarū","language_name":"english","language_id":38}},{"id":39708,"position":4,"audio_url":"wbw/008_038_004.mp3","qpc_uthmani_hafs":"إِن","char_type_name":"word","page_number":181,"line_number":11,"text":"ﮦ","translation":{"text":"if","language_name":"english","language_id":38},"transliteration":{"text":"in","language_name":"english","language_id":38}},{"id":39709,"position":5,"audio_url":"wbw/008_038_005.mp3","qpc_uthmani_hafs":"يَنتَهُواْ","char_type_name":"word","page_number":181,"line_number":11,"text":"ﮧ","translation":{"text":"they cease","language_name":"english","language_id":38},"transliteration":{"text":"yantahū","language_name":"english","language_id":38}},{"id":39710,"position":6,"audio_url":"wbw/008_038_006.mp3","qpc_uthmani_hafs":"يُغۡفَرۡ","char_type_name":"word","page_number":181,"line_number":11,"text":"ﮨ","translation":{"text":"will be forgiven","language_name":"english","language_id":38},"transliteration":{"text":"yugh'far","language_name":"english","language_id":38}},{"id":39711,"position":7,"audio_url":"wbw/008_038_007.mp3","qpc_uthmani_hafs":"لَهُم","char_type_name":"word","page_number":181,"line_number":11,"text":"ﮩ","translation":{"text":"for them","language_name":"english","language_id":38},"transliteration":{"text":"lahum","language_name":"english","language_id":38}},{"id":39712,"position":8,"audio_url":"wbw/008_038_008.mp3","qpc_uthmani_hafs":"مَّا","char_type_name":"word","page_number":181,"line_number":11,"text":"ﮪ","translation":{"text":"what","language_name":"english","language_id":38},"transliteration":{"text":"mā","language_name":"english","language_id":38}},{"id":39713,"position":9,"audio_url":"wbw/008_038_009.mp3","qpc_uthmani_hafs":"قَدۡ","char_type_name":"word","page_number":181,"line_number":11,"text":"ﮫ","translation":{"text":"[verily]","language_name":"english","language_id":38},"transliteration":{"text":"qad","language_name":"english","language_id":38}},{"id":39714,"position":10,"audio_url":"wbw/008_038_010.mp3","qpc_uthmani_hafs":"سَلَفَ","char_type_name":"word","page_number":181,"line_number":11,"text":"ﮬ","translation":{"text":"(is) past","language_name":"english","language_id":38},"transliteration":{"text":"salafa","language_name":"english","language_id":38}},{"id":39715,"position":11,"audio_url":"wbw/008_038_011.mp3","qpc_uthmani_hafs":"وَإِن","char_type_name":"word","page_number":181,"line_number":11,"text":"ﮭ","translation":{"text":"But if","language_name":"english","language_id":38},"transliteration":{"text":"wa-in","language_name":"english","language_id":38}},{"id":39716,"position":12,"audio_url":"wbw/008_038_012.mp3","qpc_uthmani_hafs":"يَعُودُواْ","char_type_name":"word","page_number":181,"line_number":11,"text":"ﮮ","translation":{"text":"they return","language_name":"english","language_id":38},"transliteration":{"text":"yaʿūdū","language_name":"english","language_id":38}},{"id":39717,"position":13,"audio_url":"wbw/008_038_013.mp3","qpc_uthmani_hafs":"فَقَدۡ","char_type_name":"word","page_number":181,"line_number":12,"text":"ﮯ","translation":{"text":"then verily","language_name":"english","language_id":38},"transliteration":{"text":"faqad","language_name":"english","language_id":38}},{"id":39718,"position":14,"audio_url":"wbw/008_038_014.mp3","qpc_uthmani_hafs":"مَضَتۡ","char_type_name":"word","page_number":181,"line_number":12,"text":"ﮰ","translation":{"text":"preceded","language_name":"english","language_id":38},"transliteration":{"text":"maḍat","language_name":"english","language_id":38}},{"id":39719,"position":15,"audio_url":"wbw/008_038_015.mp3","qpc_uthmani_hafs":"سُنَّتُ","char_type_name":"word","page_number":181,"line_number":12,"text":"ﮱ","translation":{"text":"(the) practice","language_name":"english","language_id":38},"transliteration":{"text":"sunnatu","language_name":"english","language_id":38}},{"id":39720,"position":16,"audio_url":"wbw/008_038_016.mp3","qpc_uthmani_hafs":"ٱلۡأَوَّلِينَ","char_type_name":"word","page_number":181,"line_number":12,"text":"ﯓ","translation":{"text":"(of) the former (people)","language_name":"english","language_id":38},"transliteration":{"text":"l-awalīna","language_name":"english","language_id":38}},{"id":39721,"position":17,"audio_url":null,"qpc_uthmani_hafs":"٣٨","char_type_name":"end","page_number":181,"line_number":12,"text":"ﯔ","translation":{"text":"(38)","language_name":"english","language_id":38},"transliteration":{"text":null,"language_name":"english","language_id":38}}],"translations":[{"id":917627,"resource_id":134,"text":"Katakanlah kepada orang-orang yang kafir itu<sup foot_note=210378>1</sup>,  \"Jika mereka berhenti (dari kekafirannya), niscaya Allah akan mengampuni mereka tentang dosa-dosa mereka yang sudah lalu; dan jika mereka kembali lagi<sup foot_note=210379>2</sup>, sesungguhnya akan berlaku (kepada mereka) sunah (Allah terhadap) orang-orang dahulu\"."}]},{"id":1199,"verse_number":39,"verse_key":"8:39","juz_number":9,"hizb_number":18,"rub_el_hizb_number":72,"ruku_number":150,"manzil_number":2,"sajdah_number":null,"text_uthmani":"وَقَـٰتِلُوهُمْ حَتَّىٰ لَا تَكُونَ فِتْنَةٌ وَيَكُونَ ٱلدِّينُ كُلُّهُۥ لِلَّهِ ۚ فَإِنِ ٱنتَهَوْا۟ فَإِنَّ ٱللَّهَ بِمَا يَعْمَلُونَ بَصِيرٌ","page_number":181,"words":[{"id":40522,"position":1,"audio_url":"wbw/008_039_001.mp3","qpc_uthmani_hafs":"وَقَٰتِلُوهُمۡ","char_type_name":"word","page_number":181,"line_number":12,"text":"ﯕ","translation":{"text":"And fight them","language_name":"english","language_id":38},"transliteration":{"text":"waqātilūhum","language_name":"english","language_id":38}},{"id":40523,"position":2,"audio_url":"wbw/008_039_002.mp3","qpc_uthmani_hafs":"حَتَّىٰ","char_type_name":"word","page_number":181,"line_number":12,"text":"ﯖ","translation":{"text":"until","language_name":"english","language_id":38},"transliteration":{"text":"ḥattā","language_name":"english","language_id":38}},{"id":40524,"position":3,"audio_url":"wbw/008_039_003.mp3","qpc_uthmani_hafs":"لَا","char_type_name":"word","page_number":181,"line_number":13,"text":"ﯗ","translation":{"text":"not","language_name":"english","language_id":38},"transliteration":{"text":"lā","language_name":"english","language_id":38}},{"id":40525,"position":4,"audio_url":"wbw/008_039_004.mp3","qpc_uthmani_hafs":"تَكُونَ","char_type_name":"word","page_number":181,"line_number":13,"text":"ﯘ","translation":{"text":"there is","language_name":"english","language_id":38},"transliteration":{"text":"takūna","language_name":"english","language_id":38}},{"id":40526,"position":5,"audio_url":"wbw/008_039_005.mp3","qpc_uthmani_hafs":"فِتۡنَةٞ","char_type_name":"word","page_number":181,"line_number":13,"text":"ﯙ","translation":{"text":"oppression","language_name":"english","language_id":38},"transliteration":{"text":"fit'natun","language_name":"english","language_id":38}},{"id":40527,"position":6,"audio_url":"wbw/008_039_006.mp3","qpc_uthmani_hafs":"وَيَكُونَ","char_type_name":"word","page_number":181,"line_number":13,"text":"ﯚ","translation":{"text":"and is","language_name":"english","language_id":38},"transliteration":{"text":"wayakūna","language_name":"english","language_id":38}},{"id":40528,"position":7,"audio_url":"wbw/008_039_007.mp3","qpc_uthmani_hafs":"ٱلدِّينُ","char_type_name":"word","page_number":181,"line_number":13,"text":"ﯛ","translation":{"text":"the religion","language_name":"english","language_id":38},"transliteration":{"text":"l-dīnu","language_name":"english","language_id":38}},{"id":40529,"position":8,"audio_url":"wbw/008_039_008.mp3","qpc_uthmani_hafs":"كُلُّهُۥ","char_type_name":"word","page_number":181,"line_number":13,"text":"ﯜ","translation":{"text":"all of it","language_name":"english","language_id":38},"transliteration":{"text":"kulluhu","language_name":"english","language_id":38}},{"id":40530,"position":9,"audio_url":"wbw/008_039_009.mp3","qpc_uthmani_hafs":"لِلَّهِۚ","char_type_name":"word","page_number":181,"line_number":13,"text":"ﯝﯞ","translation":{"text":"for Allah","language_name":"english","language_id":38},"transliteration":{"text":"lillahi","language_name":"english","language_id":38}},{"id":40532,"position":10,"audio_url":"wbw/008_039_011.mp3","qpc_uthmani_hafs":"فَإِنِ","char_type_name":"word","page_number":181,"line_number":13,"text":"ﯟ","translation":{"text":"But if","language_name":"english","language_id":38},"transliteration":{"text":"fa-ini","language_name":"english","language_id":38}},{"id":40533,"position":11,"audio_url":"wbw/008_039_012.mp3","qpc_uthmani_hafs":"ٱنتَهَوۡاْ","char_type_name":"word","page_number":181,"line_number":14,"text":"ﯠ","translation":{"text":"they cease","language_name":"english","language_id":38},"transliteration":{"text":"intahaw","language_name":"english","language_id":38}},{"id":40534,"position":12,"audio_url":"wbw/008_039_013.mp3","qpc_uthmani_hafs":"فَإِنَّ","char_type_name":"word","page_number":181,"line_number":14,"text":"ﯡ","translation":{"text":"then indeed","language_name":"english","language_id":38},"transliteration":{"text":"fa-inna","language_name":"english","language_id":38}},{"id":40535,"position":13,"audio_url":"wbw/008_039_014.mp3","qpc_uthmani_hafs":"ٱللَّهَ","char_type_name":"word","page_number":181,"line_number":14,"text":"ﯢ","translation":{"text":"Allah","language_name":"english","language_id":38},"transliteration":{"text":"l-laha","language_name":"english","language_id":38}},{"id":40536,"position":14,"audio_url":"wbw/008_039_015.mp3","qpc_uthmani_hafs":"بِمَا","char_type_name":"word","page_number":181,"line_number":14,"text":"ﯣ","translation":{"text":"of what","language_name":"english","language_id":38},"transliteration":{"text":"bimā","language_name":"english","language_id":38}},{"id":40537,"position":15,"audio_url":"wbw/008_039_016.mp3","qpc_uthmani_hafs":"يَعۡمَلُونَ","char_type_name":"word","page_number":181,"line_number":14,"text":"ﯤ","translation":{"text":"they do","language_name":"english","language_id":38},"transliteration":{"text":"yaʿmalūna","language_name":"english","language_id":38}},{"id":40538,"position":16,"audio_url":"wbw/008_039_017.mp3","qpc_uthmani_hafs":"بَصِيرٞ","char_type_name":"word","page_number":181,"line_number":14,"text":"ﯥ","translation":{"text":"(is) All-Seer","language_name":"english","language_id":38},"transliteration":{"text":"baṣīrun","language_name":"english","language_id":38}},{"id":40539,"position":17,"audio_url":null,"qpc_uthmani_hafs":"٣٩","char_type_name":"end","page_number":181,"line_number":14,"text":"ﯦ","translation":{"text":"(39)","language_name":"english","language_id":38},"transliteration":{"text":null,"language_name":"english","language_id":38}}],"translations":[{"id":917628,"resource_id":134,"text":"Dan perangilah mereka supaya jangan ada fitnah<sup foot_note=210380>1</sup> dan supaya agama itu semata-mata untuk Allah<sup foot_note=210381>2</sup>.   Jika mereka berhenti (dari kekafiran), maka sesungguhnya Allah Maha Melihat apa yang mereka kerjakan."}]},{"id":1200,"verse_number":40,"verse_key":"8:40","juz_number":9,"hizb_number":18,"rub_el_hizb_number":72,"ruku_number":150,"manzil_number":2,"sajdah_number":null,"text_uthmani":"وَإِن تَوَلَّوْا۟ فَٱعْلَمُوٓا۟ أَنَّ ٱللَّهَ مَوْلَىٰكُمْ ۚ نِعْمَ ٱلْمَوْلَىٰ وَنِعْمَ ٱلنَّصِيرُ","page_number":181,"words":[{"id":41234,"position":1,"audio_url":"wbw/008_040_001.mp3","qpc_uthmani_hafs":"وَإِن","char_type_name":"word","page_number":181,"line_number":14,"text":"ﯧ","translation":{"text":"And if","language_name":"english","language_id":38},"transliteration":{"text":"wa-in","language_name":"english","language_id":38}},{"id":41235,"position":2,"audio_url":"wbw/008_040_002.mp3","qpc_uthmani_hafs":"تَوَلَّوۡاْ","char_type_name":"word","page_number":181,"line_number":14,"text":"ﯨ","translation":{"text":"they turn away","language_name":"english","language_id":38},"transliteration":{"text":"tawallaw","language_name":"english","language_id":38}},{"id":41236,"position":3,"audio_url":"wbw/008_040_003.mp3","qpc_uthmani_hafs":"فَٱعۡلَمُوٓاْ","char_type_name":"word","page_number":181,"line_number":15,"text":"ﯩ","translation":{"text":"then know","language_name":"english","language_id":38},"transliteration":{"text":"fa-iʿ'lamū","language_name":"english","language_id":38}},{"id":41237,"position":4,"audio_url":"wbw/008_040_004.mp3","qpc_uthmani_hafs":"أَنَّ","char_type_name":"word","page_number":181,"line_number":15,"text":"ﯪ","translation":{"text":"that","language_name":"english","language_id":38},"transliteration":{"text":"anna","language_name":"english","language_id":38}},{"id":41238,"position":5,"audio_url":"wbw/008_040_005.mp3","qpc_uthmani_hafs":"ٱللَّهَ","char_type_name":"word","page_number":181,"line_number":15,"text":"ﯫ","translation":{"text":"Allah","language_name":"english","language_id":38},"transliteration":{"text":"l-laha","language_name":"english","language_id":38}},{"id":41239,"position":6,"audio_url":"wbw/008_040_006.mp3","qpc_uthmani_hafs":"مَوۡلَىٰكُمۡۚ","char_type_name":"word","page_number":181,"line_number":15,"text":"ﯬﯭ","translation":{"text":"(is) your Protector","language_name":"english","language_id":38},"transliteration":{"text":"mawlākum","language_name":"english","language_id":38}},{"id":41241,"position":7,"audio_url":"wbw/008_040_008.mp3","qpc_uthmani_hafs":"نِعۡمَ","char_type_name":"word","page_number":181,"line_number":15,"text":"ﯮ","translation":{"text":"Excellent","language_name":"english","language_id":38},"transliteration":{"text":"niʿ'ma","language_name":"english","language_id":38}},{"id":41242,"position":8,"audio_url":"wbw/008_040_009.mp3","qpc_uthmani_hafs":"ٱلۡمَوۡلَىٰ","char_type_name":"word","page_number":181,"line_number":15,"text":"ﯯ","translation":{"text":"(is) the Protector","language_name":"english","language_id":38},"transliteration":{"text":"l-mawlā","language_name":"english","language_id":38}},{"id":41243,"position":9,"audio_url":"wbw/008_040_010.mp3","qpc_uthmani_hafs":"وَنِعۡمَ","char_type_name":"word","page_number":181,"line_number":15,"text":"ﯰ","translation":{"text":"and Excellent","language_name":"english","language_id":38},"transliteration":{"text":"waniʿ'ma","language_name":"english","language_id":38}},{"id":41244,"position":10,"audio_url":"wbw/008_040_011.mp3","qpc_uthmani_hafs":"ٱلنَّصِيرُ","char_type_name":"word","page_number":181,"line_number":15,"text":"ﯱ","translation":{"text":"(is) the Helper","language_name":"english","language_id":38},"transliteration":{"text":"l-naṣīru","language_name":"english","language_id":38}},{"id":41245,"position":11,"audio_url":null,"qpc_uthmani_hafs":"٤٠","char_type_name":"end","page_number":181,"line_number":15,"text":"ﯲ","translation":{"text":"(40)","language_name":"english","language_id":38},"transliteration":{"text":null,"language_name":"english","language_id":38}}],"translations":[{"id":917629,"resource_id":134,"text":"Dan jika mereka berpaling, maka ketahuilah bahwasanya Allah Pelindungmu.  Dia adalah sebaik-baik Pelindung dan sebaik-baik penolong."}]}],"pagination":{"per_page":50,"current_page":1,"next_page":null,"total_pages":1,"total_records":7}}