{"verses":[{"id":1267,"verse_number":32,"verse_key":"9:32","juz_number":10,"hizb_number":19,"rub_el_hizb_number":76,"ruku_number":160,"manzil_number":2,"sajdah_number":null,"text_uthmani":"يُرِيدُونَ أَن يُطْفِـُٔوا۟ نُورَ ٱللَّهِ بِأَفْوَٰهِهِمْ وَيَأْبَى ٱللَّهُ إِلَّآ أَن يُتِمَّ نُورَهُۥ وَلَوْ كَرِهَ ٱلْكَـٰفِرُونَ","page_number":192,"words":[{"id":34657,"position":1,"audio_url":"wbw/009_032_001.mp3","qpc_uthmani_hafs":"يُرِيدُونَ","char_type_name":"word","page_number":192,"line_number":1,"text":"ﭑ","translation":{"text":"They want","language_name":"english","language_id":38},"transliteration":{"text":"yurīdūna","language_name":"english","language_id":38}},{"id":34658,"position":2,"audio_url":"wbw/009_032_002.mp3","qpc_uthmani_hafs":"أَن","char_type_name":"word","page_number":192,"line_number":1,"text":"ﭒ","translation":{"text":"to","language_name":"english","language_id":38},"transliteration":{"text":"an","language_name":"english","language_id":38}},{"id":34659,"position":3,"audio_url":"wbw/009_032_003.mp3","qpc_uthmani_hafs":"يُطۡفِـُٔواْ","char_type_name":"word","page_number":192,"line_number":1,"text":"ﭓ","translation":{"text":"extinguish","language_name":"english","language_id":38},"transliteration":{"text":"yuṭ'fiū","language_name":"english","language_id":38}},{"id":34660,"position":4,"audio_url":"wbw/009_032_004.mp3","qpc_uthmani_hafs":"نُورَ","char_type_name":"word","page_number":192,"line_number":1,"text":"ﭔ","translation":{"text":"Allah's light","language_name":"english","language_id":38},"transliteration":{"text":"nūra","language_name":"english","language_id":38}},{"id":34661,"position":5,"audio_url":"wbw/009_032_005.mp3","qpc_uthmani_hafs":"ٱللَّهِ","char_type_name":"word","page_number":192,"line_number":1,"text":"ﭕ","translation":{"text":"Allah's light","language_name":"english","language_id":38},"transliteration":{"text":"l-lahi","language_name":"english","language_id":38}},{"id":34662,"position":6,"audio_url":"wbw/009_032_006.mp3","qpc_uthmani_hafs":"بِأَفۡوَٰهِهِمۡ","char_type_name":"word","page_number":192,"line_number":1,"text":"ﭖ","translation":{"text":"with their mouths","language_name":"english","language_id":38},"transliteration":{"text":"bi-afwāhihim","language_name":"english","language_id":38}},{"id":34663,"position":7,"audio_url":"wbw/009_032_007.mp3","qpc_uthmani_hafs":"وَيَأۡبَى","char_type_name":"word","page_number":192,"line_number":1,"text":"ﭗ","translation":{"text":"but Allah refuses","language_name":"english","language_id":38},"transliteration":{"text":"wayabā","language_name":"english","language_id":38}},{"id":34664,"position":8,"audio_url":"wbw/009_032_008.mp3","qpc_uthmani_hafs":"ٱللَّهُ","char_type_name":"word","page_number":192,"line_number":1,"text":"ﭘ","translation":{"text":"but Allah refuses","language_name":"english","language_id":38},"transliteration":{"text":"l-lahu","language_name":"english","language_id":38}},{"id":34665,"position":9,"audio_url":"wbw/009_032_009.mp3","qpc_uthmani_hafs":"إِلَّآ","char_type_name":"word","page_number":192,"line_number":1,"text":"ﭙ","translation":{"text":"except","language_name":"english","language_id":38},"transliteration":{"text":"illā","language_name":"english","language_id":38}},{"id":34666,"position":10,"audio_url":"wbw/009_032_010.mp3","qpc_uthmani_hafs":"أَن","char_type_name":"word","page_number":192,"line_number":2,"text":"ﭚ","translation":{"text":"to","language_name":"english","language_id":38},"transliteration":{"text":"an","language_name":"english","language_id":38}},{"id":34667,"position":11,"audio_url":"wbw/009_032_011.mp3","qpc_uthmani_hafs":"يُتِمَّ","char_type_name":"word","page_number":192,"line_number":2,"text":"ﭛ","translation":{"text":"perfect","language_name":"english","language_id":38},"transliteration":{"text":"yutimma","language_name":"english","language_id":38}},{"id":34668,"position":12,"audio_url":"wbw/009_032_012.mp3","qpc_uthmani_hafs":"نُورَهُۥ","char_type_name":"word","page_number":192,"line_number":2,"text":"ﭜ","translation":{"text":"His Light","language_name":"english","language_id":38},"transliteration":{"text":"nūrahu","language_name":"english","language_id":38}},{"id":34669,"position":13,"audio_url":"wbw/009_032_013.mp3","qpc_uthmani_hafs":"وَلَوۡ","char_type_name":"word","page_number":192,"line_number":2,"text":"ﭝ","translation":{"text":"even if","language_name":"english","language_id":38},"transliteration":{"text":"walaw","language_name":"english","language_id":38}},{"id":34670,"position":14,"audio_url":"wbw/009_032_014.mp3","qpc_uthmani_hafs":"كَرِهَ","char_type_name":"word","page_number":192,"line_number":2,"text":"ﭞ","translation":{"text":"the disbelievers dislike (it)","language_name":"english","language_id":38},"transliteration":{"text":"kariha","language_name":"english","language_id":38}},{"id":34671,"position":15,"audio_url":"wbw/009_032_015.mp3","qpc_uthmani_hafs":"ٱلۡكَٰفِرُونَ","char_type_name":"word","page_number":192,"line_number":2,"text":"ﭟ","translation":{"text":"the disbelievers dislike (it)","language_name":"english","language_id":38},"transliteration":{"text":"l-kāfirūna","language_name":"english","language_id":38}},{"id":34672,"position":16,"audio_url":null,"qpc_uthmani_hafs":"٣٢","char_type_name":"end","page_number":192,"line_number":2,"text":"ﭠ","translation":{"text":"(32)","language_name":"english","language_id":38},"transliteration":{"text":null,"language_name":"english","language_id":38}}],"translations":[{"id":917696,"resource_id":134,"text":"Mereka berkehendak memadamkan cahaya (agama) Allah dengan mulut (ucapan-ucapan) mereka, dan Allah tidak menghendaki selain menyempurnakan cahaya-Nya, walaupun orang-orang yang kafir tidak menyukai."}]},{"id":1268,"verse_number":33,"verse_key":"9:33","juz_number":10,"hizb_number":19,"rub_el_hizb_number":76,"ruku_number":160,"manzil_number":2,"sajdah_number":null,"text_uthmani":"هُوَ ٱلَّذِىٓ أَرْسَلَ رَسُولَهُۥ بِٱلْهُدَىٰ وَدِينِ ٱلْحَقِّ لِيُظْهِرَهُۥ عَلَى ٱلدِّينِ كُلِّهِۦ وَلَوْ كَرِهَ ٱلْمُشْرِكُونَ","page_number":192,"words":[{"id":35480,"position":1,"audio_url":"wbw/009_033_001.mp3","qpc_uthmani_hafs":"هُوَ","char_type_name":"word","page_number":192,"line_number":2,"text":"ﭡ","translation":{"text":"He","language_name":"english","language_id":38},"transliteration":{"text":"huwa","language_name":"english","language_id":38}},{"id":35481,"position":2,"audio_url":"wbw/009_033_002.mp3","qpc_uthmani_hafs":"ٱلَّذِيٓ","char_type_name":"word","page_number":192,"line_number":2,"text":"ﭢ","translation":{"text":"(is) the One Who","language_name":"english","language_id":38},"transliteration":{"text":"alladhī","language_name":"english","language_id":38}},{"id":35482,"position":3,"audio_url":"wbw/009_033_003.mp3","qpc_uthmani_hafs":"أَرۡسَلَ","char_type_name":"word","page_number":192,"line_number":3,"text":"ﭣ","translation":{"text":"has sent","language_name":"english","language_id":38},"transliteration":{"text":"arsala","language_name":"english","language_id":38}},{"id":35483,"position":4,"audio_url":"wbw/009_033_004.mp3","qpc_uthmani_hafs":"رَسُولَهُۥ","char_type_name":"word","page_number":192,"line_number":3,"text":"ﭤ","translation":{"text":"His Messenger","language_name":"english","language_id":38},"transliteration":{"text":"rasūlahu","language_name":"english","language_id":38}},{"id":35484,"position":5,"audio_url":"wbw/009_033_005.mp3","qpc_uthmani_hafs":"بِٱلۡهُدَىٰ","char_type_name":"word","page_number":192,"line_number":3,"text":"ﭥ","translation":{"text":"with the guidance","language_name":"english","language_id":38},"transliteration":{"text":"bil-hudā","language_name":"english","language_id":38}},{"id":35485,"position":6,"audio_url":"wbw/009_033_006.mp3","qpc_uthmani_hafs":"وَدِينِ","char_type_name":"word","page_number":192,"line_number":3,"text":"ﭦ","translation":{"text":"and the religion","language_name":"english","language_id":38},"transliteration":{"text":"wadīni","language_name":"english","language_id":38}},{"id":35486,"position":7,"audio_url":"wbw/009_033_007.mp3","qpc_uthmani_hafs":"ٱلۡحَقِّ","char_type_name":"word","page_number":192,"line_number":3,"text":"ﭧ","translation":{"text":"(of) [the] truth","language_name":"english","language_id":38},"transliteration":{"text":"l-ḥaqi","language_name":"english","language_id":38}},{"id":35487,"position":8,"audio_url":"wbw/009_033_008.mp3","qpc_uthmani_hafs":"لِيُظۡهِرَهُۥ","char_type_name":"word","page_number":192,"line_number":3,"text":"ﭨ","translation":{"text":"to manifest it","language_name":"english","language_id":38},"transliteration":{"text":"liyuẓ'hirahu","language_name":"english","language_id":38}},{"id":35488,"position":9,"audio_url":"wbw/009_033_009.mp3","qpc_uthmani_hafs":"عَلَى","char_type_name":"word","page_number":192,"line_number":3,"text":"ﭩ","translation":{"text":"over","language_name":"english","language_id":38},"transliteration":{"text":"ʿalā","language_name":"english","language_id":38}},{"id":35489,"position":10,"audio_url":"wbw/009_033_010.mp3","qpc_uthmani_hafs":"ٱلدِّينِ","char_type_name":"word","page_number":192,"line_number":3,"text":"ﭪ","translation":{"text":"all religions","language_name":"english","language_id":38},"transliteration":{"text":"l-dīni","language_name":"english","language_id":38}},{"id":35490,"position":11,"audio_url":"wbw/009_033_011.mp3","qpc_uthmani_hafs":"كُلِّهِۦ","char_type_name":"word","page_number":192,"line_number":4,"text":"ﭫ","translation":{"text":"all religions","language_name":"english","language_id":38},"transliteration":{"text":"kullihi","language_name":"english","language_id":38}},{"id":35491,"position":12,"audio_url":"wbw/009_033_012.mp3","qpc_uthmani_hafs":"وَلَوۡ","char_type_name":"word","page_number":192,"line_number":4,"text":"ﭬ","translation":{"text":"Even if","language_name":"english","language_id":38},"transliteration":{"text":"walaw","language_name":"english","language_id":38}},{"id":35492,"position":13,"audio_url":"wbw/009_033_013.mp3","qpc_uthmani_hafs":"كَرِهَ","char_type_name":"word","page_number":192,"line_number":4,"text":"ﭭ","translation":{"text":"dislike (it)","language_name":"english","language_id":38},"transliteration":{"text":"kariha","language_name":"english","language_id":38}},{"id":35493,"position":14,"audio_url":"wbw/009_033_014.mp3","qpc_uthmani_hafs":"ٱلۡمُشۡرِكُونَ","char_type_name":"word","page_number":192,"line_number":4,"text":"ﭮ","translation":{"text":"the polytheists","language_name":"english","language_id":38},"transliteration":{"text":"l-mush'rikūna","language_name":"english","language_id":38}},{"id":35494,"position":15,"audio_url":null,"qpc_uthmani_hafs":"٣٣","char_type_name":"end","page_number":192,"line_number":4,"text":"ﭯ","translation":{"text":"(33)","language_name":"english","language_id":38},"transliteration":{"text":null,"language_name":"english","language_id":38}}],"translations":[{"id":917697,"resource_id":134,"text":"Dialah yang telah mengutus rasul-Nya (dengan membawa) petunjuk (Al-Qur`ān) dan agama yang benar untuk dimenangkan-Nya atas segala agama, walaupun orang-orang musyrik tidak menyukai."}]},{"id":1269,"verse_number":34,"verse_key":"9:34","juz_number":10,"hizb_number":20,"rub_el_hizb_number":77,"ruku_number":160,"manzil_number":2,"sajdah_number":null,"text_uthmani":"۞ يَـٰٓأَيُّهَا ٱلَّذِينَ ءَامَنُوٓا۟ إِنَّ كَثِيرًا مِّنَ ٱلْأَحْبَارِ وَٱلرُّهْبَانِ لَيَأْكُلُونَ أَمْوَٰلَ ٱلنَّاسِ بِٱلْبَـٰطِلِ وَيَصُدُّونَ عَن سَبِيلِ ٱللَّهِ ۗ وَٱلَّذِينَ يَكْنِزُونَ ٱلذَّهَبَ وَٱلْفِضَّةَ وَلَا يُنفِقُونَهَا فِى سَبِيلِ ٱللَّهِ فَبَشِّرْهُم بِعَذَابٍ أَلِيمٍ","page_number":192,"words":[{"id":36163,"position":1,"audio_url":"wbw/009_034_002.mp3","qpc_uthmani_hafs":"۞ يَٰٓأَيُّهَا","char_type_name":"word","page_number":192,"line_number":4,"text":"ﭰ ﭱ","translation":{"text":"O you who believe","language_name":"english","language_id":38},"transliteration":{"text":"yāayyuhā","language_name":"english","language_id":38}},{"id":36164,"position":2,"audio_url":"wbw/009_034_003.mp3","qpc_uthmani_hafs":"ٱلَّذِينَ","char_type_name":"word","page_number":192,"line_number":4,"text":"ﭲ","translation":{"text":"O you who believe","language_name":"english","language_id":38},"transliteration":{"text":"alladhīna","language_name":"english","language_id":38}},{"id":36165,"position":3,"audio_url":"wbw/009_034_004.mp3","qpc_uthmani_hafs":"ءَامَنُوٓاْ","char_type_name":"word","page_number":192,"line_number":5,"text":"ﭳ","translation":{"text":"O you who believe","language_name":"english","language_id":38},"transliteration":{"text":"āmanū","language_name":"english","language_id":38}},{"id":36166,"position":4,"audio_url":"wbw/009_034_005.mp3","qpc_uthmani_hafs":"إِنَّ","char_type_name":"word","page_number":192,"line_number":5,"text":"ﭴ","translation":{"text":"Indeed","language_name":"english","language_id":38},"transliteration":{"text":"inna","language_name":"english","language_id":38}},{"id":36167,"position":5,"audio_url":"wbw/009_034_006.mp3","qpc_uthmani_hafs":"كَثِيرٗا","char_type_name":"word","page_number":192,"line_number":5,"text":"ﭵ","translation":{"text":"many","language_name":"english","language_id":38},"transliteration":{"text":"kathīran","language_name":"english","language_id":38}},{"id":36168,"position":6,"audio_url":"wbw/009_034_007.mp3","qpc_uthmani_hafs":"مِّنَ","char_type_name":"word","page_number":192,"line_number":5,"text":"ﭶ","translation":{"text":"of","language_name":"english","language_id":38},"transliteration":{"text":"mina","language_name":"english","language_id":38}},{"id":36169,"position":7,"audio_url":"wbw/009_034_008.mp3","qpc_uthmani_hafs":"ٱلۡأَحۡبَارِ","char_type_name":"word","page_number":192,"line_number":5,"text":"ﭷ","translation":{"text":"the rabbis","language_name":"english","language_id":38},"transliteration":{"text":"l-aḥbāri","language_name":"english","language_id":38}},{"id":36170,"position":8,"audio_url":"wbw/009_034_009.mp3","qpc_uthmani_hafs":"وَٱلرُّهۡبَانِ","char_type_name":"word","page_number":192,"line_number":5,"text":"ﭸ","translation":{"text":"and the monks","language_name":"english","language_id":38},"transliteration":{"text":"wal-ruh'bāni","language_name":"english","language_id":38}},{"id":36171,"position":9,"audio_url":"wbw/009_034_010.mp3","qpc_uthmani_hafs":"لَيَأۡكُلُونَ","char_type_name":"word","page_number":192,"line_number":5,"text":"ﭹ","translation":{"text":"surely eat","language_name":"english","language_id":38},"transliteration":{"text":"layakulūna","language_name":"english","language_id":38}},{"id":36172,"position":10,"audio_url":"wbw/009_034_011.mp3","qpc_uthmani_hafs":"أَمۡوَٰلَ","char_type_name":"word","page_number":192,"line_number":6,"text":"ﭺ","translation":{"text":"(the) wealth","language_name":"english","language_id":38},"transliteration":{"text":"amwāla","language_name":"english","language_id":38}},{"id":36173,"position":11,"audio_url":"wbw/009_034_012.mp3","qpc_uthmani_hafs":"ٱلنَّاسِ","char_type_name":"word","page_number":192,"line_number":6,"text":"ﭻ","translation":{"text":"(of) the people","language_name":"english","language_id":38},"transliteration":{"text":"l-nāsi","language_name":"english","language_id":38}},{"id":36174,"position":12,"audio_url":"wbw/009_034_013.mp3","qpc_uthmani_hafs":"بِٱلۡبَٰطِلِ","char_type_name":"word","page_number":192,"line_number":6,"text":"ﭼ","translation":{"text":"in falsehood","language_name":"english","language_id":38},"transliteration":{"text":"bil-bāṭili","language_name":"english","language_id":38}},{"id":36175,"position":13,"audio_url":"wbw/009_034_014.mp3","qpc_uthmani_hafs":"وَيَصُدُّونَ","char_type_name":"word","page_number":192,"line_number":6,"text":"ﭽ","translation":{"text":"and hinder","language_name":"english","language_id":38},"transliteration":{"text":"wayaṣuddūna","language_name":"english","language_id":38}},{"id":36176,"position":14,"audio_url":"wbw/009_034_015.mp3","qpc_uthmani_hafs":"عَن","char_type_name":"word","page_number":192,"line_number":6,"text":"ﭾ","translation":{"text":"from","language_name":"english","language_id":38},"transliteration":{"text":"ʿan","language_name":"english","language_id":38}},{"id":36177,"position":15,"audio_url":"wbw/009_034_016.mp3","qpc_uthmani_hafs":"سَبِيلِ","char_type_name":"word","page_number":192,"line_number":6,"text":"ﭿ","translation":{"text":"(the) way","language_name":"english","language_id":38},"transliteration":{"text":"sabīli","language_name":"english","language_id":38}},{"id":36178,"position":16,"audio_url":"wbw/009_034_017.mp3","qpc_uthmani_hafs":"ٱللَّهِۗ","char_type_name":"word","page_number":192,"line_number":6,"text":"ﮀﮁ","translation":{"text":"(of) Allah","language_name":"english","language_id":38},"transliteration":{"text":"l-lahi","language_name":"english","language_id":38}},{"id":36180,"position":17,"audio_url":"wbw/009_034_019.mp3","qpc_uthmani_hafs":"وَٱلَّذِينَ","char_type_name":"word","page_number":192,"line_number":7,"text":"ﮂ","translation":{"text":"And those who","language_name":"english","language_id":38},"transliteration":{"text":"wa-alladhīna","language_name":"english","language_id":38}},{"id":36181,"position":18,"audio_url":"wbw/009_034_020.mp3","qpc_uthmani_hafs":"يَكۡنِزُونَ","char_type_name":"word","page_number":192,"line_number":7,"text":"ﮃ","translation":{"text":"hoard","language_name":"english","language_id":38},"transliteration":{"text":"yaknizūna","language_name":"english","language_id":38}},{"id":36182,"position":19,"audio_url":"wbw/009_034_021.mp3","qpc_uthmani_hafs":"ٱلذَّهَبَ","char_type_name":"word","page_number":192,"line_number":7,"text":"ﮄ","translation":{"text":"the gold","language_name":"english","language_id":38},"transliteration":{"text":"l-dhahaba","language_name":"english","language_id":38}},{"id":36183,"position":20,"audio_url":"wbw/009_034_022.mp3","qpc_uthmani_hafs":"وَٱلۡفِضَّةَ","char_type_name":"word","page_number":192,"line_number":7,"text":"ﮅ","translation":{"text":"and the silver","language_name":"english","language_id":38},"transliteration":{"text":"wal-fiḍata","language_name":"english","language_id":38}},{"id":36184,"position":21,"audio_url":"wbw/009_034_023.mp3","qpc_uthmani_hafs":"وَلَا","char_type_name":"word","page_number":192,"line_number":7,"text":"ﮆ","translation":{"text":"and (do) not","language_name":"english","language_id":38},"transliteration":{"text":"walā","language_name":"english","language_id":38}},{"id":36185,"position":22,"audio_url":"wbw/009_034_024.mp3","qpc_uthmani_hafs":"يُنفِقُونَهَا","char_type_name":"word","page_number":192,"line_number":7,"text":"ﮇ","translation":{"text":"spend it","language_name":"english","language_id":38},"transliteration":{"text":"yunfiqūnahā","language_name":"english","language_id":38}},{"id":36186,"position":23,"audio_url":"wbw/009_034_025.mp3","qpc_uthmani_hafs":"فِي","char_type_name":"word","page_number":192,"line_number":8,"text":"ﮈ","translation":{"text":"in","language_name":"english","language_id":38},"transliteration":{"text":"fī","language_name":"english","language_id":38}},{"id":36187,"position":24,"audio_url":"wbw/009_034_026.mp3","qpc_uthmani_hafs":"سَبِيلِ","char_type_name":"word","page_number":192,"line_number":8,"text":"ﮉ","translation":{"text":"(the) way","language_name":"english","language_id":38},"transliteration":{"text":"sabīli","language_name":"english","language_id":38}},{"id":36188,"position":25,"audio_url":"wbw/009_034_027.mp3","qpc_uthmani_hafs":"ٱللَّهِ","char_type_name":"word","page_number":192,"line_number":8,"text":"ﮊ","translation":{"text":"(of) Allah","language_name":"english","language_id":38},"transliteration":{"text":"l-lahi","language_name":"english","language_id":38}},{"id":36189,"position":26,"audio_url":"wbw/009_034_028.mp3","qpc_uthmani_hafs":"فَبَشِّرۡهُم","char_type_name":"word","page_number":192,"line_number":8,"text":"ﮋ","translation":{"text":"[so] give them tidings","language_name":"english","language_id":38},"transliteration":{"text":"fabashir'hum","language_name":"english","language_id":38}},{"id":36190,"position":27,"audio_url":"wbw/009_034_029.mp3","qpc_uthmani_hafs":"بِعَذَابٍ","char_type_name":"word","page_number":192,"line_number":8,"text":"ﮌ","translation":{"text":"of a punishment","language_name":"english","language_id":38},"transliteration":{"text":"biʿadhābin","language_name":"english","language_id":38}},{"id":36191,"position":28,"audio_url":"wbw/009_034_030.mp3","qpc_uthmani_hafs":"أَلِيمٖ","char_type_name":"word","page_number":192,"line_number":8,"text":"ﮍ","translation":{"text":"painful","language_name":"english","language_id":38},"transliteration":{"text":"alīmin","language_name":"english","language_id":38}},{"id":36192,"position":29,"audio_url":null,"qpc_uthmani_hafs":"٣٤","char_type_name":"end","page_number":192,"line_number":8,"text":"ﮎ","translation":{"text":"(34)","language_name":"english","language_id":38},"transliteration":{"text":null,"language_name":"english","language_id":38}}],"translations":[{"id":917698,"resource_id":134,"text":"Hai orang-orang yang beriman, sesungguhnya sebagian besar dari orang-orang alim Yahudi dan rahib-rahib Nasrani benar-benar memakan harta orang dengan jalan batil dan mereka menghalang-halangi (manusia) dari jalan Allah.  Dan orang-orang yang menyimpan emas dan perak dan tidak menafkahkannya pada jalan Allah, maka beritahukanlah kepada mereka, (bahwa mereka akan mendapat) siksa yang pedih,"}]},{"id":1270,"verse_number":35,"verse_key":"9:35","juz_number":10,"hizb_number":20,"rub_el_hizb_number":77,"ruku_number":160,"manzil_number":2,"sajdah_number":null,"text_uthmani":"يَوْمَ يُحْمَىٰ عَلَيْهَا فِى نَارِ جَهَنَّمَ فَتُكْوَىٰ بِهَا جِبَاهُهُمْ وَجُنُوبُهُمْ وَظُهُورُهُمْ ۖ هَـٰذَا مَا كَنَزْتُمْ لِأَنفُسِكُمْ فَذُوقُوا۟ مَا كُنتُمْ تَكْنِزُونَ","page_number":192,"words":[{"id":37276,"position":1,"audio_url":"wbw/009_035_001.mp3","qpc_uthmani_hafs":"يَوۡمَ","char_type_name":"word","page_number":192,"line_number":8,"text":"ﮏ","translation":{"text":"(The) Day","language_name":"english","language_id":38},"transliteration":{"text":"yawma","language_name":"english","language_id":38}},{"id":37277,"position":2,"audio_url":"wbw/009_035_002.mp3","qpc_uthmani_hafs":"يُحۡمَىٰ","char_type_name":"word","page_number":192,"line_number":8,"text":"ﮐ","translation":{"text":"it will be heated [on it]","language_name":"english","language_id":38},"transliteration":{"text":"yuḥ'mā","language_name":"english","language_id":38}},{"id":37278,"position":3,"audio_url":"wbw/009_035_003.mp3","qpc_uthmani_hafs":"عَلَيۡهَا","char_type_name":"word","page_number":192,"line_number":9,"text":"ﮑ","translation":{"text":"it will be heated [on it]","language_name":"english","language_id":38},"transliteration":{"text":"ʿalayhā","language_name":"english","language_id":38}},{"id":37279,"position":4,"audio_url":"wbw/009_035_004.mp3","qpc_uthmani_hafs":"فِي","char_type_name":"word","page_number":192,"line_number":9,"text":"ﮒ","translation":{"text":"in","language_name":"english","language_id":38},"transliteration":{"text":"fī","language_name":"english","language_id":38}},{"id":37280,"position":5,"audio_url":"wbw/009_035_005.mp3","qpc_uthmani_hafs":"نَارِ","char_type_name":"word","page_number":192,"line_number":9,"text":"ﮓ","translation":{"text":"the Fire","language_name":"english","language_id":38},"transliteration":{"text":"nāri","language_name":"english","language_id":38}},{"id":37281,"position":6,"audio_url":"wbw/009_035_006.mp3","qpc_uthmani_hafs":"جَهَنَّمَ","char_type_name":"word","page_number":192,"line_number":9,"text":"ﮔ","translation":{"text":"(of) Hell","language_name":"english","language_id":38},"transliteration":{"text":"jahannama","language_name":"english","language_id":38}},{"id":37282,"position":7,"audio_url":"wbw/009_035_007.mp3","qpc_uthmani_hafs":"فَتُكۡوَىٰ","char_type_name":"word","page_number":192,"line_number":9,"text":"ﮕ","translation":{"text":"and will be branded","language_name":"english","language_id":38},"transliteration":{"text":"fatuk'wā","language_name":"english","language_id":38}},{"id":37283,"position":8,"audio_url":"wbw/009_035_008.mp3","qpc_uthmani_hafs":"بِهَا","char_type_name":"word","page_number":192,"line_number":9,"text":"ﮖ","translation":{"text":"with it","language_name":"english","language_id":38},"transliteration":{"text":"bihā","language_name":"english","language_id":38}},{"id":37284,"position":9,"audio_url":"wbw/009_035_009.mp3","qpc_uthmani_hafs":"جِبَاهُهُمۡ","char_type_name":"word","page_number":192,"line_number":9,"text":"ﮗ","translation":{"text":"their foreheads","language_name":"english","language_id":38},"transliteration":{"text":"jibāhuhum","language_name":"english","language_id":38}},{"id":37285,"position":10,"audio_url":"wbw/009_035_010.mp3","qpc_uthmani_hafs":"وَجُنُوبُهُمۡ","char_type_name":"word","page_number":192,"line_number":9,"text":"ﮘ","translation":{"text":"and their flanks","language_name":"english","language_id":38},"transliteration":{"text":"wajunūbuhum","language_name":"english","language_id":38}},{"id":37286,"position":11,"audio_url":"wbw/009_035_011.mp3","qpc_uthmani_hafs":"وَظُهُورُهُمۡۖ","char_type_name":"word","page_number":192,"line_number":10,"text":"ﮙﮚ","translation":{"text":"and their backs","language_name":"english","language_id":38},"transliteration":{"text":"waẓuhūruhum","language_name":"english","language_id":38}},{"id":37288,"position":12,"audio_url":"wbw/009_035_013.mp3","qpc_uthmani_hafs":"هَٰذَا","char_type_name":"word","page_number":192,"line_number":10,"text":"ﮛ","translation":{"text":"This","language_name":"english","language_id":38},"transliteration":{"text":"hādhā","language_name":"english","language_id":38}},{"id":37289,"position":13,"audio_url":"wbw/009_035_014.mp3","qpc_uthmani_hafs":"مَا","char_type_name":"word","page_number":192,"line_number":10,"text":"ﮜ","translation":{"text":"(is) what","language_name":"english","language_id":38},"transliteration":{"text":"mā","language_name":"english","language_id":38}},{"id":37290,"position":14,"audio_url":"wbw/009_035_015.mp3","qpc_uthmani_hafs":"كَنَزۡتُمۡ","char_type_name":"word","page_number":192,"line_number":10,"text":"ﮝ","translation":{"text":"you hoarded","language_name":"english","language_id":38},"transliteration":{"text":"kanaztum","language_name":"english","language_id":38}},{"id":37291,"position":15,"audio_url":"wbw/009_035_016.mp3","qpc_uthmani_hafs":"لِأَنفُسِكُمۡ","char_type_name":"word","page_number":192,"line_number":10,"text":"ﮞ","translation":{"text":"for yourselves","language_name":"english","language_id":38},"transliteration":{"text":"li-anfusikum","language_name":"english","language_id":38}},{"id":37292,"position":16,"audio_url":"wbw/009_035_017.mp3","qpc_uthmani_hafs":"فَذُوقُواْ","char_type_name":"word","page_number":192,"line_number":10,"text":"ﮟ","translation":{"text":"so taste","language_name":"english","language_id":38},"transliteration":{"text":"fadhūqū","language_name":"english","language_id":38}},{"id":37293,"position":17,"audio_url":"wbw/009_035_018.mp3","qpc_uthmani_hafs":"مَا","char_type_name":"word","page_number":192,"line_number":10,"text":"ﮠ","translation":{"text":"what","language_name":"english","language_id":38},"transliteration":{"text":"mā","language_name":"english","language_id":38}},{"id":37294,"position":18,"audio_url":"wbw/009_035_019.mp3","qpc_uthmani_hafs":"كُنتُمۡ","char_type_name":"word","page_number":192,"line_number":10,"text":"ﮡ","translation":{"text":"you used to","language_name":"english","language_id":38},"transliteration":{"text":"kuntum","language_name":"english","language_id":38}},{"id":37295,"position":19,"audio_url":"wbw/009_035_020.mp3","qpc_uthmani_hafs":"تَكۡنِزُونَ","char_type_name":"word","page_number":192,"line_number":11,"text":"ﮢ","translation":{"text":"hoard","language_name":"english","language_id":38},"transliteration":{"text":"taknizūna","language_name":"english","language_id":38}},{"id":37296,"position":20,"audio_url":null,"qpc_uthmani_hafs":"٣٥","char_type_name":"end","page_number":192,"line_number":11,"text":"ﮣ","translation":{"text":"(35)","language_name":"english","language_id":38},"transliteration":{"text":null,"language_name":"english","language_id":38}}],"translations":[{"id":917699,"resource_id":134,"text":"pada hari dipanaskan emas perak itu dalam neraka jahanam, lalu dibakar dengannya dahi mereka, lambung dan punggung mereka; (lalu dikatakan) kepada mereka, \"Inilah harta bendamu yang kamu simpan untuk dirimu sendiri, maka rasakanlah sekarang (akibat dari) apa yang kamu simpan itu\"."}]},{"id":1271,"verse_number":36,"verse_key":"9:36","juz_number":10,"hizb_number":20,"rub_el_hizb_number":77,"ruku_number":160,"manzil_number":2,"sajdah_number":null,"text_uthmani":"إِنَّ عِدَّةَ ٱلشُّهُورِ عِندَ ٱللَّهِ ٱثْنَا عَشَرَ شَهْرًا فِى كِتَـٰبِ ٱللَّهِ يَوْمَ خَلَقَ ٱلسَّمَـٰوَٰتِ وَٱلْأَرْضَ مِنْهَآ أَرْبَعَةٌ حُرُمٌ ۚ ذَٰلِكَ ٱلدِّينُ ٱلْقَيِّمُ ۚ فَلَا تَظْلِمُوا۟ فِيهِنَّ أَنفُسَكُمْ ۚ وَقَـٰتِلُوا۟ ٱلْمُشْرِكِينَ كَآفَّةً كَمَا يُقَـٰتِلُونَكُمْ كَآفَّةً ۚ وَٱعْلَمُوٓا۟ أَنَّ ٱللَّهَ مَعَ ٱلْمُتَّقِينَ","page_number":192,"words":[{"id":38058,"position":1,"audio_url":"wbw/009_036_001.mp3","qpc_uthmani_hafs":"إِنَّ","char_type_name":"word","page_number":192,"line_number":11,"text":"ﮤ","translation":{"text":"Indeed","language_name":"english","language_id":38},"transliteration":{"text":"inna","language_name":"english","language_id":38}},{"id":38059,"position":2,"audio_url":"wbw/009_036_002.mp3","qpc_uthmani_hafs":"عِدَّةَ","char_type_name":"word","page_number":192,"line_number":11,"text":"ﮥ","translation":{"text":"(the) number","language_name":"english","language_id":38},"transliteration":{"text":"ʿiddata","language_name":"english","language_id":38}},{"id":38060,"position":3,"audio_url":"wbw/009_036_003.mp3","qpc_uthmani_hafs":"ٱلشُّهُورِ","char_type_name":"word","page_number":192,"line_number":11,"text":"ﮦ","translation":{"text":"(of) the months","language_name":"english","language_id":38},"transliteration":{"text":"l-shuhūri","language_name":"english","language_id":38}},{"id":38061,"position":4,"audio_url":"wbw/009_036_004.mp3","qpc_uthmani_hafs":"عِندَ","char_type_name":"word","page_number":192,"line_number":11,"text":"ﮧ","translation":{"text":"with","language_name":"english","language_id":38},"transliteration":{"text":"ʿinda","language_name":"english","language_id":38}},{"id":38062,"position":5,"audio_url":"wbw/009_036_005.mp3","qpc_uthmani_hafs":"ٱللَّهِ","char_type_name":"word","page_number":192,"line_number":11,"text":"ﮨ","translation":{"text":"Allah","language_name":"english","language_id":38},"transliteration":{"text":"l-lahi","language_name":"english","language_id":38}},{"id":38063,"position":6,"audio_url":"wbw/009_036_006.mp3","qpc_uthmani_hafs":"ٱثۡنَا","char_type_name":"word","page_number":192,"line_number":11,"text":"ﮩ","translation":{"text":"(is) twelve","language_name":"english","language_id":38},"transliteration":{"text":"ith'nā","language_name":"english","language_id":38}},{"id":38064,"position":7,"audio_url":"wbw/009_036_007.mp3","qpc_uthmani_hafs":"عَشَرَ","char_type_name":"word","page_number":192,"line_number":11,"text":"ﮪ","translation":{"text":"(is) twelve","language_name":"english","language_id":38},"transliteration":{"text":"ʿashara","language_name":"english","language_id":38}},{"id":38065,"position":8,"audio_url":"wbw/009_036_008.mp3","qpc_uthmani_hafs":"شَهۡرٗا","char_type_name":"word","page_number":192,"line_number":12,"text":"ﮫ","translation":{"text":"months","language_name":"english","language_id":38},"transliteration":{"text":"shahran","language_name":"english","language_id":38}},{"id":38066,"position":9,"audio_url":"wbw/009_036_009.mp3","qpc_uthmani_hafs":"فِي","char_type_name":"word","page_number":192,"line_number":12,"text":"ﮬ","translation":{"text":"in","language_name":"english","language_id":38},"transliteration":{"text":"fī","language_name":"english","language_id":38}},{"id":38067,"position":10,"audio_url":"wbw/009_036_010.mp3","qpc_uthmani_hafs":"كِتَٰبِ","char_type_name":"word","page_number":192,"line_number":12,"text":"ﮭ","translation":{"text":"(the) ordinance","language_name":"english","language_id":38},"transliteration":{"text":"kitābi","language_name":"english","language_id":38}},{"id":38068,"position":11,"audio_url":"wbw/009_036_011.mp3","qpc_uthmani_hafs":"ٱللَّهِ","char_type_name":"word","page_number":192,"line_number":12,"text":"ﮮ","translation":{"text":"(of) Allah","language_name":"english","language_id":38},"transliteration":{"text":"l-lahi","language_name":"english","language_id":38}},{"id":38069,"position":12,"audio_url":"wbw/009_036_012.mp3","qpc_uthmani_hafs":"يَوۡمَ","char_type_name":"word","page_number":192,"line_number":12,"text":"ﮯ","translation":{"text":"(from the) Day","language_name":"english","language_id":38},"transliteration":{"text":"yawma","language_name":"english","language_id":38}},{"id":38070,"position":13,"audio_url":"wbw/009_036_013.mp3","qpc_uthmani_hafs":"خَلَقَ","char_type_name":"word","page_number":192,"line_number":12,"text":"ﮰ","translation":{"text":"He created","language_name":"english","language_id":38},"transliteration":{"text":"khalaqa","language_name":"english","language_id":38}},{"id":38071,"position":14,"audio_url":"wbw/009_036_014.mp3","qpc_uthmani_hafs":"ٱلسَّمَٰوَٰتِ","char_type_name":"word","page_number":192,"line_number":12,"text":"ﮱ","translation":{"text":"the heavens","language_name":"english","language_id":38},"transliteration":{"text":"l-samāwāti","language_name":"english","language_id":38}},{"id":38072,"position":15,"audio_url":"wbw/009_036_015.mp3","qpc_uthmani_hafs":"وَٱلۡأَرۡضَ","char_type_name":"word","page_number":192,"line_number":12,"text":"ﯓ","translation":{"text":"and the earth","language_name":"english","language_id":38},"transliteration":{"text":"wal-arḍa","language_name":"english","language_id":38}},{"id":38073,"position":16,"audio_url":"wbw/009_036_016.mp3","qpc_uthmani_hafs":"مِنۡهَآ","char_type_name":"word","page_number":192,"line_number":13,"text":"ﯔ","translation":{"text":"of them","language_name":"english","language_id":38},"transliteration":{"text":"min'hā","language_name":"english","language_id":38}},{"id":38074,"position":17,"audio_url":"wbw/009_036_017.mp3","qpc_uthmani_hafs":"أَرۡبَعَةٌ","char_type_name":"word","page_number":192,"line_number":13,"text":"ﯕ","translation":{"text":"four","language_name":"english","language_id":38},"transliteration":{"text":"arbaʿatun","language_name":"english","language_id":38}},{"id":38075,"position":18,"audio_url":"wbw/009_036_018.mp3","qpc_uthmani_hafs":"حُرُمٞۚ","char_type_name":"word","page_number":192,"line_number":13,"text":"ﯖﯗ","translation":{"text":"(are) sacred","language_name":"english","language_id":38},"transliteration":{"text":"ḥurumun","language_name":"english","language_id":38}},{"id":38077,"position":19,"audio_url":"wbw/009_036_020.mp3","qpc_uthmani_hafs":"ذَٰلِكَ","char_type_name":"word","page_number":192,"line_number":13,"text":"ﯘ","translation":{"text":"That","language_name":"english","language_id":38},"transliteration":{"text":"dhālika","language_name":"english","language_id":38}},{"id":38078,"position":20,"audio_url":"wbw/009_036_021.mp3","qpc_uthmani_hafs":"ٱلدِّينُ","char_type_name":"word","page_number":192,"line_number":13,"text":"ﯙ","translation":{"text":"(is) the religion","language_name":"english","language_id":38},"transliteration":{"text":"l-dīnu","language_name":"english","language_id":38}},{"id":38079,"position":21,"audio_url":"wbw/009_036_022.mp3","qpc_uthmani_hafs":"ٱلۡقَيِّمُۚ","char_type_name":"word","page_number":192,"line_number":13,"text":"ﯚﯛ","translation":{"text":"the upright","language_name":"english","language_id":38},"transliteration":{"text":"l-qayimu","language_name":"english","language_id":38}},{"id":38081,"position":22,"audio_url":"wbw/009_036_024.mp3","qpc_uthmani_hafs":"فَلَا","char_type_name":"word","page_number":192,"line_number":13,"text":"ﯜ","translation":{"text":"so (do) not","language_name":"english","language_id":38},"transliteration":{"text":"falā","language_name":"english","language_id":38}},{"id":38082,"position":23,"audio_url":"wbw/009_036_025.mp3","qpc_uthmani_hafs":"تَظۡلِمُواْ","char_type_name":"word","page_number":192,"line_number":13,"text":"ﯝ","translation":{"text":"wrong","language_name":"english","language_id":38},"transliteration":{"text":"taẓlimū","language_name":"english","language_id":38}},{"id":38083,"position":24,"audio_url":"wbw/009_036_026.mp3","qpc_uthmani_hafs":"فِيهِنَّ","char_type_name":"word","page_number":192,"line_number":13,"text":"ﯞ","translation":{"text":"therein","language_name":"english","language_id":38},"transliteration":{"text":"fīhinna","language_name":"english","language_id":38}},{"id":38084,"position":25,"audio_url":"wbw/009_036_027.mp3","qpc_uthmani_hafs":"أَنفُسَكُمۡۚ","char_type_name":"word","page_number":192,"line_number":14,"text":"ﯟﯠ","translation":{"text":"yourselves","language_name":"english","language_id":38},"transliteration":{"text":"anfusakum","language_name":"english","language_id":38}},{"id":38086,"position":26,"audio_url":"wbw/009_036_029.mp3","qpc_uthmani_hafs":"وَقَٰتِلُواْ","char_type_name":"word","page_number":192,"line_number":14,"text":"ﯡ","translation":{"text":"And fight","language_name":"english","language_id":38},"transliteration":{"text":"waqātilū","language_name":"english","language_id":38}},{"id":38087,"position":27,"audio_url":"wbw/009_036_030.mp3","qpc_uthmani_hafs":"ٱلۡمُشۡرِكِينَ","char_type_name":"word","page_number":192,"line_number":14,"text":"ﯢ","translation":{"text":"the polytheists","language_name":"english","language_id":38},"transliteration":{"text":"l-mush'rikīna","language_name":"english","language_id":38}},{"id":38088,"position":28,"audio_url":"wbw/009_036_031.mp3","qpc_uthmani_hafs":"كَآفَّةٗ","char_type_name":"word","page_number":192,"line_number":14,"text":"ﯣ","translation":{"text":"all together","language_name":"english","language_id":38},"transliteration":{"text":"kāffatan","language_name":"english","language_id":38}},{"id":38089,"position":29,"audio_url":"wbw/009_036_032.mp3","qpc_uthmani_hafs":"كَمَا","char_type_name":"word","page_number":192,"line_number":14,"text":"ﯤ","translation":{"text":"as","language_name":"english","language_id":38},"transliteration":{"text":"kamā","language_name":"english","language_id":38}},{"id":38090,"position":30,"audio_url":"wbw/009_036_033.mp3","qpc_uthmani_hafs":"يُقَٰتِلُونَكُمۡ","char_type_name":"word","page_number":192,"line_number":15,"text":"ﯥ","translation":{"text":"they fight you","language_name":"english","language_id":38},"transliteration":{"text":"yuqātilūnakum","language_name":"english","language_id":38}},{"id":38091,"position":31,"audio_url":"wbw/009_036_034.mp3","qpc_uthmani_hafs":"كَآفَّةٗۚ","char_type_name":"word","page_number":192,"line_number":15,"text":"ﯦﯧ","translation":{"text":"all together","language_name":"english","language_id":38},"transliteration":{"text":"kāffatan","language_name":"english","language_id":38}},{"id":38093,"position":32,"audio_url":"wbw/009_036_036.mp3","qpc_uthmani_hafs":"وَٱعۡلَمُوٓاْ","char_type_name":"word","page_number":192,"line_number":15,"text":"ﯨ","translation":{"text":"And know","language_name":"english","language_id":38},"transliteration":{"text":"wa-iʿ'lamū","language_name":"english","language_id":38}},{"id":38094,"position":33,"audio_url":"wbw/009_036_037.mp3","qpc_uthmani_hafs":"أَنَّ","char_type_name":"word","page_number":192,"line_number":15,"text":"ﯩ","translation":{"text":"that","language_name":"english","language_id":38},"transliteration":{"text":"anna","language_name":"english","language_id":38}},{"id":38095,"position":34,"audio_url":"wbw/009_036_038.mp3","qpc_uthmani_hafs":"ٱللَّهَ","char_type_name":"word","page_number":192,"line_number":15,"text":"ﯪ","translation":{"text":"Allah","language_name":"english","language_id":38},"transliteration":{"text":"l-laha","language_name":"english","language_id":38}},{"id":38096,"position":35,"audio_url":"wbw/009_036_039.mp3","qpc_uthmani_hafs":"مَعَ","char_type_name":"word","page_number":192,"line_number":15,"text":"ﯫ","translation":{"text":"(is) with","language_name":"english","language_id":38},"transliteration":{"text":"maʿa","language_name":"english","language_id":38}},{"id":38097,"position":36,"audio_url":"wbw/009_036_040.mp3","qpc_uthmani_hafs":"ٱلۡمُتَّقِينَ","char_type_name":"word","page_number":192,"line_number":15,"text":"ﯬ","translation":{"text":"the righteous","language_name":"english","language_id":38},"transliteration":{"text":"l-mutaqīna","language_name":"english","language_id":38}},{"id":38098,"position":37,"audio_url":null,"qpc_uthmani_hafs":"٣٦","char_type_name":"end","page_number":192,"line_number":15,"text":"ﯭ","translation":{"text":"(36)","language_name":"english","language_id":38},"transliteration":{"text":null,"language_name":"english","language_id":38}}],"translations":[{"id":917700,"resource_id":134,"text":"Sesungguhnya bilangan bulan pada sisi Allah ialah dua belas bulan, dalam ketetapan Allah di waktu Dia menciptakan langit dan bumi, di antaranya empat bulan haram<sup foot_note=210409>1</sup>.  Itulah (ketetapan) agama yang lurus, maka janganlah kamu menganiaya diri<sup foot_note=210410>2</sup> kamu dalam bulan yang empat itu, dan perangilah kaum musyrikin itu semuanya sebagaimana mereka pun memerangi kamu semuanya; dan ketahuilah bahwasanya Allah beserta orang-orang yang bertakwa."}]}],"pagination":{"per_page":50,"current_page":1,"next_page":null,"total_pages":1,"total_records":5}}