{"verses":[{"id":1315,"verse_number":80,"verse_key":"9:80","juz_number":10,"hizb_number":20,"rub_el_hizb_number":80,"ruku_number":165,"manzil_number":2,"sajdah_number":null,"text_uthmani":"ٱسْتَغْفِرْ لَهُمْ أَوْ لَا تَسْتَغْفِرْ لَهُمْ إِن تَسْتَغْفِرْ لَهُمْ سَبْعِينَ مَرَّةً فَلَن يَغْفِرَ ٱللَّهُ لَهُمْ ۚ ذَٰلِكَ بِأَنَّهُمْ كَفَرُوا۟ بِٱللَّهِ وَرَسُولِهِۦ ۗ وَٱللَّهُ لَا يَهْدِى ٱلْقَوْمَ ٱلْفَـٰسِقِينَ","page_number":200,"words":[{"id":64390,"position":1,"audio_url":"wbw/009_080_001.mp3","qpc_uthmani_hafs":"ٱسۡتَغۡفِرۡ","char_type_name":"word","page_number":200,"line_number":1,"text":"ﭑ","translation":{"text":"Ask forgiveness","language_name":"english","language_id":38},"transliteration":{"text":"is'taghfir","language_name":"english","language_id":38}},{"id":64391,"position":2,"audio_url":"wbw/009_080_002.mp3","qpc_uthmani_hafs":"لَهُمۡ","char_type_name":"word","page_number":200,"line_number":1,"text":"ﭒ","translation":{"text":"for them","language_name":"english","language_id":38},"transliteration":{"text":"lahum","language_name":"english","language_id":38}},{"id":64392,"position":3,"audio_url":"wbw/009_080_003.mp3","qpc_uthmani_hafs":"أَوۡ","char_type_name":"word","page_number":200,"line_number":1,"text":"ﭓ","translation":{"text":"or","language_name":"english","language_id":38},"transliteration":{"text":"aw","language_name":"english","language_id":38}},{"id":64393,"position":4,"audio_url":"wbw/009_080_004.mp3","qpc_uthmani_hafs":"لَا","char_type_name":"word","page_number":200,"line_number":1,"text":"ﭔ","translation":{"text":"(do) not","language_name":"english","language_id":38},"transliteration":{"text":"lā","language_name":"english","language_id":38}},{"id":64394,"position":5,"audio_url":"wbw/009_080_005.mp3","qpc_uthmani_hafs":"تَسۡتَغۡفِرۡ","char_type_name":"word","page_number":200,"line_number":1,"text":"ﭕ","translation":{"text":"ask forgiveness","language_name":"english","language_id":38},"transliteration":{"text":"tastaghfir","language_name":"english","language_id":38}},{"id":64395,"position":6,"audio_url":"wbw/009_080_006.mp3","qpc_uthmani_hafs":"لَهُمۡ","char_type_name":"word","page_number":200,"line_number":1,"text":"ﭖ","translation":{"text":"for them","language_name":"english","language_id":38},"transliteration":{"text":"lahum","language_name":"english","language_id":38}},{"id":64396,"position":7,"audio_url":"wbw/009_080_007.mp3","qpc_uthmani_hafs":"إِن","char_type_name":"word","page_number":200,"line_number":1,"text":"ﭗ","translation":{"text":"If","language_name":"english","language_id":38},"transliteration":{"text":"in","language_name":"english","language_id":38}},{"id":64397,"position":8,"audio_url":"wbw/009_080_008.mp3","qpc_uthmani_hafs":"تَسۡتَغۡفِرۡ","char_type_name":"word","page_number":200,"line_number":1,"text":"ﭘ","translation":{"text":"you ask forgiveness","language_name":"english","language_id":38},"transliteration":{"text":"tastaghfir","language_name":"english","language_id":38}},{"id":64398,"position":9,"audio_url":"wbw/009_080_009.mp3","qpc_uthmani_hafs":"لَهُمۡ","char_type_name":"word","page_number":200,"line_number":1,"text":"ﭙ","translation":{"text":"for them","language_name":"english","language_id":38},"transliteration":{"text":"lahum","language_name":"english","language_id":38}},{"id":64399,"position":10,"audio_url":"wbw/009_080_010.mp3","qpc_uthmani_hafs":"سَبۡعِينَ","char_type_name":"word","page_number":200,"line_number":1,"text":"ﭚ","translation":{"text":"seventy","language_name":"english","language_id":38},"transliteration":{"text":"sabʿīna","language_name":"english","language_id":38}},{"id":64400,"position":11,"audio_url":"wbw/009_080_011.mp3","qpc_uthmani_hafs":"مَرَّةٗ","char_type_name":"word","page_number":200,"line_number":1,"text":"ﭛ","translation":{"text":"times","language_name":"english","language_id":38},"transliteration":{"text":"marratan","language_name":"english","language_id":38}},{"id":64401,"position":12,"audio_url":"wbw/009_080_012.mp3","qpc_uthmani_hafs":"فَلَن","char_type_name":"word","page_number":200,"line_number":2,"text":"ﭜ","translation":{"text":"never","language_name":"english","language_id":38},"transliteration":{"text":"falan","language_name":"english","language_id":38}},{"id":64402,"position":13,"audio_url":"wbw/009_080_013.mp3","qpc_uthmani_hafs":"يَغۡفِرَ","char_type_name":"word","page_number":200,"line_number":2,"text":"ﭝ","translation":{"text":"will Allah forgive","language_name":"english","language_id":38},"transliteration":{"text":"yaghfira","language_name":"english","language_id":38}},{"id":64403,"position":14,"audio_url":"wbw/009_080_014.mp3","qpc_uthmani_hafs":"ٱللَّهُ","char_type_name":"word","page_number":200,"line_number":2,"text":"ﭞ","translation":{"text":"will Allah forgive","language_name":"english","language_id":38},"transliteration":{"text":"l-lahu","language_name":"english","language_id":38}},{"id":64404,"position":15,"audio_url":"wbw/009_080_015.mp3","qpc_uthmani_hafs":"لَهُمۡۚ","char_type_name":"word","page_number":200,"line_number":2,"text":"ﭟﭠ","translation":{"text":"[for] them","language_name":"english","language_id":38},"transliteration":{"text":"lahum","language_name":"english","language_id":38}},{"id":64406,"position":16,"audio_url":"wbw/009_080_017.mp3","qpc_uthmani_hafs":"ذَٰلِكَ","char_type_name":"word","page_number":200,"line_number":2,"text":"ﭡ","translation":{"text":"That","language_name":"english","language_id":38},"transliteration":{"text":"dhālika","language_name":"english","language_id":38}},{"id":64407,"position":17,"audio_url":"wbw/009_080_018.mp3","qpc_uthmani_hafs":"بِأَنَّهُمۡ","char_type_name":"word","page_number":200,"line_number":2,"text":"ﭢ","translation":{"text":"(is) because they","language_name":"english","language_id":38},"transliteration":{"text":"bi-annahum","language_name":"english","language_id":38}},{"id":64408,"position":18,"audio_url":"wbw/009_080_019.mp3","qpc_uthmani_hafs":"كَفَرُواْ","char_type_name":"word","page_number":200,"line_number":2,"text":"ﭣ","translation":{"text":"disbelieved","language_name":"english","language_id":38},"transliteration":{"text":"kafarū","language_name":"english","language_id":38}},{"id":64409,"position":19,"audio_url":"wbw/009_080_020.mp3","qpc_uthmani_hafs":"بِٱللَّهِ","char_type_name":"word","page_number":200,"line_number":2,"text":"ﭤ","translation":{"text":"in Allah","language_name":"english","language_id":38},"transliteration":{"text":"bil-lahi","language_name":"english","language_id":38}},{"id":64410,"position":20,"audio_url":"wbw/009_080_021.mp3","qpc_uthmani_hafs":"وَرَسُولِهِۦۗ","char_type_name":"word","page_number":200,"line_number":2,"text":"ﭥﭦ","translation":{"text":"and His Messenger","language_name":"english","language_id":38},"transliteration":{"text":"warasūlihi","language_name":"english","language_id":38}},{"id":64412,"position":21,"audio_url":"wbw/009_080_023.mp3","qpc_uthmani_hafs":"وَٱللَّهُ","char_type_name":"word","page_number":200,"line_number":3,"text":"ﭧ","translation":{"text":"and Allah","language_name":"english","language_id":38},"transliteration":{"text":"wal-lahu","language_name":"english","language_id":38}},{"id":64413,"position":22,"audio_url":"wbw/009_080_024.mp3","qpc_uthmani_hafs":"لَا","char_type_name":"word","page_number":200,"line_number":3,"text":"ﭨ","translation":{"text":"(does) not","language_name":"english","language_id":38},"transliteration":{"text":"lā","language_name":"english","language_id":38}},{"id":64414,"position":23,"audio_url":"wbw/009_080_025.mp3","qpc_uthmani_hafs":"يَهۡدِي","char_type_name":"word","page_number":200,"line_number":3,"text":"ﭩ","translation":{"text":"guide","language_name":"english","language_id":38},"transliteration":{"text":"yahdī","language_name":"english","language_id":38}},{"id":64415,"position":24,"audio_url":"wbw/009_080_026.mp3","qpc_uthmani_hafs":"ٱلۡقَوۡمَ","char_type_name":"word","page_number":200,"line_number":3,"text":"ﭪ","translation":{"text":"the people","language_name":"english","language_id":38},"transliteration":{"text":"l-qawma","language_name":"english","language_id":38}},{"id":64416,"position":25,"audio_url":"wbw/009_080_027.mp3","qpc_uthmani_hafs":"ٱلۡفَٰسِقِينَ","char_type_name":"word","page_number":200,"line_number":3,"text":"ﭫ","translation":{"text":"the defiantly disobedient","language_name":"english","language_id":38},"transliteration":{"text":"l-fāsiqīna","language_name":"english","language_id":38}},{"id":64417,"position":26,"audio_url":null,"qpc_uthmani_hafs":"٨٠","char_type_name":"end","page_number":200,"line_number":3,"text":"ﭬ","translation":{"text":"(80)","language_name":"english","language_id":38},"transliteration":{"text":null,"language_name":"english","language_id":38}}],"translations":[{"id":917744,"resource_id":134,"text":"Kamu memohonkan ampun bagi mereka atau tidak kamu mohonkan ampun bagi mereka (adalah sama saja).  Kendatipun kamu memohonkan ampun bagi mereka tujuh puluh kali, namun Allah sekali-kali tidak akan memberi ampun kepada mereka.  Yang demikian itu adalah karena mereka kafir kepada Allah dan rasul-Nya.  Dan Allah tidak memberi petunjuk kepada kaum yang fasik."}]},{"id":1316,"verse_number":81,"verse_key":"9:81","juz_number":10,"hizb_number":20,"rub_el_hizb_number":80,"ruku_number":166,"manzil_number":2,"sajdah_number":null,"text_uthmani":"فَرِحَ ٱلْمُخَلَّفُونَ بِمَقْعَدِهِمْ خِلَـٰفَ رَسُولِ ٱللَّهِ وَكَرِهُوٓا۟ أَن يُجَـٰهِدُوا۟ بِأَمْوَٰلِهِمْ وَأَنفُسِهِمْ فِى سَبِيلِ ٱللَّهِ وَقَالُوا۟ لَا تَنفِرُوا۟ فِى ٱلْحَرِّ ۗ قُلْ نَارُ جَهَنَّمَ أَشَدُّ حَرًّا ۚ لَّوْ كَانُوا۟ يَفْقَهُونَ","page_number":200,"words":[{"id":64506,"position":1,"audio_url":"wbw/009_081_001.mp3","qpc_uthmani_hafs":"فَرِحَ","char_type_name":"word","page_number":200,"line_number":3,"text":"ﭭ","translation":{"text":"Rejoice","language_name":"english","language_id":38},"transliteration":{"text":"fariḥa","language_name":"english","language_id":38}},{"id":64507,"position":2,"audio_url":"wbw/009_081_002.mp3","qpc_uthmani_hafs":"ٱلۡمُخَلَّفُونَ","char_type_name":"word","page_number":200,"line_number":3,"text":"ﭮ","translation":{"text":"those who remained behind","language_name":"english","language_id":38},"transliteration":{"text":"l-mukhalafūna","language_name":"english","language_id":38}},{"id":64508,"position":3,"audio_url":"wbw/009_081_003.mp3","qpc_uthmani_hafs":"بِمَقۡعَدِهِمۡ","char_type_name":"word","page_number":200,"line_number":4,"text":"ﭯ","translation":{"text":"in their staying","language_name":"english","language_id":38},"transliteration":{"text":"bimaqʿadihim","language_name":"english","language_id":38}},{"id":64509,"position":4,"audio_url":"wbw/009_081_004.mp3","qpc_uthmani_hafs":"خِلَٰفَ","char_type_name":"word","page_number":200,"line_number":4,"text":"ﭰ","translation":{"text":"behind","language_name":"english","language_id":38},"transliteration":{"text":"khilāfa","language_name":"english","language_id":38}},{"id":64510,"position":5,"audio_url":"wbw/009_081_005.mp3","qpc_uthmani_hafs":"رَسُولِ","char_type_name":"word","page_number":200,"line_number":4,"text":"ﭱ","translation":{"text":"(the) Messenger","language_name":"english","language_id":38},"transliteration":{"text":"rasūli","language_name":"english","language_id":38}},{"id":64511,"position":6,"audio_url":"wbw/009_081_006.mp3","qpc_uthmani_hafs":"ٱللَّهِ","char_type_name":"word","page_number":200,"line_number":4,"text":"ﭲ","translation":{"text":"(of) Allah","language_name":"english","language_id":38},"transliteration":{"text":"l-lahi","language_name":"english","language_id":38}},{"id":64512,"position":7,"audio_url":"wbw/009_081_007.mp3","qpc_uthmani_hafs":"وَكَرِهُوٓاْ","char_type_name":"word","page_number":200,"line_number":4,"text":"ﭳ","translation":{"text":"and they disliked","language_name":"english","language_id":38},"transliteration":{"text":"wakarihū","language_name":"english","language_id":38}},{"id":64513,"position":8,"audio_url":"wbw/009_081_008.mp3","qpc_uthmani_hafs":"أَن","char_type_name":"word","page_number":200,"line_number":4,"text":"ﭴ","translation":{"text":"to","language_name":"english","language_id":38},"transliteration":{"text":"an","language_name":"english","language_id":38}},{"id":64514,"position":9,"audio_url":"wbw/009_081_009.mp3","qpc_uthmani_hafs":"يُجَٰهِدُواْ","char_type_name":"word","page_number":200,"line_number":4,"text":"ﭵ","translation":{"text":"strive","language_name":"english","language_id":38},"transliteration":{"text":"yujāhidū","language_name":"english","language_id":38}},{"id":64515,"position":10,"audio_url":"wbw/009_081_010.mp3","qpc_uthmani_hafs":"بِأَمۡوَٰلِهِمۡ","char_type_name":"word","page_number":200,"line_number":4,"text":"ﭶ","translation":{"text":"with their wealth","language_name":"english","language_id":38},"transliteration":{"text":"bi-amwālihim","language_name":"english","language_id":38}},{"id":64516,"position":11,"audio_url":"wbw/009_081_011.mp3","qpc_uthmani_hafs":"وَأَنفُسِهِمۡ","char_type_name":"word","page_number":200,"line_number":5,"text":"ﭷ","translation":{"text":"and their lives","language_name":"english","language_id":38},"transliteration":{"text":"wa-anfusihim","language_name":"english","language_id":38}},{"id":64517,"position":12,"audio_url":"wbw/009_081_012.mp3","qpc_uthmani_hafs":"فِي","char_type_name":"word","page_number":200,"line_number":5,"text":"ﭸ","translation":{"text":"in","language_name":"english","language_id":38},"transliteration":{"text":"fī","language_name":"english","language_id":38}},{"id":64518,"position":13,"audio_url":"wbw/009_081_013.mp3","qpc_uthmani_hafs":"سَبِيلِ","char_type_name":"word","page_number":200,"line_number":5,"text":"ﭹ","translation":{"text":"(the) way","language_name":"english","language_id":38},"transliteration":{"text":"sabīli","language_name":"english","language_id":38}},{"id":64519,"position":14,"audio_url":"wbw/009_081_014.mp3","qpc_uthmani_hafs":"ٱللَّهِ","char_type_name":"word","page_number":200,"line_number":5,"text":"ﭺ","translation":{"text":"(of) Allah","language_name":"english","language_id":38},"transliteration":{"text":"l-lahi","language_name":"english","language_id":38}},{"id":64520,"position":15,"audio_url":"wbw/009_081_015.mp3","qpc_uthmani_hafs":"وَقَالُواْ","char_type_name":"word","page_number":200,"line_number":5,"text":"ﭻ","translation":{"text":"and they said","language_name":"english","language_id":38},"transliteration":{"text":"waqālū","language_name":"english","language_id":38}},{"id":64521,"position":16,"audio_url":"wbw/009_081_016.mp3","qpc_uthmani_hafs":"لَا","char_type_name":"word","page_number":200,"line_number":5,"text":"ﭼ","translation":{"text":"(Do) not","language_name":"english","language_id":38},"transliteration":{"text":"lā","language_name":"english","language_id":38}},{"id":64522,"position":17,"audio_url":"wbw/009_081_017.mp3","qpc_uthmani_hafs":"تَنفِرُواْ","char_type_name":"word","page_number":200,"line_number":5,"text":"ﭽ","translation":{"text":"go forth","language_name":"english","language_id":38},"transliteration":{"text":"tanfirū","language_name":"english","language_id":38}},{"id":64523,"position":18,"audio_url":"wbw/009_081_018.mp3","qpc_uthmani_hafs":"فِي","char_type_name":"word","page_number":200,"line_number":5,"text":"ﭾ","translation":{"text":"in","language_name":"english","language_id":38},"transliteration":{"text":"fī","language_name":"english","language_id":38}},{"id":64524,"position":19,"audio_url":"wbw/009_081_019.mp3","qpc_uthmani_hafs":"ٱلۡحَرِّۗ","char_type_name":"word","page_number":200,"line_number":5,"text":"ﭿﮀ","translation":{"text":"the heat","language_name":"english","language_id":38},"transliteration":{"text":"l-ḥari","language_name":"english","language_id":38}},{"id":64526,"position":20,"audio_url":"wbw/009_081_021.mp3","qpc_uthmani_hafs":"قُلۡ","char_type_name":"word","page_number":200,"line_number":5,"text":"ﮁ","translation":{"text":"Say","language_name":"english","language_id":38},"transliteration":{"text":"qul","language_name":"english","language_id":38}},{"id":64527,"position":21,"audio_url":"wbw/009_081_022.mp3","qpc_uthmani_hafs":"نَارُ","char_type_name":"word","page_number":200,"line_number":5,"text":"ﮂ","translation":{"text":"(The) Fire","language_name":"english","language_id":38},"transliteration":{"text":"nāru","language_name":"english","language_id":38}},{"id":64528,"position":22,"audio_url":"wbw/009_081_023.mp3","qpc_uthmani_hafs":"جَهَنَّمَ","char_type_name":"word","page_number":200,"line_number":5,"text":"ﮃ","translation":{"text":"(of) Hell","language_name":"english","language_id":38},"transliteration":{"text":"jahannama","language_name":"english","language_id":38}},{"id":64529,"position":23,"audio_url":"wbw/009_081_024.mp3","qpc_uthmani_hafs":"أَشَدُّ","char_type_name":"word","page_number":200,"line_number":6,"text":"ﮄ","translation":{"text":"(is) more intense","language_name":"english","language_id":38},"transliteration":{"text":"ashaddu","language_name":"english","language_id":38}},{"id":64530,"position":24,"audio_url":"wbw/009_081_025.mp3","qpc_uthmani_hafs":"حَرّٗاۚ","char_type_name":"word","page_number":200,"line_number":6,"text":"ﮅﮆ","translation":{"text":"(in) heat","language_name":"english","language_id":38},"transliteration":{"text":"ḥarran","language_name":"english","language_id":38}},{"id":64532,"position":25,"audio_url":"wbw/009_081_027.mp3","qpc_uthmani_hafs":"لَّوۡ","char_type_name":"word","page_number":200,"line_number":6,"text":"ﮇ","translation":{"text":"If (only)","language_name":"english","language_id":38},"transliteration":{"text":"law","language_name":"english","language_id":38}},{"id":64533,"position":26,"audio_url":"wbw/009_081_028.mp3","qpc_uthmani_hafs":"كَانُواْ","char_type_name":"word","page_number":200,"line_number":6,"text":"ﮈ","translation":{"text":"they could","language_name":"english","language_id":38},"transliteration":{"text":"kānū","language_name":"english","language_id":38}},{"id":64534,"position":27,"audio_url":"wbw/009_081_029.mp3","qpc_uthmani_hafs":"يَفۡقَهُونَ","char_type_name":"word","page_number":200,"line_number":6,"text":"ﮉ","translation":{"text":"understand","language_name":"english","language_id":38},"transliteration":{"text":"yafqahūna","language_name":"english","language_id":38}},{"id":64535,"position":28,"audio_url":null,"qpc_uthmani_hafs":"٨١","char_type_name":"end","page_number":200,"line_number":6,"text":"ﮊ","translation":{"text":"(81)","language_name":"english","language_id":38},"transliteration":{"text":null,"language_name":"english","language_id":38}}],"translations":[{"id":917745,"resource_id":134,"text":"Orang-orang yang ditinggalkan (tidak ikut perang) itu, merasa gembira dengan tinggalnya mereka di belakang Rasulullah, dan mereka tidak suka berjihad dengan harta dan jiwa mereka pada jalan Allah dan mereka berkata, \"Janganlah kamu berangkat (pergi berperang) dalam panas terik ini\".  Katakanlah, \"Api neraka jahanam itu lebih sangat panas(nya)\", jika mereka mengetahui."}]},{"id":1317,"verse_number":82,"verse_key":"9:82","juz_number":10,"hizb_number":20,"rub_el_hizb_number":80,"ruku_number":166,"manzil_number":2,"sajdah_number":null,"text_uthmani":"فَلْيَضْحَكُوا۟ قَلِيلًا وَلْيَبْكُوا۟ كَثِيرًا جَزَآءًۢ بِمَا كَانُوا۟ يَكْسِبُونَ","page_number":200,"words":[{"id":65061,"position":1,"audio_url":"wbw/009_082_001.mp3","qpc_uthmani_hafs":"فَلۡيَضۡحَكُواْ","char_type_name":"word","page_number":200,"line_number":6,"text":"ﮋ","translation":{"text":"So let them laugh","language_name":"english","language_id":38},"transliteration":{"text":"falyaḍḥakū","language_name":"english","language_id":38}},{"id":65062,"position":2,"audio_url":"wbw/009_082_002.mp3","qpc_uthmani_hafs":"قَلِيلٗا","char_type_name":"word","page_number":200,"line_number":6,"text":"ﮌ","translation":{"text":"a little","language_name":"english","language_id":38},"transliteration":{"text":"qalīlan","language_name":"english","language_id":38}},{"id":65063,"position":3,"audio_url":"wbw/009_082_003.mp3","qpc_uthmani_hafs":"وَلۡيَبۡكُواْ","char_type_name":"word","page_number":200,"line_number":6,"text":"ﮍ","translation":{"text":"and let them weep","language_name":"english","language_id":38},"transliteration":{"text":"walyabkū","language_name":"english","language_id":38}},{"id":65064,"position":4,"audio_url":"wbw/009_082_004.mp3","qpc_uthmani_hafs":"كَثِيرٗا","char_type_name":"word","page_number":200,"line_number":6,"text":"ﮎ","translation":{"text":"much","language_name":"english","language_id":38},"transliteration":{"text":"kathīran","language_name":"english","language_id":38}},{"id":65065,"position":5,"audio_url":"wbw/009_082_005.mp3","qpc_uthmani_hafs":"جَزَآءَۢ","char_type_name":"word","page_number":200,"line_number":7,"text":"ﮏ","translation":{"text":"(as) a recompense","language_name":"english","language_id":38},"transliteration":{"text":"jazāan","language_name":"english","language_id":38}},{"id":65066,"position":6,"audio_url":"wbw/009_082_006.mp3","qpc_uthmani_hafs":"بِمَا","char_type_name":"word","page_number":200,"line_number":7,"text":"ﮐ","translation":{"text":"for what","language_name":"english","language_id":38},"transliteration":{"text":"bimā","language_name":"english","language_id":38}},{"id":65067,"position":7,"audio_url":"wbw/009_082_007.mp3","qpc_uthmani_hafs":"كَانُواْ","char_type_name":"word","page_number":200,"line_number":7,"text":"ﮑ","translation":{"text":"they used to","language_name":"english","language_id":38},"transliteration":{"text":"kānū","language_name":"english","language_id":38}},{"id":65068,"position":8,"audio_url":"wbw/009_082_008.mp3","qpc_uthmani_hafs":"يَكۡسِبُونَ","char_type_name":"word","page_number":200,"line_number":7,"text":"ﮒ","translation":{"text":"earn","language_name":"english","language_id":38},"transliteration":{"text":"yaksibūna","language_name":"english","language_id":38}},{"id":65069,"position":9,"audio_url":null,"qpc_uthmani_hafs":"٨٢","char_type_name":"end","page_number":200,"line_number":7,"text":"ﮓ","translation":{"text":"(82)","language_name":"english","language_id":38},"transliteration":{"text":null,"language_name":"english","language_id":38}}],"translations":[{"id":917746,"resource_id":134,"text":"Maka hendaklah mereka tertawa sedikit dan menangis banyak, sebagai pembalasan dari apa yang selalu mereka kerjakan."}]},{"id":1318,"verse_number":83,"verse_key":"9:83","juz_number":10,"hizb_number":20,"rub_el_hizb_number":80,"ruku_number":166,"manzil_number":2,"sajdah_number":null,"text_uthmani":"فَإِن رَّجَعَكَ ٱللَّهُ إِلَىٰ طَآئِفَةٍ مِّنْهُمْ فَٱسْتَـْٔذَنُوكَ لِلْخُرُوجِ فَقُل لَّن تَخْرُجُوا۟ مَعِىَ أَبَدًا وَلَن تُقَـٰتِلُوا۟ مَعِىَ عَدُوًّا ۖ إِنَّكُمْ رَضِيتُم بِٱلْقُعُودِ أَوَّلَ مَرَّةٍ فَٱقْعُدُوا۟ مَعَ ٱلْخَـٰلِفِينَ","page_number":200,"words":[{"id":65480,"position":1,"audio_url":"wbw/009_083_001.mp3","qpc_uthmani_hafs":"فَإِن","char_type_name":"word","page_number":200,"line_number":7,"text":"ﮔ","translation":{"text":"Then if","language_name":"english","language_id":38},"transliteration":{"text":"fa-in","language_name":"english","language_id":38}},{"id":65481,"position":2,"audio_url":"wbw/009_083_002.mp3","qpc_uthmani_hafs":"رَّجَعَكَ","char_type_name":"word","page_number":200,"line_number":7,"text":"ﮕ","translation":{"text":"Allah returns you","language_name":"english","language_id":38},"transliteration":{"text":"rajaʿaka","language_name":"english","language_id":38}},{"id":65482,"position":3,"audio_url":"wbw/009_083_003.mp3","qpc_uthmani_hafs":"ٱللَّهُ","char_type_name":"word","page_number":200,"line_number":7,"text":"ﮖ","translation":{"text":"Allah returns you","language_name":"english","language_id":38},"transliteration":{"text":"l-lahu","language_name":"english","language_id":38}},{"id":65483,"position":4,"audio_url":"wbw/009_083_004.mp3","qpc_uthmani_hafs":"إِلَىٰ","char_type_name":"word","page_number":200,"line_number":7,"text":"ﮗ","translation":{"text":"to","language_name":"english","language_id":38},"transliteration":{"text":"ilā","language_name":"english","language_id":38}},{"id":65484,"position":5,"audio_url":"wbw/009_083_005.mp3","qpc_uthmani_hafs":"طَآئِفَةٖ","char_type_name":"word","page_number":200,"line_number":7,"text":"ﮘ","translation":{"text":"a group","language_name":"english","language_id":38},"transliteration":{"text":"ṭāifatin","language_name":"english","language_id":38}},{"id":65485,"position":6,"audio_url":"wbw/009_083_006.mp3","qpc_uthmani_hafs":"مِّنۡهُمۡ","char_type_name":"word","page_number":200,"line_number":8,"text":"ﮙ","translation":{"text":"of them","language_name":"english","language_id":38},"transliteration":{"text":"min'hum","language_name":"english","language_id":38}},{"id":65486,"position":7,"audio_url":"wbw/009_083_007.mp3","qpc_uthmani_hafs":"فَٱسۡتَـٔۡذَنُوكَ","char_type_name":"word","page_number":200,"line_number":8,"text":"ﮚ","translation":{"text":"and they ask you permission","language_name":"english","language_id":38},"transliteration":{"text":"fa-is'tadhanūka","language_name":"english","language_id":38}},{"id":65487,"position":8,"audio_url":"wbw/009_083_008.mp3","qpc_uthmani_hafs":"لِلۡخُرُوجِ","char_type_name":"word","page_number":200,"line_number":8,"text":"ﮛ","translation":{"text":"to go out","language_name":"english","language_id":38},"transliteration":{"text":"lil'khurūji","language_name":"english","language_id":38}},{"id":65488,"position":9,"audio_url":"wbw/009_083_009.mp3","qpc_uthmani_hafs":"فَقُل","char_type_name":"word","page_number":200,"line_number":8,"text":"ﮜ","translation":{"text":"then say","language_name":"english","language_id":38},"transliteration":{"text":"faqul","language_name":"english","language_id":38}},{"id":65489,"position":10,"audio_url":"wbw/009_083_010.mp3","qpc_uthmani_hafs":"لَّن","char_type_name":"word","page_number":200,"line_number":8,"text":"ﮝ","translation":{"text":"Never","language_name":"english","language_id":38},"transliteration":{"text":"lan","language_name":"english","language_id":38}},{"id":65490,"position":11,"audio_url":"wbw/009_083_011.mp3","qpc_uthmani_hafs":"تَخۡرُجُواْ","char_type_name":"word","page_number":200,"line_number":8,"text":"ﮞ","translation":{"text":"will you come out","language_name":"english","language_id":38},"transliteration":{"text":"takhrujū","language_name":"english","language_id":38}},{"id":65491,"position":12,"audio_url":"wbw/009_083_012.mp3","qpc_uthmani_hafs":"مَعِيَ","char_type_name":"word","page_number":200,"line_number":8,"text":"ﮟ","translation":{"text":"with me","language_name":"english","language_id":38},"transliteration":{"text":"maʿiya","language_name":"english","language_id":38}},{"id":65492,"position":13,"audio_url":"wbw/009_083_013.mp3","qpc_uthmani_hafs":"أَبَدٗا","char_type_name":"word","page_number":200,"line_number":8,"text":"ﮠ","translation":{"text":"ever","language_name":"english","language_id":38},"transliteration":{"text":"abadan","language_name":"english","language_id":38}},{"id":65493,"position":14,"audio_url":"wbw/009_083_014.mp3","qpc_uthmani_hafs":"وَلَن","char_type_name":"word","page_number":200,"line_number":8,"text":"ﮡ","translation":{"text":"and never","language_name":"english","language_id":38},"transliteration":{"text":"walan","language_name":"english","language_id":38}},{"id":65494,"position":15,"audio_url":"wbw/009_083_015.mp3","qpc_uthmani_hafs":"تُقَٰتِلُواْ","char_type_name":"word","page_number":200,"line_number":9,"text":"ﮢ","translation":{"text":"will you fight","language_name":"english","language_id":38},"transliteration":{"text":"tuqātilū","language_name":"english","language_id":38}},{"id":65495,"position":16,"audio_url":"wbw/009_083_016.mp3","qpc_uthmani_hafs":"مَعِيَ","char_type_name":"word","page_number":200,"line_number":9,"text":"ﮣ","translation":{"text":"with me","language_name":"english","language_id":38},"transliteration":{"text":"maʿiya","language_name":"english","language_id":38}},{"id":65496,"position":17,"audio_url":"wbw/009_083_017.mp3","qpc_uthmani_hafs":"عَدُوًّاۖ","char_type_name":"word","page_number":200,"line_number":9,"text":"ﮤﮥ","translation":{"text":"any enemy","language_name":"english","language_id":38},"transliteration":{"text":"ʿaduwwan","language_name":"english","language_id":38}},{"id":65498,"position":18,"audio_url":"wbw/009_083_019.mp3","qpc_uthmani_hafs":"إِنَّكُمۡ","char_type_name":"word","page_number":200,"line_number":9,"text":"ﮦ","translation":{"text":"Indeed, you","language_name":"english","language_id":38},"transliteration":{"text":"innakum","language_name":"english","language_id":38}},{"id":65499,"position":19,"audio_url":"wbw/009_083_020.mp3","qpc_uthmani_hafs":"رَضِيتُم","char_type_name":"word","page_number":200,"line_number":9,"text":"ﮧ","translation":{"text":"were satisfied","language_name":"english","language_id":38},"transliteration":{"text":"raḍītum","language_name":"english","language_id":38}},{"id":65500,"position":20,"audio_url":"wbw/009_083_021.mp3","qpc_uthmani_hafs":"بِٱلۡقُعُودِ","char_type_name":"word","page_number":200,"line_number":9,"text":"ﮨ","translation":{"text":"with sitting","language_name":"english","language_id":38},"transliteration":{"text":"bil-quʿūdi","language_name":"english","language_id":38}},{"id":65501,"position":21,"audio_url":"wbw/009_083_022.mp3","qpc_uthmani_hafs":"أَوَّلَ","char_type_name":"word","page_number":200,"line_number":9,"text":"ﮩ","translation":{"text":"(the) first","language_name":"english","language_id":38},"transliteration":{"text":"awwala","language_name":"english","language_id":38}},{"id":65502,"position":22,"audio_url":"wbw/009_083_023.mp3","qpc_uthmani_hafs":"مَرَّةٖ","char_type_name":"word","page_number":200,"line_number":9,"text":"ﮪ","translation":{"text":"time","language_name":"english","language_id":38},"transliteration":{"text":"marratin","language_name":"english","language_id":38}},{"id":65503,"position":23,"audio_url":"wbw/009_083_024.mp3","qpc_uthmani_hafs":"فَٱقۡعُدُواْ","char_type_name":"word","page_number":200,"line_number":9,"text":"ﮫ","translation":{"text":"so sit","language_name":"english","language_id":38},"transliteration":{"text":"fa-uq'ʿudū","language_name":"english","language_id":38}},{"id":65504,"position":24,"audio_url":"wbw/009_083_025.mp3","qpc_uthmani_hafs":"مَعَ","char_type_name":"word","page_number":200,"line_number":10,"text":"ﮬ","translation":{"text":"with","language_name":"english","language_id":38},"transliteration":{"text":"maʿa","language_name":"english","language_id":38}},{"id":65505,"position":25,"audio_url":"wbw/009_083_026.mp3","qpc_uthmani_hafs":"ٱلۡخَٰلِفِينَ","char_type_name":"word","page_number":200,"line_number":10,"text":"ﮭ","translation":{"text":"those who stay behind","language_name":"english","language_id":38},"transliteration":{"text":"l-khālifīna","language_name":"english","language_id":38}},{"id":65506,"position":26,"audio_url":null,"qpc_uthmani_hafs":"٨٣","char_type_name":"end","page_number":200,"line_number":10,"text":"ﮮ","translation":{"text":"(83)","language_name":"english","language_id":38},"transliteration":{"text":null,"language_name":"english","language_id":38}}],"translations":[{"id":917747,"resource_id":134,"text":"Maka jika Allah mengembalikanmu kepada suatu golongan dari mereka, kemudian mereka minta izin kepadamu untuk keluar (pergi berperang), maka Katakanlah, \"Kamu tidak boleh keluar bersamaku selama-lamanya dan tidak boleh memerangi musuh bersamaku.  Sesungguhnya kamu telah rela tidak pergi berperang kali yang pertama.  Karena itu, duduklah (tinggallah) bersama orang-orang yang tidak ikut berperang\"<sup foot_note=210420>1</sup>."}]},{"id":1319,"verse_number":84,"verse_key":"9:84","juz_number":10,"hizb_number":20,"rub_el_hizb_number":80,"ruku_number":166,"manzil_number":2,"sajdah_number":null,"text_uthmani":"وَلَا تُصَلِّ عَلَىٰٓ أَحَدٍ مِّنْهُم مَّاتَ أَبَدًا وَلَا تَقُمْ عَلَىٰ قَبْرِهِۦٓ ۖ إِنَّهُمْ كَفَرُوا۟ بِٱللَّهِ وَرَسُولِهِۦ وَمَاتُوا۟ وَهُمْ فَـٰسِقُونَ","page_number":200,"words":[{"id":65698,"position":1,"audio_url":"wbw/009_084_001.mp3","qpc_uthmani_hafs":"وَلَا","char_type_name":"word","page_number":200,"line_number":10,"text":"ﮯ","translation":{"text":"And not","language_name":"english","language_id":38},"transliteration":{"text":"walā","language_name":"english","language_id":38}},{"id":65699,"position":2,"audio_url":"wbw/009_084_002.mp3","qpc_uthmani_hafs":"تُصَلِّ","char_type_name":"word","page_number":200,"line_number":10,"text":"ﮰ","translation":{"text":"you pray","language_name":"english","language_id":38},"transliteration":{"text":"tuṣalli","language_name":"english","language_id":38}},{"id":65700,"position":3,"audio_url":"wbw/009_084_003.mp3","qpc_uthmani_hafs":"عَلَىٰٓ","char_type_name":"word","page_number":200,"line_number":10,"text":"ﮱ","translation":{"text":"for","language_name":"english","language_id":38},"transliteration":{"text":"ʿalā","language_name":"english","language_id":38}},{"id":65701,"position":4,"audio_url":"wbw/009_084_004.mp3","qpc_uthmani_hafs":"أَحَدٖ","char_type_name":"word","page_number":200,"line_number":10,"text":"ﯓ","translation":{"text":"any","language_name":"english","language_id":38},"transliteration":{"text":"aḥadin","language_name":"english","language_id":38}},{"id":65702,"position":5,"audio_url":"wbw/009_084_005.mp3","qpc_uthmani_hafs":"مِّنۡهُم","char_type_name":"word","page_number":200,"line_number":10,"text":"ﯔ","translation":{"text":"of them","language_name":"english","language_id":38},"transliteration":{"text":"min'hum","language_name":"english","language_id":38}},{"id":65703,"position":6,"audio_url":"wbw/009_084_006.mp3","qpc_uthmani_hafs":"مَّاتَ","char_type_name":"word","page_number":200,"line_number":10,"text":"ﯕ","translation":{"text":"who dies","language_name":"english","language_id":38},"transliteration":{"text":"māta","language_name":"english","language_id":38}},{"id":65704,"position":7,"audio_url":"wbw/009_084_007.mp3","qpc_uthmani_hafs":"أَبَدٗا","char_type_name":"word","page_number":200,"line_number":10,"text":"ﯖ","translation":{"text":"ever","language_name":"english","language_id":38},"transliteration":{"text":"abadan","language_name":"english","language_id":38}},{"id":65705,"position":8,"audio_url":"wbw/009_084_008.mp3","qpc_uthmani_hafs":"وَلَا","char_type_name":"word","page_number":200,"line_number":10,"text":"ﯗ","translation":{"text":"and not","language_name":"english","language_id":38},"transliteration":{"text":"walā","language_name":"english","language_id":38}},{"id":65706,"position":9,"audio_url":"wbw/009_084_009.mp3","qpc_uthmani_hafs":"تَقُمۡ","char_type_name":"word","page_number":200,"line_number":10,"text":"ﯘ","translation":{"text":"you stand","language_name":"english","language_id":38},"transliteration":{"text":"taqum","language_name":"english","language_id":38}},{"id":65707,"position":10,"audio_url":"wbw/009_084_010.mp3","qpc_uthmani_hafs":"عَلَىٰ","char_type_name":"word","page_number":200,"line_number":11,"text":"ﯙ","translation":{"text":"by","language_name":"english","language_id":38},"transliteration":{"text":"ʿalā","language_name":"english","language_id":38}},{"id":65708,"position":11,"audio_url":"wbw/009_084_011.mp3","qpc_uthmani_hafs":"قَبۡرِهِۦٓۖ","char_type_name":"word","page_number":200,"line_number":11,"text":"ﯚﯛ","translation":{"text":"his grave","language_name":"english","language_id":38},"transliteration":{"text":"qabrihi","language_name":"english","language_id":38}},{"id":65710,"position":12,"audio_url":"wbw/009_084_013.mp3","qpc_uthmani_hafs":"إِنَّهُمۡ","char_type_name":"word","page_number":200,"line_number":11,"text":"ﯜ","translation":{"text":"Indeed, they","language_name":"english","language_id":38},"transliteration":{"text":"innahum","language_name":"english","language_id":38}},{"id":65711,"position":13,"audio_url":"wbw/009_084_014.mp3","qpc_uthmani_hafs":"كَفَرُواْ","char_type_name":"word","page_number":200,"line_number":11,"text":"ﯝ","translation":{"text":"disbelieved","language_name":"english","language_id":38},"transliteration":{"text":"kafarū","language_name":"english","language_id":38}},{"id":65712,"position":14,"audio_url":"wbw/009_084_015.mp3","qpc_uthmani_hafs":"بِٱللَّهِ","char_type_name":"word","page_number":200,"line_number":11,"text":"ﯞ","translation":{"text":"in Allah","language_name":"english","language_id":38},"transliteration":{"text":"bil-lahi","language_name":"english","language_id":38}},{"id":65713,"position":15,"audio_url":"wbw/009_084_016.mp3","qpc_uthmani_hafs":"وَرَسُولِهِۦ","char_type_name":"word","page_number":200,"line_number":11,"text":"ﯟ","translation":{"text":"and His Messenger","language_name":"english","language_id":38},"transliteration":{"text":"warasūlihi","language_name":"english","language_id":38}},{"id":65714,"position":16,"audio_url":"wbw/009_084_017.mp3","qpc_uthmani_hafs":"وَمَاتُواْ","char_type_name":"word","page_number":200,"line_number":11,"text":"ﯠ","translation":{"text":"and died","language_name":"english","language_id":38},"transliteration":{"text":"wamātū","language_name":"english","language_id":38}},{"id":65715,"position":17,"audio_url":"wbw/009_084_018.mp3","qpc_uthmani_hafs":"وَهُمۡ","char_type_name":"word","page_number":200,"line_number":11,"text":"ﯡ","translation":{"text":"while they were","language_name":"english","language_id":38},"transliteration":{"text":"wahum","language_name":"english","language_id":38}},{"id":65716,"position":18,"audio_url":"wbw/009_084_019.mp3","qpc_uthmani_hafs":"فَٰسِقُونَ","char_type_name":"word","page_number":200,"line_number":11,"text":"ﯢ","translation":{"text":"defiantly disobedient","language_name":"english","language_id":38},"transliteration":{"text":"fāsiqūna","language_name":"english","language_id":38}},{"id":65717,"position":19,"audio_url":null,"qpc_uthmani_hafs":"٨٤","char_type_name":"end","page_number":200,"line_number":12,"text":"ﯣ","translation":{"text":"(84)","language_name":"english","language_id":38},"transliteration":{"text":null,"language_name":"english","language_id":38}}],"translations":[{"id":917748,"resource_id":134,"text":"Dan janganlah kamu sekali-kali menyalatkan (jenazah) seorang yang mati di antara mereka, dan janganlah kamu berdiri (mendoakan) di kuburnya.  Sesungguhnya mereka telah kafir kepada Allah dan rasul-Nya dan mereka mati dalam keadaan fasik."}]},{"id":1320,"verse_number":85,"verse_key":"9:85","juz_number":10,"hizb_number":20,"rub_el_hizb_number":80,"ruku_number":166,"manzil_number":2,"sajdah_number":null,"text_uthmani":"وَلَا تُعْجِبْكَ أَمْوَٰلُهُمْ وَأَوْلَـٰدُهُمْ ۚ إِنَّمَا يُرِيدُ ٱللَّهُ أَن يُعَذِّبَهُم بِهَا فِى ٱلدُّنْيَا وَتَزْهَقَ أَنفُسُهُمْ وَهُمْ كَـٰفِرُونَ","page_number":200,"words":[{"id":66342,"position":1,"audio_url":"wbw/009_085_001.mp3","qpc_uthmani_hafs":"وَلَا","char_type_name":"word","page_number":200,"line_number":12,"text":"ﯤ","translation":{"text":"And (let) not","language_name":"english","language_id":38},"transliteration":{"text":"walā","language_name":"english","language_id":38}},{"id":66343,"position":2,"audio_url":"wbw/009_085_002.mp3","qpc_uthmani_hafs":"تُعۡجِبۡكَ","char_type_name":"word","page_number":200,"line_number":12,"text":"ﯥ","translation":{"text":"impress you","language_name":"english","language_id":38},"transliteration":{"text":"tuʿ'jib'ka","language_name":"english","language_id":38}},{"id":66344,"position":3,"audio_url":"wbw/009_085_003.mp3","qpc_uthmani_hafs":"أَمۡوَٰلُهُمۡ","char_type_name":"word","page_number":200,"line_number":12,"text":"ﯦ","translation":{"text":"their wealth","language_name":"english","language_id":38},"transliteration":{"text":"amwāluhum","language_name":"english","language_id":38}},{"id":66345,"position":4,"audio_url":"wbw/009_085_004.mp3","qpc_uthmani_hafs":"وَأَوۡلَٰدُهُمۡۚ","char_type_name":"word","page_number":200,"line_number":12,"text":"ﯧﯨ","translation":{"text":"and their children","language_name":"english","language_id":38},"transliteration":{"text":"wa-awlāduhum","language_name":"english","language_id":38}},{"id":66347,"position":5,"audio_url":"wbw/009_085_006.mp3","qpc_uthmani_hafs":"إِنَّمَا","char_type_name":"word","page_number":200,"line_number":12,"text":"ﯩ","translation":{"text":"Only","language_name":"english","language_id":38},"transliteration":{"text":"innamā","language_name":"english","language_id":38}},{"id":66348,"position":6,"audio_url":"wbw/009_085_007.mp3","qpc_uthmani_hafs":"يُرِيدُ","char_type_name":"word","page_number":200,"line_number":12,"text":"ﯪ","translation":{"text":"Allah intends","language_name":"english","language_id":38},"transliteration":{"text":"yurīdu","language_name":"english","language_id":38}},{"id":66349,"position":7,"audio_url":"wbw/009_085_008.mp3","qpc_uthmani_hafs":"ٱللَّهُ","char_type_name":"word","page_number":200,"line_number":12,"text":"ﯫ","translation":{"text":"Allah intends","language_name":"english","language_id":38},"transliteration":{"text":"l-lahu","language_name":"english","language_id":38}},{"id":66350,"position":8,"audio_url":"wbw/009_085_009.mp3","qpc_uthmani_hafs":"أَن","char_type_name":"word","page_number":200,"line_number":12,"text":"ﯬ","translation":{"text":"to","language_name":"english","language_id":38},"transliteration":{"text":"an","language_name":"english","language_id":38}},{"id":66351,"position":9,"audio_url":"wbw/009_085_010.mp3","qpc_uthmani_hafs":"يُعَذِّبَهُم","char_type_name":"word","page_number":200,"line_number":12,"text":"ﯭ","translation":{"text":"punish them","language_name":"english","language_id":38},"transliteration":{"text":"yuʿadhibahum","language_name":"english","language_id":38}},{"id":66352,"position":10,"audio_url":"wbw/009_085_011.mp3","qpc_uthmani_hafs":"بِهَا","char_type_name":"word","page_number":200,"line_number":13,"text":"ﯮ","translation":{"text":"with it","language_name":"english","language_id":38},"transliteration":{"text":"bihā","language_name":"english","language_id":38}},{"id":66353,"position":11,"audio_url":"wbw/009_085_012.mp3","qpc_uthmani_hafs":"فِي","char_type_name":"word","page_number":200,"line_number":13,"text":"ﯯ","translation":{"text":"in","language_name":"english","language_id":38},"transliteration":{"text":"fī","language_name":"english","language_id":38}},{"id":66354,"position":12,"audio_url":"wbw/009_085_013.mp3","qpc_uthmani_hafs":"ٱلدُّنۡيَا","char_type_name":"word","page_number":200,"line_number":13,"text":"ﯰ","translation":{"text":"the world","language_name":"english","language_id":38},"transliteration":{"text":"l-dun'yā","language_name":"english","language_id":38}},{"id":66355,"position":13,"audio_url":"wbw/009_085_014.mp3","qpc_uthmani_hafs":"وَتَزۡهَقَ","char_type_name":"word","page_number":200,"line_number":13,"text":"ﯱ","translation":{"text":"and will depart","language_name":"english","language_id":38},"transliteration":{"text":"watazhaqa","language_name":"english","language_id":38}},{"id":66356,"position":14,"audio_url":"wbw/009_085_015.mp3","qpc_uthmani_hafs":"أَنفُسُهُمۡ","char_type_name":"word","page_number":200,"line_number":13,"text":"ﯲ","translation":{"text":"their souls","language_name":"english","language_id":38},"transliteration":{"text":"anfusuhum","language_name":"english","language_id":38}},{"id":66357,"position":15,"audio_url":"wbw/009_085_016.mp3","qpc_uthmani_hafs":"وَهُمۡ","char_type_name":"word","page_number":200,"line_number":13,"text":"ﯳ","translation":{"text":"while they","language_name":"english","language_id":38},"transliteration":{"text":"wahum","language_name":"english","language_id":38}},{"id":66358,"position":16,"audio_url":"wbw/009_085_017.mp3","qpc_uthmani_hafs":"كَٰفِرُونَ","char_type_name":"word","page_number":200,"line_number":13,"text":"ﯴ","translation":{"text":"(are) disbelievers","language_name":"english","language_id":38},"transliteration":{"text":"kāfirūna","language_name":"english","language_id":38}},{"id":66359,"position":17,"audio_url":null,"qpc_uthmani_hafs":"٨٥","char_type_name":"end","page_number":200,"line_number":13,"text":"ﯵ","translation":{"text":"(85)","language_name":"english","language_id":38},"transliteration":{"text":null,"language_name":"english","language_id":38}}],"translations":[{"id":917749,"resource_id":134,"text":"Dan janganlah harta benda dan anak-anak mereka menarik hatimu.  Sesungguhnya Allah menghendaki akan mengazab mereka di dunia dengan harta dan anak-anak itu dan agar melayang nyawa mereka dalam keadaan kafir."}]},{"id":1321,"verse_number":86,"verse_key":"9:86","juz_number":10,"hizb_number":20,"rub_el_hizb_number":80,"ruku_number":166,"manzil_number":2,"sajdah_number":null,"text_uthmani":"وَإِذَآ أُنزِلَتْ سُورَةٌ أَنْ ءَامِنُوا۟ بِٱللَّهِ وَجَـٰهِدُوا۟ مَعَ رَسُولِهِ ٱسْتَـْٔذَنَكَ أُو۟لُوا۟ ٱلطَّوْلِ مِنْهُمْ وَقَالُوا۟ ذَرْنَا نَكُن مَّعَ ٱلْقَـٰعِدِينَ","page_number":200,"words":[{"id":66638,"position":1,"audio_url":"wbw/009_086_001.mp3","qpc_uthmani_hafs":"وَإِذَآ","char_type_name":"word","page_number":200,"line_number":13,"text":"ﯶ","translation":{"text":"And when","language_name":"english","language_id":38},"transliteration":{"text":"wa-idhā","language_name":"english","language_id":38}},{"id":66639,"position":2,"audio_url":"wbw/009_086_002.mp3","qpc_uthmani_hafs":"أُنزِلَتۡ","char_type_name":"word","page_number":200,"line_number":14,"text":"ﯷ","translation":{"text":"was revealed","language_name":"english","language_id":38},"transliteration":{"text":"unzilat","language_name":"english","language_id":38}},{"id":66640,"position":3,"audio_url":"wbw/009_086_003.mp3","qpc_uthmani_hafs":"سُورَةٌ","char_type_name":"word","page_number":200,"line_number":14,"text":"ﯸ","translation":{"text":"a Surah","language_name":"english","language_id":38},"transliteration":{"text":"sūratun","language_name":"english","language_id":38}},{"id":66641,"position":4,"audio_url":"wbw/009_086_004.mp3","qpc_uthmani_hafs":"أَنۡ","char_type_name":"word","page_number":200,"line_number":14,"text":"ﯹ","translation":{"text":"that","language_name":"english","language_id":38},"transliteration":{"text":"an","language_name":"english","language_id":38}},{"id":66642,"position":5,"audio_url":"wbw/009_086_005.mp3","qpc_uthmani_hafs":"ءَامِنُواْ","char_type_name":"word","page_number":200,"line_number":14,"text":"ﯺ","translation":{"text":"believe","language_name":"english","language_id":38},"transliteration":{"text":"āminū","language_name":"english","language_id":38}},{"id":66643,"position":6,"audio_url":"wbw/009_086_006.mp3","qpc_uthmani_hafs":"بِٱللَّهِ","char_type_name":"word","page_number":200,"line_number":14,"text":"ﯻ","translation":{"text":"in Allah","language_name":"english","language_id":38},"transliteration":{"text":"bil-lahi","language_name":"english","language_id":38}},{"id":66644,"position":7,"audio_url":"wbw/009_086_007.mp3","qpc_uthmani_hafs":"وَجَٰهِدُواْ","char_type_name":"word","page_number":200,"line_number":14,"text":"ﯼ","translation":{"text":"and strive","language_name":"english","language_id":38},"transliteration":{"text":"wajāhidū","language_name":"english","language_id":38}},{"id":66645,"position":8,"audio_url":"wbw/009_086_008.mp3","qpc_uthmani_hafs":"مَعَ","char_type_name":"word","page_number":200,"line_number":14,"text":"ﯽ","translation":{"text":"with","language_name":"english","language_id":38},"transliteration":{"text":"maʿa","language_name":"english","language_id":38}},{"id":66646,"position":9,"audio_url":"wbw/009_086_009.mp3","qpc_uthmani_hafs":"رَسُولِهِ","char_type_name":"word","page_number":200,"line_number":14,"text":"ﯾ","translation":{"text":"His Messenger","language_name":"english","language_id":38},"transliteration":{"text":"rasūlihi","language_name":"english","language_id":38}},{"id":66647,"position":10,"audio_url":"wbw/009_086_010.mp3","qpc_uthmani_hafs":"ٱسۡتَـٔۡذَنَكَ","char_type_name":"word","page_number":200,"line_number":14,"text":"ﯿ","translation":{"text":"ask your permission","language_name":"english","language_id":38},"transliteration":{"text":"is'tadhanaka","language_name":"english","language_id":38}},{"id":66648,"position":11,"audio_url":"wbw/009_086_011.mp3","qpc_uthmani_hafs":"أُوْلُواْ","char_type_name":"word","page_number":200,"line_number":15,"text":"ﰀ","translation":{"text":"(the) men","language_name":"english","language_id":38},"transliteration":{"text":"ulū","language_name":"english","language_id":38}},{"id":66649,"position":12,"audio_url":"wbw/009_086_012.mp3","qpc_uthmani_hafs":"ٱلطَّوۡلِ","char_type_name":"word","page_number":200,"line_number":15,"text":"ﰁ","translation":{"text":"(of) wealth","language_name":"english","language_id":38},"transliteration":{"text":"l-ṭawli","language_name":"english","language_id":38}},{"id":66650,"position":13,"audio_url":"wbw/009_086_013.mp3","qpc_uthmani_hafs":"مِنۡهُمۡ","char_type_name":"word","page_number":200,"line_number":15,"text":"ﰂ","translation":{"text":"among them","language_name":"english","language_id":38},"transliteration":{"text":"min'hum","language_name":"english","language_id":38}},{"id":66651,"position":14,"audio_url":"wbw/009_086_014.mp3","qpc_uthmani_hafs":"وَقَالُواْ","char_type_name":"word","page_number":200,"line_number":15,"text":"ﰃ","translation":{"text":"and said","language_name":"english","language_id":38},"transliteration":{"text":"waqālū","language_name":"english","language_id":38}},{"id":66652,"position":15,"audio_url":"wbw/009_086_015.mp3","qpc_uthmani_hafs":"ذَرۡنَا","char_type_name":"word","page_number":200,"line_number":15,"text":"ﰄ","translation":{"text":"Leave us","language_name":"english","language_id":38},"transliteration":{"text":"dharnā","language_name":"english","language_id":38}},{"id":66653,"position":16,"audio_url":"wbw/009_086_016.mp3","qpc_uthmani_hafs":"نَكُن","char_type_name":"word","page_number":200,"line_number":15,"text":"ﰅ","translation":{"text":"(to) be","language_name":"english","language_id":38},"transliteration":{"text":"nakun","language_name":"english","language_id":38}},{"id":66654,"position":17,"audio_url":"wbw/009_086_017.mp3","qpc_uthmani_hafs":"مَّعَ","char_type_name":"word","page_number":200,"line_number":15,"text":"ﰆ","translation":{"text":"with","language_name":"english","language_id":38},"transliteration":{"text":"maʿa","language_name":"english","language_id":38}},{"id":66655,"position":18,"audio_url":"wbw/009_086_018.mp3","qpc_uthmani_hafs":"ٱلۡقَٰعِدِينَ","char_type_name":"word","page_number":200,"line_number":15,"text":"ﰇ","translation":{"text":"those who sit","language_name":"english","language_id":38},"transliteration":{"text":"l-qāʿidīna","language_name":"english","language_id":38}},{"id":66656,"position":19,"audio_url":null,"qpc_uthmani_hafs":"٨٦","char_type_name":"end","page_number":200,"line_number":15,"text":"ﰈ","translation":{"text":"(86)","language_name":"english","language_id":38},"transliteration":{"text":null,"language_name":"english","language_id":38}}],"translations":[{"id":917750,"resource_id":134,"text":"Dan apabila diturunkan suatu surah (yang memerintahkan kepada orang munafik itu), \"Berimanlah kamu kepada Allah dan berjihadlah beserta rasul-Nya\", niscaya orang-orang yang sanggup di antara mereka meminta izin kepadamu (untuk tidak berjihad) dan mereka berkata, \"Biarkanlah kami berada bersama orang-orang yang duduk\".<sup foot_note=210421>1</sup>"}]}],"pagination":{"per_page":50,"current_page":1,"next_page":null,"total_pages":1,"total_records":7}}