{"verses":[{"id":1385,"verse_number":21,"verse_key":"10:21","juz_number":11,"hizb_number":21,"rub_el_hizb_number":84,"ruku_number":174,"manzil_number":3,"sajdah_number":null,"text_uthmani":"وَإِذَآ أَذَقْنَا ٱلنَّاسَ رَحْمَةً مِّنۢ بَعْدِ ضَرَّآءَ مَسَّتْهُمْ إِذَا لَهُم مَّكْرٌ فِىٓ ءَايَاتِنَا ۚ قُلِ ٱللَّهُ أَسْرَعُ مَكْرًا ۚ إِنَّ رُسُلَنَا يَكْتُبُونَ مَا تَمْكُرُونَ","page_number":211,"words":[{"id":23752,"position":1,"audio_url":"wbw/010_021_001.mp3","qpc_uthmani_hafs":"وَإِذَآ","char_type_name":"word","page_number":211,"line_number":1,"text":"ﭑ","translation":{"text":"And when","language_name":"english","language_id":38},"transliteration":{"text":"wa-idhā","language_name":"english","language_id":38}},{"id":23753,"position":2,"audio_url":"wbw/010_021_002.mp3","qpc_uthmani_hafs":"أَذَقۡنَا","char_type_name":"word","page_number":211,"line_number":1,"text":"ﭒ","translation":{"text":"We let [the] mankind taste","language_name":"english","language_id":38},"transliteration":{"text":"adhaqnā","language_name":"english","language_id":38}},{"id":23754,"position":3,"audio_url":"wbw/010_021_003.mp3","qpc_uthmani_hafs":"ٱلنَّاسَ","char_type_name":"word","page_number":211,"line_number":1,"text":"ﭓ","translation":{"text":"We let [the] mankind taste","language_name":"english","language_id":38},"transliteration":{"text":"l-nāsa","language_name":"english","language_id":38}},{"id":23755,"position":4,"audio_url":"wbw/010_021_004.mp3","qpc_uthmani_hafs":"رَحۡمَةٗ","char_type_name":"word","page_number":211,"line_number":1,"text":"ﭔ","translation":{"text":"mercy","language_name":"english","language_id":38},"transliteration":{"text":"raḥmatan","language_name":"english","language_id":38}},{"id":23756,"position":5,"audio_url":"wbw/010_021_005.mp3","qpc_uthmani_hafs":"مِّنۢ","char_type_name":"word","page_number":211,"line_number":1,"text":"ﭕ","translation":{"text":"after","language_name":"english","language_id":38},"transliteration":{"text":"min","language_name":"english","language_id":38}},{"id":23757,"position":6,"audio_url":"wbw/010_021_006.mp3","qpc_uthmani_hafs":"بَعۡدِ","char_type_name":"word","page_number":211,"line_number":1,"text":"ﭖ","translation":{"text":"after","language_name":"english","language_id":38},"transliteration":{"text":"baʿdi","language_name":"english","language_id":38}},{"id":23758,"position":7,"audio_url":"wbw/010_021_007.mp3","qpc_uthmani_hafs":"ضَرَّآءَ","char_type_name":"word","page_number":211,"line_number":1,"text":"ﭗ","translation":{"text":"adversity","language_name":"english","language_id":38},"transliteration":{"text":"ḍarrāa","language_name":"english","language_id":38}},{"id":23759,"position":8,"audio_url":"wbw/010_021_008.mp3","qpc_uthmani_hafs":"مَسَّتۡهُمۡ","char_type_name":"word","page_number":211,"line_number":1,"text":"ﭘ","translation":{"text":"has touched them","language_name":"english","language_id":38},"transliteration":{"text":"massathum","language_name":"english","language_id":38}},{"id":23760,"position":9,"audio_url":"wbw/010_021_009.mp3","qpc_uthmani_hafs":"إِذَا","char_type_name":"word","page_number":211,"line_number":1,"text":"ﭙ","translation":{"text":"behold","language_name":"english","language_id":38},"transliteration":{"text":"idhā","language_name":"english","language_id":38}},{"id":23761,"position":10,"audio_url":"wbw/010_021_010.mp3","qpc_uthmani_hafs":"لَهُم","char_type_name":"word","page_number":211,"line_number":1,"text":"ﭚ","translation":{"text":"They have","language_name":"english","language_id":38},"transliteration":{"text":"lahum","language_name":"english","language_id":38}},{"id":23762,"position":11,"audio_url":"wbw/010_021_011.mp3","qpc_uthmani_hafs":"مَّكۡرٞ","char_type_name":"word","page_number":211,"line_number":1,"text":"ﭛ","translation":{"text":"a plot","language_name":"english","language_id":38},"transliteration":{"text":"makrun","language_name":"english","language_id":38}},{"id":23763,"position":12,"audio_url":"wbw/010_021_012.mp3","qpc_uthmani_hafs":"فِيٓ","char_type_name":"word","page_number":211,"line_number":1,"text":"ﭜ","translation":{"text":"against","language_name":"english","language_id":38},"transliteration":{"text":"fī","language_name":"english","language_id":38}},{"id":23764,"position":13,"audio_url":"wbw/010_021_013.mp3","qpc_uthmani_hafs":"ءَايَاتِنَاۚ","char_type_name":"word","page_number":211,"line_number":2,"text":"ﭝﭞ","translation":{"text":"Our Verses","language_name":"english","language_id":38},"transliteration":{"text":"āyātinā","language_name":"english","language_id":38}},{"id":23766,"position":14,"audio_url":"wbw/010_021_015.mp3","qpc_uthmani_hafs":"قُلِ","char_type_name":"word","page_number":211,"line_number":2,"text":"ﭟ","translation":{"text":"Say","language_name":"english","language_id":38},"transliteration":{"text":"quli","language_name":"english","language_id":38}},{"id":23767,"position":15,"audio_url":"wbw/010_021_016.mp3","qpc_uthmani_hafs":"ٱللَّهُ","char_type_name":"word","page_number":211,"line_number":2,"text":"ﭠ","translation":{"text":"Allah","language_name":"english","language_id":38},"transliteration":{"text":"l-lahu","language_name":"english","language_id":38}},{"id":23768,"position":16,"audio_url":"wbw/010_021_017.mp3","qpc_uthmani_hafs":"أَسۡرَعُ","char_type_name":"word","page_number":211,"line_number":2,"text":"ﭡ","translation":{"text":"(is) more swift","language_name":"english","language_id":38},"transliteration":{"text":"asraʿu","language_name":"english","language_id":38}},{"id":23769,"position":17,"audio_url":"wbw/010_021_018.mp3","qpc_uthmani_hafs":"مَكۡرًاۚ","char_type_name":"word","page_number":211,"line_number":2,"text":"ﭢﭣ","translation":{"text":"(in) planning","language_name":"english","language_id":38},"transliteration":{"text":"makran","language_name":"english","language_id":38}},{"id":23771,"position":18,"audio_url":"wbw/010_021_020.mp3","qpc_uthmani_hafs":"إِنَّ","char_type_name":"word","page_number":211,"line_number":2,"text":"ﭤ","translation":{"text":"Indeed","language_name":"english","language_id":38},"transliteration":{"text":"inna","language_name":"english","language_id":38}},{"id":23772,"position":19,"audio_url":"wbw/010_021_021.mp3","qpc_uthmani_hafs":"رُسُلَنَا","char_type_name":"word","page_number":211,"line_number":2,"text":"ﭥ","translation":{"text":"Our Messengers","language_name":"english","language_id":38},"transliteration":{"text":"rusulanā","language_name":"english","language_id":38}},{"id":23773,"position":20,"audio_url":"wbw/010_021_022.mp3","qpc_uthmani_hafs":"يَكۡتُبُونَ","char_type_name":"word","page_number":211,"line_number":2,"text":"ﭦ","translation":{"text":"write down","language_name":"english","language_id":38},"transliteration":{"text":"yaktubūna","language_name":"english","language_id":38}},{"id":23774,"position":21,"audio_url":"wbw/010_021_023.mp3","qpc_uthmani_hafs":"مَا","char_type_name":"word","page_number":211,"line_number":2,"text":"ﭧ","translation":{"text":"what","language_name":"english","language_id":38},"transliteration":{"text":"mā","language_name":"english","language_id":38}},{"id":23775,"position":22,"audio_url":"wbw/010_021_024.mp3","qpc_uthmani_hafs":"تَمۡكُرُونَ","char_type_name":"word","page_number":211,"line_number":2,"text":"ﭨ","translation":{"text":"you plot","language_name":"english","language_id":38},"transliteration":{"text":"tamkurūna","language_name":"english","language_id":38}},{"id":23776,"position":23,"audio_url":null,"qpc_uthmani_hafs":"٢١","char_type_name":"end","page_number":211,"line_number":3,"text":"ﭩ","translation":{"text":"(21)","language_name":"english","language_id":38},"transliteration":{"text":null,"language_name":"english","language_id":38}}],"translations":[{"id":917814,"resource_id":134,"text":"Dan apabila Kami merasakan kepada manusia suatu rahmat sesudah (datangnya) bahaya menimpa mereka, tiba-tiba mereka mempunyai tipu daya dalam (menentang) tanda-tanda kekuasaan Kami.  Katakanlah, \"Allah lebih cepat pembalasannya (atas tipu daya itu)\". Sesungguhnya malaikat-malaikat Kami menuliskan tipu dayamu."}]},{"id":1386,"verse_number":22,"verse_key":"10:22","juz_number":11,"hizb_number":21,"rub_el_hizb_number":84,"ruku_number":174,"manzil_number":3,"sajdah_number":null,"text_uthmani":"هُوَ ٱلَّذِى يُسَيِّرُكُمْ فِى ٱلْبَرِّ وَٱلْبَحْرِ ۖ حَتَّىٰٓ إِذَا كُنتُمْ فِى ٱلْفُلْكِ وَجَرَيْنَ بِهِم بِرِيحٍ طَيِّبَةٍ وَفَرِحُوا۟ بِهَا جَآءَتْهَا رِيحٌ عَاصِفٌ وَجَآءَهُمُ ٱلْمَوْجُ مِن كُلِّ مَكَانٍ وَظَنُّوٓا۟ أَنَّهُمْ أُحِيطَ بِهِمْ ۙ دَعَوُا۟ ٱللَّهَ مُخْلِصِينَ لَهُ ٱلدِّينَ لَئِنْ أَنجَيْتَنَا مِنْ هَـٰذِهِۦ لَنَكُونَنَّ مِنَ ٱلشَّـٰكِرِينَ","page_number":211,"words":[{"id":24702,"position":1,"audio_url":"wbw/010_022_001.mp3","qpc_uthmani_hafs":"هُوَ","char_type_name":"word","page_number":211,"line_number":3,"text":"ﭪ","translation":{"text":"He","language_name":"english","language_id":38},"transliteration":{"text":"huwa","language_name":"english","language_id":38}},{"id":24703,"position":2,"audio_url":"wbw/010_022_002.mp3","qpc_uthmani_hafs":"ٱلَّذِي","char_type_name":"word","page_number":211,"line_number":3,"text":"ﭫ","translation":{"text":"(is) the One Who","language_name":"english","language_id":38},"transliteration":{"text":"alladhī","language_name":"english","language_id":38}},{"id":24704,"position":3,"audio_url":"wbw/010_022_003.mp3","qpc_uthmani_hafs":"يُسَيِّرُكُمۡ","char_type_name":"word","page_number":211,"line_number":3,"text":"ﭬ","translation":{"text":"enables you to travel","language_name":"english","language_id":38},"transliteration":{"text":"yusayyirukum","language_name":"english","language_id":38}},{"id":24705,"position":4,"audio_url":"wbw/010_022_004.mp3","qpc_uthmani_hafs":"فِي","char_type_name":"word","page_number":211,"line_number":3,"text":"ﭭ","translation":{"text":"in","language_name":"english","language_id":38},"transliteration":{"text":"fī","language_name":"english","language_id":38}},{"id":24706,"position":5,"audio_url":"wbw/010_022_005.mp3","qpc_uthmani_hafs":"ٱلۡبَرِّ","char_type_name":"word","page_number":211,"line_number":3,"text":"ﭮ","translation":{"text":"the land","language_name":"english","language_id":38},"transliteration":{"text":"l-bari","language_name":"english","language_id":38}},{"id":24707,"position":6,"audio_url":"wbw/010_022_006.mp3","qpc_uthmani_hafs":"وَٱلۡبَحۡرِۖ","char_type_name":"word","page_number":211,"line_number":3,"text":"ﭯﭰ","translation":{"text":"and the sea","language_name":"english","language_id":38},"transliteration":{"text":"wal-baḥri","language_name":"english","language_id":38}},{"id":24709,"position":7,"audio_url":"wbw/010_022_008.mp3","qpc_uthmani_hafs":"حَتَّىٰٓ","char_type_name":"word","page_number":211,"line_number":3,"text":"ﭱ","translation":{"text":"until","language_name":"english","language_id":38},"transliteration":{"text":"ḥattā","language_name":"english","language_id":38}},{"id":24710,"position":8,"audio_url":"wbw/010_022_009.mp3","qpc_uthmani_hafs":"إِذَا","char_type_name":"word","page_number":211,"line_number":3,"text":"ﭲ","translation":{"text":"when","language_name":"english","language_id":38},"transliteration":{"text":"idhā","language_name":"english","language_id":38}},{"id":24711,"position":9,"audio_url":"wbw/010_022_010.mp3","qpc_uthmani_hafs":"كُنتُمۡ","char_type_name":"word","page_number":211,"line_number":3,"text":"ﭳ","translation":{"text":"you are","language_name":"english","language_id":38},"transliteration":{"text":"kuntum","language_name":"english","language_id":38}},{"id":24712,"position":10,"audio_url":"wbw/010_022_011.mp3","qpc_uthmani_hafs":"فِي","char_type_name":"word","page_number":211,"line_number":3,"text":"ﭴ","translation":{"text":"in","language_name":"english","language_id":38},"transliteration":{"text":"fī","language_name":"english","language_id":38}},{"id":24713,"position":11,"audio_url":"wbw/010_022_012.mp3","qpc_uthmani_hafs":"ٱلۡفُلۡكِ","char_type_name":"word","page_number":211,"line_number":3,"text":"ﭵ","translation":{"text":"the ships","language_name":"english","language_id":38},"transliteration":{"text":"l-ful'ki","language_name":"english","language_id":38}},{"id":24714,"position":12,"audio_url":"wbw/010_022_013.mp3","qpc_uthmani_hafs":"وَجَرَيۡنَ","char_type_name":"word","page_number":211,"line_number":4,"text":"ﭶ","translation":{"text":"and they sail","language_name":"english","language_id":38},"transliteration":{"text":"wajarayna","language_name":"english","language_id":38}},{"id":24715,"position":13,"audio_url":"wbw/010_022_014.mp3","qpc_uthmani_hafs":"بِهِم","char_type_name":"word","page_number":211,"line_number":4,"text":"ﭷ","translation":{"text":"with them","language_name":"english","language_id":38},"transliteration":{"text":"bihim","language_name":"english","language_id":38}},{"id":24716,"position":14,"audio_url":"wbw/010_022_015.mp3","qpc_uthmani_hafs":"بِرِيحٖ","char_type_name":"word","page_number":211,"line_number":4,"text":"ﭸ","translation":{"text":"with a wind","language_name":"english","language_id":38},"transliteration":{"text":"birīḥin","language_name":"english","language_id":38}},{"id":24717,"position":15,"audio_url":"wbw/010_022_016.mp3","qpc_uthmani_hafs":"طَيِّبَةٖ","char_type_name":"word","page_number":211,"line_number":4,"text":"ﭹ","translation":{"text":"good","language_name":"english","language_id":38},"transliteration":{"text":"ṭayyibatin","language_name":"english","language_id":38}},{"id":24718,"position":16,"audio_url":"wbw/010_022_017.mp3","qpc_uthmani_hafs":"وَفَرِحُواْ","char_type_name":"word","page_number":211,"line_number":4,"text":"ﭺ","translation":{"text":"and they rejoice","language_name":"english","language_id":38},"transliteration":{"text":"wafariḥū","language_name":"english","language_id":38}},{"id":24719,"position":17,"audio_url":"wbw/010_022_018.mp3","qpc_uthmani_hafs":"بِهَا","char_type_name":"word","page_number":211,"line_number":4,"text":"ﭻ","translation":{"text":"therein","language_name":"english","language_id":38},"transliteration":{"text":"bihā","language_name":"english","language_id":38}},{"id":24720,"position":18,"audio_url":"wbw/010_022_019.mp3","qpc_uthmani_hafs":"جَآءَتۡهَا","char_type_name":"word","page_number":211,"line_number":4,"text":"ﭼ","translation":{"text":"comes to it","language_name":"english","language_id":38},"transliteration":{"text":"jāathā","language_name":"english","language_id":38}},{"id":24721,"position":19,"audio_url":"wbw/010_022_020.mp3","qpc_uthmani_hafs":"رِيحٌ","char_type_name":"word","page_number":211,"line_number":4,"text":"ﭽ","translation":{"text":"a wind","language_name":"english","language_id":38},"transliteration":{"text":"rīḥun","language_name":"english","language_id":38}},{"id":24722,"position":20,"audio_url":"wbw/010_022_021.mp3","qpc_uthmani_hafs":"عَاصِفٞ","char_type_name":"word","page_number":211,"line_number":4,"text":"ﭾ","translation":{"text":"stormy","language_name":"english","language_id":38},"transliteration":{"text":"ʿāṣifun","language_name":"english","language_id":38}},{"id":24723,"position":21,"audio_url":"wbw/010_022_022.mp3","qpc_uthmani_hafs":"وَجَآءَهُمُ","char_type_name":"word","page_number":211,"line_number":5,"text":"ﭿ","translation":{"text":"and comes to them","language_name":"english","language_id":38},"transliteration":{"text":"wajāahumu","language_name":"english","language_id":38}},{"id":24724,"position":22,"audio_url":"wbw/010_022_023.mp3","qpc_uthmani_hafs":"ٱلۡمَوۡجُ","char_type_name":"word","page_number":211,"line_number":5,"text":"ﮀ","translation":{"text":"the waves","language_name":"english","language_id":38},"transliteration":{"text":"l-mawju","language_name":"english","language_id":38}},{"id":24725,"position":23,"audio_url":"wbw/010_022_024.mp3","qpc_uthmani_hafs":"مِن","char_type_name":"word","page_number":211,"line_number":5,"text":"ﮁ","translation":{"text":"from","language_name":"english","language_id":38},"transliteration":{"text":"min","language_name":"english","language_id":38}},{"id":24726,"position":24,"audio_url":"wbw/010_022_025.mp3","qpc_uthmani_hafs":"كُلِّ","char_type_name":"word","page_number":211,"line_number":5,"text":"ﮂ","translation":{"text":"every","language_name":"english","language_id":38},"transliteration":{"text":"kulli","language_name":"english","language_id":38}},{"id":24727,"position":25,"audio_url":"wbw/010_022_026.mp3","qpc_uthmani_hafs":"مَكَانٖ","char_type_name":"word","page_number":211,"line_number":5,"text":"ﮃ","translation":{"text":"place","language_name":"english","language_id":38},"transliteration":{"text":"makānin","language_name":"english","language_id":38}},{"id":24728,"position":26,"audio_url":"wbw/010_022_027.mp3","qpc_uthmani_hafs":"وَظَنُّوٓاْ","char_type_name":"word","page_number":211,"line_number":5,"text":"ﮄ","translation":{"text":"and they assume","language_name":"english","language_id":38},"transliteration":{"text":"waẓannū","language_name":"english","language_id":38}},{"id":24729,"position":27,"audio_url":"wbw/010_022_028.mp3","qpc_uthmani_hafs":"أَنَّهُمۡ","char_type_name":"word","page_number":211,"line_number":5,"text":"ﮅ","translation":{"text":"that they","language_name":"english","language_id":38},"transliteration":{"text":"annahum","language_name":"english","language_id":38}},{"id":24730,"position":28,"audio_url":"wbw/010_022_029.mp3","qpc_uthmani_hafs":"أُحِيطَ","char_type_name":"word","page_number":211,"line_number":5,"text":"ﮆ","translation":{"text":"are surrounded","language_name":"english","language_id":38},"transliteration":{"text":"uḥīṭa","language_name":"english","language_id":38}},{"id":24731,"position":29,"audio_url":"wbw/010_022_030.mp3","qpc_uthmani_hafs":"بِهِمۡ","char_type_name":"word","page_number":211,"line_number":5,"text":"ﮇﮈ","translation":{"text":"with them","language_name":"english","language_id":38},"transliteration":{"text":"bihim","language_name":"english","language_id":38}},{"id":24733,"position":30,"audio_url":"wbw/010_022_032.mp3","qpc_uthmani_hafs":"دَعَوُاْ","char_type_name":"word","page_number":211,"line_number":5,"text":"ﮉ","translation":{"text":"They call","language_name":"english","language_id":38},"transliteration":{"text":"daʿawū","language_name":"english","language_id":38}},{"id":24734,"position":31,"audio_url":"wbw/010_022_033.mp3","qpc_uthmani_hafs":"ٱللَّهَ","char_type_name":"word","page_number":211,"line_number":6,"text":"ﮊ","translation":{"text":"Allah","language_name":"english","language_id":38},"transliteration":{"text":"l-laha","language_name":"english","language_id":38}},{"id":24735,"position":32,"audio_url":"wbw/010_022_034.mp3","qpc_uthmani_hafs":"مُخۡلِصِينَ","char_type_name":"word","page_number":211,"line_number":6,"text":"ﮋ","translation":{"text":"sincerely","language_name":"english","language_id":38},"transliteration":{"text":"mukh'liṣīna","language_name":"english","language_id":38}},{"id":24736,"position":33,"audio_url":"wbw/010_022_035.mp3","qpc_uthmani_hafs":"لَهُ","char_type_name":"word","page_number":211,"line_number":6,"text":"ﮌ","translation":{"text":"to Him","language_name":"english","language_id":38},"transliteration":{"text":"lahu","language_name":"english","language_id":38}},{"id":24737,"position":34,"audio_url":"wbw/010_022_036.mp3","qpc_uthmani_hafs":"ٱلدِّينَ","char_type_name":"word","page_number":211,"line_number":6,"text":"ﮍ","translation":{"text":"(in) the religion","language_name":"english","language_id":38},"transliteration":{"text":"l-dīna","language_name":"english","language_id":38}},{"id":24738,"position":35,"audio_url":"wbw/010_022_037.mp3","qpc_uthmani_hafs":"لَئِنۡ","char_type_name":"word","page_number":211,"line_number":6,"text":"ﮎ","translation":{"text":"(saying), \"If","language_name":"english","language_id":38},"transliteration":{"text":"la-in","language_name":"english","language_id":38}},{"id":24739,"position":36,"audio_url":"wbw/010_022_038.mp3","qpc_uthmani_hafs":"أَنجَيۡتَنَا","char_type_name":"word","page_number":211,"line_number":6,"text":"ﮏ","translation":{"text":"You save us","language_name":"english","language_id":38},"transliteration":{"text":"anjaytanā","language_name":"english","language_id":38}},{"id":24740,"position":37,"audio_url":"wbw/010_022_039.mp3","qpc_uthmani_hafs":"مِنۡ","char_type_name":"word","page_number":211,"line_number":6,"text":"ﮐ","translation":{"text":"from","language_name":"english","language_id":38},"transliteration":{"text":"min","language_name":"english","language_id":38}},{"id":24741,"position":38,"audio_url":"wbw/010_022_040.mp3","qpc_uthmani_hafs":"هَٰذِهِۦ","char_type_name":"word","page_number":211,"line_number":6,"text":"ﮑ","translation":{"text":"this","language_name":"english","language_id":38},"transliteration":{"text":"hādhihi","language_name":"english","language_id":38}},{"id":24742,"position":39,"audio_url":"wbw/010_022_041.mp3","qpc_uthmani_hafs":"لَنَكُونَنَّ","char_type_name":"word","page_number":211,"line_number":6,"text":"ﮒ","translation":{"text":"surely we will be","language_name":"english","language_id":38},"transliteration":{"text":"lanakūnanna","language_name":"english","language_id":38}},{"id":24743,"position":40,"audio_url":"wbw/010_022_042.mp3","qpc_uthmani_hafs":"مِنَ","char_type_name":"word","page_number":211,"line_number":6,"text":"ﮓ","translation":{"text":"among","language_name":"english","language_id":38},"transliteration":{"text":"mina","language_name":"english","language_id":38}},{"id":24744,"position":41,"audio_url":"wbw/010_022_043.mp3","qpc_uthmani_hafs":"ٱلشَّٰكِرِينَ","char_type_name":"word","page_number":211,"line_number":7,"text":"ﮔ","translation":{"text":"the thankful","language_name":"english","language_id":38},"transliteration":{"text":"l-shākirīna","language_name":"english","language_id":38}},{"id":24745,"position":42,"audio_url":null,"qpc_uthmani_hafs":"٢٢","char_type_name":"end","page_number":211,"line_number":7,"text":"ﮕ","translation":{"text":"(22)","language_name":"english","language_id":38},"transliteration":{"text":null,"language_name":"english","language_id":38}}],"translations":[{"id":917815,"resource_id":134,"text":"Dia-lah Tuhan yang menjadikan kamu dapat berjalan di daratan, (berlayar) di lautan.  Sehingga apabila kamu berada di dalam bahtera, dan meluncurlah bahtera itu membawa orang-orang yang ada di dalamnya dengan tiupan angin yang baik, dan mereka bergembira karenanya, datanglah angin badai, dan (apabila) gelombang dari segenap penjuru menimpanya, dan mereka yakin bahwa mereka telah terkepung (bahaya), maka mereka berdoa kepada Allah dengan mengikhlaskan ketaatan kepada-Nya semata-mata.  (Mereka berkata), \"Sesungguhnya jika Engkau menyelamatkan kami dari bahaya ini, pastilah kami akan termasuk orang-orang yang bersyukur\"."}]},{"id":1387,"verse_number":23,"verse_key":"10:23","juz_number":11,"hizb_number":21,"rub_el_hizb_number":84,"ruku_number":174,"manzil_number":3,"sajdah_number":null,"text_uthmani":"فَلَمَّآ أَنجَىٰهُمْ إِذَا هُمْ يَبْغُونَ فِى ٱلْأَرْضِ بِغَيْرِ ٱلْحَقِّ ۗ يَـٰٓأَيُّهَا ٱلنَّاسُ إِنَّمَا بَغْيُكُمْ عَلَىٰٓ أَنفُسِكُم ۖ مَّتَـٰعَ ٱلْحَيَوٰةِ ٱلدُّنْيَا ۖ ثُمَّ إِلَيْنَا مَرْجِعُكُمْ فَنُنَبِّئُكُم بِمَا كُنتُمْ تَعْمَلُونَ","page_number":211,"words":[{"id":25721,"position":1,"audio_url":"wbw/010_023_001.mp3","qpc_uthmani_hafs":"فَلَمَّآ","char_type_name":"word","page_number":211,"line_number":7,"text":"ﮖ","translation":{"text":"But when","language_name":"english","language_id":38},"transliteration":{"text":"falammā","language_name":"english","language_id":38}},{"id":25722,"position":2,"audio_url":"wbw/010_023_002.mp3","qpc_uthmani_hafs":"أَنجَىٰهُمۡ","char_type_name":"word","page_number":211,"line_number":7,"text":"ﮗ","translation":{"text":"He saved them","language_name":"english","language_id":38},"transliteration":{"text":"anjāhum","language_name":"english","language_id":38}},{"id":25723,"position":3,"audio_url":"wbw/010_023_003.mp3","qpc_uthmani_hafs":"إِذَا","char_type_name":"word","page_number":211,"line_number":7,"text":"ﮘ","translation":{"text":"behold","language_name":"english","language_id":38},"transliteration":{"text":"idhā","language_name":"english","language_id":38}},{"id":25724,"position":4,"audio_url":"wbw/010_023_004.mp3","qpc_uthmani_hafs":"هُمۡ","char_type_name":"word","page_number":211,"line_number":7,"text":"ﮙ","translation":{"text":"They","language_name":"english","language_id":38},"transliteration":{"text":"hum","language_name":"english","language_id":38}},{"id":25725,"position":5,"audio_url":"wbw/010_023_005.mp3","qpc_uthmani_hafs":"يَبۡغُونَ","char_type_name":"word","page_number":211,"line_number":7,"text":"ﮚ","translation":{"text":"rebel","language_name":"english","language_id":38},"transliteration":{"text":"yabghūna","language_name":"english","language_id":38}},{"id":25726,"position":6,"audio_url":"wbw/010_023_006.mp3","qpc_uthmani_hafs":"فِي","char_type_name":"word","page_number":211,"line_number":7,"text":"ﮛ","translation":{"text":"in","language_name":"english","language_id":38},"transliteration":{"text":"fī","language_name":"english","language_id":38}},{"id":25727,"position":7,"audio_url":"wbw/010_023_007.mp3","qpc_uthmani_hafs":"ٱلۡأَرۡضِ","char_type_name":"word","page_number":211,"line_number":7,"text":"ﮜ","translation":{"text":"the earth","language_name":"english","language_id":38},"transliteration":{"text":"l-arḍi","language_name":"english","language_id":38}},{"id":25728,"position":8,"audio_url":"wbw/010_023_008.mp3","qpc_uthmani_hafs":"بِغَيۡرِ","char_type_name":"word","page_number":211,"line_number":7,"text":"ﮝ","translation":{"text":"without","language_name":"english","language_id":38},"transliteration":{"text":"bighayri","language_name":"english","language_id":38}},{"id":25729,"position":9,"audio_url":"wbw/010_023_009.mp3","qpc_uthmani_hafs":"ٱلۡحَقِّۗ","char_type_name":"word","page_number":211,"line_number":8,"text":"ﮞﮟ","translation":{"text":"[the] right","language_name":"english","language_id":38},"transliteration":{"text":"l-ḥaqi","language_name":"english","language_id":38}},{"id":25731,"position":10,"audio_url":"wbw/010_023_011.mp3","qpc_uthmani_hafs":"يَٰٓأَيُّهَا","char_type_name":"word","page_number":211,"line_number":8,"text":"ﮠ","translation":{"text":"O mankind","language_name":"english","language_id":38},"transliteration":{"text":"yāayyuhā","language_name":"english","language_id":38}},{"id":25732,"position":11,"audio_url":"wbw/010_023_012.mp3","qpc_uthmani_hafs":"ٱلنَّاسُ","char_type_name":"word","page_number":211,"line_number":8,"text":"ﮡ","translation":{"text":"O mankind","language_name":"english","language_id":38},"transliteration":{"text":"l-nāsu","language_name":"english","language_id":38}},{"id":25733,"position":12,"audio_url":"wbw/010_023_013.mp3","qpc_uthmani_hafs":"إِنَّمَا","char_type_name":"word","page_number":211,"line_number":8,"text":"ﮢ","translation":{"text":"Only","language_name":"english","language_id":38},"transliteration":{"text":"innamā","language_name":"english","language_id":38}},{"id":25734,"position":13,"audio_url":"wbw/010_023_014.mp3","qpc_uthmani_hafs":"بَغۡيُكُمۡ","char_type_name":"word","page_number":211,"line_number":8,"text":"ﮣ","translation":{"text":"your rebellion","language_name":"english","language_id":38},"transliteration":{"text":"baghyukum","language_name":"english","language_id":38}},{"id":25735,"position":14,"audio_url":"wbw/010_023_015.mp3","qpc_uthmani_hafs":"عَلَىٰٓ","char_type_name":"word","page_number":211,"line_number":8,"text":"ﮤ","translation":{"text":"(is) against","language_name":"english","language_id":38},"transliteration":{"text":"ʿalā","language_name":"english","language_id":38}},{"id":25736,"position":15,"audio_url":"wbw/010_023_016.mp3","qpc_uthmani_hafs":"أَنفُسِكُمۖ","char_type_name":"word","page_number":211,"line_number":8,"text":"ﮥﮦ","translation":{"text":"yourselves","language_name":"english","language_id":38},"transliteration":{"text":"anfusikum","language_name":"english","language_id":38}},{"id":25738,"position":16,"audio_url":"wbw/010_023_018.mp3","qpc_uthmani_hafs":"مَّتَٰعَ","char_type_name":"word","page_number":211,"line_number":8,"text":"ﮧ","translation":{"text":"(the) enjoyment","language_name":"english","language_id":38},"transliteration":{"text":"matāʿa","language_name":"english","language_id":38}},{"id":25739,"position":17,"audio_url":"wbw/010_023_019.mp3","qpc_uthmani_hafs":"ٱلۡحَيَوٰةِ","char_type_name":"word","page_number":211,"line_number":8,"text":"ﮨ","translation":{"text":"(of) the life","language_name":"english","language_id":38},"transliteration":{"text":"l-ḥayati","language_name":"english","language_id":38}},{"id":25740,"position":18,"audio_url":"wbw/010_023_020.mp3","qpc_uthmani_hafs":"ٱلدُّنۡيَاۖ","char_type_name":"word","page_number":211,"line_number":9,"text":"ﮩﮪ","translation":{"text":"(of) the world","language_name":"english","language_id":38},"transliteration":{"text":"l-dun'yā","language_name":"english","language_id":38}},{"id":25742,"position":19,"audio_url":"wbw/010_023_022.mp3","qpc_uthmani_hafs":"ثُمَّ","char_type_name":"word","page_number":211,"line_number":9,"text":"ﮫ","translation":{"text":"Then","language_name":"english","language_id":38},"transliteration":{"text":"thumma","language_name":"english","language_id":38}},{"id":25743,"position":20,"audio_url":"wbw/010_023_023.mp3","qpc_uthmani_hafs":"إِلَيۡنَا","char_type_name":"word","page_number":211,"line_number":9,"text":"ﮬ","translation":{"text":"to Us","language_name":"english","language_id":38},"transliteration":{"text":"ilaynā","language_name":"english","language_id":38}},{"id":25744,"position":21,"audio_url":"wbw/010_023_024.mp3","qpc_uthmani_hafs":"مَرۡجِعُكُمۡ","char_type_name":"word","page_number":211,"line_number":9,"text":"ﮭ","translation":{"text":"(is) your return","language_name":"english","language_id":38},"transliteration":{"text":"marjiʿukum","language_name":"english","language_id":38}},{"id":25745,"position":22,"audio_url":"wbw/010_023_025.mp3","qpc_uthmani_hafs":"فَنُنَبِّئُكُم","char_type_name":"word","page_number":211,"line_number":9,"text":"ﮮ","translation":{"text":"and We will inform you","language_name":"english","language_id":38},"transliteration":{"text":"fanunabbi-ukum","language_name":"english","language_id":38}},{"id":25746,"position":23,"audio_url":"wbw/010_023_026.mp3","qpc_uthmani_hafs":"بِمَا","char_type_name":"word","page_number":211,"line_number":9,"text":"ﮯ","translation":{"text":"of what","language_name":"english","language_id":38},"transliteration":{"text":"bimā","language_name":"english","language_id":38}},{"id":25747,"position":24,"audio_url":"wbw/010_023_027.mp3","qpc_uthmani_hafs":"كُنتُمۡ","char_type_name":"word","page_number":211,"line_number":9,"text":"ﮰ","translation":{"text":"you used (to)","language_name":"english","language_id":38},"transliteration":{"text":"kuntum","language_name":"english","language_id":38}},{"id":25748,"position":25,"audio_url":"wbw/010_023_028.mp3","qpc_uthmani_hafs":"تَعۡمَلُونَ","char_type_name":"word","page_number":211,"line_number":9,"text":"ﮱ","translation":{"text":"do","language_name":"english","language_id":38},"transliteration":{"text":"taʿmalūna","language_name":"english","language_id":38}},{"id":25749,"position":26,"audio_url":null,"qpc_uthmani_hafs":"٢٣","char_type_name":"end","page_number":211,"line_number":9,"text":"ﯓ","translation":{"text":"(23)","language_name":"english","language_id":38},"transliteration":{"text":null,"language_name":"english","language_id":38}}],"translations":[{"id":917816,"resource_id":134,"text":"Maka tatkala Allah menyelamatkan mereka, tiba-tiba mereka membuat kezaliman di muka bumi tanpa (alasan) yang benar.  Hai manusia, sesungguhnya (bencana) kezalimanmu akan menimpa dirimu sendiri; (hasil kezalimanmu) itu hanyalah kenikmatan hidup duniawi, kemudian kepada Kami-lah kembalimu, lalu Kami kabarkan kepadamu apa yang telah kamu kerjakan."}]},{"id":1388,"verse_number":24,"verse_key":"10:24","juz_number":11,"hizb_number":21,"rub_el_hizb_number":84,"ruku_number":174,"manzil_number":3,"sajdah_number":null,"text_uthmani":"إِنَّمَا مَثَلُ ٱلْحَيَوٰةِ ٱلدُّنْيَا كَمَآءٍ أَنزَلْنَـٰهُ مِنَ ٱلسَّمَآءِ فَٱخْتَلَطَ بِهِۦ نَبَاتُ ٱلْأَرْضِ مِمَّا يَأْكُلُ ٱلنَّاسُ وَٱلْأَنْعَـٰمُ حَتَّىٰٓ إِذَآ أَخَذَتِ ٱلْأَرْضُ زُخْرُفَهَا وَٱزَّيَّنَتْ وَظَنَّ أَهْلُهَآ أَنَّهُمْ قَـٰدِرُونَ عَلَيْهَآ أَتَىٰهَآ أَمْرُنَا لَيْلًا أَوْ نَهَارًا فَجَعَلْنَـٰهَا حَصِيدًا كَأَن لَّمْ تَغْنَ بِٱلْأَمْسِ ۚ كَذَٰلِكَ نُفَصِّلُ ٱلْـَٔايَـٰتِ لِقَوْمٍ يَتَفَكَّرُونَ","page_number":211,"words":[{"id":26496,"position":1,"audio_url":"wbw/010_024_001.mp3","qpc_uthmani_hafs":"إِنَّمَا","char_type_name":"word","page_number":211,"line_number":10,"text":"ﯔ","translation":{"text":"Only","language_name":"english","language_id":38},"transliteration":{"text":"innamā","language_name":"english","language_id":38}},{"id":26497,"position":2,"audio_url":"wbw/010_024_002.mp3","qpc_uthmani_hafs":"مَثَلُ","char_type_name":"word","page_number":211,"line_number":10,"text":"ﯕ","translation":{"text":"(the) example","language_name":"english","language_id":38},"transliteration":{"text":"mathalu","language_name":"english","language_id":38}},{"id":26498,"position":3,"audio_url":"wbw/010_024_003.mp3","qpc_uthmani_hafs":"ٱلۡحَيَوٰةِ","char_type_name":"word","page_number":211,"line_number":10,"text":"ﯖ","translation":{"text":"(of) the life","language_name":"english","language_id":38},"transliteration":{"text":"l-ḥayati","language_name":"english","language_id":38}},{"id":26499,"position":4,"audio_url":"wbw/010_024_004.mp3","qpc_uthmani_hafs":"ٱلدُّنۡيَا","char_type_name":"word","page_number":211,"line_number":10,"text":"ﯗ","translation":{"text":"(of) the world","language_name":"english","language_id":38},"transliteration":{"text":"l-dun'yā","language_name":"english","language_id":38}},{"id":26500,"position":5,"audio_url":"wbw/010_024_005.mp3","qpc_uthmani_hafs":"كَمَآءٍ","char_type_name":"word","page_number":211,"line_number":10,"text":"ﯘ","translation":{"text":"(is) like (the) water","language_name":"english","language_id":38},"transliteration":{"text":"kamāin","language_name":"english","language_id":38}},{"id":26501,"position":6,"audio_url":"wbw/010_024_006.mp3","qpc_uthmani_hafs":"أَنزَلۡنَٰهُ","char_type_name":"word","page_number":211,"line_number":10,"text":"ﯙ","translation":{"text":"which We sent down","language_name":"english","language_id":38},"transliteration":{"text":"anzalnāhu","language_name":"english","language_id":38}},{"id":26502,"position":7,"audio_url":"wbw/010_024_007.mp3","qpc_uthmani_hafs":"مِنَ","char_type_name":"word","page_number":211,"line_number":10,"text":"ﯚ","translation":{"text":"from","language_name":"english","language_id":38},"transliteration":{"text":"mina","language_name":"english","language_id":38}},{"id":26503,"position":8,"audio_url":"wbw/010_024_008.mp3","qpc_uthmani_hafs":"ٱلسَّمَآءِ","char_type_name":"word","page_number":211,"line_number":10,"text":"ﯛ","translation":{"text":"the sky","language_name":"english","language_id":38},"transliteration":{"text":"l-samāi","language_name":"english","language_id":38}},{"id":26504,"position":9,"audio_url":"wbw/010_024_009.mp3","qpc_uthmani_hafs":"فَٱخۡتَلَطَ","char_type_name":"word","page_number":211,"line_number":10,"text":"ﯜ","translation":{"text":"so absorbs","language_name":"english","language_id":38},"transliteration":{"text":"fa-ikh'talaṭa","language_name":"english","language_id":38}},{"id":26505,"position":10,"audio_url":"wbw/010_024_010.mp3","qpc_uthmani_hafs":"بِهِۦ","char_type_name":"word","page_number":211,"line_number":10,"text":"ﯝ","translation":{"text":"[with] it","language_name":"english","language_id":38},"transliteration":{"text":"bihi","language_name":"english","language_id":38}},{"id":26506,"position":11,"audio_url":"wbw/010_024_011.mp3","qpc_uthmani_hafs":"نَبَاتُ","char_type_name":"word","page_number":211,"line_number":11,"text":"ﯞ","translation":{"text":"(the) plants","language_name":"english","language_id":38},"transliteration":{"text":"nabātu","language_name":"english","language_id":38}},{"id":26507,"position":12,"audio_url":"wbw/010_024_012.mp3","qpc_uthmani_hafs":"ٱلۡأَرۡضِ","char_type_name":"word","page_number":211,"line_number":11,"text":"ﯟ","translation":{"text":"(of) the earth","language_name":"english","language_id":38},"transliteration":{"text":"l-arḍi","language_name":"english","language_id":38}},{"id":26508,"position":13,"audio_url":"wbw/010_024_013.mp3","qpc_uthmani_hafs":"مِمَّا","char_type_name":"word","page_number":211,"line_number":11,"text":"ﯠ","translation":{"text":"from which","language_name":"english","language_id":38},"transliteration":{"text":"mimmā","language_name":"english","language_id":38}},{"id":26509,"position":14,"audio_url":"wbw/010_024_014.mp3","qpc_uthmani_hafs":"يَأۡكُلُ","char_type_name":"word","page_number":211,"line_number":11,"text":"ﯡ","translation":{"text":"eat","language_name":"english","language_id":38},"transliteration":{"text":"yakulu","language_name":"english","language_id":38}},{"id":26510,"position":15,"audio_url":"wbw/010_024_015.mp3","qpc_uthmani_hafs":"ٱلنَّاسُ","char_type_name":"word","page_number":211,"line_number":11,"text":"ﯢ","translation":{"text":"the men","language_name":"english","language_id":38},"transliteration":{"text":"l-nāsu","language_name":"english","language_id":38}},{"id":26511,"position":16,"audio_url":"wbw/010_024_016.mp3","qpc_uthmani_hafs":"وَٱلۡأَنۡعَٰمُ","char_type_name":"word","page_number":211,"line_number":11,"text":"ﯣ","translation":{"text":"and the cattle","language_name":"english","language_id":38},"transliteration":{"text":"wal-anʿāmu","language_name":"english","language_id":38}},{"id":26512,"position":17,"audio_url":"wbw/010_024_017.mp3","qpc_uthmani_hafs":"حَتَّىٰٓ","char_type_name":"word","page_number":211,"line_number":11,"text":"ﯤ","translation":{"text":"until","language_name":"english","language_id":38},"transliteration":{"text":"ḥattā","language_name":"english","language_id":38}},{"id":26513,"position":18,"audio_url":"wbw/010_024_018.mp3","qpc_uthmani_hafs":"إِذَآ","char_type_name":"word","page_number":211,"line_number":11,"text":"ﯥ","translation":{"text":"when","language_name":"english","language_id":38},"transliteration":{"text":"idhā","language_name":"english","language_id":38}},{"id":26514,"position":19,"audio_url":"wbw/010_024_019.mp3","qpc_uthmani_hafs":"أَخَذَتِ","char_type_name":"word","page_number":211,"line_number":11,"text":"ﯦ","translation":{"text":"takes","language_name":"english","language_id":38},"transliteration":{"text":"akhadhati","language_name":"english","language_id":38}},{"id":26515,"position":20,"audio_url":"wbw/010_024_020.mp3","qpc_uthmani_hafs":"ٱلۡأَرۡضُ","char_type_name":"word","page_number":211,"line_number":11,"text":"ﯧ","translation":{"text":"the earth","language_name":"english","language_id":38},"transliteration":{"text":"l-arḍu","language_name":"english","language_id":38}},{"id":26516,"position":21,"audio_url":"wbw/010_024_021.mp3","qpc_uthmani_hafs":"زُخۡرُفَهَا","char_type_name":"word","page_number":211,"line_number":12,"text":"ﯨ","translation":{"text":"its adornment","language_name":"english","language_id":38},"transliteration":{"text":"zukh'rufahā","language_name":"english","language_id":38}},{"id":26517,"position":22,"audio_url":"wbw/010_024_022.mp3","qpc_uthmani_hafs":"وَٱزَّيَّنَتۡ","char_type_name":"word","page_number":211,"line_number":12,"text":"ﯩ","translation":{"text":"and is beautified","language_name":"english","language_id":38},"transliteration":{"text":"wa-izzayyanat","language_name":"english","language_id":38}},{"id":26518,"position":23,"audio_url":"wbw/010_024_023.mp3","qpc_uthmani_hafs":"وَظَنَّ","char_type_name":"word","page_number":211,"line_number":12,"text":"ﯪ","translation":{"text":"and think","language_name":"english","language_id":38},"transliteration":{"text":"waẓanna","language_name":"english","language_id":38}},{"id":26519,"position":24,"audio_url":"wbw/010_024_024.mp3","qpc_uthmani_hafs":"أَهۡلُهَآ","char_type_name":"word","page_number":211,"line_number":12,"text":"ﯫ","translation":{"text":"its people","language_name":"english","language_id":38},"transliteration":{"text":"ahluhā","language_name":"english","language_id":38}},{"id":26520,"position":25,"audio_url":"wbw/010_024_025.mp3","qpc_uthmani_hafs":"أَنَّهُمۡ","char_type_name":"word","page_number":211,"line_number":12,"text":"ﯬ","translation":{"text":"that they","language_name":"english","language_id":38},"transliteration":{"text":"annahum","language_name":"english","language_id":38}},{"id":26521,"position":26,"audio_url":"wbw/010_024_026.mp3","qpc_uthmani_hafs":"قَٰدِرُونَ","char_type_name":"word","page_number":211,"line_number":12,"text":"ﯭ","translation":{"text":"have the power","language_name":"english","language_id":38},"transliteration":{"text":"qādirūna","language_name":"english","language_id":38}},{"id":26522,"position":27,"audio_url":"wbw/010_024_027.mp3","qpc_uthmani_hafs":"عَلَيۡهَآ","char_type_name":"word","page_number":211,"line_number":12,"text":"ﯮ","translation":{"text":"over it","language_name":"english","language_id":38},"transliteration":{"text":"ʿalayhā","language_name":"english","language_id":38}},{"id":26523,"position":28,"audio_url":"wbw/010_024_028.mp3","qpc_uthmani_hafs":"أَتَىٰهَآ","char_type_name":"word","page_number":211,"line_number":13,"text":"ﯯ","translation":{"text":"comes (to) it","language_name":"english","language_id":38},"transliteration":{"text":"atāhā","language_name":"english","language_id":38}},{"id":26524,"position":29,"audio_url":"wbw/010_024_029.mp3","qpc_uthmani_hafs":"أَمۡرُنَا","char_type_name":"word","page_number":211,"line_number":13,"text":"ﯰ","translation":{"text":"Our command","language_name":"english","language_id":38},"transliteration":{"text":"amrunā","language_name":"english","language_id":38}},{"id":26525,"position":30,"audio_url":"wbw/010_024_030.mp3","qpc_uthmani_hafs":"لَيۡلًا","char_type_name":"word","page_number":211,"line_number":13,"text":"ﯱ","translation":{"text":"(by) night","language_name":"english","language_id":38},"transliteration":{"text":"laylan","language_name":"english","language_id":38}},{"id":26526,"position":31,"audio_url":"wbw/010_024_031.mp3","qpc_uthmani_hafs":"أَوۡ","char_type_name":"word","page_number":211,"line_number":13,"text":"ﯲ","translation":{"text":"or","language_name":"english","language_id":38},"transliteration":{"text":"aw","language_name":"english","language_id":38}},{"id":26527,"position":32,"audio_url":"wbw/010_024_032.mp3","qpc_uthmani_hafs":"نَهَارٗا","char_type_name":"word","page_number":211,"line_number":13,"text":"ﯳ","translation":{"text":"(by) day","language_name":"english","language_id":38},"transliteration":{"text":"nahāran","language_name":"english","language_id":38}},{"id":26528,"position":33,"audio_url":"wbw/010_024_033.mp3","qpc_uthmani_hafs":"فَجَعَلۡنَٰهَا","char_type_name":"word","page_number":211,"line_number":13,"text":"ﯴ","translation":{"text":"and We make it","language_name":"english","language_id":38},"transliteration":{"text":"fajaʿalnāhā","language_name":"english","language_id":38}},{"id":26529,"position":34,"audio_url":"wbw/010_024_034.mp3","qpc_uthmani_hafs":"حَصِيدٗا","char_type_name":"word","page_number":211,"line_number":13,"text":"ﯵ","translation":{"text":"a harvest clean-mown","language_name":"english","language_id":38},"transliteration":{"text":"ḥaṣīdan","language_name":"english","language_id":38}},{"id":26530,"position":35,"audio_url":"wbw/010_024_035.mp3","qpc_uthmani_hafs":"كَأَن","char_type_name":"word","page_number":211,"line_number":13,"text":"ﯶ","translation":{"text":"as if","language_name":"english","language_id":38},"transliteration":{"text":"ka-an","language_name":"english","language_id":38}},{"id":26531,"position":36,"audio_url":"wbw/010_024_036.mp3","qpc_uthmani_hafs":"لَّمۡ","char_type_name":"word","page_number":211,"line_number":13,"text":"ﯷ","translation":{"text":"not","language_name":"english","language_id":38},"transliteration":{"text":"lam","language_name":"english","language_id":38}},{"id":26532,"position":37,"audio_url":"wbw/010_024_037.mp3","qpc_uthmani_hafs":"تَغۡنَ","char_type_name":"word","page_number":211,"line_number":13,"text":"ﯸ","translation":{"text":"it had flourished","language_name":"english","language_id":38},"transliteration":{"text":"taghna","language_name":"english","language_id":38}},{"id":26533,"position":38,"audio_url":"wbw/010_024_038.mp3","qpc_uthmani_hafs":"بِٱلۡأَمۡسِۚ","char_type_name":"word","page_number":211,"line_number":14,"text":"ﯹﯺ","translation":{"text":"yesterday","language_name":"english","language_id":38},"transliteration":{"text":"bil-amsi","language_name":"english","language_id":38}},{"id":26535,"position":39,"audio_url":"wbw/010_024_040.mp3","qpc_uthmani_hafs":"كَذَٰلِكَ","char_type_name":"word","page_number":211,"line_number":14,"text":"ﯻ","translation":{"text":"Thus","language_name":"english","language_id":38},"transliteration":{"text":"kadhālika","language_name":"english","language_id":38}},{"id":26536,"position":40,"audio_url":"wbw/010_024_041.mp3","qpc_uthmani_hafs":"نُفَصِّلُ","char_type_name":"word","page_number":211,"line_number":14,"text":"ﯼ","translation":{"text":"We explain","language_name":"english","language_id":38},"transliteration":{"text":"nufaṣṣilu","language_name":"english","language_id":38}},{"id":26537,"position":41,"audio_url":"wbw/010_024_042.mp3","qpc_uthmani_hafs":"ٱلۡأٓيَٰتِ","char_type_name":"word","page_number":211,"line_number":14,"text":"ﯽ","translation":{"text":"the Signs","language_name":"english","language_id":38},"transliteration":{"text":"l-āyāti","language_name":"english","language_id":38}},{"id":26538,"position":42,"audio_url":"wbw/010_024_043.mp3","qpc_uthmani_hafs":"لِقَوۡمٖ","char_type_name":"word","page_number":211,"line_number":14,"text":"ﯾ","translation":{"text":"for a people","language_name":"english","language_id":38},"transliteration":{"text":"liqawmin","language_name":"english","language_id":38}},{"id":26539,"position":43,"audio_url":"wbw/010_024_044.mp3","qpc_uthmani_hafs":"يَتَفَكَّرُونَ","char_type_name":"word","page_number":211,"line_number":14,"text":"ﯿ","translation":{"text":"who reflect","language_name":"english","language_id":38},"transliteration":{"text":"yatafakkarūna","language_name":"english","language_id":38}},{"id":26540,"position":44,"audio_url":null,"qpc_uthmani_hafs":"٢٤","char_type_name":"end","page_number":211,"line_number":14,"text":"ﰀ","translation":{"text":"(24)","language_name":"english","language_id":38},"transliteration":{"text":null,"language_name":"english","language_id":38}}],"translations":[{"id":917817,"resource_id":134,"text":"Sesungguhnya perumpamaan kehidupan duniawi itu adalah seperti air (hujan) yang Kami turunkan dari langit, lalu tumbuhlah dengan suburnya karena air itu tanam-tanaman bumi, di antaranya ada yang dimakan manusia dan binatang ternak. Hingga apabila bumi itu telah sempurna keindahannya dan memakai (pula) perhiasannya <sup foot_note=210452>1</sup> dan pemilik-pemiliknya mengira bahwa mereka pasti menguasainya <sup foot_note=210453>2</sup>, tiba-tiba datanglah kepadanya azab Kami pada waktu malam atau siang, lalu Kami jadikan (tanam-tanamannya) laksana tanam-tanaman yang sudah disabit, seakan-akan belum pernah tumbuh kemarin.  Demikianlah Kami menjelaskan tanda-tanda kekuasaan (Kami) kepada orang-orang berpikir."}]},{"id":1389,"verse_number":25,"verse_key":"10:25","juz_number":11,"hizb_number":21,"rub_el_hizb_number":84,"ruku_number":174,"manzil_number":3,"sajdah_number":null,"text_uthmani":"وَٱللَّهُ يَدْعُوٓا۟ إِلَىٰ دَارِ ٱلسَّلَـٰمِ وَيَهْدِى مَن يَشَآءُ إِلَىٰ صِرَٰطٍ مُّسْتَقِيمٍ","page_number":211,"words":[{"id":27714,"position":1,"audio_url":"wbw/010_025_001.mp3","qpc_uthmani_hafs":"وَٱللَّهُ","char_type_name":"word","page_number":211,"line_number":14,"text":"ﰁ","translation":{"text":"And Allah","language_name":"english","language_id":38},"transliteration":{"text":"wal-lahu","language_name":"english","language_id":38}},{"id":27715,"position":2,"audio_url":"wbw/010_025_002.mp3","qpc_uthmani_hafs":"يَدۡعُوٓاْ","char_type_name":"word","page_number":211,"line_number":15,"text":"ﰂ","translation":{"text":"calls","language_name":"english","language_id":38},"transliteration":{"text":"yadʿū","language_name":"english","language_id":38}},{"id":27716,"position":3,"audio_url":"wbw/010_025_003.mp3","qpc_uthmani_hafs":"إِلَىٰ","char_type_name":"word","page_number":211,"line_number":15,"text":"ﰃ","translation":{"text":"to","language_name":"english","language_id":38},"transliteration":{"text":"ilā","language_name":"english","language_id":38}},{"id":27717,"position":4,"audio_url":"wbw/010_025_004.mp3","qpc_uthmani_hafs":"دَارِ","char_type_name":"word","page_number":211,"line_number":15,"text":"ﰄ","translation":{"text":"(the) Home","language_name":"english","language_id":38},"transliteration":{"text":"dāri","language_name":"english","language_id":38}},{"id":27718,"position":5,"audio_url":"wbw/010_025_005.mp3","qpc_uthmani_hafs":"ٱلسَّلَٰمِ","char_type_name":"word","page_number":211,"line_number":15,"text":"ﰅ","translation":{"text":"(of) the Peace","language_name":"english","language_id":38},"transliteration":{"text":"l-salāmi","language_name":"english","language_id":38}},{"id":27719,"position":6,"audio_url":"wbw/010_025_006.mp3","qpc_uthmani_hafs":"وَيَهۡدِي","char_type_name":"word","page_number":211,"line_number":15,"text":"ﰆ","translation":{"text":"and guides","language_name":"english","language_id":38},"transliteration":{"text":"wayahdī","language_name":"english","language_id":38}},{"id":27720,"position":7,"audio_url":"wbw/010_025_007.mp3","qpc_uthmani_hafs":"مَن","char_type_name":"word","page_number":211,"line_number":15,"text":"ﰇ","translation":{"text":"whom","language_name":"english","language_id":38},"transliteration":{"text":"man","language_name":"english","language_id":38}},{"id":27721,"position":8,"audio_url":"wbw/010_025_008.mp3","qpc_uthmani_hafs":"يَشَآءُ","char_type_name":"word","page_number":211,"line_number":15,"text":"ﰈ","translation":{"text":"He wills","language_name":"english","language_id":38},"transliteration":{"text":"yashāu","language_name":"english","language_id":38}},{"id":27722,"position":9,"audio_url":"wbw/010_025_009.mp3","qpc_uthmani_hafs":"إِلَىٰ","char_type_name":"word","page_number":211,"line_number":15,"text":"ﰉ","translation":{"text":"to","language_name":"english","language_id":38},"transliteration":{"text":"ilā","language_name":"english","language_id":38}},{"id":27723,"position":10,"audio_url":"wbw/010_025_010.mp3","qpc_uthmani_hafs":"صِرَٰطٖ","char_type_name":"word","page_number":211,"line_number":15,"text":"ﰊ","translation":{"text":"(the) straight path","language_name":"english","language_id":38},"transliteration":{"text":"ṣirāṭin","language_name":"english","language_id":38}},{"id":27724,"position":11,"audio_url":"wbw/010_025_011.mp3","qpc_uthmani_hafs":"مُّسۡتَقِيمٖ","char_type_name":"word","page_number":211,"line_number":15,"text":"ﰋ","translation":{"text":"(the) straight path","language_name":"english","language_id":38},"transliteration":{"text":"mus'taqīmin","language_name":"english","language_id":38}},{"id":27725,"position":12,"audio_url":null,"qpc_uthmani_hafs":"٢٥","char_type_name":"end","page_number":211,"line_number":15,"text":"ﰌ","translation":{"text":"(25)","language_name":"english","language_id":38},"transliteration":{"text":null,"language_name":"english","language_id":38}}],"translations":[{"id":917818,"resource_id":134,"text":"Allah menyeru (manusia) ke Dārissalām (surga), dan menunjuki orang yang dikehendaki-Nya kepada jalan yang lurus (Islam)<sup foot_note=210454>1</sup>."}]}],"pagination":{"per_page":50,"current_page":1,"next_page":null,"total_pages":1,"total_records":5}}