{"verses":[{"id":1407,"verse_number":43,"verse_key":"10:43","juz_number":11,"hizb_number":22,"rub_el_hizb_number":85,"ruku_number":176,"manzil_number":3,"sajdah_number":null,"text_uthmani":"وَمِنْهُم مَّن يَنظُرُ إِلَيْكَ ۚ أَفَأَنتَ تَهْدِى ٱلْعُمْىَ وَلَوْ كَانُوا۟ لَا يُبْصِرُونَ","page_number":214,"words":[{"id":43697,"position":1,"audio_url":"wbw/010_043_001.mp3","qpc_uthmani_hafs":"وَمِنۡهُم","char_type_name":"word","page_number":214,"line_number":1,"text":"ﭑ","translation":{"text":"And among them","language_name":"english","language_id":38},"transliteration":{"text":"wamin'hum","language_name":"english","language_id":38}},{"id":43698,"position":2,"audio_url":"wbw/010_043_002.mp3","qpc_uthmani_hafs":"مَّن","char_type_name":"word","page_number":214,"line_number":1,"text":"ﭒ","translation":{"text":"(are some) who","language_name":"english","language_id":38},"transliteration":{"text":"man","language_name":"english","language_id":38}},{"id":43699,"position":3,"audio_url":"wbw/010_043_003.mp3","qpc_uthmani_hafs":"يَنظُرُ","char_type_name":"word","page_number":214,"line_number":1,"text":"ﭓ","translation":{"text":"look","language_name":"english","language_id":38},"transliteration":{"text":"yanẓuru","language_name":"english","language_id":38}},{"id":43700,"position":4,"audio_url":"wbw/010_043_004.mp3","qpc_uthmani_hafs":"إِلَيۡكَۚ","char_type_name":"word","page_number":214,"line_number":1,"text":"ﭔﭕ","translation":{"text":"at you","language_name":"english","language_id":38},"transliteration":{"text":"ilayka","language_name":"english","language_id":38}},{"id":43702,"position":5,"audio_url":"wbw/010_043_006.mp3","qpc_uthmani_hafs":"أَفَأَنتَ","char_type_name":"word","page_number":214,"line_number":1,"text":"ﭖ","translation":{"text":"But (can) you","language_name":"english","language_id":38},"transliteration":{"text":"afa-anta","language_name":"english","language_id":38}},{"id":43703,"position":6,"audio_url":"wbw/010_043_007.mp3","qpc_uthmani_hafs":"تَهۡدِي","char_type_name":"word","page_number":214,"line_number":1,"text":"ﭗ","translation":{"text":"guide","language_name":"english","language_id":38},"transliteration":{"text":"tahdī","language_name":"english","language_id":38}},{"id":43704,"position":7,"audio_url":"wbw/010_043_008.mp3","qpc_uthmani_hafs":"ٱلۡعُمۡيَ","char_type_name":"word","page_number":214,"line_number":1,"text":"ﭘ","translation":{"text":"the blind","language_name":"english","language_id":38},"transliteration":{"text":"l-ʿum'ya","language_name":"english","language_id":38}},{"id":43705,"position":8,"audio_url":"wbw/010_043_009.mp3","qpc_uthmani_hafs":"وَلَوۡ","char_type_name":"word","page_number":214,"line_number":1,"text":"ﭙ","translation":{"text":"even though","language_name":"english","language_id":38},"transliteration":{"text":"walaw","language_name":"english","language_id":38}},{"id":43706,"position":9,"audio_url":"wbw/010_043_010.mp3","qpc_uthmani_hafs":"كَانُواْ","char_type_name":"word","page_number":214,"line_number":1,"text":"ﭚ","translation":{"text":"they [were]","language_name":"english","language_id":38},"transliteration":{"text":"kānū","language_name":"english","language_id":38}},{"id":43707,"position":10,"audio_url":"wbw/010_043_011.mp3","qpc_uthmani_hafs":"لَا","char_type_name":"word","page_number":214,"line_number":2,"text":"ﭛ","translation":{"text":"(do) not","language_name":"english","language_id":38},"transliteration":{"text":"lā","language_name":"english","language_id":38}},{"id":43708,"position":11,"audio_url":"wbw/010_043_012.mp3","qpc_uthmani_hafs":"يُبۡصِرُونَ","char_type_name":"word","page_number":214,"line_number":2,"text":"ﭜ","translation":{"text":"see","language_name":"english","language_id":38},"transliteration":{"text":"yub'ṣirūna","language_name":"english","language_id":38}},{"id":43709,"position":12,"audio_url":null,"qpc_uthmani_hafs":"٤٣","char_type_name":"end","page_number":214,"line_number":2,"text":"ﭝ","translation":{"text":"(43)","language_name":"english","language_id":38},"transliteration":{"text":null,"language_name":"english","language_id":38}}],"translations":[{"id":917836,"resource_id":134,"text":"Dan di antara mereka ada orang yang melihat kepadamu <sup foot_note=210462>1</sup>, apakah dapat kamu memberi petunjuk kepada orang-orang yang buta, walaupun mereka tidak dapat memperhatikan."}]},{"id":1408,"verse_number":44,"verse_key":"10:44","juz_number":11,"hizb_number":22,"rub_el_hizb_number":85,"ruku_number":176,"manzil_number":3,"sajdah_number":null,"text_uthmani":"إِنَّ ٱللَّهَ لَا يَظْلِمُ ٱلنَّاسَ شَيْـًٔا وَلَـٰكِنَّ ٱلنَّاسَ أَنفُسَهُمْ يَظْلِمُونَ","page_number":214,"words":[{"id":44498,"position":1,"audio_url":"wbw/010_044_001.mp3","qpc_uthmani_hafs":"إِنَّ","char_type_name":"word","page_number":214,"line_number":2,"text":"ﭞ","translation":{"text":"Indeed","language_name":"english","language_id":38},"transliteration":{"text":"inna","language_name":"english","language_id":38}},{"id":44499,"position":2,"audio_url":"wbw/010_044_002.mp3","qpc_uthmani_hafs":"ٱللَّهَ","char_type_name":"word","page_number":214,"line_number":2,"text":"ﭟ","translation":{"text":"Allah","language_name":"english","language_id":38},"transliteration":{"text":"l-laha","language_name":"english","language_id":38}},{"id":44500,"position":3,"audio_url":"wbw/010_044_003.mp3","qpc_uthmani_hafs":"لَا","char_type_name":"word","page_number":214,"line_number":2,"text":"ﭠ","translation":{"text":"(does) not","language_name":"english","language_id":38},"transliteration":{"text":"lā","language_name":"english","language_id":38}},{"id":44501,"position":4,"audio_url":"wbw/010_044_004.mp3","qpc_uthmani_hafs":"يَظۡلِمُ","char_type_name":"word","page_number":214,"line_number":2,"text":"ﭡ","translation":{"text":"wrong","language_name":"english","language_id":38},"transliteration":{"text":"yaẓlimu","language_name":"english","language_id":38}},{"id":44502,"position":5,"audio_url":"wbw/010_044_005.mp3","qpc_uthmani_hafs":"ٱلنَّاسَ","char_type_name":"word","page_number":214,"line_number":2,"text":"ﭢ","translation":{"text":"the people","language_name":"english","language_id":38},"transliteration":{"text":"l-nāsa","language_name":"english","language_id":38}},{"id":44503,"position":6,"audio_url":"wbw/010_044_006.mp3","qpc_uthmani_hafs":"شَيۡـٔٗا","char_type_name":"word","page_number":214,"line_number":2,"text":"ﭣ","translation":{"text":"(in) anything","language_name":"english","language_id":38},"transliteration":{"text":"shayan","language_name":"english","language_id":38}},{"id":44504,"position":7,"audio_url":"wbw/010_044_007.mp3","qpc_uthmani_hafs":"وَلَٰكِنَّ","char_type_name":"word","page_number":214,"line_number":2,"text":"ﭤ","translation":{"text":"but","language_name":"english","language_id":38},"transliteration":{"text":"walākinna","language_name":"english","language_id":38}},{"id":44505,"position":8,"audio_url":"wbw/010_044_008.mp3","qpc_uthmani_hafs":"ٱلنَّاسَ","char_type_name":"word","page_number":214,"line_number":3,"text":"ﭥ","translation":{"text":"the people","language_name":"english","language_id":38},"transliteration":{"text":"l-nāsa","language_name":"english","language_id":38}},{"id":44506,"position":9,"audio_url":"wbw/010_044_009.mp3","qpc_uthmani_hafs":"أَنفُسَهُمۡ","char_type_name":"word","page_number":214,"line_number":3,"text":"ﭦ","translation":{"text":"wrong themselves","language_name":"english","language_id":38},"transliteration":{"text":"anfusahum","language_name":"english","language_id":38}},{"id":44507,"position":10,"audio_url":"wbw/010_044_010.mp3","qpc_uthmani_hafs":"يَظۡلِمُونَ","char_type_name":"word","page_number":214,"line_number":3,"text":"ﭧ","translation":{"text":"wrong themselves","language_name":"english","language_id":38},"transliteration":{"text":"yaẓlimūna","language_name":"english","language_id":38}},{"id":44508,"position":11,"audio_url":null,"qpc_uthmani_hafs":"٤٤","char_type_name":"end","page_number":214,"line_number":3,"text":"ﭨ","translation":{"text":"(44)","language_name":"english","language_id":38},"transliteration":{"text":null,"language_name":"english","language_id":38}}],"translations":[{"id":917837,"resource_id":134,"text":"Sesungguhnya Allah tidak berbuat zalim kepada manusia sedikit pun,  tetapi manusia itulah yang berbuat zalim kepada diri mereka sendiri."}]},{"id":1409,"verse_number":45,"verse_key":"10:45","juz_number":11,"hizb_number":22,"rub_el_hizb_number":85,"ruku_number":176,"manzil_number":3,"sajdah_number":null,"text_uthmani":"وَيَوْمَ يَحْشُرُهُمْ كَأَن لَّمْ يَلْبَثُوٓا۟ إِلَّا سَاعَةً مِّنَ ٱلنَّهَارِ يَتَعَارَفُونَ بَيْنَهُمْ ۚ قَدْ خَسِرَ ٱلَّذِينَ كَذَّبُوا۟ بِلِقَآءِ ٱللَّهِ وَمَا كَانُوا۟ مُهْتَدِينَ","page_number":214,"words":[{"id":45169,"position":1,"audio_url":"wbw/010_045_001.mp3","qpc_uthmani_hafs":"وَيَوۡمَ","char_type_name":"word","page_number":214,"line_number":3,"text":"ﭩ","translation":{"text":"And the Day","language_name":"english","language_id":38},"transliteration":{"text":"wayawma","language_name":"english","language_id":38}},{"id":45170,"position":2,"audio_url":"wbw/010_045_002.mp3","qpc_uthmani_hafs":"يَحۡشُرُهُمۡ","char_type_name":"word","page_number":214,"line_number":3,"text":"ﭪ","translation":{"text":"He will gather them","language_name":"english","language_id":38},"transliteration":{"text":"yaḥshuruhum","language_name":"english","language_id":38}},{"id":45171,"position":3,"audio_url":"wbw/010_045_003.mp3","qpc_uthmani_hafs":"كَأَن","char_type_name":"word","page_number":214,"line_number":3,"text":"ﭫ","translation":{"text":"as if","language_name":"english","language_id":38},"transliteration":{"text":"ka-an","language_name":"english","language_id":38}},{"id":45172,"position":4,"audio_url":"wbw/010_045_004.mp3","qpc_uthmani_hafs":"لَّمۡ","char_type_name":"word","page_number":214,"line_number":3,"text":"ﭬ","translation":{"text":"they had not remained","language_name":"english","language_id":38},"transliteration":{"text":"lam","language_name":"english","language_id":38}},{"id":45173,"position":5,"audio_url":"wbw/010_045_005.mp3","qpc_uthmani_hafs":"يَلۡبَثُوٓاْ","char_type_name":"word","page_number":214,"line_number":3,"text":"ﭭ","translation":{"text":"they had not remained","language_name":"english","language_id":38},"transliteration":{"text":"yalbathū","language_name":"english","language_id":38}},{"id":45174,"position":6,"audio_url":"wbw/010_045_006.mp3","qpc_uthmani_hafs":"إِلَّا","char_type_name":"word","page_number":214,"line_number":3,"text":"ﭮ","translation":{"text":"except","language_name":"english","language_id":38},"transliteration":{"text":"illā","language_name":"english","language_id":38}},{"id":45175,"position":7,"audio_url":"wbw/010_045_007.mp3","qpc_uthmani_hafs":"سَاعَةٗ","char_type_name":"word","page_number":214,"line_number":4,"text":"ﭯ","translation":{"text":"an hour","language_name":"english","language_id":38},"transliteration":{"text":"sāʿatan","language_name":"english","language_id":38}},{"id":45176,"position":8,"audio_url":"wbw/010_045_008.mp3","qpc_uthmani_hafs":"مِّنَ","char_type_name":"word","page_number":214,"line_number":4,"text":"ﭰ","translation":{"text":"of","language_name":"english","language_id":38},"transliteration":{"text":"mina","language_name":"english","language_id":38}},{"id":45177,"position":9,"audio_url":"wbw/010_045_009.mp3","qpc_uthmani_hafs":"ٱلنَّهَارِ","char_type_name":"word","page_number":214,"line_number":4,"text":"ﭱ","translation":{"text":"the day","language_name":"english","language_id":38},"transliteration":{"text":"l-nahāri","language_name":"english","language_id":38}},{"id":45178,"position":10,"audio_url":"wbw/010_045_010.mp3","qpc_uthmani_hafs":"يَتَعَارَفُونَ","char_type_name":"word","page_number":214,"line_number":4,"text":"ﭲ","translation":{"text":"they will recognize each other","language_name":"english","language_id":38},"transliteration":{"text":"yataʿārafūna","language_name":"english","language_id":38}},{"id":45179,"position":11,"audio_url":"wbw/010_045_011.mp3","qpc_uthmani_hafs":"بَيۡنَهُمۡۚ","char_type_name":"word","page_number":214,"line_number":4,"text":"ﭳﭴ","translation":{"text":"between them","language_name":"english","language_id":38},"transliteration":{"text":"baynahum","language_name":"english","language_id":38}},{"id":45181,"position":12,"audio_url":"wbw/010_045_013.mp3","qpc_uthmani_hafs":"قَدۡ","char_type_name":"word","page_number":214,"line_number":4,"text":"ﭵ","translation":{"text":"Certainly","language_name":"english","language_id":38},"transliteration":{"text":"qad","language_name":"english","language_id":38}},{"id":45182,"position":13,"audio_url":"wbw/010_045_014.mp3","qpc_uthmani_hafs":"خَسِرَ","char_type_name":"word","page_number":214,"line_number":4,"text":"ﭶ","translation":{"text":"(will have) lost","language_name":"english","language_id":38},"transliteration":{"text":"khasira","language_name":"english","language_id":38}},{"id":45183,"position":14,"audio_url":"wbw/010_045_015.mp3","qpc_uthmani_hafs":"ٱلَّذِينَ","char_type_name":"word","page_number":214,"line_number":4,"text":"ﭷ","translation":{"text":"those who","language_name":"english","language_id":38},"transliteration":{"text":"alladhīna","language_name":"english","language_id":38}},{"id":45184,"position":15,"audio_url":"wbw/010_045_016.mp3","qpc_uthmani_hafs":"كَذَّبُواْ","char_type_name":"word","page_number":214,"line_number":4,"text":"ﭸ","translation":{"text":"denied","language_name":"english","language_id":38},"transliteration":{"text":"kadhabū","language_name":"english","language_id":38}},{"id":45185,"position":16,"audio_url":"wbw/010_045_017.mp3","qpc_uthmani_hafs":"بِلِقَآءِ","char_type_name":"word","page_number":214,"line_number":4,"text":"ﭹ","translation":{"text":"the meeting","language_name":"english","language_id":38},"transliteration":{"text":"biliqāi","language_name":"english","language_id":38}},{"id":45186,"position":17,"audio_url":"wbw/010_045_018.mp3","qpc_uthmani_hafs":"ٱللَّهِ","char_type_name":"word","page_number":214,"line_number":4,"text":"ﭺ","translation":{"text":"(with) Allah","language_name":"english","language_id":38},"transliteration":{"text":"l-lahi","language_name":"english","language_id":38}},{"id":45187,"position":18,"audio_url":"wbw/010_045_019.mp3","qpc_uthmani_hafs":"وَمَا","char_type_name":"word","page_number":214,"line_number":5,"text":"ﭻ","translation":{"text":"and not","language_name":"english","language_id":38},"transliteration":{"text":"wamā","language_name":"english","language_id":38}},{"id":45188,"position":19,"audio_url":"wbw/010_045_020.mp3","qpc_uthmani_hafs":"كَانُواْ","char_type_name":"word","page_number":214,"line_number":5,"text":"ﭼ","translation":{"text":"they were","language_name":"english","language_id":38},"transliteration":{"text":"kānū","language_name":"english","language_id":38}},{"id":45189,"position":20,"audio_url":"wbw/010_045_021.mp3","qpc_uthmani_hafs":"مُهۡتَدِينَ","char_type_name":"word","page_number":214,"line_number":5,"text":"ﭽ","translation":{"text":"the guided ones","language_name":"english","language_id":38},"transliteration":{"text":"muh'tadīna","language_name":"english","language_id":38}},{"id":45190,"position":21,"audio_url":null,"qpc_uthmani_hafs":"٤٥","char_type_name":"end","page_number":214,"line_number":5,"text":"ﭾ","translation":{"text":"(45)","language_name":"english","language_id":38},"transliteration":{"text":null,"language_name":"english","language_id":38}}],"translations":[{"id":917838,"resource_id":134,"text":"Dan (ingatlah) akan hari (yang di waktu itu) Allah mengumpulkan mereka, (mereka merasa di hari itu) seakan-akan mereka tidak pernah berdiam (di dunia) hanya sesaat saja di siang hari, (di waktu itu) mereka saling berkenalan.  Sesungguhnya rugilah orang-orang yang mendustakan pertemuan mereka dengan Allah dan mereka tidak mendapat petunjuk."}]},{"id":1410,"verse_number":46,"verse_key":"10:46","juz_number":11,"hizb_number":22,"rub_el_hizb_number":85,"ruku_number":176,"manzil_number":3,"sajdah_number":null,"text_uthmani":"وَإِمَّا نُرِيَنَّكَ بَعْضَ ٱلَّذِى نَعِدُهُمْ أَوْ نَتَوَفَّيَنَّكَ فَإِلَيْنَا مَرْجِعُهُمْ ثُمَّ ٱللَّهُ شَهِيدٌ عَلَىٰ مَا يَفْعَلُونَ","page_number":214,"words":[{"id":45889,"position":1,"audio_url":"wbw/010_046_001.mp3","qpc_uthmani_hafs":"وَإِمَّا","char_type_name":"word","page_number":214,"line_number":5,"text":"ﭿ","translation":{"text":"And whether","language_name":"english","language_id":38},"transliteration":{"text":"wa-immā","language_name":"english","language_id":38}},{"id":45890,"position":2,"audio_url":"wbw/010_046_002.mp3","qpc_uthmani_hafs":"نُرِيَنَّكَ","char_type_name":"word","page_number":214,"line_number":5,"text":"ﮀ","translation":{"text":"We show you","language_name":"english","language_id":38},"transliteration":{"text":"nuriyannaka","language_name":"english","language_id":38}},{"id":45891,"position":3,"audio_url":"wbw/010_046_003.mp3","qpc_uthmani_hafs":"بَعۡضَ","char_type_name":"word","page_number":214,"line_number":5,"text":"ﮁ","translation":{"text":"some","language_name":"english","language_id":38},"transliteration":{"text":"baʿḍa","language_name":"english","language_id":38}},{"id":45892,"position":4,"audio_url":"wbw/010_046_004.mp3","qpc_uthmani_hafs":"ٱلَّذِي","char_type_name":"word","page_number":214,"line_number":5,"text":"ﮂ","translation":{"text":"(of) that which","language_name":"english","language_id":38},"transliteration":{"text":"alladhī","language_name":"english","language_id":38}},{"id":45893,"position":5,"audio_url":"wbw/010_046_005.mp3","qpc_uthmani_hafs":"نَعِدُهُمۡ","char_type_name":"word","page_number":214,"line_number":5,"text":"ﮃ","translation":{"text":"We promised them","language_name":"english","language_id":38},"transliteration":{"text":"naʿiduhum","language_name":"english","language_id":38}},{"id":45894,"position":6,"audio_url":"wbw/010_046_006.mp3","qpc_uthmani_hafs":"أَوۡ","char_type_name":"word","page_number":214,"line_number":5,"text":"ﮄ","translation":{"text":"or","language_name":"english","language_id":38},"transliteration":{"text":"aw","language_name":"english","language_id":38}},{"id":45895,"position":7,"audio_url":"wbw/010_046_007.mp3","qpc_uthmani_hafs":"نَتَوَفَّيَنَّكَ","char_type_name":"word","page_number":214,"line_number":5,"text":"ﮅ","translation":{"text":"We cause you to die","language_name":"english","language_id":38},"transliteration":{"text":"natawaffayannaka","language_name":"english","language_id":38}},{"id":45896,"position":8,"audio_url":"wbw/010_046_008.mp3","qpc_uthmani_hafs":"فَإِلَيۡنَا","char_type_name":"word","page_number":214,"line_number":6,"text":"ﮆ","translation":{"text":"then to Us","language_name":"english","language_id":38},"transliteration":{"text":"fa-ilaynā","language_name":"english","language_id":38}},{"id":45897,"position":9,"audio_url":"wbw/010_046_009.mp3","qpc_uthmani_hafs":"مَرۡجِعُهُمۡ","char_type_name":"word","page_number":214,"line_number":6,"text":"ﮇ","translation":{"text":"(is) their return","language_name":"english","language_id":38},"transliteration":{"text":"marjiʿuhum","language_name":"english","language_id":38}},{"id":45898,"position":10,"audio_url":"wbw/010_046_010.mp3","qpc_uthmani_hafs":"ثُمَّ","char_type_name":"word","page_number":214,"line_number":6,"text":"ﮈ","translation":{"text":"then","language_name":"english","language_id":38},"transliteration":{"text":"thumma","language_name":"english","language_id":38}},{"id":45899,"position":11,"audio_url":"wbw/010_046_011.mp3","qpc_uthmani_hafs":"ٱللَّهُ","char_type_name":"word","page_number":214,"line_number":6,"text":"ﮉ","translation":{"text":"Allah","language_name":"english","language_id":38},"transliteration":{"text":"l-lahu","language_name":"english","language_id":38}},{"id":45900,"position":12,"audio_url":"wbw/010_046_012.mp3","qpc_uthmani_hafs":"شَهِيدٌ","char_type_name":"word","page_number":214,"line_number":6,"text":"ﮊ","translation":{"text":"(is) a Witness","language_name":"english","language_id":38},"transliteration":{"text":"shahīdun","language_name":"english","language_id":38}},{"id":45901,"position":13,"audio_url":"wbw/010_046_013.mp3","qpc_uthmani_hafs":"عَلَىٰ","char_type_name":"word","page_number":214,"line_number":6,"text":"ﮋ","translation":{"text":"over","language_name":"english","language_id":38},"transliteration":{"text":"ʿalā","language_name":"english","language_id":38}},{"id":45902,"position":14,"audio_url":"wbw/010_046_014.mp3","qpc_uthmani_hafs":"مَا","char_type_name":"word","page_number":214,"line_number":6,"text":"ﮌ","translation":{"text":"what","language_name":"english","language_id":38},"transliteration":{"text":"mā","language_name":"english","language_id":38}},{"id":45903,"position":15,"audio_url":"wbw/010_046_015.mp3","qpc_uthmani_hafs":"يَفۡعَلُونَ","char_type_name":"word","page_number":214,"line_number":6,"text":"ﮍ","translation":{"text":"they do","language_name":"english","language_id":38},"transliteration":{"text":"yafʿalūna","language_name":"english","language_id":38}},{"id":45904,"position":16,"audio_url":null,"qpc_uthmani_hafs":"٤٦","char_type_name":"end","page_number":214,"line_number":6,"text":"ﮎ","translation":{"text":"(46)","language_name":"english","language_id":38},"transliteration":{"text":null,"language_name":"english","language_id":38}}],"translations":[{"id":917839,"resource_id":134,"text":"Dan jika Kami perlihatkan kepadamu sebagian dari (siksa) yang Kami ancamkan kepada mereka, (tentulah kamu akan melihatnya) atau (jika) Kami wafatkan kamu (sebelum itu), maka kepada Kami jualah mereka kembali <sup foot_note=210463>1</sup>, dan Allah menjadi saksi atas apa yang mereka kerjakan."}]},{"id":1411,"verse_number":47,"verse_key":"10:47","juz_number":11,"hizb_number":22,"rub_el_hizb_number":85,"ruku_number":176,"manzil_number":3,"sajdah_number":null,"text_uthmani":"وَلِكُلِّ أُمَّةٍ رَّسُولٌ ۖ فَإِذَا جَآءَ رَسُولُهُمْ قُضِىَ بَيْنَهُم بِٱلْقِسْطِ وَهُمْ لَا يُظْلَمُونَ","page_number":214,"words":[{"id":46390,"position":1,"audio_url":"wbw/010_047_001.mp3","qpc_uthmani_hafs":"وَلِكُلِّ","char_type_name":"word","page_number":214,"line_number":6,"text":"ﮏ","translation":{"text":"And for every","language_name":"english","language_id":38},"transliteration":{"text":"walikulli","language_name":"english","language_id":38}},{"id":46391,"position":2,"audio_url":"wbw/010_047_002.mp3","qpc_uthmani_hafs":"أُمَّةٖ","char_type_name":"word","page_number":214,"line_number":7,"text":"ﮐ","translation":{"text":"nation","language_name":"english","language_id":38},"transliteration":{"text":"ummatin","language_name":"english","language_id":38}},{"id":46392,"position":3,"audio_url":"wbw/010_047_003.mp3","qpc_uthmani_hafs":"رَّسُولٞۖ","char_type_name":"word","page_number":214,"line_number":7,"text":"ﮑﮒ","translation":{"text":"(is) a Messenger","language_name":"english","language_id":38},"transliteration":{"text":"rasūlun","language_name":"english","language_id":38}},{"id":46394,"position":4,"audio_url":"wbw/010_047_005.mp3","qpc_uthmani_hafs":"فَإِذَا","char_type_name":"word","page_number":214,"line_number":7,"text":"ﮓ","translation":{"text":"So when","language_name":"english","language_id":38},"transliteration":{"text":"fa-idhā","language_name":"english","language_id":38}},{"id":46395,"position":5,"audio_url":"wbw/010_047_006.mp3","qpc_uthmani_hafs":"جَآءَ","char_type_name":"word","page_number":214,"line_number":7,"text":"ﮔ","translation":{"text":"comes","language_name":"english","language_id":38},"transliteration":{"text":"jāa","language_name":"english","language_id":38}},{"id":46396,"position":6,"audio_url":"wbw/010_047_007.mp3","qpc_uthmani_hafs":"رَسُولُهُمۡ","char_type_name":"word","page_number":214,"line_number":7,"text":"ﮕ","translation":{"text":"their Messenger","language_name":"english","language_id":38},"transliteration":{"text":"rasūluhum","language_name":"english","language_id":38}},{"id":46397,"position":7,"audio_url":"wbw/010_047_008.mp3","qpc_uthmani_hafs":"قُضِيَ","char_type_name":"word","page_number":214,"line_number":7,"text":"ﮖ","translation":{"text":"it will be judged","language_name":"english","language_id":38},"transliteration":{"text":"quḍiya","language_name":"english","language_id":38}},{"id":46398,"position":8,"audio_url":"wbw/010_047_009.mp3","qpc_uthmani_hafs":"بَيۡنَهُم","char_type_name":"word","page_number":214,"line_number":7,"text":"ﮗ","translation":{"text":"between them","language_name":"english","language_id":38},"transliteration":{"text":"baynahum","language_name":"english","language_id":38}},{"id":46399,"position":9,"audio_url":"wbw/010_047_010.mp3","qpc_uthmani_hafs":"بِٱلۡقِسۡطِ","char_type_name":"word","page_number":214,"line_number":7,"text":"ﮘ","translation":{"text":"in justice","language_name":"english","language_id":38},"transliteration":{"text":"bil-qis'ṭi","language_name":"english","language_id":38}},{"id":46400,"position":10,"audio_url":"wbw/010_047_011.mp3","qpc_uthmani_hafs":"وَهُمۡ","char_type_name":"word","page_number":214,"line_number":7,"text":"ﮙ","translation":{"text":"and they","language_name":"english","language_id":38},"transliteration":{"text":"wahum","language_name":"english","language_id":38}},{"id":46401,"position":11,"audio_url":"wbw/010_047_012.mp3","qpc_uthmani_hafs":"لَا","char_type_name":"word","page_number":214,"line_number":8,"text":"ﮚ","translation":{"text":"(will) not","language_name":"english","language_id":38},"transliteration":{"text":"lā","language_name":"english","language_id":38}},{"id":46402,"position":12,"audio_url":"wbw/010_047_013.mp3","qpc_uthmani_hafs":"يُظۡلَمُونَ","char_type_name":"word","page_number":214,"line_number":8,"text":"ﮛ","translation":{"text":"be wronged","language_name":"english","language_id":38},"transliteration":{"text":"yuẓ'lamūna","language_name":"english","language_id":38}},{"id":46403,"position":13,"audio_url":null,"qpc_uthmani_hafs":"٤٧","char_type_name":"end","page_number":214,"line_number":8,"text":"ﮜ","translation":{"text":"(47)","language_name":"english","language_id":38},"transliteration":{"text":null,"language_name":"english","language_id":38}}],"translations":[{"id":917840,"resource_id":134,"text":"Tiap-tiap umat mempunyai rasul; maka apabila telah datang rasul mereka, diberikanlah keputusan antara mereka <sup foot_note=210464>1</sup> dengan adil dan mereka (sedikit pun) tidak dianiaya."}]},{"id":1412,"verse_number":48,"verse_key":"10:48","juz_number":11,"hizb_number":22,"rub_el_hizb_number":85,"ruku_number":176,"manzil_number":3,"sajdah_number":null,"text_uthmani":"وَيَقُولُونَ مَتَىٰ هَـٰذَا ٱلْوَعْدُ إِن كُنتُمْ صَـٰدِقِينَ","page_number":214,"words":[{"id":47182,"position":1,"audio_url":"wbw/010_048_001.mp3","qpc_uthmani_hafs":"وَيَقُولُونَ","char_type_name":"word","page_number":214,"line_number":8,"text":"ﮝ","translation":{"text":"And they say","language_name":"english","language_id":38},"transliteration":{"text":"wayaqūlūna","language_name":"english","language_id":38}},{"id":47183,"position":2,"audio_url":"wbw/010_048_002.mp3","qpc_uthmani_hafs":"مَتَىٰ","char_type_name":"word","page_number":214,"line_number":8,"text":"ﮞ","translation":{"text":"When","language_name":"english","language_id":38},"transliteration":{"text":"matā","language_name":"english","language_id":38}},{"id":47184,"position":3,"audio_url":"wbw/010_048_003.mp3","qpc_uthmani_hafs":"هَٰذَا","char_type_name":"word","page_number":214,"line_number":8,"text":"ﮟ","translation":{"text":"(will) this","language_name":"english","language_id":38},"transliteration":{"text":"hādhā","language_name":"english","language_id":38}},{"id":47185,"position":4,"audio_url":"wbw/010_048_004.mp3","qpc_uthmani_hafs":"ٱلۡوَعۡدُ","char_type_name":"word","page_number":214,"line_number":8,"text":"ﮠ","translation":{"text":"the promise (be fulfilled)","language_name":"english","language_id":38},"transliteration":{"text":"l-waʿdu","language_name":"english","language_id":38}},{"id":47186,"position":5,"audio_url":"wbw/010_048_005.mp3","qpc_uthmani_hafs":"إِن","char_type_name":"word","page_number":214,"line_number":8,"text":"ﮡ","translation":{"text":"if","language_name":"english","language_id":38},"transliteration":{"text":"in","language_name":"english","language_id":38}},{"id":47187,"position":6,"audio_url":"wbw/010_048_006.mp3","qpc_uthmani_hafs":"كُنتُمۡ","char_type_name":"word","page_number":214,"line_number":8,"text":"ﮢ","translation":{"text":"you are","language_name":"english","language_id":38},"transliteration":{"text":"kuntum","language_name":"english","language_id":38}},{"id":47188,"position":7,"audio_url":"wbw/010_048_007.mp3","qpc_uthmani_hafs":"صَٰدِقِينَ","char_type_name":"word","page_number":214,"line_number":8,"text":"ﮣ","translation":{"text":"truthful","language_name":"english","language_id":38},"transliteration":{"text":"ṣādiqīna","language_name":"english","language_id":38}},{"id":47189,"position":8,"audio_url":null,"qpc_uthmani_hafs":"٤٨","char_type_name":"end","page_number":214,"line_number":9,"text":"ﮤ","translation":{"text":"(48)","language_name":"english","language_id":38},"transliteration":{"text":null,"language_name":"english","language_id":38}}],"translations":[{"id":917841,"resource_id":134,"text":"Mereka mengatakan, \"Bilakah (datangnya) ancaman itu, jika memang kamu orang-orang yang benar?\""}]},{"id":1413,"verse_number":49,"verse_key":"10:49","juz_number":11,"hizb_number":22,"rub_el_hizb_number":85,"ruku_number":176,"manzil_number":3,"sajdah_number":null,"text_uthmani":"قُل لَّآ أَمْلِكُ لِنَفْسِى ضَرًّا وَلَا نَفْعًا إِلَّا مَا شَآءَ ٱللَّهُ ۗ لِكُلِّ أُمَّةٍ أَجَلٌ ۚ إِذَا جَآءَ أَجَلُهُمْ فَلَا يَسْتَـْٔخِرُونَ سَاعَةً ۖ وَلَا يَسْتَقْدِمُونَ","page_number":214,"words":[{"id":47703,"position":1,"audio_url":"wbw/010_049_001.mp3","qpc_uthmani_hafs":"قُل","char_type_name":"word","page_number":214,"line_number":9,"text":"ﮥ","translation":{"text":"Say","language_name":"english","language_id":38},"transliteration":{"text":"qul","language_name":"english","language_id":38}},{"id":47704,"position":2,"audio_url":"wbw/010_049_002.mp3","qpc_uthmani_hafs":"لَّآ","char_type_name":"word","page_number":214,"line_number":9,"text":"ﮦ","translation":{"text":"Not","language_name":"english","language_id":38},"transliteration":{"text":"lā","language_name":"english","language_id":38}},{"id":47705,"position":3,"audio_url":"wbw/010_049_003.mp3","qpc_uthmani_hafs":"أَمۡلِكُ","char_type_name":"word","page_number":214,"line_number":9,"text":"ﮧ","translation":{"text":"I have power","language_name":"english","language_id":38},"transliteration":{"text":"amliku","language_name":"english","language_id":38}},{"id":47706,"position":4,"audio_url":"wbw/010_049_004.mp3","qpc_uthmani_hafs":"لِنَفۡسِي","char_type_name":"word","page_number":214,"line_number":9,"text":"ﮨ","translation":{"text":"for myself","language_name":"english","language_id":38},"transliteration":{"text":"linafsī","language_name":"english","language_id":38}},{"id":47707,"position":5,"audio_url":"wbw/010_049_005.mp3","qpc_uthmani_hafs":"ضَرّٗا","char_type_name":"word","page_number":214,"line_number":9,"text":"ﮩ","translation":{"text":"(for) any harm","language_name":"english","language_id":38},"transliteration":{"text":"ḍarran","language_name":"english","language_id":38}},{"id":47708,"position":6,"audio_url":"wbw/010_049_006.mp3","qpc_uthmani_hafs":"وَلَا","char_type_name":"word","page_number":214,"line_number":9,"text":"ﮪ","translation":{"text":"and not","language_name":"english","language_id":38},"transliteration":{"text":"walā","language_name":"english","language_id":38}},{"id":47709,"position":7,"audio_url":"wbw/010_049_007.mp3","qpc_uthmani_hafs":"نَفۡعًا","char_type_name":"word","page_number":214,"line_number":9,"text":"ﮫ","translation":{"text":"(for) any profit","language_name":"english","language_id":38},"transliteration":{"text":"nafʿan","language_name":"english","language_id":38}},{"id":47710,"position":8,"audio_url":"wbw/010_049_008.mp3","qpc_uthmani_hafs":"إِلَّا","char_type_name":"word","page_number":214,"line_number":9,"text":"ﮬ","translation":{"text":"except","language_name":"english","language_id":38},"transliteration":{"text":"illā","language_name":"english","language_id":38}},{"id":47711,"position":9,"audio_url":"wbw/010_049_009.mp3","qpc_uthmani_hafs":"مَا","char_type_name":"word","page_number":214,"line_number":9,"text":"ﮭ","translation":{"text":"what","language_name":"english","language_id":38},"transliteration":{"text":"mā","language_name":"english","language_id":38}},{"id":47712,"position":10,"audio_url":"wbw/010_049_010.mp3","qpc_uthmani_hafs":"شَآءَ","char_type_name":"word","page_number":214,"line_number":9,"text":"ﮮ","translation":{"text":"Allah wills","language_name":"english","language_id":38},"transliteration":{"text":"shāa","language_name":"english","language_id":38}},{"id":47713,"position":11,"audio_url":"wbw/010_049_011.mp3","qpc_uthmani_hafs":"ٱللَّهُۗ","char_type_name":"word","page_number":214,"line_number":9,"text":"ﮯﮰ","translation":{"text":"Allah wills","language_name":"english","language_id":38},"transliteration":{"text":"l-lahu","language_name":"english","language_id":38}},{"id":47715,"position":12,"audio_url":"wbw/010_049_013.mp3","qpc_uthmani_hafs":"لِكُلِّ","char_type_name":"word","page_number":214,"line_number":9,"text":"ﮱ","translation":{"text":"For every","language_name":"english","language_id":38},"transliteration":{"text":"likulli","language_name":"english","language_id":38}},{"id":47716,"position":13,"audio_url":"wbw/010_049_014.mp3","qpc_uthmani_hafs":"أُمَّةٍ","char_type_name":"word","page_number":214,"line_number":9,"text":"ﯓ","translation":{"text":"nation","language_name":"english","language_id":38},"transliteration":{"text":"ummatin","language_name":"english","language_id":38}},{"id":47717,"position":14,"audio_url":"wbw/010_049_015.mp3","qpc_uthmani_hafs":"أَجَلٌۚ","char_type_name":"word","page_number":214,"line_number":10,"text":"ﯔﯕ","translation":{"text":"(is) a term","language_name":"english","language_id":38},"transliteration":{"text":"ajalun","language_name":"english","language_id":38}},{"id":47719,"position":15,"audio_url":"wbw/010_049_017.mp3","qpc_uthmani_hafs":"إِذَا","char_type_name":"word","page_number":214,"line_number":10,"text":"ﯖ","translation":{"text":"When","language_name":"english","language_id":38},"transliteration":{"text":"idhā","language_name":"english","language_id":38}},{"id":47720,"position":16,"audio_url":"wbw/010_049_018.mp3","qpc_uthmani_hafs":"جَآءَ","char_type_name":"word","page_number":214,"line_number":10,"text":"ﯗ","translation":{"text":"comes","language_name":"english","language_id":38},"transliteration":{"text":"jāa","language_name":"english","language_id":38}},{"id":47721,"position":17,"audio_url":"wbw/010_049_019.mp3","qpc_uthmani_hafs":"أَجَلُهُمۡ","char_type_name":"word","page_number":214,"line_number":10,"text":"ﯘ","translation":{"text":"their term","language_name":"english","language_id":38},"transliteration":{"text":"ajaluhum","language_name":"english","language_id":38}},{"id":47722,"position":18,"audio_url":"wbw/010_049_020.mp3","qpc_uthmani_hafs":"فَلَا","char_type_name":"word","page_number":214,"line_number":10,"text":"ﯙ","translation":{"text":"then not","language_name":"english","language_id":38},"transliteration":{"text":"falā","language_name":"english","language_id":38}},{"id":47723,"position":19,"audio_url":"wbw/010_049_021.mp3","qpc_uthmani_hafs":"يَسۡتَـٔۡخِرُونَ","char_type_name":"word","page_number":214,"line_number":10,"text":"ﯚ","translation":{"text":"they remain behind","language_name":"english","language_id":38},"transliteration":{"text":"yastakhirūna","language_name":"english","language_id":38}},{"id":47724,"position":20,"audio_url":"wbw/010_049_022.mp3","qpc_uthmani_hafs":"سَاعَةٗ","char_type_name":"word","page_number":214,"line_number":10,"text":"ﯛﯜ","translation":{"text":"an hour","language_name":"english","language_id":38},"transliteration":{"text":"sāʿatan","language_name":"english","language_id":38}},{"id":47726,"position":21,"audio_url":"wbw/010_049_024.mp3","qpc_uthmani_hafs":"وَلَا","char_type_name":"word","page_number":214,"line_number":10,"text":"ﯝ","translation":{"text":"and not","language_name":"english","language_id":38},"transliteration":{"text":"walā","language_name":"english","language_id":38}},{"id":47727,"position":22,"audio_url":"wbw/010_049_025.mp3","qpc_uthmani_hafs":"يَسۡتَقۡدِمُونَ","char_type_name":"word","page_number":214,"line_number":10,"text":"ﯞ","translation":{"text":"they can precede (it)","language_name":"english","language_id":38},"transliteration":{"text":"yastaqdimūna","language_name":"english","language_id":38}},{"id":47728,"position":23,"audio_url":null,"qpc_uthmani_hafs":"٤٩","char_type_name":"end","page_number":214,"line_number":10,"text":"ﯟ","translation":{"text":"(49)","language_name":"english","language_id":38},"transliteration":{"text":null,"language_name":"english","language_id":38}}],"translations":[{"id":917842,"resource_id":134,"text":"Katakanlah, \"Aku tidak berkuasa mendatangkan kemudaratan dan tidak (pula) kemanfaatan kepada diriku, melainkan apa yang dikehendaki Allah\".  Tiap-tiap umat mempunyai ajal <sup foot_note=210465>1</sup>.  Apabila telah datang ajal mereka, maka mereka tidak dapat mengundurkannya barang sesaat pun dan tidak (pula) mendahulukan(nya)."}]},{"id":1414,"verse_number":50,"verse_key":"10:50","juz_number":11,"hizb_number":22,"rub_el_hizb_number":85,"ruku_number":176,"manzil_number":3,"sajdah_number":null,"text_uthmani":"قُلْ أَرَءَيْتُمْ إِنْ أَتَىٰكُمْ عَذَابُهُۥ بَيَـٰتًا أَوْ نَهَارًا مَّاذَا يَسْتَعْجِلُ مِنْهُ ٱلْمُجْرِمُونَ","page_number":214,"words":[{"id":48538,"position":1,"audio_url":"wbw/010_050_001.mp3","qpc_uthmani_hafs":"قُلۡ","char_type_name":"word","page_number":214,"line_number":11,"text":"ﯠ","translation":{"text":"Say","language_name":"english","language_id":38},"transliteration":{"text":"qul","language_name":"english","language_id":38}},{"id":48539,"position":2,"audio_url":"wbw/010_050_002.mp3","qpc_uthmani_hafs":"أَرَءَيۡتُمۡ","char_type_name":"word","page_number":214,"line_number":11,"text":"ﯡ","translation":{"text":"Do you see","language_name":"english","language_id":38},"transliteration":{"text":"ara-aytum","language_name":"english","language_id":38}},{"id":48540,"position":3,"audio_url":"wbw/010_050_003.mp3","qpc_uthmani_hafs":"إِنۡ","char_type_name":"word","page_number":214,"line_number":11,"text":"ﯢ","translation":{"text":"if","language_name":"english","language_id":38},"transliteration":{"text":"in","language_name":"english","language_id":38}},{"id":48541,"position":4,"audio_url":"wbw/010_050_004.mp3","qpc_uthmani_hafs":"أَتَىٰكُمۡ","char_type_name":"word","page_number":214,"line_number":11,"text":"ﯣ","translation":{"text":"comes to you","language_name":"english","language_id":38},"transliteration":{"text":"atākum","language_name":"english","language_id":38}},{"id":48542,"position":5,"audio_url":"wbw/010_050_005.mp3","qpc_uthmani_hafs":"عَذَابُهُۥ","char_type_name":"word","page_number":214,"line_number":11,"text":"ﯤ","translation":{"text":"His punishment","language_name":"english","language_id":38},"transliteration":{"text":"ʿadhābuhu","language_name":"english","language_id":38}},{"id":48543,"position":6,"audio_url":"wbw/010_050_006.mp3","qpc_uthmani_hafs":"بَيَٰتًا","char_type_name":"word","page_number":214,"line_number":11,"text":"ﯥ","translation":{"text":"(by) night","language_name":"english","language_id":38},"transliteration":{"text":"bayātan","language_name":"english","language_id":38}},{"id":48544,"position":7,"audio_url":"wbw/010_050_007.mp3","qpc_uthmani_hafs":"أَوۡ","char_type_name":"word","page_number":214,"line_number":11,"text":"ﯦ","translation":{"text":"or","language_name":"english","language_id":38},"transliteration":{"text":"aw","language_name":"english","language_id":38}},{"id":48545,"position":8,"audio_url":"wbw/010_050_008.mp3","qpc_uthmani_hafs":"نَهَارٗا","char_type_name":"word","page_number":214,"line_number":11,"text":"ﯧ","translation":{"text":"(by) day","language_name":"english","language_id":38},"transliteration":{"text":"nahāran","language_name":"english","language_id":38}},{"id":48546,"position":9,"audio_url":"wbw/010_050_009.mp3","qpc_uthmani_hafs":"مَّاذَا","char_type_name":"word","page_number":214,"line_number":11,"text":"ﯨ","translation":{"text":"what (portion)","language_name":"english","language_id":38},"transliteration":{"text":"mādhā","language_name":"english","language_id":38}},{"id":48547,"position":10,"audio_url":"wbw/010_050_010.mp3","qpc_uthmani_hafs":"يَسۡتَعۡجِلُ","char_type_name":"word","page_number":214,"line_number":11,"text":"ﯩ","translation":{"text":"of it would (wish to) hasten","language_name":"english","language_id":38},"transliteration":{"text":"yastaʿjilu","language_name":"english","language_id":38}},{"id":48548,"position":11,"audio_url":"wbw/010_050_011.mp3","qpc_uthmani_hafs":"مِنۡهُ","char_type_name":"word","page_number":214,"line_number":11,"text":"ﯪ","translation":{"text":"of it would (wish to) hasten","language_name":"english","language_id":38},"transliteration":{"text":"min'hu","language_name":"english","language_id":38}},{"id":48549,"position":12,"audio_url":"wbw/010_050_012.mp3","qpc_uthmani_hafs":"ٱلۡمُجۡرِمُونَ","char_type_name":"word","page_number":214,"line_number":12,"text":"ﯫ","translation":{"text":"the criminals","language_name":"english","language_id":38},"transliteration":{"text":"l-muj'rimūna","language_name":"english","language_id":38}},{"id":48550,"position":13,"audio_url":null,"qpc_uthmani_hafs":"٥٠","char_type_name":"end","page_number":214,"line_number":12,"text":"ﯬ","translation":{"text":"(50)","language_name":"english","language_id":38},"transliteration":{"text":null,"language_name":"english","language_id":38}}],"translations":[{"id":917843,"resource_id":134,"text":"Katakanlah, \"Terangkan kepadaku, jika datang kepada kamu sekalian siksaan-Nya di waktu malam atau di siang hari, apakah orang-orang yang berdosa itu meminta disegerakan juga?\""}]},{"id":1415,"verse_number":51,"verse_key":"10:51","juz_number":11,"hizb_number":22,"rub_el_hizb_number":85,"ruku_number":176,"manzil_number":3,"sajdah_number":null,"text_uthmani":"أَثُمَّ إِذَا مَا وَقَعَ ءَامَنتُم بِهِۦٓ ۚ ءَآلْـَٔـٰنَ وَقَدْ كُنتُم بِهِۦ تَسْتَعْجِلُونَ","page_number":214,"words":[{"id":49151,"position":1,"audio_url":"wbw/010_051_001.mp3","qpc_uthmani_hafs":"أَثُمَّ","char_type_name":"word","page_number":214,"line_number":12,"text":"ﯭ","translation":{"text":"Is (it) then","language_name":"english","language_id":38},"transliteration":{"text":"athumma","language_name":"english","language_id":38}},{"id":49152,"position":2,"audio_url":"wbw/010_051_002.mp3","qpc_uthmani_hafs":"إِذَا","char_type_name":"word","page_number":214,"line_number":12,"text":"ﯮ","translation":{"text":"when","language_name":"english","language_id":38},"transliteration":{"text":"idhā","language_name":"english","language_id":38}},{"id":49153,"position":3,"audio_url":"wbw/010_051_003.mp3","qpc_uthmani_hafs":"مَا","char_type_name":"word","page_number":214,"line_number":12,"text":"ﯯ","translation":{"text":"when","language_name":"english","language_id":38},"transliteration":{"text":"mā","language_name":"english","language_id":38}},{"id":49154,"position":4,"audio_url":"wbw/010_051_004.mp3","qpc_uthmani_hafs":"وَقَعَ","char_type_name":"word","page_number":214,"line_number":12,"text":"ﯰ","translation":{"text":"(it had) occurred","language_name":"english","language_id":38},"transliteration":{"text":"waqaʿa","language_name":"english","language_id":38}},{"id":49155,"position":5,"audio_url":"wbw/010_051_005.mp3","qpc_uthmani_hafs":"ءَامَنتُم","char_type_name":"word","page_number":214,"line_number":12,"text":"ﯱ","translation":{"text":"you (will) believe","language_name":"english","language_id":38},"transliteration":{"text":"āmantum","language_name":"english","language_id":38}},{"id":49156,"position":6,"audio_url":"wbw/010_051_006.mp3","qpc_uthmani_hafs":"بِهِۦٓۚ","char_type_name":"word","page_number":214,"line_number":12,"text":"ﯲﯳ","translation":{"text":"in it","language_name":"english","language_id":38},"transliteration":{"text":"bihi","language_name":"english","language_id":38}},{"id":49158,"position":7,"audio_url":"wbw/010_051_008.mp3","qpc_uthmani_hafs":"ءَآلۡـَٰٔنَ","char_type_name":"word","page_number":214,"line_number":12,"text":"ﯴ","translation":{"text":"Now","language_name":"english","language_id":38},"transliteration":{"text":"āl'āna","language_name":"english","language_id":38}},{"id":49159,"position":8,"audio_url":"wbw/010_051_009.mp3","qpc_uthmani_hafs":"وَقَدۡ","char_type_name":"word","page_number":214,"line_number":12,"text":"ﯵ","translation":{"text":"And certainly","language_name":"english","language_id":38},"transliteration":{"text":"waqad","language_name":"english","language_id":38}},{"id":49160,"position":9,"audio_url":"wbw/010_051_010.mp3","qpc_uthmani_hafs":"كُنتُم","char_type_name":"word","page_number":214,"line_number":12,"text":"ﯶ","translation":{"text":"you were","language_name":"english","language_id":38},"transliteration":{"text":"kuntum","language_name":"english","language_id":38}},{"id":49161,"position":10,"audio_url":"wbw/010_051_011.mp3","qpc_uthmani_hafs":"بِهِۦ","char_type_name":"word","page_number":214,"line_number":12,"text":"ﯷ","translation":{"text":"seeking to hasten it","language_name":"english","language_id":38},"transliteration":{"text":"bihi","language_name":"english","language_id":38}},{"id":49162,"position":11,"audio_url":"wbw/010_051_012.mp3","qpc_uthmani_hafs":"تَسۡتَعۡجِلُونَ","char_type_name":"word","page_number":214,"line_number":13,"text":"ﯸ","translation":{"text":"seeking to hasten it","language_name":"english","language_id":38},"transliteration":{"text":"tastaʿjilūna","language_name":"english","language_id":38}},{"id":49163,"position":12,"audio_url":null,"qpc_uthmani_hafs":"٥١","char_type_name":"end","page_number":214,"line_number":13,"text":"ﯹ","translation":{"text":"(51)","language_name":"english","language_id":38},"transliteration":{"text":null,"language_name":"english","language_id":38}}],"translations":[{"id":917844,"resource_id":134,"text":"Kemudian apakah setelah terjadinya (azab itu), kemudian itu kamu baru mempercayainya? Apakah sekarang <sup foot_note=210466>1</sup> (baru kamu mempercayai), padahal sebelumnya kamu selalu meminta supaya disegerakan?"}]},{"id":1416,"verse_number":52,"verse_key":"10:52","juz_number":11,"hizb_number":22,"rub_el_hizb_number":85,"ruku_number":176,"manzil_number":3,"sajdah_number":null,"text_uthmani":"ثُمَّ قِيلَ لِلَّذِينَ ظَلَمُوا۟ ذُوقُوا۟ عَذَابَ ٱلْخُلْدِ هَلْ تُجْزَوْنَ إِلَّا بِمَا كُنتُمْ تَكْسِبُونَ","page_number":214,"words":[{"id":49890,"position":1,"audio_url":"wbw/010_052_001.mp3","qpc_uthmani_hafs":"ثُمَّ","char_type_name":"word","page_number":214,"line_number":13,"text":"ﯺ","translation":{"text":"Then","language_name":"english","language_id":38},"transliteration":{"text":"thumma","language_name":"english","language_id":38}},{"id":49891,"position":2,"audio_url":"wbw/010_052_002.mp3","qpc_uthmani_hafs":"قِيلَ","char_type_name":"word","page_number":214,"line_number":13,"text":"ﯻ","translation":{"text":"it will be said","language_name":"english","language_id":38},"transliteration":{"text":"qīla","language_name":"english","language_id":38}},{"id":49892,"position":3,"audio_url":"wbw/010_052_003.mp3","qpc_uthmani_hafs":"لِلَّذِينَ","char_type_name":"word","page_number":214,"line_number":13,"text":"ﯼ","translation":{"text":"to those who","language_name":"english","language_id":38},"transliteration":{"text":"lilladhīna","language_name":"english","language_id":38}},{"id":49893,"position":4,"audio_url":"wbw/010_052_004.mp3","qpc_uthmani_hafs":"ظَلَمُواْ","char_type_name":"word","page_number":214,"line_number":13,"text":"ﯽ","translation":{"text":"wronged","language_name":"english","language_id":38},"transliteration":{"text":"ẓalamū","language_name":"english","language_id":38}},{"id":49894,"position":5,"audio_url":"wbw/010_052_005.mp3","qpc_uthmani_hafs":"ذُوقُواْ","char_type_name":"word","page_number":214,"line_number":13,"text":"ﯾ","translation":{"text":"Taste","language_name":"english","language_id":38},"transliteration":{"text":"dhūqū","language_name":"english","language_id":38}},{"id":49895,"position":6,"audio_url":"wbw/010_052_006.mp3","qpc_uthmani_hafs":"عَذَابَ","char_type_name":"word","page_number":214,"line_number":13,"text":"ﯿ","translation":{"text":"punishment","language_name":"english","language_id":38},"transliteration":{"text":"ʿadhāba","language_name":"english","language_id":38}},{"id":49896,"position":7,"audio_url":"wbw/010_052_007.mp3","qpc_uthmani_hafs":"ٱلۡخُلۡدِ","char_type_name":"word","page_number":214,"line_number":13,"text":"ﰀ","translation":{"text":"the everlasting","language_name":"english","language_id":38},"transliteration":{"text":"l-khul'di","language_name":"english","language_id":38}},{"id":49897,"position":8,"audio_url":"wbw/010_052_008.mp3","qpc_uthmani_hafs":"هَلۡ","char_type_name":"word","page_number":214,"line_number":14,"text":"ﰁ","translation":{"text":"Are you (being) recompensed","language_name":"english","language_id":38},"transliteration":{"text":"hal","language_name":"english","language_id":38}},{"id":49898,"position":9,"audio_url":"wbw/010_052_009.mp3","qpc_uthmani_hafs":"تُجۡزَوۡنَ","char_type_name":"word","page_number":214,"line_number":14,"text":"ﰂ","translation":{"text":"Are you (being) recompensed","language_name":"english","language_id":38},"transliteration":{"text":"tuj'zawna","language_name":"english","language_id":38}},{"id":49899,"position":10,"audio_url":"wbw/010_052_010.mp3","qpc_uthmani_hafs":"إِلَّا","char_type_name":"word","page_number":214,"line_number":14,"text":"ﰃ","translation":{"text":"except","language_name":"english","language_id":38},"transliteration":{"text":"illā","language_name":"english","language_id":38}},{"id":49900,"position":11,"audio_url":"wbw/010_052_011.mp3","qpc_uthmani_hafs":"بِمَا","char_type_name":"word","page_number":214,"line_number":14,"text":"ﰄ","translation":{"text":"for what","language_name":"english","language_id":38},"transliteration":{"text":"bimā","language_name":"english","language_id":38}},{"id":49901,"position":12,"audio_url":"wbw/010_052_012.mp3","qpc_uthmani_hafs":"كُنتُمۡ","char_type_name":"word","page_number":214,"line_number":14,"text":"ﰅ","translation":{"text":"you used (to)","language_name":"english","language_id":38},"transliteration":{"text":"kuntum","language_name":"english","language_id":38}},{"id":49902,"position":13,"audio_url":"wbw/010_052_013.mp3","qpc_uthmani_hafs":"تَكۡسِبُونَ","char_type_name":"word","page_number":214,"line_number":14,"text":"ﰆ","translation":{"text":"earn","language_name":"english","language_id":38},"transliteration":{"text":"taksibūna","language_name":"english","language_id":38}},{"id":49903,"position":14,"audio_url":null,"qpc_uthmani_hafs":"٥٢","char_type_name":"end","page_number":214,"line_number":14,"text":"ﰇ","translation":{"text":"(52)","language_name":"english","language_id":38},"transliteration":{"text":null,"language_name":"english","language_id":38}}],"translations":[{"id":917845,"resource_id":134,"text":"Kemudian dikatakan kepada orang-orang yang zalim (musyrik) itu, \"Rasakanlah olehmu siksaan yang kekal; kamu tidak diberi balasan, melainkan dengan apa yang telah kamu kerjakan\"."}]},{"id":1417,"verse_number":53,"verse_key":"10:53","juz_number":11,"hizb_number":22,"rub_el_hizb_number":86,"ruku_number":176,"manzil_number":3,"sajdah_number":null,"text_uthmani":"۞ وَيَسْتَنۢبِـُٔونَكَ أَحَقٌّ هُوَ ۖ قُلْ إِى وَرَبِّىٓ إِنَّهُۥ لَحَقٌّ ۖ وَمَآ أَنتُم بِمُعْجِزِينَ","page_number":214,"words":[{"id":50449,"position":1,"audio_url":"wbw/010_053_002.mp3","qpc_uthmani_hafs":"۞ وَيَسۡتَنۢبِـُٔونَكَ","char_type_name":"word","page_number":214,"line_number":14,"text":"ﰈ ﰉ","translation":{"text":"And they ask you to inform","language_name":"english","language_id":38},"transliteration":{"text":"wayastanbiūnaka","language_name":"english","language_id":38}},{"id":50450,"position":2,"audio_url":"wbw/010_053_003.mp3","qpc_uthmani_hafs":"أَحَقٌّ","char_type_name":"word","page_number":214,"line_number":15,"text":"ﰊ","translation":{"text":"Is it true","language_name":"english","language_id":38},"transliteration":{"text":"aḥaqqun","language_name":"english","language_id":38}},{"id":50451,"position":3,"audio_url":"wbw/010_053_004.mp3","qpc_uthmani_hafs":"هُوَۖ","char_type_name":"word","page_number":214,"line_number":15,"text":"ﰋﰌ","translation":{"text":"Is it true","language_name":"english","language_id":38},"transliteration":{"text":"huwa","language_name":"english","language_id":38}},{"id":50453,"position":4,"audio_url":"wbw/010_053_006.mp3","qpc_uthmani_hafs":"قُلۡ","char_type_name":"word","page_number":214,"line_number":15,"text":"ﰍ","translation":{"text":"Say","language_name":"english","language_id":38},"transliteration":{"text":"qul","language_name":"english","language_id":38}},{"id":50454,"position":5,"audio_url":"wbw/010_053_007.mp3","qpc_uthmani_hafs":"إِي","char_type_name":"word","page_number":214,"line_number":15,"text":"ﰎ","translation":{"text":"Yes","language_name":"english","language_id":38},"transliteration":{"text":"ī","language_name":"english","language_id":38}},{"id":50455,"position":6,"audio_url":"wbw/010_053_008.mp3","qpc_uthmani_hafs":"وَرَبِّيٓ","char_type_name":"word","page_number":214,"line_number":15,"text":"ﰏ","translation":{"text":"by my Lord","language_name":"english","language_id":38},"transliteration":{"text":"warabbī","language_name":"english","language_id":38}},{"id":50456,"position":7,"audio_url":"wbw/010_053_009.mp3","qpc_uthmani_hafs":"إِنَّهُۥ","char_type_name":"word","page_number":214,"line_number":15,"text":"ﰐ","translation":{"text":"Indeed, it","language_name":"english","language_id":38},"transliteration":{"text":"innahu","language_name":"english","language_id":38}},{"id":50457,"position":8,"audio_url":"wbw/010_053_010.mp3","qpc_uthmani_hafs":"لَحَقّٞۖ","char_type_name":"word","page_number":214,"line_number":15,"text":"ﰑﰒ","translation":{"text":"(is) surely the truth","language_name":"english","language_id":38},"transliteration":{"text":"laḥaqqun","language_name":"english","language_id":38}},{"id":50459,"position":9,"audio_url":"wbw/010_053_012.mp3","qpc_uthmani_hafs":"وَمَآ","char_type_name":"word","page_number":214,"line_number":15,"text":"ﰓ","translation":{"text":"and not","language_name":"english","language_id":38},"transliteration":{"text":"wamā","language_name":"english","language_id":38}},{"id":50460,"position":10,"audio_url":"wbw/010_053_013.mp3","qpc_uthmani_hafs":"أَنتُم","char_type_name":"word","page_number":214,"line_number":15,"text":"ﰔ","translation":{"text":"you","language_name":"english","language_id":38},"transliteration":{"text":"antum","language_name":"english","language_id":38}},{"id":50461,"position":11,"audio_url":"wbw/010_053_014.mp3","qpc_uthmani_hafs":"بِمُعۡجِزِينَ","char_type_name":"word","page_number":214,"line_number":15,"text":"ﰕ","translation":{"text":"(can) escape (it)","language_name":"english","language_id":38},"transliteration":{"text":"bimuʿ'jizīna","language_name":"english","language_id":38}},{"id":50462,"position":12,"audio_url":null,"qpc_uthmani_hafs":"٥٣","char_type_name":"end","page_number":214,"line_number":15,"text":"ﰖ","translation":{"text":"(53)","language_name":"english","language_id":38},"transliteration":{"text":null,"language_name":"english","language_id":38}}],"translations":[{"id":917846,"resource_id":134,"text":"Dan mereka menanyakan kepadamu, \"Benarkah (azab yang dijanjikan) itu? Katakanlah, \"Ya, demi Tuhan-ku, sesungguhnya azab itu adalah benar dan kamu sekali-kali tidak bisa luput (darinya)\"."}]}],"pagination":{"per_page":50,"current_page":1,"next_page":null,"total_pages":1,"total_records":11}}