{"verses":[{"id":1426,"verse_number":62,"verse_key":"10:62","juz_number":11,"hizb_number":22,"rub_el_hizb_number":86,"ruku_number":178,"manzil_number":3,"sajdah_number":null,"text_uthmani":"أَلَآ إِنَّ أَوْلِيَآءَ ٱللَّهِ لَا خَوْفٌ عَلَيْهِمْ وَلَا هُمْ يَحْزَنُونَ","page_number":216,"words":[{"id":55690,"position":1,"audio_url":"wbw/010_062_001.mp3","qpc_uthmani_hafs":"أَلَآ","char_type_name":"word","page_number":216,"line_number":1,"text":"ﭑ","translation":{"text":"No doubt","language_name":"english","language_id":38},"transliteration":{"text":"alā","language_name":"english","language_id":38}},{"id":55691,"position":2,"audio_url":"wbw/010_062_002.mp3","qpc_uthmani_hafs":"إِنَّ","char_type_name":"word","page_number":216,"line_number":1,"text":"ﭒ","translation":{"text":"Indeed","language_name":"english","language_id":38},"transliteration":{"text":"inna","language_name":"english","language_id":38}},{"id":55692,"position":3,"audio_url":"wbw/010_062_003.mp3","qpc_uthmani_hafs":"أَوۡلِيَآءَ","char_type_name":"word","page_number":216,"line_number":1,"text":"ﭓ","translation":{"text":"(the) friends","language_name":"english","language_id":38},"transliteration":{"text":"awliyāa","language_name":"english","language_id":38}},{"id":55693,"position":4,"audio_url":"wbw/010_062_004.mp3","qpc_uthmani_hafs":"ٱللَّهِ","char_type_name":"word","page_number":216,"line_number":1,"text":"ﭔ","translation":{"text":"(of) Allah","language_name":"english","language_id":38},"transliteration":{"text":"l-lahi","language_name":"english","language_id":38}},{"id":55694,"position":5,"audio_url":"wbw/010_062_005.mp3","qpc_uthmani_hafs":"لَا","char_type_name":"word","page_number":216,"line_number":1,"text":"ﭕ","translation":{"text":"(there will be) no","language_name":"english","language_id":38},"transliteration":{"text":"lā","language_name":"english","language_id":38}},{"id":55695,"position":6,"audio_url":"wbw/010_062_006.mp3","qpc_uthmani_hafs":"خَوۡفٌ","char_type_name":"word","page_number":216,"line_number":1,"text":"ﭖ","translation":{"text":"fear","language_name":"english","language_id":38},"transliteration":{"text":"khawfun","language_name":"english","language_id":38}},{"id":55696,"position":7,"audio_url":"wbw/010_062_007.mp3","qpc_uthmani_hafs":"عَلَيۡهِمۡ","char_type_name":"word","page_number":216,"line_number":1,"text":"ﭗ","translation":{"text":"upon then","language_name":"english","language_id":38},"transliteration":{"text":"ʿalayhim","language_name":"english","language_id":38}},{"id":55697,"position":8,"audio_url":"wbw/010_062_008.mp3","qpc_uthmani_hafs":"وَلَا","char_type_name":"word","page_number":216,"line_number":1,"text":"ﭘ","translation":{"text":"and not","language_name":"english","language_id":38},"transliteration":{"text":"walā","language_name":"english","language_id":38}},{"id":55698,"position":9,"audio_url":"wbw/010_062_009.mp3","qpc_uthmani_hafs":"هُمۡ","char_type_name":"word","page_number":216,"line_number":1,"text":"ﭙ","translation":{"text":"they","language_name":"english","language_id":38},"transliteration":{"text":"hum","language_name":"english","language_id":38}},{"id":55699,"position":10,"audio_url":"wbw/010_062_010.mp3","qpc_uthmani_hafs":"يَحۡزَنُونَ","char_type_name":"word","page_number":216,"line_number":1,"text":"ﭚ","translation":{"text":"will grieve","language_name":"english","language_id":38},"transliteration":{"text":"yaḥzanūna","language_name":"english","language_id":38}},{"id":55700,"position":11,"audio_url":null,"qpc_uthmani_hafs":"٦٢","char_type_name":"end","page_number":216,"line_number":2,"text":"ﭛ","translation":{"text":"(62)","language_name":"english","language_id":38},"transliteration":{"text":null,"language_name":"english","language_id":38}}],"translations":[{"id":917855,"resource_id":134,"text":"Ingatlah, sesungguhnya wali-wali Allah itu tidak ada kekhawatiran terhadap mereka dan tidak (pula) mereka bersedih hati."}]},{"id":1427,"verse_number":63,"verse_key":"10:63","juz_number":11,"hizb_number":22,"rub_el_hizb_number":86,"ruku_number":178,"manzil_number":3,"sajdah_number":null,"text_uthmani":"ٱلَّذِينَ ءَامَنُوا۟ وَكَانُوا۟ يَتَّقُونَ","page_number":216,"words":[{"id":56205,"position":1,"audio_url":"wbw/010_063_001.mp3","qpc_uthmani_hafs":"ٱلَّذِينَ","char_type_name":"word","page_number":216,"line_number":2,"text":"ﭜ","translation":{"text":"Those who","language_name":"english","language_id":38},"transliteration":{"text":"alladhīna","language_name":"english","language_id":38}},{"id":56206,"position":2,"audio_url":"wbw/010_063_002.mp3","qpc_uthmani_hafs":"ءَامَنُواْ","char_type_name":"word","page_number":216,"line_number":2,"text":"ﭝ","translation":{"text":"believe","language_name":"english","language_id":38},"transliteration":{"text":"āmanū","language_name":"english","language_id":38}},{"id":56207,"position":3,"audio_url":"wbw/010_063_003.mp3","qpc_uthmani_hafs":"وَكَانُواْ","char_type_name":"word","page_number":216,"line_number":2,"text":"ﭞ","translation":{"text":"and are","language_name":"english","language_id":38},"transliteration":{"text":"wakānū","language_name":"english","language_id":38}},{"id":56208,"position":4,"audio_url":"wbw/010_063_004.mp3","qpc_uthmani_hafs":"يَتَّقُونَ","char_type_name":"word","page_number":216,"line_number":2,"text":"ﭟ","translation":{"text":"conscious (of Allah)","language_name":"english","language_id":38},"transliteration":{"text":"yattaqūna","language_name":"english","language_id":38}},{"id":56209,"position":5,"audio_url":null,"qpc_uthmani_hafs":"٦٣","char_type_name":"end","page_number":216,"line_number":2,"text":"ﭠ","translation":{"text":"(63)","language_name":"english","language_id":38},"transliteration":{"text":null,"language_name":"english","language_id":38}}],"translations":[{"id":917856,"resource_id":134,"text":"(Yaitu) orang-orang yang beriman dan mereka selalu bertakwa."}]},{"id":1428,"verse_number":64,"verse_key":"10:64","juz_number":11,"hizb_number":22,"rub_el_hizb_number":86,"ruku_number":178,"manzil_number":3,"sajdah_number":null,"text_uthmani":"لَهُمُ ٱلْبُشْرَىٰ فِى ٱلْحَيَوٰةِ ٱلدُّنْيَا وَفِى ٱلْـَٔاخِرَةِ ۚ لَا تَبْدِيلَ لِكَلِمَـٰتِ ٱللَّهِ ۚ ذَٰلِكَ هُوَ ٱلْفَوْزُ ٱلْعَظِيمُ","page_number":216,"words":[{"id":56658,"position":1,"audio_url":"wbw/010_064_001.mp3","qpc_uthmani_hafs":"لَهُمُ","char_type_name":"word","page_number":216,"line_number":2,"text":"ﭡ","translation":{"text":"For them","language_name":"english","language_id":38},"transliteration":{"text":"lahumu","language_name":"english","language_id":38}},{"id":56659,"position":2,"audio_url":"wbw/010_064_002.mp3","qpc_uthmani_hafs":"ٱلۡبُشۡرَىٰ","char_type_name":"word","page_number":216,"line_number":2,"text":"ﭢ","translation":{"text":"(are) the glad tidings","language_name":"english","language_id":38},"transliteration":{"text":"l-bush'rā","language_name":"english","language_id":38}},{"id":56660,"position":3,"audio_url":"wbw/010_064_003.mp3","qpc_uthmani_hafs":"فِي","char_type_name":"word","page_number":216,"line_number":3,"text":"ﭣ","translation":{"text":"in","language_name":"english","language_id":38},"transliteration":{"text":"fī","language_name":"english","language_id":38}},{"id":56661,"position":4,"audio_url":"wbw/010_064_004.mp3","qpc_uthmani_hafs":"ٱلۡحَيَوٰةِ","char_type_name":"word","page_number":216,"line_number":3,"text":"ﭤ","translation":{"text":"the life","language_name":"english","language_id":38},"transliteration":{"text":"l-ḥayati","language_name":"english","language_id":38}},{"id":56662,"position":5,"audio_url":"wbw/010_064_005.mp3","qpc_uthmani_hafs":"ٱلدُّنۡيَا","char_type_name":"word","page_number":216,"line_number":3,"text":"ﭥ","translation":{"text":"(of) the world","language_name":"english","language_id":38},"transliteration":{"text":"l-dun'yā","language_name":"english","language_id":38}},{"id":56663,"position":6,"audio_url":"wbw/010_064_006.mp3","qpc_uthmani_hafs":"وَفِي","char_type_name":"word","page_number":216,"line_number":3,"text":"ﭦ","translation":{"text":"and in","language_name":"english","language_id":38},"transliteration":{"text":"wafī","language_name":"english","language_id":38}},{"id":56664,"position":7,"audio_url":"wbw/010_064_007.mp3","qpc_uthmani_hafs":"ٱلۡأٓخِرَةِۚ","char_type_name":"word","page_number":216,"line_number":3,"text":"ﭧﭨ","translation":{"text":"the Hereafter","language_name":"english","language_id":38},"transliteration":{"text":"l-ākhirati","language_name":"english","language_id":38}},{"id":56666,"position":8,"audio_url":"wbw/010_064_009.mp3","qpc_uthmani_hafs":"لَا","char_type_name":"word","page_number":216,"line_number":3,"text":"ﭩ","translation":{"text":"No","language_name":"english","language_id":38},"transliteration":{"text":"lā","language_name":"english","language_id":38}},{"id":56667,"position":9,"audio_url":"wbw/010_064_010.mp3","qpc_uthmani_hafs":"تَبۡدِيلَ","char_type_name":"word","page_number":216,"line_number":3,"text":"ﭪ","translation":{"text":"change","language_name":"english","language_id":38},"transliteration":{"text":"tabdīla","language_name":"english","language_id":38}},{"id":56668,"position":10,"audio_url":"wbw/010_064_011.mp3","qpc_uthmani_hafs":"لِكَلِمَٰتِ","char_type_name":"word","page_number":216,"line_number":3,"text":"ﭫ","translation":{"text":"(is there) in the Words","language_name":"english","language_id":38},"transliteration":{"text":"likalimāti","language_name":"english","language_id":38}},{"id":56669,"position":11,"audio_url":"wbw/010_064_012.mp3","qpc_uthmani_hafs":"ٱللَّهِۚ","char_type_name":"word","page_number":216,"line_number":3,"text":"ﭬﭭ","translation":{"text":"(of) Allah","language_name":"english","language_id":38},"transliteration":{"text":"l-lahi","language_name":"english","language_id":38}},{"id":56671,"position":12,"audio_url":"wbw/010_064_014.mp3","qpc_uthmani_hafs":"ذَٰلِكَ","char_type_name":"word","page_number":216,"line_number":4,"text":"ﭮ","translation":{"text":"That","language_name":"english","language_id":38},"transliteration":{"text":"dhālika","language_name":"english","language_id":38}},{"id":56672,"position":13,"audio_url":"wbw/010_064_015.mp3","qpc_uthmani_hafs":"هُوَ","char_type_name":"word","page_number":216,"line_number":4,"text":"ﭯ","translation":{"text":"is","language_name":"english","language_id":38},"transliteration":{"text":"huwa","language_name":"english","language_id":38}},{"id":56673,"position":14,"audio_url":"wbw/010_064_016.mp3","qpc_uthmani_hafs":"ٱلۡفَوۡزُ","char_type_name":"word","page_number":216,"line_number":4,"text":"ﭰ","translation":{"text":"the success","language_name":"english","language_id":38},"transliteration":{"text":"l-fawzu","language_name":"english","language_id":38}},{"id":56674,"position":15,"audio_url":"wbw/010_064_017.mp3","qpc_uthmani_hafs":"ٱلۡعَظِيمُ","char_type_name":"word","page_number":216,"line_number":4,"text":"ﭱ","translation":{"text":"the great","language_name":"english","language_id":38},"transliteration":{"text":"l-ʿaẓīmu","language_name":"english","language_id":38}},{"id":56675,"position":16,"audio_url":null,"qpc_uthmani_hafs":"٦٤","char_type_name":"end","page_number":216,"line_number":4,"text":"ﭲ","translation":{"text":"(64)","language_name":"english","language_id":38},"transliteration":{"text":null,"language_name":"english","language_id":38}}],"translations":[{"id":917857,"resource_id":134,"text":"Bagi mereka berita gembira di dalam kehidupan di dunia dan (dalam kehidupan) di akhirat.  Tidak ada perubahan bagi kalimat-kalimat (janji-janji) Allah.  Yang demikian itu adalah kemenangan yang besar."}]},{"id":1429,"verse_number":65,"verse_key":"10:65","juz_number":11,"hizb_number":22,"rub_el_hizb_number":86,"ruku_number":178,"manzil_number":3,"sajdah_number":null,"text_uthmani":"وَلَا يَحْزُنكَ قَوْلُهُمْ ۘ إِنَّ ٱلْعِزَّةَ لِلَّهِ جَمِيعًا ۚ هُوَ ٱلسَّمِيعُ ٱلْعَلِيمُ","page_number":216,"words":[{"id":57126,"position":1,"audio_url":"wbw/010_065_001.mp3","qpc_uthmani_hafs":"وَلَا","char_type_name":"word","page_number":216,"line_number":4,"text":"ﭳ","translation":{"text":"And (let) not","language_name":"english","language_id":38},"transliteration":{"text":"walā","language_name":"english","language_id":38}},{"id":57127,"position":2,"audio_url":"wbw/010_065_002.mp3","qpc_uthmani_hafs":"يَحۡزُنكَ","char_type_name":"word","page_number":216,"line_number":4,"text":"ﭴ","translation":{"text":"grieve you","language_name":"english","language_id":38},"transliteration":{"text":"yaḥzunka","language_name":"english","language_id":38}},{"id":57128,"position":3,"audio_url":"wbw/010_065_003.mp3","qpc_uthmani_hafs":"قَوۡلُهُمۡۘ","char_type_name":"word","page_number":216,"line_number":4,"text":"ﭵﭶ","translation":{"text":"their speech","language_name":"english","language_id":38},"transliteration":{"text":"qawluhum","language_name":"english","language_id":38}},{"id":57130,"position":4,"audio_url":"wbw/010_065_005.mp3","qpc_uthmani_hafs":"إِنَّ","char_type_name":"word","page_number":216,"line_number":4,"text":"ﭷ","translation":{"text":"Indeed","language_name":"english","language_id":38},"transliteration":{"text":"inna","language_name":"english","language_id":38}},{"id":57131,"position":5,"audio_url":"wbw/010_065_006.mp3","qpc_uthmani_hafs":"ٱلۡعِزَّةَ","char_type_name":"word","page_number":216,"line_number":5,"text":"ﭸ","translation":{"text":"the honor","language_name":"english","language_id":38},"transliteration":{"text":"l-ʿizata","language_name":"english","language_id":38}},{"id":57132,"position":6,"audio_url":"wbw/010_065_007.mp3","qpc_uthmani_hafs":"لِلَّهِ","char_type_name":"word","page_number":216,"line_number":5,"text":"ﭹ","translation":{"text":"(belongs) to Allah","language_name":"english","language_id":38},"transliteration":{"text":"lillahi","language_name":"english","language_id":38}},{"id":57133,"position":7,"audio_url":"wbw/010_065_008.mp3","qpc_uthmani_hafs":"جَمِيعًاۚ","char_type_name":"word","page_number":216,"line_number":5,"text":"ﭺﭻ","translation":{"text":"all","language_name":"english","language_id":38},"transliteration":{"text":"jamīʿan","language_name":"english","language_id":38}},{"id":57135,"position":8,"audio_url":"wbw/010_065_010.mp3","qpc_uthmani_hafs":"هُوَ","char_type_name":"word","page_number":216,"line_number":5,"text":"ﭼ","translation":{"text":"He","language_name":"english","language_id":38},"transliteration":{"text":"huwa","language_name":"english","language_id":38}},{"id":57136,"position":9,"audio_url":"wbw/010_065_011.mp3","qpc_uthmani_hafs":"ٱلسَّمِيعُ","char_type_name":"word","page_number":216,"line_number":5,"text":"ﭽ","translation":{"text":"(is) the All-Hearer","language_name":"english","language_id":38},"transliteration":{"text":"l-samīʿu","language_name":"english","language_id":38}},{"id":57137,"position":10,"audio_url":"wbw/010_065_012.mp3","qpc_uthmani_hafs":"ٱلۡعَلِيمُ","char_type_name":"word","page_number":216,"line_number":5,"text":"ﭾ","translation":{"text":"the All-Knower","language_name":"english","language_id":38},"transliteration":{"text":"l-ʿalīmu","language_name":"english","language_id":38}},{"id":57138,"position":11,"audio_url":null,"qpc_uthmani_hafs":"٦٥","char_type_name":"end","page_number":216,"line_number":5,"text":"ﭿ","translation":{"text":"(65)","language_name":"english","language_id":38},"transliteration":{"text":null,"language_name":"english","language_id":38}}],"translations":[{"id":917858,"resource_id":134,"text":"Janganlah kamu sedih oleh perkataan mereka.  Sesungguhnya kekuasaan itu seluruhnya adalah kepunyaan Allah.  Dia-lah Yang Maha Mendengar lagi Maha Mengetahui."}]},{"id":1430,"verse_number":66,"verse_key":"10:66","juz_number":11,"hizb_number":22,"rub_el_hizb_number":86,"ruku_number":178,"manzil_number":3,"sajdah_number":null,"text_uthmani":"أَلَآ إِنَّ لِلَّهِ مَن فِى ٱلسَّمَـٰوَٰتِ وَمَن فِى ٱلْأَرْضِ ۗ وَمَا يَتَّبِعُ ٱلَّذِينَ يَدْعُونَ مِن دُونِ ٱللَّهِ شُرَكَآءَ ۚ إِن يَتَّبِعُونَ إِلَّا ٱلظَّنَّ وَإِنْ هُمْ إِلَّا يَخْرُصُونَ","page_number":216,"words":[{"id":57604,"position":1,"audio_url":"wbw/010_066_001.mp3","qpc_uthmani_hafs":"أَلَآ","char_type_name":"word","page_number":216,"line_number":5,"text":"ﮀ","translation":{"text":"No doubt","language_name":"english","language_id":38},"transliteration":{"text":"alā","language_name":"english","language_id":38}},{"id":57605,"position":2,"audio_url":"wbw/010_066_002.mp3","qpc_uthmani_hafs":"إِنَّ","char_type_name":"word","page_number":216,"line_number":5,"text":"ﮁ","translation":{"text":"Indeed","language_name":"english","language_id":38},"transliteration":{"text":"inna","language_name":"english","language_id":38}},{"id":57606,"position":3,"audio_url":"wbw/010_066_003.mp3","qpc_uthmani_hafs":"لِلَّهِ","char_type_name":"word","page_number":216,"line_number":5,"text":"ﮂ","translation":{"text":"to Allah (belongs)","language_name":"english","language_id":38},"transliteration":{"text":"lillahi","language_name":"english","language_id":38}},{"id":57607,"position":4,"audio_url":"wbw/010_066_004.mp3","qpc_uthmani_hafs":"مَن","char_type_name":"word","page_number":216,"line_number":6,"text":"ﮃ","translation":{"text":"whoever","language_name":"english","language_id":38},"transliteration":{"text":"man","language_name":"english","language_id":38}},{"id":57608,"position":5,"audio_url":"wbw/010_066_005.mp3","qpc_uthmani_hafs":"فِي","char_type_name":"word","page_number":216,"line_number":6,"text":"ﮄ","translation":{"text":"(is) in","language_name":"english","language_id":38},"transliteration":{"text":"fī","language_name":"english","language_id":38}},{"id":57609,"position":6,"audio_url":"wbw/010_066_006.mp3","qpc_uthmani_hafs":"ٱلسَّمَٰوَٰتِ","char_type_name":"word","page_number":216,"line_number":6,"text":"ﮅ","translation":{"text":"the heavens","language_name":"english","language_id":38},"transliteration":{"text":"l-samāwāti","language_name":"english","language_id":38}},{"id":57610,"position":7,"audio_url":"wbw/010_066_007.mp3","qpc_uthmani_hafs":"وَمَن","char_type_name":"word","page_number":216,"line_number":6,"text":"ﮆ","translation":{"text":"and whoever","language_name":"english","language_id":38},"transliteration":{"text":"waman","language_name":"english","language_id":38}},{"id":57611,"position":8,"audio_url":"wbw/010_066_008.mp3","qpc_uthmani_hafs":"فِي","char_type_name":"word","page_number":216,"line_number":6,"text":"ﮇ","translation":{"text":"(is) in","language_name":"english","language_id":38},"transliteration":{"text":"fī","language_name":"english","language_id":38}},{"id":57612,"position":9,"audio_url":"wbw/010_066_009.mp3","qpc_uthmani_hafs":"ٱلۡأَرۡضِۗ","char_type_name":"word","page_number":216,"line_number":6,"text":"ﮈﮉ","translation":{"text":"the earth","language_name":"english","language_id":38},"transliteration":{"text":"l-arḍi","language_name":"english","language_id":38}},{"id":57614,"position":10,"audio_url":"wbw/010_066_011.mp3","qpc_uthmani_hafs":"وَمَا","char_type_name":"word","page_number":216,"line_number":6,"text":"ﮊ","translation":{"text":"And not","language_name":"english","language_id":38},"transliteration":{"text":"wamā","language_name":"english","language_id":38}},{"id":57615,"position":11,"audio_url":"wbw/010_066_012.mp3","qpc_uthmani_hafs":"يَتَّبِعُ","char_type_name":"word","page_number":216,"line_number":6,"text":"ﮋ","translation":{"text":"follow","language_name":"english","language_id":38},"transliteration":{"text":"yattabiʿu","language_name":"english","language_id":38}},{"id":57616,"position":12,"audio_url":"wbw/010_066_013.mp3","qpc_uthmani_hafs":"ٱلَّذِينَ","char_type_name":"word","page_number":216,"line_number":6,"text":"ﮌ","translation":{"text":"those who","language_name":"english","language_id":38},"transliteration":{"text":"alladhīna","language_name":"english","language_id":38}},{"id":57617,"position":13,"audio_url":"wbw/010_066_014.mp3","qpc_uthmani_hafs":"يَدۡعُونَ","char_type_name":"word","page_number":216,"line_number":7,"text":"ﮍ","translation":{"text":"invoke","language_name":"english","language_id":38},"transliteration":{"text":"yadʿūna","language_name":"english","language_id":38}},{"id":57618,"position":14,"audio_url":"wbw/010_066_015.mp3","qpc_uthmani_hafs":"مِن","char_type_name":"word","page_number":216,"line_number":7,"text":"ﮎ","translation":{"text":"other than Allah","language_name":"english","language_id":38},"transliteration":{"text":"min","language_name":"english","language_id":38}},{"id":57619,"position":15,"audio_url":"wbw/010_066_016.mp3","qpc_uthmani_hafs":"دُونِ","char_type_name":"word","page_number":216,"line_number":7,"text":"ﮏ","translation":{"text":"other than Allah","language_name":"english","language_id":38},"transliteration":{"text":"dūni","language_name":"english","language_id":38}},{"id":57620,"position":16,"audio_url":"wbw/010_066_017.mp3","qpc_uthmani_hafs":"ٱللَّهِ","char_type_name":"word","page_number":216,"line_number":7,"text":"ﮐ","translation":{"text":"other than Allah","language_name":"english","language_id":38},"transliteration":{"text":"l-lahi","language_name":"english","language_id":38}},{"id":57621,"position":17,"audio_url":"wbw/010_066_018.mp3","qpc_uthmani_hafs":"شُرَكَآءَۚ","char_type_name":"word","page_number":216,"line_number":7,"text":"ﮑﮒ","translation":{"text":"partners","language_name":"english","language_id":38},"transliteration":{"text":"shurakāa","language_name":"english","language_id":38}},{"id":57623,"position":18,"audio_url":"wbw/010_066_020.mp3","qpc_uthmani_hafs":"إِن","char_type_name":"word","page_number":216,"line_number":7,"text":"ﮓ","translation":{"text":"Not","language_name":"english","language_id":38},"transliteration":{"text":"in","language_name":"english","language_id":38}},{"id":57624,"position":19,"audio_url":"wbw/010_066_021.mp3","qpc_uthmani_hafs":"يَتَّبِعُونَ","char_type_name":"word","page_number":216,"line_number":7,"text":"ﮔ","translation":{"text":"they follow","language_name":"english","language_id":38},"transliteration":{"text":"yattabiʿūna","language_name":"english","language_id":38}},{"id":57625,"position":20,"audio_url":"wbw/010_066_022.mp3","qpc_uthmani_hafs":"إِلَّا","char_type_name":"word","page_number":216,"line_number":7,"text":"ﮕ","translation":{"text":"but","language_name":"english","language_id":38},"transliteration":{"text":"illā","language_name":"english","language_id":38}},{"id":57626,"position":21,"audio_url":"wbw/010_066_023.mp3","qpc_uthmani_hafs":"ٱلظَّنَّ","char_type_name":"word","page_number":216,"line_number":8,"text":"ﮖ","translation":{"text":"the assumption","language_name":"english","language_id":38},"transliteration":{"text":"l-ẓana","language_name":"english","language_id":38}},{"id":57627,"position":22,"audio_url":"wbw/010_066_024.mp3","qpc_uthmani_hafs":"وَإِنۡ","char_type_name":"word","page_number":216,"line_number":8,"text":"ﮗ","translation":{"text":"and not","language_name":"english","language_id":38},"transliteration":{"text":"wa-in","language_name":"english","language_id":38}},{"id":57628,"position":23,"audio_url":"wbw/010_066_025.mp3","qpc_uthmani_hafs":"هُمۡ","char_type_name":"word","page_number":216,"line_number":8,"text":"ﮘ","translation":{"text":"they","language_name":"english","language_id":38},"transliteration":{"text":"hum","language_name":"english","language_id":38}},{"id":57629,"position":24,"audio_url":"wbw/010_066_026.mp3","qpc_uthmani_hafs":"إِلَّا","char_type_name":"word","page_number":216,"line_number":8,"text":"ﮙ","translation":{"text":"but","language_name":"english","language_id":38},"transliteration":{"text":"illā","language_name":"english","language_id":38}},{"id":57630,"position":25,"audio_url":"wbw/010_066_027.mp3","qpc_uthmani_hafs":"يَخۡرُصُونَ","char_type_name":"word","page_number":216,"line_number":8,"text":"ﮚ","translation":{"text":"guess","language_name":"english","language_id":38},"transliteration":{"text":"yakhruṣūna","language_name":"english","language_id":38}},{"id":57631,"position":26,"audio_url":null,"qpc_uthmani_hafs":"٦٦","char_type_name":"end","page_number":216,"line_number":8,"text":"ﮛ","translation":{"text":"(66)","language_name":"english","language_id":38},"transliteration":{"text":null,"language_name":"english","language_id":38}}],"translations":[{"id":917859,"resource_id":134,"text":"Ingatlah, sesungguhnya kepunyaan Allah semua yang ada di langit dan semua yang ada di bumi.  Dan orang-orang yang menyeru sekutu-sekutu selain Allah, tidaklah mengikuti (suatu keyakinan). Mereka tidak mengikuti kecuali prasangka belaka dan mereka hanyalah menduga-duga."}]},{"id":1431,"verse_number":67,"verse_key":"10:67","juz_number":11,"hizb_number":22,"rub_el_hizb_number":86,"ruku_number":178,"manzil_number":3,"sajdah_number":null,"text_uthmani":"هُوَ ٱلَّذِى جَعَلَ لَكُمُ ٱلَّيْلَ لِتَسْكُنُوا۟ فِيهِ وَٱلنَّهَارَ مُبْصِرًا ۚ إِنَّ فِى ذَٰلِكَ لَـَٔايَـٰتٍ لِّقَوْمٍ يَسْمَعُونَ","page_number":216,"words":[{"id":58312,"position":1,"audio_url":"wbw/010_067_001.mp3","qpc_uthmani_hafs":"هُوَ","char_type_name":"word","page_number":216,"line_number":8,"text":"ﮜ","translation":{"text":"He","language_name":"english","language_id":38},"transliteration":{"text":"huwa","language_name":"english","language_id":38}},{"id":58313,"position":2,"audio_url":"wbw/010_067_002.mp3","qpc_uthmani_hafs":"ٱلَّذِي","char_type_name":"word","page_number":216,"line_number":8,"text":"ﮝ","translation":{"text":"(is) the One Who","language_name":"english","language_id":38},"transliteration":{"text":"alladhī","language_name":"english","language_id":38}},{"id":58314,"position":3,"audio_url":"wbw/010_067_003.mp3","qpc_uthmani_hafs":"جَعَلَ","char_type_name":"word","page_number":216,"line_number":8,"text":"ﮞ","translation":{"text":"made","language_name":"english","language_id":38},"transliteration":{"text":"jaʿala","language_name":"english","language_id":38}},{"id":58315,"position":4,"audio_url":"wbw/010_067_004.mp3","qpc_uthmani_hafs":"لَكُمُ","char_type_name":"word","page_number":216,"line_number":8,"text":"ﮟ","translation":{"text":"for you","language_name":"english","language_id":38},"transliteration":{"text":"lakumu","language_name":"english","language_id":38}},{"id":58316,"position":5,"audio_url":"wbw/010_067_005.mp3","qpc_uthmani_hafs":"ٱلَّيۡلَ","char_type_name":"word","page_number":216,"line_number":9,"text":"ﮠ","translation":{"text":"the night","language_name":"english","language_id":38},"transliteration":{"text":"al-layla","language_name":"english","language_id":38}},{"id":58317,"position":6,"audio_url":"wbw/010_067_006.mp3","qpc_uthmani_hafs":"لِتَسۡكُنُواْ","char_type_name":"word","page_number":216,"line_number":9,"text":"ﮡ","translation":{"text":"that you may rest","language_name":"english","language_id":38},"transliteration":{"text":"litaskunū","language_name":"english","language_id":38}},{"id":58318,"position":7,"audio_url":"wbw/010_067_007.mp3","qpc_uthmani_hafs":"فِيهِ","char_type_name":"word","page_number":216,"line_number":9,"text":"ﮢ","translation":{"text":"in it","language_name":"english","language_id":38},"transliteration":{"text":"fīhi","language_name":"english","language_id":38}},{"id":58319,"position":8,"audio_url":"wbw/010_067_008.mp3","qpc_uthmani_hafs":"وَٱلنَّهَارَ","char_type_name":"word","page_number":216,"line_number":9,"text":"ﮣ","translation":{"text":"and the day","language_name":"english","language_id":38},"transliteration":{"text":"wal-nahāra","language_name":"english","language_id":38}},{"id":58320,"position":9,"audio_url":"wbw/010_067_009.mp3","qpc_uthmani_hafs":"مُبۡصِرًاۚ","char_type_name":"word","page_number":216,"line_number":9,"text":"ﮤﮥ","translation":{"text":"giving visibility","language_name":"english","language_id":38},"transliteration":{"text":"mub'ṣiran","language_name":"english","language_id":38}},{"id":58322,"position":10,"audio_url":"wbw/010_067_011.mp3","qpc_uthmani_hafs":"إِنَّ","char_type_name":"word","page_number":216,"line_number":9,"text":"ﮦ","translation":{"text":"Indeed","language_name":"english","language_id":38},"transliteration":{"text":"inna","language_name":"english","language_id":38}},{"id":58323,"position":11,"audio_url":"wbw/010_067_012.mp3","qpc_uthmani_hafs":"فِي","char_type_name":"word","page_number":216,"line_number":9,"text":"ﮧ","translation":{"text":"in","language_name":"english","language_id":38},"transliteration":{"text":"fī","language_name":"english","language_id":38}},{"id":58324,"position":12,"audio_url":"wbw/010_067_013.mp3","qpc_uthmani_hafs":"ذَٰلِكَ","char_type_name":"word","page_number":216,"line_number":9,"text":"ﮨ","translation":{"text":"that","language_name":"english","language_id":38},"transliteration":{"text":"dhālika","language_name":"english","language_id":38}},{"id":58325,"position":13,"audio_url":"wbw/010_067_014.mp3","qpc_uthmani_hafs":"لَأٓيَٰتٖ","char_type_name":"word","page_number":216,"line_number":10,"text":"ﮩ","translation":{"text":"surely (are) Signs","language_name":"english","language_id":38},"transliteration":{"text":"laāyātin","language_name":"english","language_id":38}},{"id":58326,"position":14,"audio_url":"wbw/010_067_015.mp3","qpc_uthmani_hafs":"لِّقَوۡمٖ","char_type_name":"word","page_number":216,"line_number":10,"text":"ﮪ","translation":{"text":"for a people","language_name":"english","language_id":38},"transliteration":{"text":"liqawmin","language_name":"english","language_id":38}},{"id":58327,"position":15,"audio_url":"wbw/010_067_016.mp3","qpc_uthmani_hafs":"يَسۡمَعُونَ","char_type_name":"word","page_number":216,"line_number":10,"text":"ﮫ","translation":{"text":"(who) listen","language_name":"english","language_id":38},"transliteration":{"text":"yasmaʿūna","language_name":"english","language_id":38}},{"id":58328,"position":16,"audio_url":null,"qpc_uthmani_hafs":"٦٧","char_type_name":"end","page_number":216,"line_number":10,"text":"ﮬ","translation":{"text":"(67)","language_name":"english","language_id":38},"transliteration":{"text":null,"language_name":"english","language_id":38}}],"translations":[{"id":917860,"resource_id":134,"text":"Dia-lah yang menjadikan malam bagi kamu supaya kamu beristirahat padanya dan (menjadikan) siang terang benderang (supaya kamu mencari karunia Allah).  Sesungguhnya pada yang demikian itu terdapat tanda-tanda (kekuasaan Allah) bagi orang-orang yang mendengar <sup foot_note=210468>1</sup>."}]},{"id":1432,"verse_number":68,"verse_key":"10:68","juz_number":11,"hizb_number":22,"rub_el_hizb_number":86,"ruku_number":178,"manzil_number":3,"sajdah_number":null,"text_uthmani":"قَالُوا۟ ٱتَّخَذَ ٱللَّهُ وَلَدًا ۗ سُبْحَـٰنَهُۥ ۖ هُوَ ٱلْغَنِىُّ ۖ لَهُۥ مَا فِى ٱلسَّمَـٰوَٰتِ وَمَا فِى ٱلْأَرْضِ ۚ إِنْ عِندَكُم مِّن سُلْطَـٰنٍۭ بِهَـٰذَآ ۚ أَتَقُولُونَ عَلَى ٱللَّهِ مَا لَا تَعْلَمُونَ","page_number":216,"words":[{"id":58490,"position":1,"audio_url":"wbw/010_068_001.mp3","qpc_uthmani_hafs":"قَالُواْ","char_type_name":"word","page_number":216,"line_number":10,"text":"ﮭ","translation":{"text":"They say","language_name":"english","language_id":38},"transliteration":{"text":"qālū","language_name":"english","language_id":38}},{"id":58491,"position":2,"audio_url":"wbw/010_068_002.mp3","qpc_uthmani_hafs":"ٱتَّخَذَ","char_type_name":"word","page_number":216,"line_number":10,"text":"ﮮ","translation":{"text":"Allah has taken","language_name":"english","language_id":38},"transliteration":{"text":"ittakhadha","language_name":"english","language_id":38}},{"id":58492,"position":3,"audio_url":"wbw/010_068_003.mp3","qpc_uthmani_hafs":"ٱللَّهُ","char_type_name":"word","page_number":216,"line_number":10,"text":"ﮯ","translation":{"text":"Allah has taken","language_name":"english","language_id":38},"transliteration":{"text":"l-lahu","language_name":"english","language_id":38}},{"id":58493,"position":4,"audio_url":"wbw/010_068_004.mp3","qpc_uthmani_hafs":"وَلَدٗاۗ","char_type_name":"word","page_number":216,"line_number":10,"text":"ﮰﮱ","translation":{"text":"a son","language_name":"english","language_id":38},"transliteration":{"text":"waladan","language_name":"english","language_id":38}},{"id":58495,"position":5,"audio_url":"wbw/010_068_006.mp3","qpc_uthmani_hafs":"سُبۡحَٰنَهُۥۖ","char_type_name":"word","page_number":216,"line_number":11,"text":"ﯓﯔ","translation":{"text":"Glory be to Him","language_name":"english","language_id":38},"transliteration":{"text":"sub'ḥānahu","language_name":"english","language_id":38}},{"id":58497,"position":6,"audio_url":"wbw/010_068_008.mp3","qpc_uthmani_hafs":"هُوَ","char_type_name":"word","page_number":216,"line_number":11,"text":"ﯕ","translation":{"text":"He","language_name":"english","language_id":38},"transliteration":{"text":"huwa","language_name":"english","language_id":38}},{"id":58498,"position":7,"audio_url":"wbw/010_068_009.mp3","qpc_uthmani_hafs":"ٱلۡغَنِيُّۖ","char_type_name":"word","page_number":216,"line_number":11,"text":"ﯖﯗ","translation":{"text":"(is) the Self-sufficient","language_name":"english","language_id":38},"transliteration":{"text":"l-ghaniyu","language_name":"english","language_id":38}},{"id":58500,"position":8,"audio_url":"wbw/010_068_011.mp3","qpc_uthmani_hafs":"لَهُۥ","char_type_name":"word","page_number":216,"line_number":11,"text":"ﯘ","translation":{"text":"To Him (belongs)","language_name":"english","language_id":38},"transliteration":{"text":"lahu","language_name":"english","language_id":38}},{"id":58501,"position":9,"audio_url":"wbw/010_068_012.mp3","qpc_uthmani_hafs":"مَا","char_type_name":"word","page_number":216,"line_number":11,"text":"ﯙ","translation":{"text":"whatever","language_name":"english","language_id":38},"transliteration":{"text":"mā","language_name":"english","language_id":38}},{"id":58502,"position":10,"audio_url":"wbw/010_068_013.mp3","qpc_uthmani_hafs":"فِي","char_type_name":"word","page_number":216,"line_number":11,"text":"ﯚ","translation":{"text":"(is) in","language_name":"english","language_id":38},"transliteration":{"text":"fī","language_name":"english","language_id":38}},{"id":58503,"position":11,"audio_url":"wbw/010_068_014.mp3","qpc_uthmani_hafs":"ٱلسَّمَٰوَٰتِ","char_type_name":"word","page_number":216,"line_number":11,"text":"ﯛ","translation":{"text":"the heavens","language_name":"english","language_id":38},"transliteration":{"text":"l-samāwāti","language_name":"english","language_id":38}},{"id":58504,"position":12,"audio_url":"wbw/010_068_015.mp3","qpc_uthmani_hafs":"وَمَا","char_type_name":"word","page_number":216,"line_number":11,"text":"ﯜ","translation":{"text":"and whatever","language_name":"english","language_id":38},"transliteration":{"text":"wamā","language_name":"english","language_id":38}},{"id":58505,"position":13,"audio_url":"wbw/010_068_016.mp3","qpc_uthmani_hafs":"فِي","char_type_name":"word","page_number":216,"line_number":11,"text":"ﯝ","translation":{"text":"(is) in","language_name":"english","language_id":38},"transliteration":{"text":"fī","language_name":"english","language_id":38}},{"id":58506,"position":14,"audio_url":"wbw/010_068_017.mp3","qpc_uthmani_hafs":"ٱلۡأَرۡضِۚ","char_type_name":"word","page_number":216,"line_number":11,"text":"ﯞﯟ","translation":{"text":"the earth","language_name":"english","language_id":38},"transliteration":{"text":"l-arḍi","language_name":"english","language_id":38}},{"id":58508,"position":15,"audio_url":"wbw/010_068_019.mp3","qpc_uthmani_hafs":"إِنۡ","char_type_name":"word","page_number":216,"line_number":12,"text":"ﯠ","translation":{"text":"Not","language_name":"english","language_id":38},"transliteration":{"text":"in","language_name":"english","language_id":38}},{"id":58509,"position":16,"audio_url":"wbw/010_068_020.mp3","qpc_uthmani_hafs":"عِندَكُم","char_type_name":"word","page_number":216,"line_number":12,"text":"ﯡ","translation":{"text":"you have","language_name":"english","language_id":38},"transliteration":{"text":"ʿindakum","language_name":"english","language_id":38}},{"id":58510,"position":17,"audio_url":"wbw/010_068_021.mp3","qpc_uthmani_hafs":"مِّن","char_type_name":"word","page_number":216,"line_number":12,"text":"ﯢ","translation":{"text":"any","language_name":"english","language_id":38},"transliteration":{"text":"min","language_name":"english","language_id":38}},{"id":58511,"position":18,"audio_url":"wbw/010_068_022.mp3","qpc_uthmani_hafs":"سُلۡطَٰنِۭ","char_type_name":"word","page_number":216,"line_number":12,"text":"ﯣ","translation":{"text":"authority","language_name":"english","language_id":38},"transliteration":{"text":"sul'ṭānin","language_name":"english","language_id":38}},{"id":58512,"position":19,"audio_url":"wbw/010_068_023.mp3","qpc_uthmani_hafs":"بِهَٰذَآۚ","char_type_name":"word","page_number":216,"line_number":12,"text":"ﯤﯥ","translation":{"text":"for this","language_name":"english","language_id":38},"transliteration":{"text":"bihādhā","language_name":"english","language_id":38}},{"id":58514,"position":20,"audio_url":"wbw/010_068_025.mp3","qpc_uthmani_hafs":"أَتَقُولُونَ","char_type_name":"word","page_number":216,"line_number":12,"text":"ﯦ","translation":{"text":"Do you say","language_name":"english","language_id":38},"transliteration":{"text":"ataqūlūna","language_name":"english","language_id":38}},{"id":58515,"position":21,"audio_url":"wbw/010_068_026.mp3","qpc_uthmani_hafs":"عَلَى","char_type_name":"word","page_number":216,"line_number":12,"text":"ﯧ","translation":{"text":"about","language_name":"english","language_id":38},"transliteration":{"text":"ʿalā","language_name":"english","language_id":38}},{"id":58516,"position":22,"audio_url":"wbw/010_068_027.mp3","qpc_uthmani_hafs":"ٱللَّهِ","char_type_name":"word","page_number":216,"line_number":12,"text":"ﯨ","translation":{"text":"Allah","language_name":"english","language_id":38},"transliteration":{"text":"l-lahi","language_name":"english","language_id":38}},{"id":58517,"position":23,"audio_url":"wbw/010_068_028.mp3","qpc_uthmani_hafs":"مَا","char_type_name":"word","page_number":216,"line_number":12,"text":"ﯩ","translation":{"text":"what","language_name":"english","language_id":38},"transliteration":{"text":"mā","language_name":"english","language_id":38}},{"id":58518,"position":24,"audio_url":"wbw/010_068_029.mp3","qpc_uthmani_hafs":"لَا","char_type_name":"word","page_number":216,"line_number":13,"text":"ﯪ","translation":{"text":"not","language_name":"english","language_id":38},"transliteration":{"text":"lā","language_name":"english","language_id":38}},{"id":58519,"position":25,"audio_url":"wbw/010_068_030.mp3","qpc_uthmani_hafs":"تَعۡلَمُونَ","char_type_name":"word","page_number":216,"line_number":13,"text":"ﯫ","translation":{"text":"you know","language_name":"english","language_id":38},"transliteration":{"text":"taʿlamūna","language_name":"english","language_id":38}},{"id":58520,"position":26,"audio_url":null,"qpc_uthmani_hafs":"٦٨","char_type_name":"end","page_number":216,"line_number":13,"text":"ﯬ","translation":{"text":"(68)","language_name":"english","language_id":38},"transliteration":{"text":null,"language_name":"english","language_id":38}}],"translations":[{"id":917861,"resource_id":134,"text":"Mereka (orang-orang Yahudi dan Nasrani) berkata, \"Allah mempuyai anak\".  Maha Suci Allah; Dia-lah Yang Maha Kaya; kepunyaan-Nya apa yang ada di langit dan apa yang di bumi.  Kamu tidak mempunyai hujah tentang ini.  Pantaskah kamu mengatakan terhadap Allah apa yang tidak kamu ketahui?"}]},{"id":1433,"verse_number":69,"verse_key":"10:69","juz_number":11,"hizb_number":22,"rub_el_hizb_number":86,"ruku_number":178,"manzil_number":3,"sajdah_number":null,"text_uthmani":"قُلْ إِنَّ ٱلَّذِينَ يَفْتَرُونَ عَلَى ٱللَّهِ ٱلْكَذِبَ لَا يُفْلِحُونَ","page_number":216,"words":[{"id":59044,"position":1,"audio_url":"wbw/010_069_001.mp3","qpc_uthmani_hafs":"قُلۡ","char_type_name":"word","page_number":216,"line_number":13,"text":"ﯭ","translation":{"text":"Say","language_name":"english","language_id":38},"transliteration":{"text":"qul","language_name":"english","language_id":38}},{"id":59045,"position":2,"audio_url":"wbw/010_069_002.mp3","qpc_uthmani_hafs":"إِنَّ","char_type_name":"word","page_number":216,"line_number":13,"text":"ﯮ","translation":{"text":"Indeed","language_name":"english","language_id":38},"transliteration":{"text":"inna","language_name":"english","language_id":38}},{"id":59046,"position":3,"audio_url":"wbw/010_069_003.mp3","qpc_uthmani_hafs":"ٱلَّذِينَ","char_type_name":"word","page_number":216,"line_number":13,"text":"ﯯ","translation":{"text":"those who","language_name":"english","language_id":38},"transliteration":{"text":"alladhīna","language_name":"english","language_id":38}},{"id":59047,"position":4,"audio_url":"wbw/010_069_004.mp3","qpc_uthmani_hafs":"يَفۡتَرُونَ","char_type_name":"word","page_number":216,"line_number":13,"text":"ﯰ","translation":{"text":"invent","language_name":"english","language_id":38},"transliteration":{"text":"yaftarūna","language_name":"english","language_id":38}},{"id":59048,"position":5,"audio_url":"wbw/010_069_005.mp3","qpc_uthmani_hafs":"عَلَى","char_type_name":"word","page_number":216,"line_number":13,"text":"ﯱ","translation":{"text":"against","language_name":"english","language_id":38},"transliteration":{"text":"ʿalā","language_name":"english","language_id":38}},{"id":59049,"position":6,"audio_url":"wbw/010_069_006.mp3","qpc_uthmani_hafs":"ٱللَّهِ","char_type_name":"word","page_number":216,"line_number":13,"text":"ﯲ","translation":{"text":"Allah","language_name":"english","language_id":38},"transliteration":{"text":"l-lahi","language_name":"english","language_id":38}},{"id":59050,"position":7,"audio_url":"wbw/010_069_007.mp3","qpc_uthmani_hafs":"ٱلۡكَذِبَ","char_type_name":"word","page_number":216,"line_number":13,"text":"ﯳ","translation":{"text":"the lie","language_name":"english","language_id":38},"transliteration":{"text":"l-kadhiba","language_name":"english","language_id":38}},{"id":59051,"position":8,"audio_url":"wbw/010_069_008.mp3","qpc_uthmani_hafs":"لَا","char_type_name":"word","page_number":216,"line_number":14,"text":"ﯴ","translation":{"text":"they will not succeed","language_name":"english","language_id":38},"transliteration":{"text":"lā","language_name":"english","language_id":38}},{"id":59052,"position":9,"audio_url":"wbw/010_069_009.mp3","qpc_uthmani_hafs":"يُفۡلِحُونَ","char_type_name":"word","page_number":216,"line_number":14,"text":"ﯵ","translation":{"text":"they will not succeed","language_name":"english","language_id":38},"transliteration":{"text":"yuf'liḥūna","language_name":"english","language_id":38}},{"id":59053,"position":10,"audio_url":null,"qpc_uthmani_hafs":"٦٩","char_type_name":"end","page_number":216,"line_number":14,"text":"ﯶ","translation":{"text":"(69)","language_name":"english","language_id":38},"transliteration":{"text":null,"language_name":"english","language_id":38}}],"translations":[{"id":917862,"resource_id":134,"text":"Katakanlah, \"Sesungguhnya orang-orang yang mengada-adakan kebohongan terhadap Allah tidak beruntung\"."}]},{"id":1434,"verse_number":70,"verse_key":"10:70","juz_number":11,"hizb_number":22,"rub_el_hizb_number":86,"ruku_number":178,"manzil_number":3,"sajdah_number":null,"text_uthmani":"مَتَـٰعٌ فِى ٱلدُّنْيَا ثُمَّ إِلَيْنَا مَرْجِعُهُمْ ثُمَّ نُذِيقُهُمُ ٱلْعَذَابَ ٱلشَّدِيدَ بِمَا كَانُوا۟ يَكْفُرُونَ","page_number":216,"words":[{"id":59683,"position":1,"audio_url":"wbw/010_070_001.mp3","qpc_uthmani_hafs":"مَتَٰعٞ","char_type_name":"word","page_number":216,"line_number":14,"text":"ﯷ","translation":{"text":"An enjoyment","language_name":"english","language_id":38},"transliteration":{"text":"matāʿun","language_name":"english","language_id":38}},{"id":59684,"position":2,"audio_url":"wbw/010_070_002.mp3","qpc_uthmani_hafs":"فِي","char_type_name":"word","page_number":216,"line_number":14,"text":"ﯸ","translation":{"text":"in","language_name":"english","language_id":38},"transliteration":{"text":"fī","language_name":"english","language_id":38}},{"id":59685,"position":3,"audio_url":"wbw/010_070_003.mp3","qpc_uthmani_hafs":"ٱلدُّنۡيَا","char_type_name":"word","page_number":216,"line_number":14,"text":"ﯹ","translation":{"text":"the world","language_name":"english","language_id":38},"transliteration":{"text":"l-dun'yā","language_name":"english","language_id":38}},{"id":59686,"position":4,"audio_url":"wbw/010_070_004.mp3","qpc_uthmani_hafs":"ثُمَّ","char_type_name":"word","page_number":216,"line_number":14,"text":"ﯺ","translation":{"text":"then","language_name":"english","language_id":38},"transliteration":{"text":"thumma","language_name":"english","language_id":38}},{"id":59687,"position":5,"audio_url":"wbw/010_070_005.mp3","qpc_uthmani_hafs":"إِلَيۡنَا","char_type_name":"word","page_number":216,"line_number":14,"text":"ﯻ","translation":{"text":"to Us","language_name":"english","language_id":38},"transliteration":{"text":"ilaynā","language_name":"english","language_id":38}},{"id":59688,"position":6,"audio_url":"wbw/010_070_006.mp3","qpc_uthmani_hafs":"مَرۡجِعُهُمۡ","char_type_name":"word","page_number":216,"line_number":14,"text":"ﯼ","translation":{"text":"(is) their return","language_name":"english","language_id":38},"transliteration":{"text":"marjiʿuhum","language_name":"english","language_id":38}},{"id":59689,"position":7,"audio_url":"wbw/010_070_007.mp3","qpc_uthmani_hafs":"ثُمَّ","char_type_name":"word","page_number":216,"line_number":14,"text":"ﯽ","translation":{"text":"then","language_name":"english","language_id":38},"transliteration":{"text":"thumma","language_name":"english","language_id":38}},{"id":59690,"position":8,"audio_url":"wbw/010_070_008.mp3","qpc_uthmani_hafs":"نُذِيقُهُمُ","char_type_name":"word","page_number":216,"line_number":15,"text":"ﯾ","translation":{"text":"We will make them taste","language_name":"english","language_id":38},"transliteration":{"text":"nudhīquhumu","language_name":"english","language_id":38}},{"id":59691,"position":9,"audio_url":"wbw/010_070_009.mp3","qpc_uthmani_hafs":"ٱلۡعَذَابَ","char_type_name":"word","page_number":216,"line_number":15,"text":"ﯿ","translation":{"text":"the punishment","language_name":"english","language_id":38},"transliteration":{"text":"l-ʿadhāba","language_name":"english","language_id":38}},{"id":59692,"position":10,"audio_url":"wbw/010_070_010.mp3","qpc_uthmani_hafs":"ٱلشَّدِيدَ","char_type_name":"word","page_number":216,"line_number":15,"text":"ﰀ","translation":{"text":"the severe","language_name":"english","language_id":38},"transliteration":{"text":"l-shadīda","language_name":"english","language_id":38}},{"id":59693,"position":11,"audio_url":"wbw/010_070_011.mp3","qpc_uthmani_hafs":"بِمَا","char_type_name":"word","page_number":216,"line_number":15,"text":"ﰁ","translation":{"text":"because","language_name":"english","language_id":38},"transliteration":{"text":"bimā","language_name":"english","language_id":38}},{"id":59694,"position":12,"audio_url":"wbw/010_070_012.mp3","qpc_uthmani_hafs":"كَانُواْ","char_type_name":"word","page_number":216,"line_number":15,"text":"ﰂ","translation":{"text":"they used to","language_name":"english","language_id":38},"transliteration":{"text":"kānū","language_name":"english","language_id":38}},{"id":59695,"position":13,"audio_url":"wbw/010_070_013.mp3","qpc_uthmani_hafs":"يَكۡفُرُونَ","char_type_name":"word","page_number":216,"line_number":15,"text":"ﰃ","translation":{"text":"disbelieve","language_name":"english","language_id":38},"transliteration":{"text":"yakfurūna","language_name":"english","language_id":38}},{"id":59696,"position":14,"audio_url":null,"qpc_uthmani_hafs":"٧٠","char_type_name":"end","page_number":216,"line_number":15,"text":"ﰄ","translation":{"text":"(70)","language_name":"english","language_id":38},"transliteration":{"text":null,"language_name":"english","language_id":38}}],"translations":[{"id":917863,"resource_id":134,"text":"(Bagi mereka) kesenangan (sementara) di dunia, kemudian kepada Kami-lah mereka kembali, kemudian Kami rasakan kepada mereka siksa yang berat, disebabkan kekafiran mereka."}]}],"pagination":{"per_page":50,"current_page":1,"next_page":null,"total_pages":1,"total_records":9}}