{"verses":[{"id":1443,"verse_number":79,"verse_key":"10:79","juz_number":11,"hizb_number":22,"rub_el_hizb_number":87,"ruku_number":179,"manzil_number":3,"sajdah_number":null,"text_uthmani":"وَقَالَ فِرْعَوْنُ ٱئْتُونِى بِكُلِّ سَـٰحِرٍ عَلِيمٍ","page_number":218,"words":[{"id":63763,"position":1,"audio_url":"wbw/010_079_001.mp3","qpc_uthmani_hafs":"وَقَالَ","char_type_name":"word","page_number":218,"line_number":1,"text":"ﭑ","translation":{"text":"And Firaun said","language_name":"english","language_id":38},"transliteration":{"text":"waqāla","language_name":"english","language_id":38}},{"id":63764,"position":2,"audio_url":"wbw/010_079_002.mp3","qpc_uthmani_hafs":"فِرۡعَوۡنُ","char_type_name":"word","page_number":218,"line_number":1,"text":"ﭒ","translation":{"text":"And Firaun said","language_name":"english","language_id":38},"transliteration":{"text":"fir'ʿawnu","language_name":"english","language_id":38}},{"id":63765,"position":3,"audio_url":"wbw/010_079_003.mp3","qpc_uthmani_hafs":"ٱئۡتُونِي","char_type_name":"word","page_number":218,"line_number":1,"text":"ﭓ","translation":{"text":"Bring to me","language_name":"english","language_id":38},"transliteration":{"text":"i'tūnī","language_name":"english","language_id":38}},{"id":63766,"position":4,"audio_url":"wbw/010_079_004.mp3","qpc_uthmani_hafs":"بِكُلِّ","char_type_name":"word","page_number":218,"line_number":1,"text":"ﭔ","translation":{"text":"every","language_name":"english","language_id":38},"transliteration":{"text":"bikulli","language_name":"english","language_id":38}},{"id":63767,"position":5,"audio_url":"wbw/010_079_005.mp3","qpc_uthmani_hafs":"سَٰحِرٍ","char_type_name":"word","page_number":218,"line_number":1,"text":"ﭕ","translation":{"text":"magician","language_name":"english","language_id":38},"transliteration":{"text":"sāḥirin","language_name":"english","language_id":38}},{"id":63768,"position":6,"audio_url":"wbw/010_079_006.mp3","qpc_uthmani_hafs":"عَلِيمٖ","char_type_name":"word","page_number":218,"line_number":1,"text":"ﭖ","translation":{"text":"learned","language_name":"english","language_id":38},"transliteration":{"text":"ʿalīmin","language_name":"english","language_id":38}},{"id":63769,"position":7,"audio_url":null,"qpc_uthmani_hafs":"٧٩","char_type_name":"end","page_number":218,"line_number":1,"text":"ﭗ","translation":{"text":"(79)","language_name":"english","language_id":38},"transliteration":{"text":null,"language_name":"english","language_id":38}}],"translations":[{"id":917872,"resource_id":134,"text":"Firʻawn berkata (kepada pemuka kaumnya), \"Datangkanlah kepadaku semua ahli-ahli sihir yang pandai!\""}]},{"id":1444,"verse_number":80,"verse_key":"10:80","juz_number":11,"hizb_number":22,"rub_el_hizb_number":87,"ruku_number":179,"manzil_number":3,"sajdah_number":null,"text_uthmani":"فَلَمَّا جَآءَ ٱلسَّحَرَةُ قَالَ لَهُم مُّوسَىٰٓ أَلْقُوا۟ مَآ أَنتُم مُّلْقُونَ","page_number":218,"words":[{"id":64167,"position":1,"audio_url":"wbw/010_080_001.mp3","qpc_uthmani_hafs":"فَلَمَّا","char_type_name":"word","page_number":218,"line_number":1,"text":"ﭘ","translation":{"text":"So when","language_name":"english","language_id":38},"transliteration":{"text":"falammā","language_name":"english","language_id":38}},{"id":64168,"position":2,"audio_url":"wbw/010_080_002.mp3","qpc_uthmani_hafs":"جَآءَ","char_type_name":"word","page_number":218,"line_number":1,"text":"ﭙ","translation":{"text":"came","language_name":"english","language_id":38},"transliteration":{"text":"jāa","language_name":"english","language_id":38}},{"id":64169,"position":3,"audio_url":"wbw/010_080_003.mp3","qpc_uthmani_hafs":"ٱلسَّحَرَةُ","char_type_name":"word","page_number":218,"line_number":1,"text":"ﭚ","translation":{"text":"the magicians","language_name":"english","language_id":38},"transliteration":{"text":"l-saḥaratu","language_name":"english","language_id":38}},{"id":64170,"position":4,"audio_url":"wbw/010_080_004.mp3","qpc_uthmani_hafs":"قَالَ","char_type_name":"word","page_number":218,"line_number":2,"text":"ﭛ","translation":{"text":"said","language_name":"english","language_id":38},"transliteration":{"text":"qāla","language_name":"english","language_id":38}},{"id":64171,"position":5,"audio_url":"wbw/010_080_005.mp3","qpc_uthmani_hafs":"لَهُم","char_type_name":"word","page_number":218,"line_number":2,"text":"ﭜ","translation":{"text":"to them","language_name":"english","language_id":38},"transliteration":{"text":"lahum","language_name":"english","language_id":38}},{"id":64172,"position":6,"audio_url":"wbw/010_080_006.mp3","qpc_uthmani_hafs":"مُّوسَىٰٓ","char_type_name":"word","page_number":218,"line_number":2,"text":"ﭝ","translation":{"text":"Musa","language_name":"english","language_id":38},"transliteration":{"text":"mūsā","language_name":"english","language_id":38}},{"id":64173,"position":7,"audio_url":"wbw/010_080_007.mp3","qpc_uthmani_hafs":"أَلۡقُواْ","char_type_name":"word","page_number":218,"line_number":2,"text":"ﭞ","translation":{"text":"Throw","language_name":"english","language_id":38},"transliteration":{"text":"alqū","language_name":"english","language_id":38}},{"id":64174,"position":8,"audio_url":"wbw/010_080_008.mp3","qpc_uthmani_hafs":"مَآ","char_type_name":"word","page_number":218,"line_number":2,"text":"ﭟ","translation":{"text":"whatever","language_name":"english","language_id":38},"transliteration":{"text":"mā","language_name":"english","language_id":38}},{"id":64175,"position":9,"audio_url":"wbw/010_080_009.mp3","qpc_uthmani_hafs":"أَنتُم","char_type_name":"word","page_number":218,"line_number":2,"text":"ﭠ","translation":{"text":"you","language_name":"english","language_id":38},"transliteration":{"text":"antum","language_name":"english","language_id":38}},{"id":64176,"position":10,"audio_url":"wbw/010_080_010.mp3","qpc_uthmani_hafs":"مُّلۡقُونَ","char_type_name":"word","page_number":218,"line_number":2,"text":"ﭡ","translation":{"text":"(wish to) throw","language_name":"english","language_id":38},"transliteration":{"text":"mul'qūna","language_name":"english","language_id":38}},{"id":64177,"position":11,"audio_url":null,"qpc_uthmani_hafs":"٨٠","char_type_name":"end","page_number":218,"line_number":2,"text":"ﭢ","translation":{"text":"(80)","language_name":"english","language_id":38},"transliteration":{"text":null,"language_name":"english","language_id":38}}],"translations":[{"id":917873,"resource_id":134,"text":"Maka tatkala ahli-ahli sihir itu datang, Musa berkata kepada mereka, \"Lemparkanlah apa yang hendak kamu lemparkan\"."}]},{"id":1445,"verse_number":81,"verse_key":"10:81","juz_number":11,"hizb_number":22,"rub_el_hizb_number":87,"ruku_number":179,"manzil_number":3,"sajdah_number":null,"text_uthmani":"فَلَمَّآ أَلْقَوْا۟ قَالَ مُوسَىٰ مَا جِئْتُم بِهِ ٱلسِّحْرُ ۖ إِنَّ ٱللَّهَ سَيُبْطِلُهُۥٓ ۖ إِنَّ ٱللَّهَ لَا يُصْلِحُ عَمَلَ ٱلْمُفْسِدِينَ","page_number":218,"words":[{"id":64461,"position":1,"audio_url":"wbw/010_081_001.mp3","qpc_uthmani_hafs":"فَلَمَّآ","char_type_name":"word","page_number":218,"line_number":2,"text":"ﭣ","translation":{"text":"Then when","language_name":"english","language_id":38},"transliteration":{"text":"falammā","language_name":"english","language_id":38}},{"id":64462,"position":2,"audio_url":"wbw/010_081_002.mp3","qpc_uthmani_hafs":"أَلۡقَوۡاْ","char_type_name":"word","page_number":218,"line_number":2,"text":"ﭤ","translation":{"text":"they (had) thrown","language_name":"english","language_id":38},"transliteration":{"text":"alqaw","language_name":"english","language_id":38}},{"id":64463,"position":3,"audio_url":"wbw/010_081_003.mp3","qpc_uthmani_hafs":"قَالَ","char_type_name":"word","page_number":218,"line_number":2,"text":"ﭥ","translation":{"text":"Musa said","language_name":"english","language_id":38},"transliteration":{"text":"qāla","language_name":"english","language_id":38}},{"id":64464,"position":4,"audio_url":"wbw/010_081_004.mp3","qpc_uthmani_hafs":"مُوسَىٰ","char_type_name":"word","page_number":218,"line_number":3,"text":"ﭦ","translation":{"text":"Musa said","language_name":"english","language_id":38},"transliteration":{"text":"mūsā","language_name":"english","language_id":38}},{"id":64465,"position":5,"audio_url":"wbw/010_081_005.mp3","qpc_uthmani_hafs":"مَا","char_type_name":"word","page_number":218,"line_number":3,"text":"ﭧ","translation":{"text":"What","language_name":"english","language_id":38},"transliteration":{"text":"mā","language_name":"english","language_id":38}},{"id":64466,"position":6,"audio_url":"wbw/010_081_006.mp3","qpc_uthmani_hafs":"جِئۡتُم","char_type_name":"word","page_number":218,"line_number":3,"text":"ﭨ","translation":{"text":"you have brought","language_name":"english","language_id":38},"transliteration":{"text":"ji'tum","language_name":"english","language_id":38}},{"id":64467,"position":7,"audio_url":"wbw/010_081_007.mp3","qpc_uthmani_hafs":"بِهِ","char_type_name":"word","page_number":218,"line_number":3,"text":"ﭩ","translation":{"text":"[it]","language_name":"english","language_id":38},"transliteration":{"text":"bihi","language_name":"english","language_id":38}},{"id":64468,"position":8,"audio_url":"wbw/010_081_008.mp3","qpc_uthmani_hafs":"ٱلسِّحۡرُۖ","char_type_name":"word","page_number":218,"line_number":3,"text":"ﭪﭫ","translation":{"text":"(is) the magic","language_name":"english","language_id":38},"transliteration":{"text":"l-siḥ'ru","language_name":"english","language_id":38}},{"id":64470,"position":9,"audio_url":"wbw/010_081_010.mp3","qpc_uthmani_hafs":"إِنَّ","char_type_name":"word","page_number":218,"line_number":3,"text":"ﭬ","translation":{"text":"Indeed","language_name":"english","language_id":38},"transliteration":{"text":"inna","language_name":"english","language_id":38}},{"id":64471,"position":10,"audio_url":"wbw/010_081_011.mp3","qpc_uthmani_hafs":"ٱللَّهَ","char_type_name":"word","page_number":218,"line_number":3,"text":"ﭭ","translation":{"text":"Allah","language_name":"english","language_id":38},"transliteration":{"text":"l-laha","language_name":"english","language_id":38}},{"id":64472,"position":11,"audio_url":"wbw/010_081_012.mp3","qpc_uthmani_hafs":"سَيُبۡطِلُهُۥٓ","char_type_name":"word","page_number":218,"line_number":3,"text":"ﭮﭯ","translation":{"text":"will nullify it","language_name":"english","language_id":38},"transliteration":{"text":"sayub'ṭiluhu","language_name":"english","language_id":38}},{"id":64474,"position":12,"audio_url":"wbw/010_081_014.mp3","qpc_uthmani_hafs":"إِنَّ","char_type_name":"word","page_number":218,"line_number":3,"text":"ﭰ","translation":{"text":"Indeed","language_name":"english","language_id":38},"transliteration":{"text":"inna","language_name":"english","language_id":38}},{"id":64475,"position":13,"audio_url":"wbw/010_081_015.mp3","qpc_uthmani_hafs":"ٱللَّهَ","char_type_name":"word","page_number":218,"line_number":3,"text":"ﭱ","translation":{"text":"Allah","language_name":"english","language_id":38},"transliteration":{"text":"l-laha","language_name":"english","language_id":38}},{"id":64476,"position":14,"audio_url":"wbw/010_081_016.mp3","qpc_uthmani_hafs":"لَا","char_type_name":"word","page_number":218,"line_number":3,"text":"ﭲ","translation":{"text":"(does) not","language_name":"english","language_id":38},"transliteration":{"text":"lā","language_name":"english","language_id":38}},{"id":64477,"position":15,"audio_url":"wbw/010_081_017.mp3","qpc_uthmani_hafs":"يُصۡلِحُ","char_type_name":"word","page_number":218,"line_number":3,"text":"ﭳ","translation":{"text":"amend","language_name":"english","language_id":38},"transliteration":{"text":"yuṣ'liḥu","language_name":"english","language_id":38}},{"id":64478,"position":16,"audio_url":"wbw/010_081_018.mp3","qpc_uthmani_hafs":"عَمَلَ","char_type_name":"word","page_number":218,"line_number":4,"text":"ﭴ","translation":{"text":"the work","language_name":"english","language_id":38},"transliteration":{"text":"ʿamala","language_name":"english","language_id":38}},{"id":64479,"position":17,"audio_url":"wbw/010_081_019.mp3","qpc_uthmani_hafs":"ٱلۡمُفۡسِدِينَ","char_type_name":"word","page_number":218,"line_number":4,"text":"ﭵ","translation":{"text":"(of) the corrupters","language_name":"english","language_id":38},"transliteration":{"text":"l-muf'sidīna","language_name":"english","language_id":38}},{"id":64480,"position":18,"audio_url":null,"qpc_uthmani_hafs":"٨١","char_type_name":"end","page_number":218,"line_number":4,"text":"ﭶ","translation":{"text":"(81)","language_name":"english","language_id":38},"transliteration":{"text":null,"language_name":"english","language_id":38}}],"translations":[{"id":917874,"resource_id":134,"text":"Maka setelah mereka lemparkan, Musa  berkata, \"Apa yang kamu lakukan itu, itulah yang sihir, sesungguhnya Allah akan menampakkan ketidakbenarannya\".  Sesungguhnya Allah tidak akan membiarkan terus berlangsungnya pekerjaan orang-orang yang membuat kerusakan."}]},{"id":1446,"verse_number":82,"verse_key":"10:82","juz_number":11,"hizb_number":22,"rub_el_hizb_number":87,"ruku_number":179,"manzil_number":3,"sajdah_number":null,"text_uthmani":"وَيُحِقُّ ٱللَّهُ ٱلْحَقَّ بِكَلِمَـٰتِهِۦ وَلَوْ كَرِهَ ٱلْمُجْرِمُونَ","page_number":218,"words":[{"id":65229,"position":1,"audio_url":"wbw/010_082_001.mp3","qpc_uthmani_hafs":"وَيُحِقُّ","char_type_name":"word","page_number":218,"line_number":4,"text":"ﭷ","translation":{"text":"And Allah will establish","language_name":"english","language_id":38},"transliteration":{"text":"wayuḥiqqu","language_name":"english","language_id":38}},{"id":65230,"position":2,"audio_url":"wbw/010_082_002.mp3","qpc_uthmani_hafs":"ٱللَّهُ","char_type_name":"word","page_number":218,"line_number":4,"text":"ﭸ","translation":{"text":"And Allah will establish","language_name":"english","language_id":38},"transliteration":{"text":"l-lahu","language_name":"english","language_id":38}},{"id":65231,"position":3,"audio_url":"wbw/010_082_003.mp3","qpc_uthmani_hafs":"ٱلۡحَقَّ","char_type_name":"word","page_number":218,"line_number":4,"text":"ﭹ","translation":{"text":"the truth","language_name":"english","language_id":38},"transliteration":{"text":"l-ḥaqa","language_name":"english","language_id":38}},{"id":65232,"position":4,"audio_url":"wbw/010_082_004.mp3","qpc_uthmani_hafs":"بِكَلِمَٰتِهِۦ","char_type_name":"word","page_number":218,"line_number":4,"text":"ﭺ","translation":{"text":"by His words","language_name":"english","language_id":38},"transliteration":{"text":"bikalimātihi","language_name":"english","language_id":38}},{"id":65233,"position":5,"audio_url":"wbw/010_082_005.mp3","qpc_uthmani_hafs":"وَلَوۡ","char_type_name":"word","page_number":218,"line_number":4,"text":"ﭻ","translation":{"text":"even if","language_name":"english","language_id":38},"transliteration":{"text":"walaw","language_name":"english","language_id":38}},{"id":65234,"position":6,"audio_url":"wbw/010_082_006.mp3","qpc_uthmani_hafs":"كَرِهَ","char_type_name":"word","page_number":218,"line_number":4,"text":"ﭼ","translation":{"text":"dislike it","language_name":"english","language_id":38},"transliteration":{"text":"kariha","language_name":"english","language_id":38}},{"id":65235,"position":7,"audio_url":"wbw/010_082_007.mp3","qpc_uthmani_hafs":"ٱلۡمُجۡرِمُونَ","char_type_name":"word","page_number":218,"line_number":5,"text":"ﭽ","translation":{"text":"the criminals","language_name":"english","language_id":38},"transliteration":{"text":"l-muj'rimūna","language_name":"english","language_id":38}},{"id":65236,"position":8,"audio_url":null,"qpc_uthmani_hafs":"٨٢","char_type_name":"end","page_number":218,"line_number":5,"text":"ﭾ","translation":{"text":"(82)","language_name":"english","language_id":38},"transliteration":{"text":null,"language_name":"english","language_id":38}}],"translations":[{"id":917875,"resource_id":134,"text":"Dan Allah akan mengukuhkan yang benar dengan ketetapan-Nya, walaupun orang-orang yang berbuat dosa tidak menyukai(nya)."}]},{"id":1447,"verse_number":83,"verse_key":"10:83","juz_number":11,"hizb_number":22,"rub_el_hizb_number":87,"ruku_number":180,"manzil_number":3,"sajdah_number":null,"text_uthmani":"فَمَآ ءَامَنَ لِمُوسَىٰٓ إِلَّا ذُرِّيَّةٌ مِّن قَوْمِهِۦ عَلَىٰ خَوْفٍ مِّن فِرْعَوْنَ وَمَلَإِي۟هِمْ أَن يَفْتِنَهُمْ ۚ وَإِنَّ فِرْعَوْنَ لَعَالٍ فِى ٱلْأَرْضِ وَإِنَّهُۥ لَمِنَ ٱلْمُسْرِفِينَ","page_number":218,"words":[{"id":65532,"position":1,"audio_url":"wbw/010_083_001.mp3","qpc_uthmani_hafs":"فَمَآ","char_type_name":"word","page_number":218,"line_number":5,"text":"ﭿ","translation":{"text":"But none","language_name":"english","language_id":38},"transliteration":{"text":"famā","language_name":"english","language_id":38}},{"id":65533,"position":2,"audio_url":"wbw/010_083_002.mp3","qpc_uthmani_hafs":"ءَامَنَ","char_type_name":"word","page_number":218,"line_number":5,"text":"ﮀ","translation":{"text":"believed","language_name":"english","language_id":38},"transliteration":{"text":"āmana","language_name":"english","language_id":38}},{"id":65534,"position":3,"audio_url":"wbw/010_083_003.mp3","qpc_uthmani_hafs":"لِمُوسَىٰٓ","char_type_name":"word","page_number":218,"line_number":5,"text":"ﮁ","translation":{"text":"Musa","language_name":"english","language_id":38},"transliteration":{"text":"limūsā","language_name":"english","language_id":38}},{"id":65535,"position":4,"audio_url":"wbw/010_083_004.mp3","qpc_uthmani_hafs":"إِلَّا","char_type_name":"word","page_number":218,"line_number":5,"text":"ﮂ","translation":{"text":"except","language_name":"english","language_id":38},"transliteration":{"text":"illā","language_name":"english","language_id":38}},{"id":65536,"position":5,"audio_url":"wbw/010_083_005.mp3","qpc_uthmani_hafs":"ذُرِّيَّةٞ","char_type_name":"word","page_number":218,"line_number":5,"text":"ﮃ","translation":{"text":"(the) offspring","language_name":"english","language_id":38},"transliteration":{"text":"dhurriyyatun","language_name":"english","language_id":38}},{"id":65537,"position":6,"audio_url":"wbw/010_083_006.mp3","qpc_uthmani_hafs":"مِّن","char_type_name":"word","page_number":218,"line_number":5,"text":"ﮄ","translation":{"text":"among","language_name":"english","language_id":38},"transliteration":{"text":"min","language_name":"english","language_id":38}},{"id":65538,"position":7,"audio_url":"wbw/010_083_007.mp3","qpc_uthmani_hafs":"قَوۡمِهِۦ","char_type_name":"word","page_number":218,"line_number":5,"text":"ﮅ","translation":{"text":"his people","language_name":"english","language_id":38},"transliteration":{"text":"qawmihi","language_name":"english","language_id":38}},{"id":65539,"position":8,"audio_url":"wbw/010_083_008.mp3","qpc_uthmani_hafs":"عَلَىٰ","char_type_name":"word","page_number":218,"line_number":5,"text":"ﮆ","translation":{"text":"for","language_name":"english","language_id":38},"transliteration":{"text":"ʿalā","language_name":"english","language_id":38}},{"id":65540,"position":9,"audio_url":"wbw/010_083_009.mp3","qpc_uthmani_hafs":"خَوۡفٖ","char_type_name":"word","page_number":218,"line_number":6,"text":"ﮇ","translation":{"text":"fear","language_name":"english","language_id":38},"transliteration":{"text":"khawfin","language_name":"english","language_id":38}},{"id":65541,"position":10,"audio_url":"wbw/010_083_010.mp3","qpc_uthmani_hafs":"مِّن","char_type_name":"word","page_number":218,"line_number":6,"text":"ﮈ","translation":{"text":"of","language_name":"english","language_id":38},"transliteration":{"text":"min","language_name":"english","language_id":38}},{"id":65542,"position":11,"audio_url":"wbw/010_083_011.mp3","qpc_uthmani_hafs":"فِرۡعَوۡنَ","char_type_name":"word","page_number":218,"line_number":6,"text":"ﮉ","translation":{"text":"Firaun","language_name":"english","language_id":38},"transliteration":{"text":"fir'ʿawna","language_name":"english","language_id":38}},{"id":65543,"position":12,"audio_url":"wbw/010_083_012.mp3","qpc_uthmani_hafs":"وَمَلَإِيْهِمۡ","char_type_name":"word","page_number":218,"line_number":6,"text":"ﮊ","translation":{"text":"and their chiefs","language_name":"english","language_id":38},"transliteration":{"text":"wamala-ihim","language_name":"english","language_id":38}},{"id":65544,"position":13,"audio_url":"wbw/010_083_013.mp3","qpc_uthmani_hafs":"أَن","char_type_name":"word","page_number":218,"line_number":6,"text":"ﮋ","translation":{"text":"lest","language_name":"english","language_id":38},"transliteration":{"text":"an","language_name":"english","language_id":38}},{"id":65545,"position":14,"audio_url":"wbw/010_083_014.mp3","qpc_uthmani_hafs":"يَفۡتِنَهُمۡۚ","char_type_name":"word","page_number":218,"line_number":6,"text":"ﮌﮍ","translation":{"text":"they persecute them","language_name":"english","language_id":38},"transliteration":{"text":"yaftinahum","language_name":"english","language_id":38}},{"id":65547,"position":15,"audio_url":"wbw/010_083_016.mp3","qpc_uthmani_hafs":"وَإِنَّ","char_type_name":"word","page_number":218,"line_number":6,"text":"ﮎ","translation":{"text":"And indeed","language_name":"english","language_id":38},"transliteration":{"text":"wa-inna","language_name":"english","language_id":38}},{"id":65548,"position":16,"audio_url":"wbw/010_083_017.mp3","qpc_uthmani_hafs":"فِرۡعَوۡنَ","char_type_name":"word","page_number":218,"line_number":6,"text":"ﮏ","translation":{"text":"Firaun","language_name":"english","language_id":38},"transliteration":{"text":"fir'ʿawna","language_name":"english","language_id":38}},{"id":65549,"position":17,"audio_url":"wbw/010_083_018.mp3","qpc_uthmani_hafs":"لَعَالٖ","char_type_name":"word","page_number":218,"line_number":6,"text":"ﮐ","translation":{"text":"(was) a tyrant","language_name":"english","language_id":38},"transliteration":{"text":"laʿālin","language_name":"english","language_id":38}},{"id":65550,"position":18,"audio_url":"wbw/010_083_019.mp3","qpc_uthmani_hafs":"فِي","char_type_name":"word","page_number":218,"line_number":7,"text":"ﮑ","translation":{"text":"in","language_name":"english","language_id":38},"transliteration":{"text":"fī","language_name":"english","language_id":38}},{"id":65551,"position":19,"audio_url":"wbw/010_083_020.mp3","qpc_uthmani_hafs":"ٱلۡأَرۡضِ","char_type_name":"word","page_number":218,"line_number":7,"text":"ﮒ","translation":{"text":"the earth","language_name":"english","language_id":38},"transliteration":{"text":"l-arḍi","language_name":"english","language_id":38}},{"id":65552,"position":20,"audio_url":"wbw/010_083_021.mp3","qpc_uthmani_hafs":"وَإِنَّهُۥ","char_type_name":"word","page_number":218,"line_number":7,"text":"ﮓ","translation":{"text":"and indeed, he","language_name":"english","language_id":38},"transliteration":{"text":"wa-innahu","language_name":"english","language_id":38}},{"id":65553,"position":21,"audio_url":"wbw/010_083_022.mp3","qpc_uthmani_hafs":"لَمِنَ","char_type_name":"word","page_number":218,"line_number":7,"text":"ﮔ","translation":{"text":"(was) of","language_name":"english","language_id":38},"transliteration":{"text":"lamina","language_name":"english","language_id":38}},{"id":65554,"position":22,"audio_url":"wbw/010_083_023.mp3","qpc_uthmani_hafs":"ٱلۡمُسۡرِفِينَ","char_type_name":"word","page_number":218,"line_number":7,"text":"ﮕ","translation":{"text":"the ones who commit excesses","language_name":"english","language_id":38},"transliteration":{"text":"l-mus'rifīna","language_name":"english","language_id":38}},{"id":65555,"position":23,"audio_url":null,"qpc_uthmani_hafs":"٨٣","char_type_name":"end","page_number":218,"line_number":7,"text":"ﮖ","translation":{"text":"(83)","language_name":"english","language_id":38},"transliteration":{"text":null,"language_name":"english","language_id":38}}],"translations":[{"id":917876,"resource_id":134,"text":"Maka tidak ada yang beriman kepada Musa, melainkan pemuda-pemuda dari kaumnya (Musa) dalam keadaan takut bahwa Firʻawn  dan pemuka-pemuka kaumnya akan menyiksa mereka.  Sesungguhnya Firʻawn  itu berbuat sewenang-wenang di muka bumi.  Dan sesungguhnya dia termasuk orang-orang yang melampaui batas."}]},{"id":1448,"verse_number":84,"verse_key":"10:84","juz_number":11,"hizb_number":22,"rub_el_hizb_number":87,"ruku_number":180,"manzil_number":3,"sajdah_number":null,"text_uthmani":"وَقَالَ مُوسَىٰ يَـٰقَوْمِ إِن كُنتُمْ ءَامَنتُم بِٱللَّهِ فَعَلَيْهِ تَوَكَّلُوٓا۟ إِن كُنتُم مُّسْلِمِينَ","page_number":218,"words":[{"id":65926,"position":1,"audio_url":"wbw/010_084_001.mp3","qpc_uthmani_hafs":"وَقَالَ","char_type_name":"word","page_number":218,"line_number":7,"text":"ﮗ","translation":{"text":"And Musa said","language_name":"english","language_id":38},"transliteration":{"text":"waqāla","language_name":"english","language_id":38}},{"id":65927,"position":2,"audio_url":"wbw/010_084_002.mp3","qpc_uthmani_hafs":"مُوسَىٰ","char_type_name":"word","page_number":218,"line_number":7,"text":"ﮘ","translation":{"text":"And Musa said","language_name":"english","language_id":38},"transliteration":{"text":"mūsā","language_name":"english","language_id":38}},{"id":65928,"position":3,"audio_url":"wbw/010_084_003.mp3","qpc_uthmani_hafs":"يَٰقَوۡمِ","char_type_name":"word","page_number":218,"line_number":7,"text":"ﮙ","translation":{"text":"O my people","language_name":"english","language_id":38},"transliteration":{"text":"yāqawmi","language_name":"english","language_id":38}},{"id":65929,"position":4,"audio_url":"wbw/010_084_004.mp3","qpc_uthmani_hafs":"إِن","char_type_name":"word","page_number":218,"line_number":7,"text":"ﮚ","translation":{"text":"If","language_name":"english","language_id":38},"transliteration":{"text":"in","language_name":"english","language_id":38}},{"id":65930,"position":5,"audio_url":"wbw/010_084_005.mp3","qpc_uthmani_hafs":"كُنتُمۡ","char_type_name":"word","page_number":218,"line_number":7,"text":"ﮛ","translation":{"text":"you have","language_name":"english","language_id":38},"transliteration":{"text":"kuntum","language_name":"english","language_id":38}},{"id":65931,"position":6,"audio_url":"wbw/010_084_006.mp3","qpc_uthmani_hafs":"ءَامَنتُم","char_type_name":"word","page_number":218,"line_number":8,"text":"ﮜ","translation":{"text":"believed","language_name":"english","language_id":38},"transliteration":{"text":"āmantum","language_name":"english","language_id":38}},{"id":65932,"position":7,"audio_url":"wbw/010_084_007.mp3","qpc_uthmani_hafs":"بِٱللَّهِ","char_type_name":"word","page_number":218,"line_number":8,"text":"ﮝ","translation":{"text":"in Allah","language_name":"english","language_id":38},"transliteration":{"text":"bil-lahi","language_name":"english","language_id":38}},{"id":65933,"position":8,"audio_url":"wbw/010_084_008.mp3","qpc_uthmani_hafs":"فَعَلَيۡهِ","char_type_name":"word","page_number":218,"line_number":8,"text":"ﮞ","translation":{"text":"then on Him","language_name":"english","language_id":38},"transliteration":{"text":"faʿalayhi","language_name":"english","language_id":38}},{"id":65934,"position":9,"audio_url":"wbw/010_084_009.mp3","qpc_uthmani_hafs":"تَوَكَّلُوٓاْ","char_type_name":"word","page_number":218,"line_number":8,"text":"ﮟ","translation":{"text":"put your trust","language_name":"english","language_id":38},"transliteration":{"text":"tawakkalū","language_name":"english","language_id":38}},{"id":65935,"position":10,"audio_url":"wbw/010_084_010.mp3","qpc_uthmani_hafs":"إِن","char_type_name":"word","page_number":218,"line_number":8,"text":"ﮠ","translation":{"text":"if","language_name":"english","language_id":38},"transliteration":{"text":"in","language_name":"english","language_id":38}},{"id":65936,"position":11,"audio_url":"wbw/010_084_011.mp3","qpc_uthmani_hafs":"كُنتُم","char_type_name":"word","page_number":218,"line_number":8,"text":"ﮡ","translation":{"text":"you are","language_name":"english","language_id":38},"transliteration":{"text":"kuntum","language_name":"english","language_id":38}},{"id":65937,"position":12,"audio_url":"wbw/010_084_012.mp3","qpc_uthmani_hafs":"مُّسۡلِمِينَ","char_type_name":"word","page_number":218,"line_number":8,"text":"ﮢ","translation":{"text":"Muslims","language_name":"english","language_id":38},"transliteration":{"text":"mus'limīna","language_name":"english","language_id":38}},{"id":65938,"position":13,"audio_url":null,"qpc_uthmani_hafs":"٨٤","char_type_name":"end","page_number":218,"line_number":8,"text":"ﮣ","translation":{"text":"(84)","language_name":"english","language_id":38},"transliteration":{"text":null,"language_name":"english","language_id":38}}],"translations":[{"id":917877,"resource_id":134,"text":"Berkata Musa, \"Hai kaumku, jika kamu beriman kepada Allah, maka bertawakallah kepada-Nya saja, jika kamu benar-benar orang yang berserah diri\"."}]},{"id":1449,"verse_number":85,"verse_key":"10:85","juz_number":11,"hizb_number":22,"rub_el_hizb_number":87,"ruku_number":180,"manzil_number":3,"sajdah_number":null,"text_uthmani":"فَقَالُوا۟ عَلَى ٱللَّهِ تَوَكَّلْنَا رَبَّنَا لَا تَجْعَلْنَا فِتْنَةً لِّلْقَوْمِ ٱلظَّـٰلِمِينَ","page_number":218,"words":[{"id":66293,"position":1,"audio_url":"wbw/010_085_001.mp3","qpc_uthmani_hafs":"فَقَالُواْ","char_type_name":"word","page_number":218,"line_number":8,"text":"ﮤ","translation":{"text":"Then they said","language_name":"english","language_id":38},"transliteration":{"text":"faqālū","language_name":"english","language_id":38}},{"id":66294,"position":2,"audio_url":"wbw/010_085_002.mp3","qpc_uthmani_hafs":"عَلَى","char_type_name":"word","page_number":218,"line_number":8,"text":"ﮥ","translation":{"text":"Upon","language_name":"english","language_id":38},"transliteration":{"text":"ʿalā","language_name":"english","language_id":38}},{"id":66295,"position":3,"audio_url":"wbw/010_085_003.mp3","qpc_uthmani_hafs":"ٱللَّهِ","char_type_name":"word","page_number":218,"line_number":8,"text":"ﮦ","translation":{"text":"Allah","language_name":"english","language_id":38},"transliteration":{"text":"l-lahi","language_name":"english","language_id":38}},{"id":66296,"position":4,"audio_url":"wbw/010_085_004.mp3","qpc_uthmani_hafs":"تَوَكَّلۡنَا","char_type_name":"word","page_number":218,"line_number":9,"text":"ﮧ","translation":{"text":"we put our trust","language_name":"english","language_id":38},"transliteration":{"text":"tawakkalnā","language_name":"english","language_id":38}},{"id":66297,"position":5,"audio_url":"wbw/010_085_005.mp3","qpc_uthmani_hafs":"رَبَّنَا","char_type_name":"word","page_number":218,"line_number":9,"text":"ﮨ","translation":{"text":"Our Lord","language_name":"english","language_id":38},"transliteration":{"text":"rabbanā","language_name":"english","language_id":38}},{"id":66298,"position":6,"audio_url":"wbw/010_085_006.mp3","qpc_uthmani_hafs":"لَا","char_type_name":"word","page_number":218,"line_number":9,"text":"ﮩ","translation":{"text":"(Do) not","language_name":"english","language_id":38},"transliteration":{"text":"lā","language_name":"english","language_id":38}},{"id":66299,"position":7,"audio_url":"wbw/010_085_007.mp3","qpc_uthmani_hafs":"تَجۡعَلۡنَا","char_type_name":"word","page_number":218,"line_number":9,"text":"ﮪ","translation":{"text":"make us","language_name":"english","language_id":38},"transliteration":{"text":"tajʿalnā","language_name":"english","language_id":38}},{"id":66300,"position":8,"audio_url":"wbw/010_085_008.mp3","qpc_uthmani_hafs":"فِتۡنَةٗ","char_type_name":"word","page_number":218,"line_number":9,"text":"ﮫ","translation":{"text":"a trial","language_name":"english","language_id":38},"transliteration":{"text":"fit'natan","language_name":"english","language_id":38}},{"id":66301,"position":9,"audio_url":"wbw/010_085_009.mp3","qpc_uthmani_hafs":"لِّلۡقَوۡمِ","char_type_name":"word","page_number":218,"line_number":9,"text":"ﮬ","translation":{"text":"for the people ","language_name":"english","language_id":38},"transliteration":{"text":"lil'qawmi","language_name":"english","language_id":38}},{"id":66302,"position":10,"audio_url":"wbw/010_085_010.mp3","qpc_uthmani_hafs":"ٱلظَّٰلِمِينَ","char_type_name":"word","page_number":218,"line_number":9,"text":"ﮭ","translation":{"text":"the wrongdoers","language_name":"english","language_id":38},"transliteration":{"text":"l-ẓālimīna","language_name":"english","language_id":38}},{"id":66303,"position":11,"audio_url":null,"qpc_uthmani_hafs":"٨٥","char_type_name":"end","page_number":218,"line_number":9,"text":"ﮮ","translation":{"text":"(85)","language_name":"english","language_id":38},"transliteration":{"text":null,"language_name":"english","language_id":38}}],"translations":[{"id":917878,"resource_id":134,"text":"Lalu mereka berkata, \"Kepada Allahlah kami bertawakal! Ya Tuhan kami; janganlah Engkau jadikan kami sasaran fitnah bagi kaum yang  zalim,"}]},{"id":1450,"verse_number":86,"verse_key":"10:86","juz_number":11,"hizb_number":22,"rub_el_hizb_number":87,"ruku_number":180,"manzil_number":3,"sajdah_number":null,"text_uthmani":"وَنَجِّنَا بِرَحْمَتِكَ مِنَ ٱلْقَوْمِ ٱلْكَـٰفِرِينَ","page_number":218,"words":[{"id":66722,"position":1,"audio_url":"wbw/010_086_001.mp3","qpc_uthmani_hafs":"وَنَجِّنَا","char_type_name":"word","page_number":218,"line_number":9,"text":"ﮯ","translation":{"text":"And save us","language_name":"english","language_id":38},"transliteration":{"text":"wanajjinā","language_name":"english","language_id":38}},{"id":66723,"position":2,"audio_url":"wbw/010_086_002.mp3","qpc_uthmani_hafs":"بِرَحۡمَتِكَ","char_type_name":"word","page_number":218,"line_number":10,"text":"ﮰ","translation":{"text":"by Your Mercy","language_name":"english","language_id":38},"transliteration":{"text":"biraḥmatika","language_name":"english","language_id":38}},{"id":66724,"position":3,"audio_url":"wbw/010_086_003.mp3","qpc_uthmani_hafs":"مِنَ","char_type_name":"word","page_number":218,"line_number":10,"text":"ﮱ","translation":{"text":"from","language_name":"english","language_id":38},"transliteration":{"text":"mina","language_name":"english","language_id":38}},{"id":66725,"position":4,"audio_url":"wbw/010_086_004.mp3","qpc_uthmani_hafs":"ٱلۡقَوۡمِ","char_type_name":"word","page_number":218,"line_number":10,"text":"ﯓ","translation":{"text":"the people ","language_name":"english","language_id":38},"transliteration":{"text":"l-qawmi","language_name":"english","language_id":38}},{"id":66726,"position":5,"audio_url":"wbw/010_086_005.mp3","qpc_uthmani_hafs":"ٱلۡكَٰفِرِينَ","char_type_name":"word","page_number":218,"line_number":10,"text":"ﯔ","translation":{"text":"the disbelievers","language_name":"english","language_id":38},"transliteration":{"text":"l-kāfirīna","language_name":"english","language_id":38}},{"id":66727,"position":6,"audio_url":null,"qpc_uthmani_hafs":"٨٦","char_type_name":"end","page_number":218,"line_number":10,"text":"ﯕ","translation":{"text":"(86)","language_name":"english","language_id":38},"transliteration":{"text":null,"language_name":"english","language_id":38}}],"translations":[{"id":917879,"resource_id":134,"text":"dan selamatkanlah kami dengan rahmat Engkau dari (tipu daya) orang-orang yang kafir\"."}]},{"id":1451,"verse_number":87,"verse_key":"10:87","juz_number":11,"hizb_number":22,"rub_el_hizb_number":87,"ruku_number":180,"manzil_number":3,"sajdah_number":null,"text_uthmani":"وَأَوْحَيْنَآ إِلَىٰ مُوسَىٰ وَأَخِيهِ أَن تَبَوَّءَا لِقَوْمِكُمَا بِمِصْرَ بُيُوتًا وَٱجْعَلُوا۟ بُيُوتَكُمْ قِبْلَةً وَأَقِيمُوا۟ ٱلصَّلَوٰةَ ۗ وَبَشِّرِ ٱلْمُؤْمِنِينَ","page_number":218,"words":[{"id":66922,"position":1,"audio_url":"wbw/010_087_001.mp3","qpc_uthmani_hafs":"وَأَوۡحَيۡنَآ","char_type_name":"word","page_number":218,"line_number":10,"text":"ﯖ","translation":{"text":"And We inspired","language_name":"english","language_id":38},"transliteration":{"text":"wa-awḥaynā","language_name":"english","language_id":38}},{"id":66923,"position":2,"audio_url":"wbw/010_087_002.mp3","qpc_uthmani_hafs":"إِلَىٰ","char_type_name":"word","page_number":218,"line_number":10,"text":"ﯗ","translation":{"text":"to","language_name":"english","language_id":38},"transliteration":{"text":"ilā","language_name":"english","language_id":38}},{"id":66924,"position":3,"audio_url":"wbw/010_087_003.mp3","qpc_uthmani_hafs":"مُوسَىٰ","char_type_name":"word","page_number":218,"line_number":10,"text":"ﯘ","translation":{"text":"Musa","language_name":"english","language_id":38},"transliteration":{"text":"mūsā","language_name":"english","language_id":38}},{"id":66925,"position":4,"audio_url":"wbw/010_087_004.mp3","qpc_uthmani_hafs":"وَأَخِيهِ","char_type_name":"word","page_number":218,"line_number":10,"text":"ﯙ","translation":{"text":"and his brother","language_name":"english","language_id":38},"transliteration":{"text":"wa-akhīhi","language_name":"english","language_id":38}},{"id":66926,"position":5,"audio_url":"wbw/010_087_005.mp3","qpc_uthmani_hafs":"أَن","char_type_name":"word","page_number":218,"line_number":11,"text":"ﯚ","translation":{"text":"that","language_name":"english","language_id":38},"transliteration":{"text":"an","language_name":"english","language_id":38}},{"id":66927,"position":6,"audio_url":"wbw/010_087_006.mp3","qpc_uthmani_hafs":"تَبَوَّءَا","char_type_name":"word","page_number":218,"line_number":11,"text":"ﯛ","translation":{"text":"Settle","language_name":"english","language_id":38},"transliteration":{"text":"tabawwaā","language_name":"english","language_id":38}},{"id":66928,"position":7,"audio_url":"wbw/010_087_007.mp3","qpc_uthmani_hafs":"لِقَوۡمِكُمَا","char_type_name":"word","page_number":218,"line_number":11,"text":"ﯜ","translation":{"text":"your people","language_name":"english","language_id":38},"transliteration":{"text":"liqawmikumā","language_name":"english","language_id":38}},{"id":66929,"position":8,"audio_url":"wbw/010_087_008.mp3","qpc_uthmani_hafs":"بِمِصۡرَ","char_type_name":"word","page_number":218,"line_number":11,"text":"ﯝ","translation":{"text":"in Egypt","language_name":"english","language_id":38},"transliteration":{"text":"bimiṣ'ra","language_name":"english","language_id":38}},{"id":66930,"position":9,"audio_url":"wbw/010_087_009.mp3","qpc_uthmani_hafs":"بُيُوتٗا","char_type_name":"word","page_number":218,"line_number":11,"text":"ﯞ","translation":{"text":"(in) houses","language_name":"english","language_id":38},"transliteration":{"text":"buyūtan","language_name":"english","language_id":38}},{"id":66931,"position":10,"audio_url":"wbw/010_087_010.mp3","qpc_uthmani_hafs":"وَٱجۡعَلُواْ","char_type_name":"word","page_number":218,"line_number":11,"text":"ﯟ","translation":{"text":"and make","language_name":"english","language_id":38},"transliteration":{"text":"wa-ij'ʿalū","language_name":"english","language_id":38}},{"id":66932,"position":11,"audio_url":"wbw/010_087_011.mp3","qpc_uthmani_hafs":"بُيُوتَكُمۡ","char_type_name":"word","page_number":218,"line_number":11,"text":"ﯠ","translation":{"text":"your houses","language_name":"english","language_id":38},"transliteration":{"text":"buyūtakum","language_name":"english","language_id":38}},{"id":66933,"position":12,"audio_url":"wbw/010_087_012.mp3","qpc_uthmani_hafs":"قِبۡلَةٗ","char_type_name":"word","page_number":218,"line_number":11,"text":"ﯡ","translation":{"text":"(as) places of worship","language_name":"english","language_id":38},"transliteration":{"text":"qib'latan","language_name":"english","language_id":38}},{"id":66934,"position":13,"audio_url":"wbw/010_087_013.mp3","qpc_uthmani_hafs":"وَأَقِيمُواْ","char_type_name":"word","page_number":218,"line_number":12,"text":"ﯢ","translation":{"text":"and establish","language_name":"english","language_id":38},"transliteration":{"text":"wa-aqīmū","language_name":"english","language_id":38}},{"id":66935,"position":14,"audio_url":"wbw/010_087_014.mp3","qpc_uthmani_hafs":"ٱلصَّلَوٰةَۗ","char_type_name":"word","page_number":218,"line_number":12,"text":"ﯣﯤ","translation":{"text":"the prayer","language_name":"english","language_id":38},"transliteration":{"text":"l-ṣalata","language_name":"english","language_id":38}},{"id":66937,"position":15,"audio_url":"wbw/010_087_016.mp3","qpc_uthmani_hafs":"وَبَشِّرِ","char_type_name":"word","page_number":218,"line_number":12,"text":"ﯥ","translation":{"text":"And give glad tidings","language_name":"english","language_id":38},"transliteration":{"text":"wabashiri","language_name":"english","language_id":38}},{"id":66938,"position":16,"audio_url":"wbw/010_087_017.mp3","qpc_uthmani_hafs":"ٱلۡمُؤۡمِنِينَ","char_type_name":"word","page_number":218,"line_number":12,"text":"ﯦ","translation":{"text":"(to) the believers","language_name":"english","language_id":38},"transliteration":{"text":"l-mu'minīna","language_name":"english","language_id":38}},{"id":66939,"position":17,"audio_url":null,"qpc_uthmani_hafs":"٨٧","char_type_name":"end","page_number":218,"line_number":12,"text":"ﯧ","translation":{"text":"(87)","language_name":"english","language_id":38},"transliteration":{"text":null,"language_name":"english","language_id":38}}],"translations":[{"id":917880,"resource_id":134,"text":"Dan Kami wahyukan kepada Musa  dan saudaranya, \"Ambillah olehmu berdua beberapa buah rumah di Mesir untuk tempat tinggal bagi kaummu dan jadikanlah olehmu rumah-rumahmu itu tempat salat dan dirikanlah olehmu salat serta gembirakanlah orang-orang yang beriman\"."}]},{"id":1452,"verse_number":88,"verse_key":"10:88","juz_number":11,"hizb_number":22,"rub_el_hizb_number":87,"ruku_number":180,"manzil_number":3,"sajdah_number":null,"text_uthmani":"وَقَالَ مُوسَىٰ رَبَّنَآ إِنَّكَ ءَاتَيْتَ فِرْعَوْنَ وَمَلَأَهُۥ زِينَةً وَأَمْوَٰلًا فِى ٱلْحَيَوٰةِ ٱلدُّنْيَا رَبَّنَا لِيُضِلُّوا۟ عَن سَبِيلِكَ ۖ رَبَّنَا ٱطْمِسْ عَلَىٰٓ أَمْوَٰلِهِمْ وَٱشْدُدْ عَلَىٰ قُلُوبِهِمْ فَلَا يُؤْمِنُوا۟ حَتَّىٰ يَرَوُا۟ ٱلْعَذَابَ ٱلْأَلِيمَ","page_number":218,"words":[{"id":67125,"position":1,"audio_url":"wbw/010_088_001.mp3","qpc_uthmani_hafs":"وَقَالَ","char_type_name":"word","page_number":218,"line_number":12,"text":"ﯨ","translation":{"text":"And Musa said","language_name":"english","language_id":38},"transliteration":{"text":"waqāla","language_name":"english","language_id":38}},{"id":67126,"position":2,"audio_url":"wbw/010_088_002.mp3","qpc_uthmani_hafs":"مُوسَىٰ","char_type_name":"word","page_number":218,"line_number":12,"text":"ﯩ","translation":{"text":"And Musa said","language_name":"english","language_id":38},"transliteration":{"text":"mūsā","language_name":"english","language_id":38}},{"id":67127,"position":3,"audio_url":"wbw/010_088_003.mp3","qpc_uthmani_hafs":"رَبَّنَآ","char_type_name":"word","page_number":218,"line_number":13,"text":"ﯪ","translation":{"text":"Our Lord","language_name":"english","language_id":38},"transliteration":{"text":"rabbanā","language_name":"english","language_id":38}},{"id":67128,"position":4,"audio_url":"wbw/010_088_004.mp3","qpc_uthmani_hafs":"إِنَّكَ","char_type_name":"word","page_number":218,"line_number":13,"text":"ﯫ","translation":{"text":"Indeed, You","language_name":"english","language_id":38},"transliteration":{"text":"innaka","language_name":"english","language_id":38}},{"id":67129,"position":5,"audio_url":"wbw/010_088_005.mp3","qpc_uthmani_hafs":"ءَاتَيۡتَ","char_type_name":"word","page_number":218,"line_number":13,"text":"ﯬ","translation":{"text":"have given","language_name":"english","language_id":38},"transliteration":{"text":"ātayta","language_name":"english","language_id":38}},{"id":67130,"position":6,"audio_url":"wbw/010_088_006.mp3","qpc_uthmani_hafs":"فِرۡعَوۡنَ","char_type_name":"word","page_number":218,"line_number":13,"text":"ﯭ","translation":{"text":"Firaun","language_name":"english","language_id":38},"transliteration":{"text":"fir'ʿawna","language_name":"english","language_id":38}},{"id":67131,"position":7,"audio_url":"wbw/010_088_007.mp3","qpc_uthmani_hafs":"وَمَلَأَهُۥ","char_type_name":"word","page_number":218,"line_number":13,"text":"ﯮ","translation":{"text":"and his chiefs","language_name":"english","language_id":38},"transliteration":{"text":"wamala-ahu","language_name":"english","language_id":38}},{"id":67132,"position":8,"audio_url":"wbw/010_088_008.mp3","qpc_uthmani_hafs":"زِينَةٗ","char_type_name":"word","page_number":218,"line_number":13,"text":"ﯯ","translation":{"text":"splendor","language_name":"english","language_id":38},"transliteration":{"text":"zīnatan","language_name":"english","language_id":38}},{"id":67133,"position":9,"audio_url":"wbw/010_088_009.mp3","qpc_uthmani_hafs":"وَأَمۡوَٰلٗا","char_type_name":"word","page_number":218,"line_number":13,"text":"ﯰ","translation":{"text":"and wealth","language_name":"english","language_id":38},"transliteration":{"text":"wa-amwālan","language_name":"english","language_id":38}},{"id":67134,"position":10,"audio_url":"wbw/010_088_010.mp3","qpc_uthmani_hafs":"فِي","char_type_name":"word","page_number":218,"line_number":13,"text":"ﯱ","translation":{"text":"in","language_name":"english","language_id":38},"transliteration":{"text":"fī","language_name":"english","language_id":38}},{"id":67135,"position":11,"audio_url":"wbw/010_088_011.mp3","qpc_uthmani_hafs":"ٱلۡحَيَوٰةِ","char_type_name":"word","page_number":218,"line_number":13,"text":"ﯲ","translation":{"text":"the life","language_name":"english","language_id":38},"transliteration":{"text":"l-ḥayati","language_name":"english","language_id":38}},{"id":67136,"position":12,"audio_url":"wbw/010_088_012.mp3","qpc_uthmani_hafs":"ٱلدُّنۡيَا","char_type_name":"word","page_number":218,"line_number":14,"text":"ﯳ","translation":{"text":"(of) the world","language_name":"english","language_id":38},"transliteration":{"text":"l-dun'yā","language_name":"english","language_id":38}},{"id":67137,"position":13,"audio_url":"wbw/010_088_013.mp3","qpc_uthmani_hafs":"رَبَّنَا","char_type_name":"word","page_number":218,"line_number":14,"text":"ﯴ","translation":{"text":"Our Lord","language_name":"english","language_id":38},"transliteration":{"text":"rabbanā","language_name":"english","language_id":38}},{"id":67138,"position":14,"audio_url":"wbw/010_088_014.mp3","qpc_uthmani_hafs":"لِيُضِلُّواْ","char_type_name":"word","page_number":218,"line_number":14,"text":"ﯵ","translation":{"text":"That they may lead astray","language_name":"english","language_id":38},"transliteration":{"text":"liyuḍillū","language_name":"english","language_id":38}},{"id":67139,"position":15,"audio_url":"wbw/010_088_015.mp3","qpc_uthmani_hafs":"عَن","char_type_name":"word","page_number":218,"line_number":14,"text":"ﯶ","translation":{"text":"from","language_name":"english","language_id":38},"transliteration":{"text":"ʿan","language_name":"english","language_id":38}},{"id":67140,"position":16,"audio_url":"wbw/010_088_016.mp3","qpc_uthmani_hafs":"سَبِيلِكَۖ","char_type_name":"word","page_number":218,"line_number":14,"text":"ﯷﯸ","translation":{"text":"Your way","language_name":"english","language_id":38},"transliteration":{"text":"sabīlika","language_name":"english","language_id":38}},{"id":67142,"position":17,"audio_url":"wbw/010_088_018.mp3","qpc_uthmani_hafs":"رَبَّنَا","char_type_name":"word","page_number":218,"line_number":14,"text":"ﯹ","translation":{"text":"Our Lord","language_name":"english","language_id":38},"transliteration":{"text":"rabbanā","language_name":"english","language_id":38}},{"id":67143,"position":18,"audio_url":"wbw/010_088_019.mp3","qpc_uthmani_hafs":"ٱطۡمِسۡ","char_type_name":"word","page_number":218,"line_number":14,"text":"ﯺ","translation":{"text":"Destroy","language_name":"english","language_id":38},"transliteration":{"text":"iṭ'mis","language_name":"english","language_id":38}},{"id":67144,"position":19,"audio_url":"wbw/010_088_020.mp3","qpc_uthmani_hafs":"عَلَىٰٓ","char_type_name":"word","page_number":218,"line_number":14,"text":"ﯻ","translation":{"text":"[on]","language_name":"english","language_id":38},"transliteration":{"text":"ʿalā","language_name":"english","language_id":38}},{"id":67145,"position":20,"audio_url":"wbw/010_088_021.mp3","qpc_uthmani_hafs":"أَمۡوَٰلِهِمۡ","char_type_name":"word","page_number":218,"line_number":14,"text":"ﯼ","translation":{"text":"their wealth","language_name":"english","language_id":38},"transliteration":{"text":"amwālihim","language_name":"english","language_id":38}},{"id":67146,"position":21,"audio_url":"wbw/010_088_022.mp3","qpc_uthmani_hafs":"وَٱشۡدُدۡ","char_type_name":"word","page_number":218,"line_number":15,"text":"ﯽ","translation":{"text":"and harden","language_name":"english","language_id":38},"transliteration":{"text":"wa-ush'dud","language_name":"english","language_id":38}},{"id":67147,"position":22,"audio_url":"wbw/010_088_023.mp3","qpc_uthmani_hafs":"عَلَىٰ","char_type_name":"word","page_number":218,"line_number":15,"text":"ﯾ","translation":{"text":"[on]","language_name":"english","language_id":38},"transliteration":{"text":"ʿalā","language_name":"english","language_id":38}},{"id":67148,"position":23,"audio_url":"wbw/010_088_024.mp3","qpc_uthmani_hafs":"قُلُوبِهِمۡ","char_type_name":"word","page_number":218,"line_number":15,"text":"ﯿ","translation":{"text":"their hearts","language_name":"english","language_id":38},"transliteration":{"text":"qulūbihim","language_name":"english","language_id":38}},{"id":67149,"position":24,"audio_url":"wbw/010_088_025.mp3","qpc_uthmani_hafs":"فَلَا","char_type_name":"word","page_number":218,"line_number":15,"text":"ﰀ","translation":{"text":"so (that) not","language_name":"english","language_id":38},"transliteration":{"text":"falā","language_name":"english","language_id":38}},{"id":67150,"position":25,"audio_url":"wbw/010_088_026.mp3","qpc_uthmani_hafs":"يُؤۡمِنُواْ","char_type_name":"word","page_number":218,"line_number":15,"text":"ﰁ","translation":{"text":"they believe","language_name":"english","language_id":38},"transliteration":{"text":"yu'minū","language_name":"english","language_id":38}},{"id":67151,"position":26,"audio_url":"wbw/010_088_027.mp3","qpc_uthmani_hafs":"حَتَّىٰ","char_type_name":"word","page_number":218,"line_number":15,"text":"ﰂ","translation":{"text":"until","language_name":"english","language_id":38},"transliteration":{"text":"ḥattā","language_name":"english","language_id":38}},{"id":67152,"position":27,"audio_url":"wbw/010_088_028.mp3","qpc_uthmani_hafs":"يَرَوُاْ","char_type_name":"word","page_number":218,"line_number":15,"text":"ﰃ","translation":{"text":"they see","language_name":"english","language_id":38},"transliteration":{"text":"yarawū","language_name":"english","language_id":38}},{"id":67153,"position":28,"audio_url":"wbw/010_088_029.mp3","qpc_uthmani_hafs":"ٱلۡعَذَابَ","char_type_name":"word","page_number":218,"line_number":15,"text":"ﰄ","translation":{"text":"the punishment ","language_name":"english","language_id":38},"transliteration":{"text":"l-ʿadhāba","language_name":"english","language_id":38}},{"id":67154,"position":29,"audio_url":"wbw/010_088_030.mp3","qpc_uthmani_hafs":"ٱلۡأَلِيمَ","char_type_name":"word","page_number":218,"line_number":15,"text":"ﰅ","translation":{"text":"the painful","language_name":"english","language_id":38},"transliteration":{"text":"l-alīma","language_name":"english","language_id":38}},{"id":67155,"position":30,"audio_url":null,"qpc_uthmani_hafs":"٨٨","char_type_name":"end","page_number":218,"line_number":15,"text":"ﰆ","translation":{"text":"(88)","language_name":"english","language_id":38},"transliteration":{"text":null,"language_name":"english","language_id":38}}],"translations":[{"id":917881,"resource_id":134,"text":"Musa berkata, \"Ya Tuhan kami, sesungguhnya Engkau telah memberi kepada  Firʻawn  dan pemuka-pemuka kaumnya perhiasan dan harta kekayaan dalam kehidupan dunia, ya Tuhan Kami, akibatnya mereka menyesatkan (manusia) dari jalan Engkau.  Ya Tuhan kami, binasakanlah harta benda mereka dan kunci matilah hati mereka, maka mereka tidak beriman hingga mereka melihat siksaan yang pedih\"."}]}],"pagination":{"per_page":50,"current_page":1,"next_page":null,"total_pages":1,"total_records":10}}