{"verses":[{"id":1619,"verse_number":23,"verse_key":"12:23","juz_number":12,"hizb_number":24,"rub_el_hizb_number":95,"ruku_number":195,"manzil_number":3,"sajdah_number":null,"text_uthmani":"وَرَٰوَدَتْهُ ٱلَّتِى هُوَ فِى بَيْتِهَا عَن نَّفْسِهِۦ وَغَلَّقَتِ ٱلْأَبْوَٰبَ وَقَالَتْ هَيْتَ لَكَ ۚ قَالَ مَعَاذَ ٱللَّهِ ۖ إِنَّهُۥ رَبِّىٓ أَحْسَنَ مَثْوَاىَ ۖ إِنَّهُۥ لَا يُفْلِحُ ٱلظَّـٰلِمُونَ","page_number":238,"words":[{"id":26176,"position":1,"audio_url":"wbw/012_023_001.mp3","qpc_uthmani_hafs":"وَرَٰوَدَتۡهُ","char_type_name":"word","page_number":238,"line_number":1,"text":"ﭑ","translation":{"text":"And sought to seduce him","language_name":"english","language_id":38},"transliteration":{"text":"warāwadathu","language_name":"english","language_id":38}},{"id":26177,"position":2,"audio_url":"wbw/012_023_002.mp3","qpc_uthmani_hafs":"ٱلَّتِي","char_type_name":"word","page_number":238,"line_number":1,"text":"ﭒ","translation":{"text":"she who","language_name":"english","language_id":38},"transliteration":{"text":"allatī","language_name":"english","language_id":38}},{"id":26178,"position":3,"audio_url":"wbw/012_023_003.mp3","qpc_uthmani_hafs":"هُوَ","char_type_name":"word","page_number":238,"line_number":1,"text":"ﭓ","translation":{"text":"he (was)","language_name":"english","language_id":38},"transliteration":{"text":"huwa","language_name":"english","language_id":38}},{"id":26179,"position":4,"audio_url":"wbw/012_023_004.mp3","qpc_uthmani_hafs":"فِي","char_type_name":"word","page_number":238,"line_number":1,"text":"ﭔ","translation":{"text":"in","language_name":"english","language_id":38},"transliteration":{"text":"fī","language_name":"english","language_id":38}},{"id":26180,"position":5,"audio_url":"wbw/012_023_005.mp3","qpc_uthmani_hafs":"بَيۡتِهَا","char_type_name":"word","page_number":238,"line_number":1,"text":"ﭕ","translation":{"text":"her house","language_name":"english","language_id":38},"transliteration":{"text":"baytihā","language_name":"english","language_id":38}},{"id":26181,"position":6,"audio_url":"wbw/012_023_006.mp3","qpc_uthmani_hafs":"عَن","char_type_name":"word","page_number":238,"line_number":1,"text":"ﭖ","translation":{"text":"from","language_name":"english","language_id":38},"transliteration":{"text":"ʿan","language_name":"english","language_id":38}},{"id":26182,"position":7,"audio_url":"wbw/012_023_007.mp3","qpc_uthmani_hafs":"نَّفۡسِهِۦ","char_type_name":"word","page_number":238,"line_number":1,"text":"ﭗ","translation":{"text":"his self","language_name":"english","language_id":38},"transliteration":{"text":"nafsihi","language_name":"english","language_id":38}},{"id":26183,"position":8,"audio_url":"wbw/012_023_008.mp3","qpc_uthmani_hafs":"وَغَلَّقَتِ","char_type_name":"word","page_number":238,"line_number":1,"text":"ﭘ","translation":{"text":"And she closed","language_name":"english","language_id":38},"transliteration":{"text":"waghallaqati","language_name":"english","language_id":38}},{"id":26184,"position":9,"audio_url":"wbw/012_023_009.mp3","qpc_uthmani_hafs":"ٱلۡأَبۡوَٰبَ","char_type_name":"word","page_number":238,"line_number":1,"text":"ﭙ","translation":{"text":"the doors","language_name":"english","language_id":38},"transliteration":{"text":"l-abwāba","language_name":"english","language_id":38}},{"id":26185,"position":10,"audio_url":"wbw/012_023_010.mp3","qpc_uthmani_hafs":"وَقَالَتۡ","char_type_name":"word","page_number":238,"line_number":2,"text":"ﭚ","translation":{"text":"and she said","language_name":"english","language_id":38},"transliteration":{"text":"waqālat","language_name":"english","language_id":38}},{"id":26186,"position":11,"audio_url":"wbw/012_023_011.mp3","qpc_uthmani_hafs":"هَيۡتَ","char_type_name":"word","page_number":238,"line_number":2,"text":"ﭛ","translation":{"text":"Come on","language_name":"english","language_id":38},"transliteration":{"text":"hayta","language_name":"english","language_id":38}},{"id":26187,"position":12,"audio_url":"wbw/012_023_012.mp3","qpc_uthmani_hafs":"لَكَۚ","char_type_name":"word","page_number":238,"line_number":2,"text":"ﭜﭝ","translation":{"text":"you","language_name":"english","language_id":38},"transliteration":{"text":"laka","language_name":"english","language_id":38}},{"id":26189,"position":13,"audio_url":"wbw/012_023_014.mp3","qpc_uthmani_hafs":"قَالَ","char_type_name":"word","page_number":238,"line_number":2,"text":"ﭞ","translation":{"text":"He said","language_name":"english","language_id":38},"transliteration":{"text":"qāla","language_name":"english","language_id":38}},{"id":26190,"position":14,"audio_url":"wbw/012_023_015.mp3","qpc_uthmani_hafs":"مَعَاذَ","char_type_name":"word","page_number":238,"line_number":2,"text":"ﭟ","translation":{"text":"I seek refuge in Allah","language_name":"english","language_id":38},"transliteration":{"text":"maʿādha","language_name":"english","language_id":38}},{"id":26191,"position":15,"audio_url":"wbw/012_023_016.mp3","qpc_uthmani_hafs":"ٱللَّهِۖ","char_type_name":"word","page_number":238,"line_number":2,"text":"ﭠﭡ","translation":{"text":"I seek refuge in Allah","language_name":"english","language_id":38},"transliteration":{"text":"l-lahi","language_name":"english","language_id":38}},{"id":26193,"position":16,"audio_url":"wbw/012_023_018.mp3","qpc_uthmani_hafs":"إِنَّهُۥ","char_type_name":"word","page_number":238,"line_number":2,"text":"ﭢ","translation":{"text":"Indeed, he","language_name":"english","language_id":38},"transliteration":{"text":"innahu","language_name":"english","language_id":38}},{"id":26194,"position":17,"audio_url":"wbw/012_023_019.mp3","qpc_uthmani_hafs":"رَبِّيٓ","char_type_name":"word","page_number":238,"line_number":2,"text":"ﭣ","translation":{"text":"(is) my lord","language_name":"english","language_id":38},"transliteration":{"text":"rabbī","language_name":"english","language_id":38}},{"id":26195,"position":18,"audio_url":"wbw/012_023_020.mp3","qpc_uthmani_hafs":"أَحۡسَنَ","char_type_name":"word","page_number":238,"line_number":2,"text":"ﭤ","translation":{"text":"(who has) made good","language_name":"english","language_id":38},"transliteration":{"text":"aḥsana","language_name":"english","language_id":38}},{"id":26196,"position":19,"audio_url":"wbw/012_023_021.mp3","qpc_uthmani_hafs":"مَثۡوَايَۖ","char_type_name":"word","page_number":238,"line_number":2,"text":"ﭥﭦ","translation":{"text":"my stay","language_name":"english","language_id":38},"transliteration":{"text":"mathwāya","language_name":"english","language_id":38}},{"id":26198,"position":20,"audio_url":"wbw/012_023_023.mp3","qpc_uthmani_hafs":"إِنَّهُۥ","char_type_name":"word","page_number":238,"line_number":3,"text":"ﭧ","translation":{"text":"Indeed","language_name":"english","language_id":38},"transliteration":{"text":"innahu","language_name":"english","language_id":38}},{"id":26199,"position":21,"audio_url":"wbw/012_023_024.mp3","qpc_uthmani_hafs":"لَا","char_type_name":"word","page_number":238,"line_number":3,"text":"ﭨ","translation":{"text":"not","language_name":"english","language_id":38},"transliteration":{"text":"lā","language_name":"english","language_id":38}},{"id":26200,"position":22,"audio_url":"wbw/012_023_025.mp3","qpc_uthmani_hafs":"يُفۡلِحُ","char_type_name":"word","page_number":238,"line_number":3,"text":"ﭩ","translation":{"text":"will succeed","language_name":"english","language_id":38},"transliteration":{"text":"yuf'liḥu","language_name":"english","language_id":38}},{"id":26201,"position":23,"audio_url":"wbw/012_023_026.mp3","qpc_uthmani_hafs":"ٱلظَّٰلِمُونَ","char_type_name":"word","page_number":238,"line_number":3,"text":"ﭪ","translation":{"text":"the wrongdoers","language_name":"english","language_id":38},"transliteration":{"text":"l-ẓālimūna","language_name":"english","language_id":38}},{"id":26202,"position":24,"audio_url":null,"qpc_uthmani_hafs":"٢٣","char_type_name":"end","page_number":238,"line_number":3,"text":"ﭫ","translation":{"text":"(23)","language_name":"english","language_id":38},"transliteration":{"text":null,"language_name":"english","language_id":38}}],"translations":[{"id":918048,"resource_id":134,"text":"Dan wanita (Zulaykha) yang Yūsuf tinggal di rumahnya menggoda Yūsuf untuk menundukkan dirinya (kepadanya) dan dia menutup pintu-pintu, seraya berkata, \"Marilah ke sini\".  Yūsuf berkata, \"Aku berlindung kepada Allah, sungguh tuanku telah memperlakukan aku dengan baik\".  Sesungguhnya orang-orang yang zalim tiada akan beruntung."}]},{"id":1620,"verse_number":24,"verse_key":"12:24","juz_number":12,"hizb_number":24,"rub_el_hizb_number":95,"ruku_number":195,"manzil_number":3,"sajdah_number":null,"text_uthmani":"وَلَقَدْ هَمَّتْ بِهِۦ ۖ وَهَمَّ بِهَا لَوْلَآ أَن رَّءَا بُرْهَـٰنَ رَبِّهِۦ ۚ كَذَٰلِكَ لِنَصْرِفَ عَنْهُ ٱلسُّوٓءَ وَٱلْفَحْشَآءَ ۚ إِنَّهُۥ مِنْ عِبَادِنَا ٱلْمُخْلَصِينَ","page_number":238,"words":[{"id":27212,"position":1,"audio_url":"wbw/012_024_001.mp3","qpc_uthmani_hafs":"وَلَقَدۡ","char_type_name":"word","page_number":238,"line_number":3,"text":"ﭬ","translation":{"text":"And certainly","language_name":"english","language_id":38},"transliteration":{"text":"walaqad","language_name":"english","language_id":38}},{"id":27213,"position":2,"audio_url":"wbw/012_024_002.mp3","qpc_uthmani_hafs":"هَمَّتۡ","char_type_name":"word","page_number":238,"line_number":3,"text":"ﭭ","translation":{"text":"she did desire","language_name":"english","language_id":38},"transliteration":{"text":"hammat","language_name":"english","language_id":38}},{"id":27214,"position":3,"audio_url":"wbw/012_024_003.mp3","qpc_uthmani_hafs":"بِهِۦۖ","char_type_name":"word","page_number":238,"line_number":3,"text":"ﭮﭯ","translation":{"text":"him","language_name":"english","language_id":38},"transliteration":{"text":"bihi","language_name":"english","language_id":38}},{"id":27216,"position":4,"audio_url":"wbw/012_024_005.mp3","qpc_uthmani_hafs":"وَهَمَّ","char_type_name":"word","page_number":238,"line_number":3,"text":"ﭰ","translation":{"text":"and he would have desired","language_name":"english","language_id":38},"transliteration":{"text":"wahamma","language_name":"english","language_id":38}},{"id":27217,"position":5,"audio_url":"wbw/012_024_006.mp3","qpc_uthmani_hafs":"بِهَا","char_type_name":"word","page_number":238,"line_number":3,"text":"ﭱ","translation":{"text":"her","language_name":"english","language_id":38},"transliteration":{"text":"bihā","language_name":"english","language_id":38}},{"id":27218,"position":6,"audio_url":"wbw/012_024_007.mp3","qpc_uthmani_hafs":"لَوۡلَآ","char_type_name":"word","page_number":238,"line_number":4,"text":"ﭲ","translation":{"text":"if not","language_name":"english","language_id":38},"transliteration":{"text":"lawlā","language_name":"english","language_id":38}},{"id":27219,"position":7,"audio_url":"wbw/012_024_008.mp3","qpc_uthmani_hafs":"أَن","char_type_name":"word","page_number":238,"line_number":4,"text":"ﭳ","translation":{"text":"that","language_name":"english","language_id":38},"transliteration":{"text":"an","language_name":"english","language_id":38}},{"id":27220,"position":8,"audio_url":"wbw/012_024_009.mp3","qpc_uthmani_hafs":"رَّءَا","char_type_name":"word","page_number":238,"line_number":4,"text":"ﭴ","translation":{"text":"he saw","language_name":"english","language_id":38},"transliteration":{"text":"raā","language_name":"english","language_id":38}},{"id":27221,"position":9,"audio_url":"wbw/012_024_010.mp3","qpc_uthmani_hafs":"بُرۡهَٰنَ","char_type_name":"word","page_number":238,"line_number":4,"text":"ﭵ","translation":{"text":"the proof","language_name":"english","language_id":38},"transliteration":{"text":"bur'hāna","language_name":"english","language_id":38}},{"id":27222,"position":10,"audio_url":"wbw/012_024_011.mp3","qpc_uthmani_hafs":"رَبِّهِۦۚ","char_type_name":"word","page_number":238,"line_number":4,"text":"ﭶﭷ","translation":{"text":"(of) his Lord","language_name":"english","language_id":38},"transliteration":{"text":"rabbihi","language_name":"english","language_id":38}},{"id":27224,"position":11,"audio_url":"wbw/012_024_013.mp3","qpc_uthmani_hafs":"كَذَٰلِكَ","char_type_name":"word","page_number":238,"line_number":4,"text":"ﭸ","translation":{"text":"Thus","language_name":"english","language_id":38},"transliteration":{"text":"kadhālika","language_name":"english","language_id":38}},{"id":27225,"position":12,"audio_url":"wbw/012_024_014.mp3","qpc_uthmani_hafs":"لِنَصۡرِفَ","char_type_name":"word","page_number":238,"line_number":4,"text":"ﭹ","translation":{"text":"that We might avert","language_name":"english","language_id":38},"transliteration":{"text":"linaṣrifa","language_name":"english","language_id":38}},{"id":27226,"position":13,"audio_url":"wbw/012_024_015.mp3","qpc_uthmani_hafs":"عَنۡهُ","char_type_name":"word","page_number":238,"line_number":4,"text":"ﭺ","translation":{"text":"from him","language_name":"english","language_id":38},"transliteration":{"text":"ʿanhu","language_name":"english","language_id":38}},{"id":27227,"position":14,"audio_url":"wbw/012_024_016.mp3","qpc_uthmani_hafs":"ٱلسُّوٓءَ","char_type_name":"word","page_number":238,"line_number":4,"text":"ﭻ","translation":{"text":"the evil","language_name":"english","language_id":38},"transliteration":{"text":"l-sūa","language_name":"english","language_id":38}},{"id":27228,"position":15,"audio_url":"wbw/012_024_017.mp3","qpc_uthmani_hafs":"وَٱلۡفَحۡشَآءَۚ","char_type_name":"word","page_number":238,"line_number":5,"text":"ﭼﭽ","translation":{"text":"and the immorality","language_name":"english","language_id":38},"transliteration":{"text":"wal-faḥshāa","language_name":"english","language_id":38}},{"id":27230,"position":16,"audio_url":"wbw/012_024_019.mp3","qpc_uthmani_hafs":"إِنَّهُۥ","char_type_name":"word","page_number":238,"line_number":5,"text":"ﭾ","translation":{"text":"Indeed, he","language_name":"english","language_id":38},"transliteration":{"text":"innahu","language_name":"english","language_id":38}},{"id":27231,"position":17,"audio_url":"wbw/012_024_020.mp3","qpc_uthmani_hafs":"مِنۡ","char_type_name":"word","page_number":238,"line_number":5,"text":"ﭿ","translation":{"text":"(was) of","language_name":"english","language_id":38},"transliteration":{"text":"min","language_name":"english","language_id":38}},{"id":27232,"position":18,"audio_url":"wbw/012_024_021.mp3","qpc_uthmani_hafs":"عِبَادِنَا","char_type_name":"word","page_number":238,"line_number":5,"text":"ﮀ","translation":{"text":"Our slaves","language_name":"english","language_id":38},"transliteration":{"text":"ʿibādinā","language_name":"english","language_id":38}},{"id":27233,"position":19,"audio_url":"wbw/012_024_022.mp3","qpc_uthmani_hafs":"ٱلۡمُخۡلَصِينَ","char_type_name":"word","page_number":238,"line_number":5,"text":"ﮁ","translation":{"text":"the sincere","language_name":"english","language_id":38},"transliteration":{"text":"l-mukh'laṣīna","language_name":"english","language_id":38}},{"id":27234,"position":20,"audio_url":null,"qpc_uthmani_hafs":"٢٤","char_type_name":"end","page_number":238,"line_number":5,"text":"ﮂ","translation":{"text":"(24)","language_name":"english","language_id":38},"transliteration":{"text":null,"language_name":"english","language_id":38}}],"translations":[{"id":918049,"resource_id":134,"text":"Sesungguhnya wanita itu telah bermaksud (melakukan perbuatan itu) dengan Yūsuf dan Yūsuf pun bermaksud (melakukan pula) dengan wanita itu andaikata dia tidak melihat tanda (dari) Tuhan-nya <sup foot_note=210519>1</sup>.  Demikianlah agar Kami memalingkan darinya kemungkaran dan kekejian.  Sesungguhnya Yūsuf itu termasuk hamba-hamba Kami yang terpilih."}]},{"id":1621,"verse_number":25,"verse_key":"12:25","juz_number":12,"hizb_number":24,"rub_el_hizb_number":95,"ruku_number":195,"manzil_number":3,"sajdah_number":null,"text_uthmani":"وَٱسْتَبَقَا ٱلْبَابَ وَقَدَّتْ قَمِيصَهُۥ مِن دُبُرٍ وَأَلْفَيَا سَيِّدَهَا لَدَا ٱلْبَابِ ۚ قَالَتْ مَا جَزَآءُ مَنْ أَرَادَ بِأَهْلِكَ سُوٓءًا إِلَّآ أَن يُسْجَنَ أَوْ عَذَابٌ أَلِيمٌ","page_number":238,"words":[{"id":28239,"position":1,"audio_url":"wbw/012_025_001.mp3","qpc_uthmani_hafs":"وَٱسۡتَبَقَا","char_type_name":"word","page_number":238,"line_number":5,"text":"ﮃ","translation":{"text":"And they both raced","language_name":"english","language_id":38},"transliteration":{"text":"wa-is'tabaqā","language_name":"english","language_id":38}},{"id":28240,"position":2,"audio_url":"wbw/012_025_002.mp3","qpc_uthmani_hafs":"ٱلۡبَابَ","char_type_name":"word","page_number":238,"line_number":6,"text":"ﮄ","translation":{"text":"(to) the door","language_name":"english","language_id":38},"transliteration":{"text":"l-bāba","language_name":"english","language_id":38}},{"id":28241,"position":3,"audio_url":"wbw/012_025_003.mp3","qpc_uthmani_hafs":"وَقَدَّتۡ","char_type_name":"word","page_number":238,"line_number":6,"text":"ﮅ","translation":{"text":"and she tore","language_name":"english","language_id":38},"transliteration":{"text":"waqaddat","language_name":"english","language_id":38}},{"id":28242,"position":4,"audio_url":"wbw/012_025_004.mp3","qpc_uthmani_hafs":"قَمِيصَهُۥ","char_type_name":"word","page_number":238,"line_number":6,"text":"ﮆ","translation":{"text":"his shirt","language_name":"english","language_id":38},"transliteration":{"text":"qamīṣahu","language_name":"english","language_id":38}},{"id":28243,"position":5,"audio_url":"wbw/012_025_005.mp3","qpc_uthmani_hafs":"مِن","char_type_name":"word","page_number":238,"line_number":6,"text":"ﮇ","translation":{"text":"from","language_name":"english","language_id":38},"transliteration":{"text":"min","language_name":"english","language_id":38}},{"id":28244,"position":6,"audio_url":"wbw/012_025_006.mp3","qpc_uthmani_hafs":"دُبُرٖ","char_type_name":"word","page_number":238,"line_number":6,"text":"ﮈ","translation":{"text":"the back","language_name":"english","language_id":38},"transliteration":{"text":"duburin","language_name":"english","language_id":38}},{"id":28245,"position":7,"audio_url":"wbw/012_025_007.mp3","qpc_uthmani_hafs":"وَأَلۡفَيَا","char_type_name":"word","page_number":238,"line_number":6,"text":"ﮉ","translation":{"text":"and they both found","language_name":"english","language_id":38},"transliteration":{"text":"wa-alfayā","language_name":"english","language_id":38}},{"id":28246,"position":8,"audio_url":"wbw/012_025_008.mp3","qpc_uthmani_hafs":"سَيِّدَهَا","char_type_name":"word","page_number":238,"line_number":6,"text":"ﮊ","translation":{"text":"her husband","language_name":"english","language_id":38},"transliteration":{"text":"sayyidahā","language_name":"english","language_id":38}},{"id":28247,"position":9,"audio_url":"wbw/012_025_009.mp3","qpc_uthmani_hafs":"لَدَا","char_type_name":"word","page_number":238,"line_number":6,"text":"ﮋ","translation":{"text":"at","language_name":"english","language_id":38},"transliteration":{"text":"ladā","language_name":"english","language_id":38}},{"id":28248,"position":10,"audio_url":"wbw/012_025_010.mp3","qpc_uthmani_hafs":"ٱلۡبَابِۚ","char_type_name":"word","page_number":238,"line_number":6,"text":"ﮌﮍ","translation":{"text":"the door","language_name":"english","language_id":38},"transliteration":{"text":"l-bābi","language_name":"english","language_id":38}},{"id":28250,"position":11,"audio_url":"wbw/012_025_012.mp3","qpc_uthmani_hafs":"قَالَتۡ","char_type_name":"word","page_number":238,"line_number":7,"text":"ﮎ","translation":{"text":"She said","language_name":"english","language_id":38},"transliteration":{"text":"qālat","language_name":"english","language_id":38}},{"id":28251,"position":12,"audio_url":"wbw/012_025_013.mp3","qpc_uthmani_hafs":"مَا","char_type_name":"word","page_number":238,"line_number":7,"text":"ﮏ","translation":{"text":"What","language_name":"english","language_id":38},"transliteration":{"text":"mā","language_name":"english","language_id":38}},{"id":28252,"position":13,"audio_url":"wbw/012_025_014.mp3","qpc_uthmani_hafs":"جَزَآءُ","char_type_name":"word","page_number":238,"line_number":7,"text":"ﮐ","translation":{"text":"(is) the recompense","language_name":"english","language_id":38},"transliteration":{"text":"jazāu","language_name":"english","language_id":38}},{"id":28253,"position":14,"audio_url":"wbw/012_025_015.mp3","qpc_uthmani_hafs":"مَنۡ","char_type_name":"word","page_number":238,"line_number":7,"text":"ﮑ","translation":{"text":"(of one) who","language_name":"english","language_id":38},"transliteration":{"text":"man","language_name":"english","language_id":38}},{"id":28254,"position":15,"audio_url":"wbw/012_025_016.mp3","qpc_uthmani_hafs":"أَرَادَ","char_type_name":"word","page_number":238,"line_number":7,"text":"ﮒ","translation":{"text":"intended","language_name":"english","language_id":38},"transliteration":{"text":"arāda","language_name":"english","language_id":38}},{"id":28255,"position":16,"audio_url":"wbw/012_025_017.mp3","qpc_uthmani_hafs":"بِأَهۡلِكَ","char_type_name":"word","page_number":238,"line_number":7,"text":"ﮓ","translation":{"text":"for your wife","language_name":"english","language_id":38},"transliteration":{"text":"bi-ahlika","language_name":"english","language_id":38}},{"id":28256,"position":17,"audio_url":"wbw/012_025_018.mp3","qpc_uthmani_hafs":"سُوٓءًا","char_type_name":"word","page_number":238,"line_number":7,"text":"ﮔ","translation":{"text":"evil","language_name":"english","language_id":38},"transliteration":{"text":"sūan","language_name":"english","language_id":38}},{"id":28257,"position":18,"audio_url":"wbw/012_025_019.mp3","qpc_uthmani_hafs":"إِلَّآ","char_type_name":"word","page_number":238,"line_number":7,"text":"ﮕ","translation":{"text":"except","language_name":"english","language_id":38},"transliteration":{"text":"illā","language_name":"english","language_id":38}},{"id":28258,"position":19,"audio_url":"wbw/012_025_020.mp3","qpc_uthmani_hafs":"أَن","char_type_name":"word","page_number":238,"line_number":7,"text":"ﮖ","translation":{"text":"that","language_name":"english","language_id":38},"transliteration":{"text":"an","language_name":"english","language_id":38}},{"id":28259,"position":20,"audio_url":"wbw/012_025_021.mp3","qpc_uthmani_hafs":"يُسۡجَنَ","char_type_name":"word","page_number":238,"line_number":7,"text":"ﮗ","translation":{"text":"he be imprisoned","language_name":"english","language_id":38},"transliteration":{"text":"yus'jana","language_name":"english","language_id":38}},{"id":28260,"position":21,"audio_url":"wbw/012_025_022.mp3","qpc_uthmani_hafs":"أَوۡ","char_type_name":"word","page_number":238,"line_number":7,"text":"ﮘ","translation":{"text":"or","language_name":"english","language_id":38},"transliteration":{"text":"aw","language_name":"english","language_id":38}},{"id":28261,"position":22,"audio_url":"wbw/012_025_023.mp3","qpc_uthmani_hafs":"عَذَابٌ","char_type_name":"word","page_number":238,"line_number":7,"text":"ﮙ","translation":{"text":"a punishment","language_name":"english","language_id":38},"transliteration":{"text":"ʿadhābun","language_name":"english","language_id":38}},{"id":28262,"position":23,"audio_url":"wbw/012_025_024.mp3","qpc_uthmani_hafs":"أَلِيمٞ","char_type_name":"word","page_number":238,"line_number":8,"text":"ﮚ","translation":{"text":"painful","language_name":"english","language_id":38},"transliteration":{"text":"alīmun","language_name":"english","language_id":38}},{"id":28263,"position":24,"audio_url":null,"qpc_uthmani_hafs":"٢٥","char_type_name":"end","page_number":238,"line_number":8,"text":"ﮛ","translation":{"text":"(25)","language_name":"english","language_id":38},"transliteration":{"text":null,"language_name":"english","language_id":38}}],"translations":[{"id":918050,"resource_id":134,"text":"Dan keduanya berlomba-lomba menuju pintu dan wanita itu menarik baju gamis Yūsuf dari belakang hingga koyak dan kedua-duanya mendapati suami wanita itu di muka pintu. Wanita itu berkata, \"Apakah pembalasan terhadap orang yang bermaksud berbuat serong dengan istrimu, selain dipenjarakan atau (dihukum) dengan azab yang pedih?\""}]},{"id":1622,"verse_number":26,"verse_key":"12:26","juz_number":12,"hizb_number":24,"rub_el_hizb_number":95,"ruku_number":195,"manzil_number":3,"sajdah_number":null,"text_uthmani":"قَالَ هِىَ رَٰوَدَتْنِى عَن نَّفْسِى ۚ وَشَهِدَ شَاهِدٌ مِّنْ أَهْلِهَآ إِن كَانَ قَمِيصُهُۥ قُدَّ مِن قُبُلٍ فَصَدَقَتْ وَهُوَ مِنَ ٱلْكَـٰذِبِينَ","page_number":238,"words":[{"id":29192,"position":1,"audio_url":"wbw/012_026_001.mp3","qpc_uthmani_hafs":"قَالَ","char_type_name":"word","page_number":238,"line_number":8,"text":"ﮜ","translation":{"text":"He said","language_name":"english","language_id":38},"transliteration":{"text":"qāla","language_name":"english","language_id":38}},{"id":29193,"position":2,"audio_url":"wbw/012_026_002.mp3","qpc_uthmani_hafs":"هِيَ","char_type_name":"word","page_number":238,"line_number":8,"text":"ﮝ","translation":{"text":"She","language_name":"english","language_id":38},"transliteration":{"text":"hiya","language_name":"english","language_id":38}},{"id":29194,"position":3,"audio_url":"wbw/012_026_003.mp3","qpc_uthmani_hafs":"رَٰوَدَتۡنِي","char_type_name":"word","page_number":238,"line_number":8,"text":"ﮞ","translation":{"text":"sought to seduce me","language_name":"english","language_id":38},"transliteration":{"text":"rāwadatnī","language_name":"english","language_id":38}},{"id":29195,"position":4,"audio_url":"wbw/012_026_004.mp3","qpc_uthmani_hafs":"عَن","char_type_name":"word","page_number":238,"line_number":8,"text":"ﮟ","translation":{"text":"about","language_name":"english","language_id":38},"transliteration":{"text":"ʿan","language_name":"english","language_id":38}},{"id":29196,"position":5,"audio_url":"wbw/012_026_005.mp3","qpc_uthmani_hafs":"نَّفۡسِيۚ","char_type_name":"word","page_number":238,"line_number":8,"text":"ﮠﮡ","translation":{"text":"myself","language_name":"english","language_id":38},"transliteration":{"text":"nafsī","language_name":"english","language_id":38}},{"id":29198,"position":6,"audio_url":"wbw/012_026_007.mp3","qpc_uthmani_hafs":"وَشَهِدَ","char_type_name":"word","page_number":238,"line_number":8,"text":"ﮢ","translation":{"text":"And testified","language_name":"english","language_id":38},"transliteration":{"text":"washahida","language_name":"english","language_id":38}},{"id":29199,"position":7,"audio_url":"wbw/012_026_008.mp3","qpc_uthmani_hafs":"شَاهِدٞ","char_type_name":"word","page_number":238,"line_number":8,"text":"ﮣ","translation":{"text":"a witness","language_name":"english","language_id":38},"transliteration":{"text":"shāhidun","language_name":"english","language_id":38}},{"id":29200,"position":8,"audio_url":"wbw/012_026_009.mp3","qpc_uthmani_hafs":"مِّنۡ","char_type_name":"word","page_number":238,"line_number":8,"text":"ﮤ","translation":{"text":"of","language_name":"english","language_id":38},"transliteration":{"text":"min","language_name":"english","language_id":38}},{"id":29201,"position":9,"audio_url":"wbw/012_026_010.mp3","qpc_uthmani_hafs":"أَهۡلِهَآ","char_type_name":"word","page_number":238,"line_number":9,"text":"ﮥ","translation":{"text":"her family","language_name":"english","language_id":38},"transliteration":{"text":"ahlihā","language_name":"english","language_id":38}},{"id":29202,"position":10,"audio_url":"wbw/012_026_011.mp3","qpc_uthmani_hafs":"إِن","char_type_name":"word","page_number":238,"line_number":9,"text":"ﮦ","translation":{"text":"If","language_name":"english","language_id":38},"transliteration":{"text":"in","language_name":"english","language_id":38}},{"id":29203,"position":11,"audio_url":"wbw/012_026_012.mp3","qpc_uthmani_hafs":"كَانَ","char_type_name":"word","page_number":238,"line_number":9,"text":"ﮧ","translation":{"text":"[is]","language_name":"english","language_id":38},"transliteration":{"text":"kāna","language_name":"english","language_id":38}},{"id":29204,"position":12,"audio_url":"wbw/012_026_013.mp3","qpc_uthmani_hafs":"قَمِيصُهُۥ","char_type_name":"word","page_number":238,"line_number":9,"text":"ﮨ","translation":{"text":"his shirt","language_name":"english","language_id":38},"transliteration":{"text":"qamīṣuhu","language_name":"english","language_id":38}},{"id":29205,"position":13,"audio_url":"wbw/012_026_014.mp3","qpc_uthmani_hafs":"قُدَّ","char_type_name":"word","page_number":238,"line_number":9,"text":"ﮩ","translation":{"text":"(is) torn","language_name":"english","language_id":38},"transliteration":{"text":"qudda","language_name":"english","language_id":38}},{"id":29206,"position":14,"audio_url":"wbw/012_026_015.mp3","qpc_uthmani_hafs":"مِن","char_type_name":"word","page_number":238,"line_number":9,"text":"ﮪ","translation":{"text":"from","language_name":"english","language_id":38},"transliteration":{"text":"min","language_name":"english","language_id":38}},{"id":29207,"position":15,"audio_url":"wbw/012_026_016.mp3","qpc_uthmani_hafs":"قُبُلٖ","char_type_name":"word","page_number":238,"line_number":9,"text":"ﮫ","translation":{"text":"the front","language_name":"english","language_id":38},"transliteration":{"text":"qubulin","language_name":"english","language_id":38}},{"id":29208,"position":16,"audio_url":"wbw/012_026_017.mp3","qpc_uthmani_hafs":"فَصَدَقَتۡ","char_type_name":"word","page_number":238,"line_number":9,"text":"ﮬ","translation":{"text":"then she has spoken the truth","language_name":"english","language_id":38},"transliteration":{"text":"faṣadaqat","language_name":"english","language_id":38}},{"id":29209,"position":17,"audio_url":"wbw/012_026_018.mp3","qpc_uthmani_hafs":"وَهُوَ","char_type_name":"word","page_number":238,"line_number":9,"text":"ﮭ","translation":{"text":"and he","language_name":"english","language_id":38},"transliteration":{"text":"wahuwa","language_name":"english","language_id":38}},{"id":29210,"position":18,"audio_url":"wbw/012_026_019.mp3","qpc_uthmani_hafs":"مِنَ","char_type_name":"word","page_number":238,"line_number":9,"text":"ﮮ","translation":{"text":"(is) of","language_name":"english","language_id":38},"transliteration":{"text":"mina","language_name":"english","language_id":38}},{"id":29211,"position":19,"audio_url":"wbw/012_026_020.mp3","qpc_uthmani_hafs":"ٱلۡكَٰذِبِينَ","char_type_name":"word","page_number":238,"line_number":10,"text":"ﮯ","translation":{"text":"the liars","language_name":"english","language_id":38},"transliteration":{"text":"l-kādhibīna","language_name":"english","language_id":38}},{"id":29212,"position":20,"audio_url":null,"qpc_uthmani_hafs":"٢٦","char_type_name":"end","page_number":238,"line_number":10,"text":"ﮰ","translation":{"text":"(26)","language_name":"english","language_id":38},"transliteration":{"text":null,"language_name":"english","language_id":38}}],"translations":[{"id":918051,"resource_id":134,"text":"Yūsuf berkata, \"Dia menggodaku untuk menundukkan diriku (kepadanya)\" dan seorang saksi dari keluarga wanita itu memberikan kesaksiannya, \"Jika baju gamisnya koyak di muka, maka wanita itu benar dan  Yūsuf termasuk orang-orang yang dusta."}]},{"id":1623,"verse_number":27,"verse_key":"12:27","juz_number":12,"hizb_number":24,"rub_el_hizb_number":95,"ruku_number":195,"manzil_number":3,"sajdah_number":null,"text_uthmani":"وَإِن كَانَ قَمِيصُهُۥ قُدَّ مِن دُبُرٍ فَكَذَبَتْ وَهُوَ مِنَ ٱلصَّـٰدِقِينَ","page_number":238,"words":[{"id":30114,"position":1,"audio_url":"wbw/012_027_001.mp3","qpc_uthmani_hafs":"وَإِن","char_type_name":"word","page_number":238,"line_number":10,"text":"ﮱ","translation":{"text":"But if","language_name":"english","language_id":38},"transliteration":{"text":"wa-in","language_name":"english","language_id":38}},{"id":30115,"position":2,"audio_url":"wbw/012_027_002.mp3","qpc_uthmani_hafs":"كَانَ","char_type_name":"word","page_number":238,"line_number":10,"text":"ﯓ","translation":{"text":"[is]","language_name":"english","language_id":38},"transliteration":{"text":"kāna","language_name":"english","language_id":38}},{"id":30116,"position":3,"audio_url":"wbw/012_027_003.mp3","qpc_uthmani_hafs":"قَمِيصُهُۥ","char_type_name":"word","page_number":238,"line_number":10,"text":"ﯔ","translation":{"text":"his shirt","language_name":"english","language_id":38},"transliteration":{"text":"qamīṣuhu","language_name":"english","language_id":38}},{"id":30117,"position":4,"audio_url":"wbw/012_027_004.mp3","qpc_uthmani_hafs":"قُدَّ","char_type_name":"word","page_number":238,"line_number":10,"text":"ﯕ","translation":{"text":"(is) torn","language_name":"english","language_id":38},"transliteration":{"text":"qudda","language_name":"english","language_id":38}},{"id":30118,"position":5,"audio_url":"wbw/012_027_005.mp3","qpc_uthmani_hafs":"مِن","char_type_name":"word","page_number":238,"line_number":10,"text":"ﯖ","translation":{"text":"from","language_name":"english","language_id":38},"transliteration":{"text":"min","language_name":"english","language_id":38}},{"id":30119,"position":6,"audio_url":"wbw/012_027_006.mp3","qpc_uthmani_hafs":"دُبُرٖ","char_type_name":"word","page_number":238,"line_number":10,"text":"ﯗ","translation":{"text":"(the) back","language_name":"english","language_id":38},"transliteration":{"text":"duburin","language_name":"english","language_id":38}},{"id":30120,"position":7,"audio_url":"wbw/012_027_007.mp3","qpc_uthmani_hafs":"فَكَذَبَتۡ","char_type_name":"word","page_number":238,"line_number":10,"text":"ﯘ","translation":{"text":"then she has lied","language_name":"english","language_id":38},"transliteration":{"text":"fakadhabat","language_name":"english","language_id":38}},{"id":30121,"position":8,"audio_url":"wbw/012_027_008.mp3","qpc_uthmani_hafs":"وَهُوَ","char_type_name":"word","page_number":238,"line_number":10,"text":"ﯙ","translation":{"text":"and he","language_name":"english","language_id":38},"transliteration":{"text":"wahuwa","language_name":"english","language_id":38}},{"id":30122,"position":9,"audio_url":"wbw/012_027_009.mp3","qpc_uthmani_hafs":"مِنَ","char_type_name":"word","page_number":238,"line_number":11,"text":"ﯚ","translation":{"text":"(is) of","language_name":"english","language_id":38},"transliteration":{"text":"mina","language_name":"english","language_id":38}},{"id":30123,"position":10,"audio_url":"wbw/012_027_010.mp3","qpc_uthmani_hafs":"ٱلصَّٰدِقِينَ","char_type_name":"word","page_number":238,"line_number":11,"text":"ﯛ","translation":{"text":"the truthful","language_name":"english","language_id":38},"transliteration":{"text":"l-ṣādiqīna","language_name":"english","language_id":38}},{"id":30124,"position":11,"audio_url":null,"qpc_uthmani_hafs":"٢٧","char_type_name":"end","page_number":238,"line_number":11,"text":"ﯜ","translation":{"text":"(27)","language_name":"english","language_id":38},"transliteration":{"text":null,"language_name":"english","language_id":38}}],"translations":[{"id":918052,"resource_id":134,"text":"Dan jika baju gamisnya koyak di belakang, maka wanita itulah yang dusta dan  Yūsuf termasuk orang-orang yang benar\"."}]},{"id":1624,"verse_number":28,"verse_key":"12:28","juz_number":12,"hizb_number":24,"rub_el_hizb_number":95,"ruku_number":195,"manzil_number":3,"sajdah_number":null,"text_uthmani":"فَلَمَّا رَءَا قَمِيصَهُۥ قُدَّ مِن دُبُرٍ قَالَ إِنَّهُۥ مِن كَيْدِكُنَّ ۖ إِنَّ كَيْدَكُنَّ عَظِيمٌ","page_number":238,"words":[{"id":31170,"position":1,"audio_url":"wbw/012_028_001.mp3","qpc_uthmani_hafs":"فَلَمَّا","char_type_name":"word","page_number":238,"line_number":11,"text":"ﯝ","translation":{"text":"So when","language_name":"english","language_id":38},"transliteration":{"text":"falammā","language_name":"english","language_id":38}},{"id":31171,"position":2,"audio_url":"wbw/012_028_002.mp3","qpc_uthmani_hafs":"رَءَا","char_type_name":"word","page_number":238,"line_number":11,"text":"ﯞ","translation":{"text":"he saw","language_name":"english","language_id":38},"transliteration":{"text":"raā","language_name":"english","language_id":38}},{"id":31172,"position":3,"audio_url":"wbw/012_028_003.mp3","qpc_uthmani_hafs":"قَمِيصَهُۥ","char_type_name":"word","page_number":238,"line_number":11,"text":"ﯟ","translation":{"text":"his shirt","language_name":"english","language_id":38},"transliteration":{"text":"qamīṣahu","language_name":"english","language_id":38}},{"id":31173,"position":4,"audio_url":"wbw/012_028_004.mp3","qpc_uthmani_hafs":"قُدَّ","char_type_name":"word","page_number":238,"line_number":11,"text":"ﯠ","translation":{"text":"torn","language_name":"english","language_id":38},"transliteration":{"text":"qudda","language_name":"english","language_id":38}},{"id":31174,"position":5,"audio_url":"wbw/012_028_005.mp3","qpc_uthmani_hafs":"مِن","char_type_name":"word","page_number":238,"line_number":11,"text":"ﯡ","translation":{"text":"from","language_name":"english","language_id":38},"transliteration":{"text":"min","language_name":"english","language_id":38}},{"id":31175,"position":6,"audio_url":"wbw/012_028_006.mp3","qpc_uthmani_hafs":"دُبُرٖ","char_type_name":"word","page_number":238,"line_number":11,"text":"ﯢ","translation":{"text":"(the) back","language_name":"english","language_id":38},"transliteration":{"text":"duburin","language_name":"english","language_id":38}},{"id":31176,"position":7,"audio_url":"wbw/012_028_007.mp3","qpc_uthmani_hafs":"قَالَ","char_type_name":"word","page_number":238,"line_number":11,"text":"ﯣ","translation":{"text":"he said","language_name":"english","language_id":38},"transliteration":{"text":"qāla","language_name":"english","language_id":38}},{"id":31177,"position":8,"audio_url":"wbw/012_028_008.mp3","qpc_uthmani_hafs":"إِنَّهُۥ","char_type_name":"word","page_number":238,"line_number":11,"text":"ﯤ","translation":{"text":"Indeed, it","language_name":"english","language_id":38},"transliteration":{"text":"innahu","language_name":"english","language_id":38}},{"id":31178,"position":9,"audio_url":"wbw/012_028_009.mp3","qpc_uthmani_hafs":"مِن","char_type_name":"word","page_number":238,"line_number":12,"text":"ﯥ","translation":{"text":"(is) of","language_name":"english","language_id":38},"transliteration":{"text":"min","language_name":"english","language_id":38}},{"id":31179,"position":10,"audio_url":"wbw/012_028_010.mp3","qpc_uthmani_hafs":"كَيۡدِكُنَّۖ","char_type_name":"word","page_number":238,"line_number":12,"text":"ﯦﯧ","translation":{"text":"your plot","language_name":"english","language_id":38},"transliteration":{"text":"kaydikunna","language_name":"english","language_id":38}},{"id":31181,"position":11,"audio_url":"wbw/012_028_012.mp3","qpc_uthmani_hafs":"إِنَّ","char_type_name":"word","page_number":238,"line_number":12,"text":"ﯨ","translation":{"text":"Indeed","language_name":"english","language_id":38},"transliteration":{"text":"inna","language_name":"english","language_id":38}},{"id":31182,"position":12,"audio_url":"wbw/012_028_013.mp3","qpc_uthmani_hafs":"كَيۡدَكُنَّ","char_type_name":"word","page_number":238,"line_number":12,"text":"ﯩ","translation":{"text":"your plot","language_name":"english","language_id":38},"transliteration":{"text":"kaydakunna","language_name":"english","language_id":38}},{"id":31183,"position":13,"audio_url":"wbw/012_028_014.mp3","qpc_uthmani_hafs":"عَظِيمٞ","char_type_name":"word","page_number":238,"line_number":12,"text":"ﯪ","translation":{"text":"(is) great","language_name":"english","language_id":38},"transliteration":{"text":"ʿaẓīmun","language_name":"english","language_id":38}},{"id":31184,"position":14,"audio_url":null,"qpc_uthmani_hafs":"٢٨","char_type_name":"end","page_number":238,"line_number":12,"text":"ﯫ","translation":{"text":"(28)","language_name":"english","language_id":38},"transliteration":{"text":null,"language_name":"english","language_id":38}}],"translations":[{"id":918053,"resource_id":134,"text":"Maka tatkala suami wanita itu melihat baju gamis  Yūsuf koyak di belakang, berkatalah dia, \"Sesungguhnya (kejadian) itu adalah di antara tipu daya kamu, sesungguhnya tipu daya kamu adalah besar\"."}]},{"id":1625,"verse_number":29,"verse_key":"12:29","juz_number":12,"hizb_number":24,"rub_el_hizb_number":95,"ruku_number":195,"manzil_number":3,"sajdah_number":null,"text_uthmani":"يُوسُفُ أَعْرِضْ عَنْ هَـٰذَا ۚ وَٱسْتَغْفِرِى لِذَنۢبِكِ ۖ إِنَّكِ كُنتِ مِنَ ٱلْخَاطِـِٔينَ","page_number":238,"words":[{"id":32157,"position":1,"audio_url":"wbw/012_029_001.mp3","qpc_uthmani_hafs":"يُوسُفُ","char_type_name":"word","page_number":238,"line_number":12,"text":"ﯬ","translation":{"text":"Yusuf","language_name":"english","language_id":38},"transliteration":{"text":"yūsufu","language_name":"english","language_id":38}},{"id":32158,"position":2,"audio_url":"wbw/012_029_002.mp3","qpc_uthmani_hafs":"أَعۡرِضۡ","char_type_name":"word","page_number":238,"line_number":12,"text":"ﯭ","translation":{"text":"turn away","language_name":"english","language_id":38},"transliteration":{"text":"aʿriḍ","language_name":"english","language_id":38}},{"id":32159,"position":3,"audio_url":"wbw/012_029_003.mp3","qpc_uthmani_hafs":"عَنۡ","char_type_name":"word","page_number":238,"line_number":12,"text":"ﯮ","translation":{"text":"from","language_name":"english","language_id":38},"transliteration":{"text":"ʿan","language_name":"english","language_id":38}},{"id":32160,"position":4,"audio_url":"wbw/012_029_004.mp3","qpc_uthmani_hafs":"هَٰذَاۚ","char_type_name":"word","page_number":238,"line_number":13,"text":"ﯯﯰ","translation":{"text":"this","language_name":"english","language_id":38},"transliteration":{"text":"hādhā","language_name":"english","language_id":38}},{"id":32162,"position":5,"audio_url":"wbw/012_029_006.mp3","qpc_uthmani_hafs":"وَٱسۡتَغۡفِرِي","char_type_name":"word","page_number":238,"line_number":13,"text":"ﯱ","translation":{"text":"And ask forgiveness","language_name":"english","language_id":38},"transliteration":{"text":"wa-is'taghfirī","language_name":"english","language_id":38}},{"id":32163,"position":6,"audio_url":"wbw/012_029_007.mp3","qpc_uthmani_hafs":"لِذَنۢبِكِۖ","char_type_name":"word","page_number":238,"line_number":13,"text":"ﯲﯳ","translation":{"text":"for your sin","language_name":"english","language_id":38},"transliteration":{"text":"lidhanbiki","language_name":"english","language_id":38}},{"id":32165,"position":7,"audio_url":"wbw/012_029_009.mp3","qpc_uthmani_hafs":"إِنَّكِ","char_type_name":"word","page_number":238,"line_number":13,"text":"ﯴ","translation":{"text":"Indeed, you","language_name":"english","language_id":38},"transliteration":{"text":"innaki","language_name":"english","language_id":38}},{"id":32166,"position":8,"audio_url":"wbw/012_029_010.mp3","qpc_uthmani_hafs":"كُنتِ","char_type_name":"word","page_number":238,"line_number":13,"text":"ﯵ","translation":{"text":"are","language_name":"english","language_id":38},"transliteration":{"text":"kunti","language_name":"english","language_id":38}},{"id":32167,"position":9,"audio_url":"wbw/012_029_011.mp3","qpc_uthmani_hafs":"مِنَ","char_type_name":"word","page_number":238,"line_number":13,"text":"ﯶ","translation":{"text":"of","language_name":"english","language_id":38},"transliteration":{"text":"mina","language_name":"english","language_id":38}},{"id":32168,"position":10,"audio_url":"wbw/012_029_012.mp3","qpc_uthmani_hafs":"ٱلۡخَاطِـِٔينَ","char_type_name":"word","page_number":238,"line_number":13,"text":"ﯷ","translation":{"text":"the sinful","language_name":"english","language_id":38},"transliteration":{"text":"l-khāṭiīna","language_name":"english","language_id":38}},{"id":32169,"position":11,"audio_url":null,"qpc_uthmani_hafs":"٢٩","char_type_name":"end","page_number":238,"line_number":14,"text":"ﯸ","translation":{"text":"(29)","language_name":"english","language_id":38},"transliteration":{"text":null,"language_name":"english","language_id":38}}],"translations":[{"id":918054,"resource_id":134,"text":"(Hai) Yūsuf, \"Berpalinglah dari ini <sup foot_note=210520>1</sup> dan (kamu hai istriku) mohon ampunlah atas dosamu itu karena kamu sesungguhnya termasuk orang-orang yang berbuat salah\"."}]},{"id":1626,"verse_number":30,"verse_key":"12:30","juz_number":12,"hizb_number":24,"rub_el_hizb_number":96,"ruku_number":196,"manzil_number":3,"sajdah_number":null,"text_uthmani":"۞ وَقَالَ نِسْوَةٌ فِى ٱلْمَدِينَةِ ٱمْرَأَتُ ٱلْعَزِيزِ تُرَٰوِدُ فَتَىٰهَا عَن نَّفْسِهِۦ ۖ قَدْ شَغَفَهَا حُبًّا ۖ إِنَّا لَنَرَىٰهَا فِى ضَلَـٰلٍ مُّبِينٍ","page_number":238,"words":[{"id":32984,"position":1,"audio_url":"wbw/012_030_002.mp3","qpc_uthmani_hafs":"۞ وَقَالَ","char_type_name":"word","page_number":238,"line_number":14,"text":"ﯹ ﯺ","translation":{"text":"And said","language_name":"english","language_id":38},"transliteration":{"text":"waqāla","language_name":"english","language_id":38}},{"id":32985,"position":2,"audio_url":"wbw/012_030_003.mp3","qpc_uthmani_hafs":"نِسۡوَةٞ","char_type_name":"word","page_number":238,"line_number":14,"text":"ﯻ","translation":{"text":"women","language_name":"english","language_id":38},"transliteration":{"text":"nis'watun","language_name":"english","language_id":38}},{"id":32986,"position":3,"audio_url":"wbw/012_030_004.mp3","qpc_uthmani_hafs":"فِي","char_type_name":"word","page_number":238,"line_number":14,"text":"ﯼ","translation":{"text":"in","language_name":"english","language_id":38},"transliteration":{"text":"fī","language_name":"english","language_id":38}},{"id":32987,"position":4,"audio_url":"wbw/012_030_005.mp3","qpc_uthmani_hafs":"ٱلۡمَدِينَةِ","char_type_name":"word","page_number":238,"line_number":14,"text":"ﯽ","translation":{"text":"the city","language_name":"english","language_id":38},"transliteration":{"text":"l-madīnati","language_name":"english","language_id":38}},{"id":32988,"position":5,"audio_url":"wbw/012_030_006.mp3","qpc_uthmani_hafs":"ٱمۡرَأَتُ","char_type_name":"word","page_number":238,"line_number":14,"text":"ﯾ","translation":{"text":"The wife of","language_name":"english","language_id":38},"transliteration":{"text":"im'ra-atu","language_name":"english","language_id":38}},{"id":32989,"position":6,"audio_url":"wbw/012_030_007.mp3","qpc_uthmani_hafs":"ٱلۡعَزِيزِ","char_type_name":"word","page_number":238,"line_number":14,"text":"ﯿ","translation":{"text":"Aziz","language_name":"english","language_id":38},"transliteration":{"text":"l-ʿazīzi","language_name":"english","language_id":38}},{"id":32990,"position":7,"audio_url":"wbw/012_030_008.mp3","qpc_uthmani_hafs":"تُرَٰوِدُ","char_type_name":"word","page_number":238,"line_number":14,"text":"ﰀ","translation":{"text":"(is) seeking to seduce","language_name":"english","language_id":38},"transliteration":{"text":"turāwidu","language_name":"english","language_id":38}},{"id":32991,"position":8,"audio_url":"wbw/012_030_009.mp3","qpc_uthmani_hafs":"فَتَىٰهَا","char_type_name":"word","page_number":238,"line_number":14,"text":"ﰁ","translation":{"text":"her slave boy","language_name":"english","language_id":38},"transliteration":{"text":"fatāhā","language_name":"english","language_id":38}},{"id":32992,"position":9,"audio_url":"wbw/012_030_010.mp3","qpc_uthmani_hafs":"عَن","char_type_name":"word","page_number":238,"line_number":15,"text":"ﰂ","translation":{"text":"about","language_name":"english","language_id":38},"transliteration":{"text":"ʿan","language_name":"english","language_id":38}},{"id":32993,"position":10,"audio_url":"wbw/012_030_011.mp3","qpc_uthmani_hafs":"نَّفۡسِهِۦۖ","char_type_name":"word","page_number":238,"line_number":15,"text":"ﰃﰄ","translation":{"text":"himself","language_name":"english","language_id":38},"transliteration":{"text":"nafsihi","language_name":"english","language_id":38}},{"id":32995,"position":11,"audio_url":"wbw/012_030_013.mp3","qpc_uthmani_hafs":"قَدۡ","char_type_name":"word","page_number":238,"line_number":15,"text":"ﰅ","translation":{"text":"indeed","language_name":"english","language_id":38},"transliteration":{"text":"qad","language_name":"english","language_id":38}},{"id":32996,"position":12,"audio_url":"wbw/012_030_014.mp3","qpc_uthmani_hafs":"شَغَفَهَا","char_type_name":"word","page_number":238,"line_number":15,"text":"ﰆ","translation":{"text":"he has impassioned her","language_name":"english","language_id":38},"transliteration":{"text":"shaghafahā","language_name":"english","language_id":38}},{"id":32997,"position":13,"audio_url":"wbw/012_030_015.mp3","qpc_uthmani_hafs":"حُبًّاۖ","char_type_name":"word","page_number":238,"line_number":15,"text":"ﰇﰈ","translation":{"text":"(with) love","language_name":"english","language_id":38},"transliteration":{"text":"ḥubban","language_name":"english","language_id":38}},{"id":32999,"position":14,"audio_url":"wbw/012_030_017.mp3","qpc_uthmani_hafs":"إِنَّا","char_type_name":"word","page_number":238,"line_number":15,"text":"ﰉ","translation":{"text":"Indeed, we","language_name":"english","language_id":38},"transliteration":{"text":"innā","language_name":"english","language_id":38}},{"id":33000,"position":15,"audio_url":"wbw/012_030_018.mp3","qpc_uthmani_hafs":"لَنَرَىٰهَا","char_type_name":"word","page_number":238,"line_number":15,"text":"ﰊ","translation":{"text":"[we] surely see her","language_name":"english","language_id":38},"transliteration":{"text":"lanarāhā","language_name":"english","language_id":38}},{"id":33001,"position":16,"audio_url":"wbw/012_030_019.mp3","qpc_uthmani_hafs":"فِي","char_type_name":"word","page_number":238,"line_number":15,"text":"ﰋ","translation":{"text":"in","language_name":"english","language_id":38},"transliteration":{"text":"fī","language_name":"english","language_id":38}},{"id":33002,"position":17,"audio_url":"wbw/012_030_020.mp3","qpc_uthmani_hafs":"ضَلَٰلٖ","char_type_name":"word","page_number":238,"line_number":15,"text":"ﰌ","translation":{"text":"an error","language_name":"english","language_id":38},"transliteration":{"text":"ḍalālin","language_name":"english","language_id":38}},{"id":33003,"position":18,"audio_url":"wbw/012_030_021.mp3","qpc_uthmani_hafs":"مُّبِينٖ","char_type_name":"word","page_number":238,"line_number":15,"text":"ﰍ","translation":{"text":"clear","language_name":"english","language_id":38},"transliteration":{"text":"mubīnin","language_name":"english","language_id":38}},{"id":33004,"position":19,"audio_url":null,"qpc_uthmani_hafs":"٣٠","char_type_name":"end","page_number":238,"line_number":15,"text":"ﰎ","translation":{"text":"(30)","language_name":"english","language_id":38},"transliteration":{"text":null,"language_name":"english","language_id":38}}],"translations":[{"id":918055,"resource_id":134,"text":"Dan wanita-wanita di kota berkata, \"Istri Al-‘Azīz <sup foot_note=210521>1</sup> menggoda bujangnya untuk menundukkan dirinya (kepadanya); sesungguhnya cintanya kepada bujangnya itu adalah sangat mendalam.  Sesungguhnya kami memandangnya dalam kesesatan yang nyata\"."}]}],"pagination":{"per_page":50,"current_page":1,"next_page":null,"total_pages":1,"total_records":8}}