{"verses":[{"id":1634,"verse_number":38,"verse_key":"12:38","juz_number":12,"hizb_number":24,"rub_el_hizb_number":96,"ruku_number":197,"manzil_number":3,"sajdah_number":null,"text_uthmani":"وَٱتَّبَعْتُ مِلَّةَ ءَابَآءِىٓ إِبْرَٰهِيمَ وَإِسْحَـٰقَ وَيَعْقُوبَ ۚ مَا كَانَ لَنَآ أَن نُّشْرِكَ بِٱللَّهِ مِن شَىْءٍ ۚ ذَٰلِكَ مِن فَضْلِ ٱللَّهِ عَلَيْنَا وَعَلَى ٱلنَّاسِ وَلَـٰكِنَّ أَكْثَرَ ٱلنَّاسِ لَا يَشْكُرُونَ","page_number":240,"words":[{"id":39999,"position":1,"audio_url":"wbw/012_038_001.mp3","qpc_uthmani_hafs":"وَٱتَّبَعۡتُ","char_type_name":"word","page_number":240,"line_number":1,"text":"ﭑ","translation":{"text":"And I follow","language_name":"english","language_id":38},"transliteration":{"text":"wa-ittabaʿtu","language_name":"english","language_id":38}},{"id":40000,"position":2,"audio_url":"wbw/012_038_002.mp3","qpc_uthmani_hafs":"مِلَّةَ","char_type_name":"word","page_number":240,"line_number":1,"text":"ﭒ","translation":{"text":"(the) religion","language_name":"english","language_id":38},"transliteration":{"text":"millata","language_name":"english","language_id":38}},{"id":40001,"position":3,"audio_url":"wbw/012_038_003.mp3","qpc_uthmani_hafs":"ءَابَآءِيٓ","char_type_name":"word","page_number":240,"line_number":1,"text":"ﭓ","translation":{"text":"(of) my forefathers","language_name":"english","language_id":38},"transliteration":{"text":"ābāī","language_name":"english","language_id":38}},{"id":40002,"position":4,"audio_url":"wbw/012_038_004.mp3","qpc_uthmani_hafs":"إِبۡرَٰهِيمَ","char_type_name":"word","page_number":240,"line_number":1,"text":"ﭔ","translation":{"text":"Ibrahim","language_name":"english","language_id":38},"transliteration":{"text":"ib'rāhīma","language_name":"english","language_id":38}},{"id":40003,"position":5,"audio_url":"wbw/012_038_005.mp3","qpc_uthmani_hafs":"وَإِسۡحَٰقَ","char_type_name":"word","page_number":240,"line_number":1,"text":"ﭕ","translation":{"text":"and Isaac","language_name":"english","language_id":38},"transliteration":{"text":"wa-is'ḥāqa","language_name":"english","language_id":38}},{"id":40004,"position":6,"audio_url":"wbw/012_038_006.mp3","qpc_uthmani_hafs":"وَيَعۡقُوبَۚ","char_type_name":"word","page_number":240,"line_number":1,"text":"ﭖﭗ","translation":{"text":"and Yaqub","language_name":"english","language_id":38},"transliteration":{"text":"wayaʿqūba","language_name":"english","language_id":38}},{"id":40006,"position":7,"audio_url":"wbw/012_038_008.mp3","qpc_uthmani_hafs":"مَا","char_type_name":"word","page_number":240,"line_number":1,"text":"ﭘ","translation":{"text":"Not","language_name":"english","language_id":38},"transliteration":{"text":"mā","language_name":"english","language_id":38}},{"id":40007,"position":8,"audio_url":"wbw/012_038_009.mp3","qpc_uthmani_hafs":"كَانَ","char_type_name":"word","page_number":240,"line_number":1,"text":"ﭙ","translation":{"text":"was","language_name":"english","language_id":38},"transliteration":{"text":"kāna","language_name":"english","language_id":38}},{"id":40008,"position":9,"audio_url":"wbw/012_038_010.mp3","qpc_uthmani_hafs":"لَنَآ","char_type_name":"word","page_number":240,"line_number":2,"text":"ﭚ","translation":{"text":"for us","language_name":"english","language_id":38},"transliteration":{"text":"lanā","language_name":"english","language_id":38}},{"id":40009,"position":10,"audio_url":"wbw/012_038_011.mp3","qpc_uthmani_hafs":"أَن","char_type_name":"word","page_number":240,"line_number":2,"text":"ﭛ","translation":{"text":"that","language_name":"english","language_id":38},"transliteration":{"text":"an","language_name":"english","language_id":38}},{"id":40010,"position":11,"audio_url":"wbw/012_038_012.mp3","qpc_uthmani_hafs":"نُّشۡرِكَ","char_type_name":"word","page_number":240,"line_number":2,"text":"ﭜ","translation":{"text":"we associate","language_name":"english","language_id":38},"transliteration":{"text":"nush'rika","language_name":"english","language_id":38}},{"id":40011,"position":12,"audio_url":"wbw/012_038_013.mp3","qpc_uthmani_hafs":"بِٱللَّهِ","char_type_name":"word","page_number":240,"line_number":2,"text":"ﭝ","translation":{"text":"with Allah","language_name":"english","language_id":38},"transliteration":{"text":"bil-lahi","language_name":"english","language_id":38}},{"id":40012,"position":13,"audio_url":"wbw/012_038_014.mp3","qpc_uthmani_hafs":"مِن","char_type_name":"word","page_number":240,"line_number":2,"text":"ﭞ","translation":{"text":"any","language_name":"english","language_id":38},"transliteration":{"text":"min","language_name":"english","language_id":38}},{"id":40013,"position":14,"audio_url":"wbw/012_038_015.mp3","qpc_uthmani_hafs":"شَيۡءٖۚ","char_type_name":"word","page_number":240,"line_number":2,"text":"ﭟﭠ","translation":{"text":"thing","language_name":"english","language_id":38},"transliteration":{"text":"shayin","language_name":"english","language_id":38}},{"id":40015,"position":15,"audio_url":"wbw/012_038_017.mp3","qpc_uthmani_hafs":"ذَٰلِكَ","char_type_name":"word","page_number":240,"line_number":2,"text":"ﭡ","translation":{"text":"That","language_name":"english","language_id":38},"transliteration":{"text":"dhālika","language_name":"english","language_id":38}},{"id":40016,"position":16,"audio_url":"wbw/012_038_018.mp3","qpc_uthmani_hafs":"مِن","char_type_name":"word","page_number":240,"line_number":2,"text":"ﭢ","translation":{"text":"(is) from","language_name":"english","language_id":38},"transliteration":{"text":"min","language_name":"english","language_id":38}},{"id":40017,"position":17,"audio_url":"wbw/012_038_019.mp3","qpc_uthmani_hafs":"فَضۡلِ","char_type_name":"word","page_number":240,"line_number":2,"text":"ﭣ","translation":{"text":"(the) Grace","language_name":"english","language_id":38},"transliteration":{"text":"faḍli","language_name":"english","language_id":38}},{"id":40018,"position":18,"audio_url":"wbw/012_038_020.mp3","qpc_uthmani_hafs":"ٱللَّهِ","char_type_name":"word","page_number":240,"line_number":2,"text":"ﭤ","translation":{"text":"(of) Allah","language_name":"english","language_id":38},"transliteration":{"text":"l-lahi","language_name":"english","language_id":38}},{"id":40019,"position":19,"audio_url":"wbw/012_038_021.mp3","qpc_uthmani_hafs":"عَلَيۡنَا","char_type_name":"word","page_number":240,"line_number":2,"text":"ﭥ","translation":{"text":"upon us","language_name":"english","language_id":38},"transliteration":{"text":"ʿalaynā","language_name":"english","language_id":38}},{"id":40020,"position":20,"audio_url":"wbw/012_038_022.mp3","qpc_uthmani_hafs":"وَعَلَى","char_type_name":"word","page_number":240,"line_number":2,"text":"ﭦ","translation":{"text":"and upon","language_name":"english","language_id":38},"transliteration":{"text":"waʿalā","language_name":"english","language_id":38}},{"id":40021,"position":21,"audio_url":"wbw/012_038_023.mp3","qpc_uthmani_hafs":"ٱلنَّاسِ","char_type_name":"word","page_number":240,"line_number":3,"text":"ﭧ","translation":{"text":"the mankind","language_name":"english","language_id":38},"transliteration":{"text":"l-nāsi","language_name":"english","language_id":38}},{"id":40022,"position":22,"audio_url":"wbw/012_038_024.mp3","qpc_uthmani_hafs":"وَلَٰكِنَّ","char_type_name":"word","page_number":240,"line_number":3,"text":"ﭨ","translation":{"text":"but","language_name":"english","language_id":38},"transliteration":{"text":"walākinna","language_name":"english","language_id":38}},{"id":40023,"position":23,"audio_url":"wbw/012_038_025.mp3","qpc_uthmani_hafs":"أَكۡثَرَ","char_type_name":"word","page_number":240,"line_number":3,"text":"ﭩ","translation":{"text":"most","language_name":"english","language_id":38},"transliteration":{"text":"akthara","language_name":"english","language_id":38}},{"id":40024,"position":24,"audio_url":"wbw/012_038_026.mp3","qpc_uthmani_hafs":"ٱلنَّاسِ","char_type_name":"word","page_number":240,"line_number":3,"text":"ﭪ","translation":{"text":"(of) the men","language_name":"english","language_id":38},"transliteration":{"text":"l-nāsi","language_name":"english","language_id":38}},{"id":40025,"position":25,"audio_url":"wbw/012_038_027.mp3","qpc_uthmani_hafs":"لَا","char_type_name":"word","page_number":240,"line_number":3,"text":"ﭫ","translation":{"text":"(are) not","language_name":"english","language_id":38},"transliteration":{"text":"lā","language_name":"english","language_id":38}},{"id":40026,"position":26,"audio_url":"wbw/012_038_028.mp3","qpc_uthmani_hafs":"يَشۡكُرُونَ","char_type_name":"word","page_number":240,"line_number":3,"text":"ﭬ","translation":{"text":"grateful","language_name":"english","language_id":38},"transliteration":{"text":"yashkurūna","language_name":"english","language_id":38}},{"id":40027,"position":27,"audio_url":null,"qpc_uthmani_hafs":"٣٨","char_type_name":"end","page_number":240,"line_number":3,"text":"ﭭ","translation":{"text":"(38)","language_name":"english","language_id":38},"transliteration":{"text":null,"language_name":"english","language_id":38}}],"translations":[{"id":918063,"resource_id":134,"text":"Dan aku pengikut agama bapak-bapakku, yaitu Ibrāhīm , Isḥāq dan Ya`qūb.  Tiadalah patut bagi kami (para nabi) mempersekutukan sesuatu apa pun dengan Allah.  Yang demikian itu adalah dari karunia Allah kepada kami dan kepada manusia (seluruhnya), tetapi kebanyakan manusia tidak mensyukuri (Nya)."}]},{"id":1635,"verse_number":39,"verse_key":"12:39","juz_number":12,"hizb_number":24,"rub_el_hizb_number":96,"ruku_number":197,"manzil_number":3,"sajdah_number":null,"text_uthmani":"يَـٰصَـٰحِبَىِ ٱلسِّجْنِ ءَأَرْبَابٌ مُّتَفَرِّقُونَ خَيْرٌ أَمِ ٱللَّهُ ٱلْوَٰحِدُ ٱلْقَهَّارُ","page_number":240,"words":[{"id":40804,"position":1,"audio_url":"wbw/012_039_001.mp3","qpc_uthmani_hafs":"يَٰصَٰحِبَيِ","char_type_name":"word","page_number":240,"line_number":3,"text":"ﭮ","translation":{"text":"O my two companions","language_name":"english","language_id":38},"transliteration":{"text":"yāṣāḥibayi","language_name":"english","language_id":38}},{"id":40805,"position":2,"audio_url":"wbw/012_039_002.mp3","qpc_uthmani_hafs":"ٱلسِّجۡنِ","char_type_name":"word","page_number":240,"line_number":4,"text":"ﭯ","translation":{"text":"(of) the prison","language_name":"english","language_id":38},"transliteration":{"text":"l-sij'ni","language_name":"english","language_id":38}},{"id":40806,"position":3,"audio_url":"wbw/012_039_003.mp3","qpc_uthmani_hafs":"ءَأَرۡبَابٞ","char_type_name":"word","page_number":240,"line_number":4,"text":"ﭰ","translation":{"text":"Are lords","language_name":"english","language_id":38},"transliteration":{"text":"a-arbābun","language_name":"english","language_id":38}},{"id":40807,"position":4,"audio_url":"wbw/012_039_004.mp3","qpc_uthmani_hafs":"مُّتَفَرِّقُونَ","char_type_name":"word","page_number":240,"line_number":4,"text":"ﭱ","translation":{"text":"separate","language_name":"english","language_id":38},"transliteration":{"text":"mutafarriqūna","language_name":"english","language_id":38}},{"id":40808,"position":5,"audio_url":"wbw/012_039_005.mp3","qpc_uthmani_hafs":"خَيۡرٌ","char_type_name":"word","page_number":240,"line_number":4,"text":"ﭲ","translation":{"text":"better","language_name":"english","language_id":38},"transliteration":{"text":"khayrun","language_name":"english","language_id":38}},{"id":40809,"position":6,"audio_url":"wbw/012_039_006.mp3","qpc_uthmani_hafs":"أَمِ","char_type_name":"word","page_number":240,"line_number":4,"text":"ﭳ","translation":{"text":"or","language_name":"english","language_id":38},"transliteration":{"text":"ami","language_name":"english","language_id":38}},{"id":40810,"position":7,"audio_url":"wbw/012_039_007.mp3","qpc_uthmani_hafs":"ٱللَّهُ","char_type_name":"word","page_number":240,"line_number":4,"text":"ﭴ","translation":{"text":"Allah","language_name":"english","language_id":38},"transliteration":{"text":"l-lahu","language_name":"english","language_id":38}},{"id":40811,"position":8,"audio_url":"wbw/012_039_008.mp3","qpc_uthmani_hafs":"ٱلۡوَٰحِدُ","char_type_name":"word","page_number":240,"line_number":4,"text":"ﭵ","translation":{"text":"the One","language_name":"english","language_id":38},"transliteration":{"text":"l-wāḥidu","language_name":"english","language_id":38}},{"id":40812,"position":9,"audio_url":"wbw/012_039_009.mp3","qpc_uthmani_hafs":"ٱلۡقَهَّارُ","char_type_name":"word","page_number":240,"line_number":4,"text":"ﭶ","translation":{"text":"the Irresistible","language_name":"english","language_id":38},"transliteration":{"text":"l-qahāru","language_name":"english","language_id":38}},{"id":40813,"position":10,"audio_url":null,"qpc_uthmani_hafs":"٣٩","char_type_name":"end","page_number":240,"line_number":5,"text":"ﭷ","translation":{"text":"(39)","language_name":"english","language_id":38},"transliteration":{"text":null,"language_name":"english","language_id":38}}],"translations":[{"id":918064,"resource_id":134,"text":"Hai kedua penghuni penjara, manakah yang baik, tuhan-tuhan yang bermacam-macam itu ataukah Allah Yang Maha Esa lagi Maha Perkasa?"}]},{"id":1636,"verse_number":40,"verse_key":"12:40","juz_number":12,"hizb_number":24,"rub_el_hizb_number":96,"ruku_number":197,"manzil_number":3,"sajdah_number":null,"text_uthmani":"مَا تَعْبُدُونَ مِن دُونِهِۦٓ إِلَّآ أَسْمَآءً سَمَّيْتُمُوهَآ أَنتُمْ وَءَابَآؤُكُم مَّآ أَنزَلَ ٱللَّهُ بِهَا مِن سُلْطَـٰنٍ ۚ إِنِ ٱلْحُكْمُ إِلَّا لِلَّهِ ۚ أَمَرَ أَلَّا تَعْبُدُوٓا۟ إِلَّآ إِيَّاهُ ۚ ذَٰلِكَ ٱلدِّينُ ٱلْقَيِّمُ وَلَـٰكِنَّ أَكْثَرَ ٱلنَّاسِ لَا يَعْلَمُونَ","page_number":240,"words":[{"id":41679,"position":1,"audio_url":"wbw/012_040_001.mp3","qpc_uthmani_hafs":"مَا","char_type_name":"word","page_number":240,"line_number":5,"text":"ﭸ","translation":{"text":"Not","language_name":"english","language_id":38},"transliteration":{"text":"mā","language_name":"english","language_id":38}},{"id":41680,"position":2,"audio_url":"wbw/012_040_002.mp3","qpc_uthmani_hafs":"تَعۡبُدُونَ","char_type_name":"word","page_number":240,"line_number":5,"text":"ﭹ","translation":{"text":"you worship","language_name":"english","language_id":38},"transliteration":{"text":"taʿbudūna","language_name":"english","language_id":38}},{"id":41681,"position":3,"audio_url":"wbw/012_040_003.mp3","qpc_uthmani_hafs":"مِن","char_type_name":"word","page_number":240,"line_number":5,"text":"ﭺ","translation":{"text":"besides Him","language_name":"english","language_id":38},"transliteration":{"text":"min","language_name":"english","language_id":38}},{"id":41682,"position":4,"audio_url":"wbw/012_040_004.mp3","qpc_uthmani_hafs":"دُونِهِۦٓ","char_type_name":"word","page_number":240,"line_number":5,"text":"ﭻ","translation":{"text":"besides Him","language_name":"english","language_id":38},"transliteration":{"text":"dūnihi","language_name":"english","language_id":38}},{"id":41683,"position":5,"audio_url":"wbw/012_040_005.mp3","qpc_uthmani_hafs":"إِلَّآ","char_type_name":"word","page_number":240,"line_number":5,"text":"ﭼ","translation":{"text":"but","language_name":"english","language_id":38},"transliteration":{"text":"illā","language_name":"english","language_id":38}},{"id":41684,"position":6,"audio_url":"wbw/012_040_006.mp3","qpc_uthmani_hafs":"أَسۡمَآءٗ","char_type_name":"word","page_number":240,"line_number":5,"text":"ﭽ","translation":{"text":"names","language_name":"english","language_id":38},"transliteration":{"text":"asmāan","language_name":"english","language_id":38}},{"id":41685,"position":7,"audio_url":"wbw/012_040_007.mp3","qpc_uthmani_hafs":"سَمَّيۡتُمُوهَآ","char_type_name":"word","page_number":240,"line_number":5,"text":"ﭾ","translation":{"text":"which you have named them","language_name":"english","language_id":38},"transliteration":{"text":"sammaytumūhā","language_name":"english","language_id":38}},{"id":41686,"position":8,"audio_url":"wbw/012_040_008.mp3","qpc_uthmani_hafs":"أَنتُمۡ","char_type_name":"word","page_number":240,"line_number":5,"text":"ﭿ","translation":{"text":"you","language_name":"english","language_id":38},"transliteration":{"text":"antum","language_name":"english","language_id":38}},{"id":41687,"position":9,"audio_url":"wbw/012_040_009.mp3","qpc_uthmani_hafs":"وَءَابَآؤُكُم","char_type_name":"word","page_number":240,"line_number":6,"text":"ﮀ","translation":{"text":"and your forefathers","language_name":"english","language_id":38},"transliteration":{"text":"waābāukum","language_name":"english","language_id":38}},{"id":41688,"position":10,"audio_url":"wbw/012_040_010.mp3","qpc_uthmani_hafs":"مَّآ","char_type_name":"word","page_number":240,"line_number":6,"text":"ﮁ","translation":{"text":"not","language_name":"english","language_id":38},"transliteration":{"text":"mā","language_name":"english","language_id":38}},{"id":41689,"position":11,"audio_url":"wbw/012_040_011.mp3","qpc_uthmani_hafs":"أَنزَلَ","char_type_name":"word","page_number":240,"line_number":6,"text":"ﮂ","translation":{"text":"(has) sent down","language_name":"english","language_id":38},"transliteration":{"text":"anzala","language_name":"english","language_id":38}},{"id":41690,"position":12,"audio_url":"wbw/012_040_012.mp3","qpc_uthmani_hafs":"ٱللَّهُ","char_type_name":"word","page_number":240,"line_number":6,"text":"ﮃ","translation":{"text":"Allah","language_name":"english","language_id":38},"transliteration":{"text":"l-lahu","language_name":"english","language_id":38}},{"id":41691,"position":13,"audio_url":"wbw/012_040_013.mp3","qpc_uthmani_hafs":"بِهَا","char_type_name":"word","page_number":240,"line_number":6,"text":"ﮄ","translation":{"text":"for it","language_name":"english","language_id":38},"transliteration":{"text":"bihā","language_name":"english","language_id":38}},{"id":41692,"position":14,"audio_url":"wbw/012_040_014.mp3","qpc_uthmani_hafs":"مِن","char_type_name":"word","page_number":240,"line_number":6,"text":"ﮅ","translation":{"text":"any","language_name":"english","language_id":38},"transliteration":{"text":"min","language_name":"english","language_id":38}},{"id":41693,"position":15,"audio_url":"wbw/012_040_015.mp3","qpc_uthmani_hafs":"سُلۡطَٰنٍۚ","char_type_name":"word","page_number":240,"line_number":6,"text":"ﮆﮇ","translation":{"text":"authority","language_name":"english","language_id":38},"transliteration":{"text":"sul'ṭānin","language_name":"english","language_id":38}},{"id":41695,"position":16,"audio_url":"wbw/012_040_017.mp3","qpc_uthmani_hafs":"إِنِ","char_type_name":"word","page_number":240,"line_number":6,"text":"ﮈ","translation":{"text":"Not","language_name":"english","language_id":38},"transliteration":{"text":"ini","language_name":"english","language_id":38}},{"id":41696,"position":17,"audio_url":"wbw/012_040_018.mp3","qpc_uthmani_hafs":"ٱلۡحُكۡمُ","char_type_name":"word","page_number":240,"line_number":6,"text":"ﮉ","translation":{"text":"(is) the command","language_name":"english","language_id":38},"transliteration":{"text":"l-ḥuk'mu","language_name":"english","language_id":38}},{"id":41697,"position":18,"audio_url":"wbw/012_040_019.mp3","qpc_uthmani_hafs":"إِلَّا","char_type_name":"word","page_number":240,"line_number":6,"text":"ﮊ","translation":{"text":"but","language_name":"english","language_id":38},"transliteration":{"text":"illā","language_name":"english","language_id":38}},{"id":41698,"position":19,"audio_url":"wbw/012_040_020.mp3","qpc_uthmani_hafs":"لِلَّهِ","char_type_name":"word","page_number":240,"line_number":6,"text":"ﮋﮌ","translation":{"text":"for Allah","language_name":"english","language_id":38},"transliteration":{"text":"lillahi","language_name":"english","language_id":38}},{"id":41700,"position":20,"audio_url":"wbw/012_040_022.mp3","qpc_uthmani_hafs":"أَمَرَ","char_type_name":"word","page_number":240,"line_number":7,"text":"ﮍ","translation":{"text":"He has commanded","language_name":"english","language_id":38},"transliteration":{"text":"amara","language_name":"english","language_id":38}},{"id":41701,"position":21,"audio_url":"wbw/012_040_023.mp3","qpc_uthmani_hafs":"أَلَّا","char_type_name":"word","page_number":240,"line_number":7,"text":"ﮎ","translation":{"text":"that not","language_name":"english","language_id":38},"transliteration":{"text":"allā","language_name":"english","language_id":38}},{"id":41702,"position":22,"audio_url":"wbw/012_040_024.mp3","qpc_uthmani_hafs":"تَعۡبُدُوٓاْ","char_type_name":"word","page_number":240,"line_number":7,"text":"ﮏ","translation":{"text":"you worship","language_name":"english","language_id":38},"transliteration":{"text":"taʿbudū","language_name":"english","language_id":38}},{"id":41703,"position":23,"audio_url":"wbw/012_040_025.mp3","qpc_uthmani_hafs":"إِلَّآ","char_type_name":"word","page_number":240,"line_number":7,"text":"ﮐ","translation":{"text":"but","language_name":"english","language_id":38},"transliteration":{"text":"illā","language_name":"english","language_id":38}},{"id":41704,"position":24,"audio_url":"wbw/012_040_026.mp3","qpc_uthmani_hafs":"إِيَّاهُۚ","char_type_name":"word","page_number":240,"line_number":7,"text":"ﮑﮒ","translation":{"text":"Him Alone","language_name":"english","language_id":38},"transliteration":{"text":"iyyāhu","language_name":"english","language_id":38}},{"id":41706,"position":25,"audio_url":"wbw/012_040_028.mp3","qpc_uthmani_hafs":"ذَٰلِكَ","char_type_name":"word","page_number":240,"line_number":7,"text":"ﮓ","translation":{"text":"That","language_name":"english","language_id":38},"transliteration":{"text":"dhālika","language_name":"english","language_id":38}},{"id":41707,"position":26,"audio_url":"wbw/012_040_029.mp3","qpc_uthmani_hafs":"ٱلدِّينُ","char_type_name":"word","page_number":240,"line_number":7,"text":"ﮔ","translation":{"text":"(is) the religion","language_name":"english","language_id":38},"transliteration":{"text":"l-dīnu","language_name":"english","language_id":38}},{"id":41708,"position":27,"audio_url":"wbw/012_040_030.mp3","qpc_uthmani_hafs":"ٱلۡقَيِّمُ","char_type_name":"word","page_number":240,"line_number":7,"text":"ﮕ","translation":{"text":"the right","language_name":"english","language_id":38},"transliteration":{"text":"l-qayimu","language_name":"english","language_id":38}},{"id":41709,"position":28,"audio_url":"wbw/012_040_031.mp3","qpc_uthmani_hafs":"وَلَٰكِنَّ","char_type_name":"word","page_number":240,"line_number":7,"text":"ﮖ","translation":{"text":"but","language_name":"english","language_id":38},"transliteration":{"text":"walākinna","language_name":"english","language_id":38}},{"id":41710,"position":29,"audio_url":"wbw/012_040_032.mp3","qpc_uthmani_hafs":"أَكۡثَرَ","char_type_name":"word","page_number":240,"line_number":7,"text":"ﮗ","translation":{"text":"most","language_name":"english","language_id":38},"transliteration":{"text":"akthara","language_name":"english","language_id":38}},{"id":41711,"position":30,"audio_url":"wbw/012_040_033.mp3","qpc_uthmani_hafs":"ٱلنَّاسِ","char_type_name":"word","page_number":240,"line_number":8,"text":"ﮘ","translation":{"text":"[the] men","language_name":"english","language_id":38},"transliteration":{"text":"l-nāsi","language_name":"english","language_id":38}},{"id":41712,"position":31,"audio_url":"wbw/012_040_034.mp3","qpc_uthmani_hafs":"لَا","char_type_name":"word","page_number":240,"line_number":8,"text":"ﮙ","translation":{"text":"(do) not","language_name":"english","language_id":38},"transliteration":{"text":"lā","language_name":"english","language_id":38}},{"id":41713,"position":32,"audio_url":"wbw/012_040_035.mp3","qpc_uthmani_hafs":"يَعۡلَمُونَ","char_type_name":"word","page_number":240,"line_number":8,"text":"ﮚ","translation":{"text":"know","language_name":"english","language_id":38},"transliteration":{"text":"yaʿlamūna","language_name":"english","language_id":38}},{"id":41714,"position":33,"audio_url":null,"qpc_uthmani_hafs":"٤٠","char_type_name":"end","page_number":240,"line_number":8,"text":"ﮛ","translation":{"text":"(40)","language_name":"english","language_id":38},"transliteration":{"text":null,"language_name":"english","language_id":38}}],"translations":[{"id":918065,"resource_id":134,"text":"Kamu tidak menyembah yang selain Allah kecuali hanya (menyembah) nama-nama yang kamu dan nenek moyangmu membuat-buatnya.  Allah tidak menurunkan suatu keterangan pun tentang nama-nama itu.  Keputusan itu hanyalah kepunyaan Allah.  Dia telah memerintahkan agar kamu tidak menyembah selain Dia.  Itulah agama yang lurus, tetapi kebanyakan manusia tidak mengetahui\"."}]},{"id":1637,"verse_number":41,"verse_key":"12:41","juz_number":12,"hizb_number":24,"rub_el_hizb_number":96,"ruku_number":197,"manzil_number":3,"sajdah_number":null,"text_uthmani":"يَـٰصَـٰحِبَىِ ٱلسِّجْنِ أَمَّآ أَحَدُكُمَا فَيَسْقِى رَبَّهُۥ خَمْرًا ۖ وَأَمَّا ٱلْـَٔاخَرُ فَيُصْلَبُ فَتَأْكُلُ ٱلطَّيْرُ مِن رَّأْسِهِۦ ۚ قُضِىَ ٱلْأَمْرُ ٱلَّذِى فِيهِ تَسْتَفْتِيَانِ","page_number":240,"words":[{"id":42482,"position":1,"audio_url":"wbw/012_041_001.mp3","qpc_uthmani_hafs":"يَٰصَٰحِبَيِ","char_type_name":"word","page_number":240,"line_number":8,"text":"ﮜ","translation":{"text":"O my two companions","language_name":"english","language_id":38},"transliteration":{"text":"yāṣāḥibayi","language_name":"english","language_id":38}},{"id":42483,"position":2,"audio_url":"wbw/012_041_002.mp3","qpc_uthmani_hafs":"ٱلسِّجۡنِ","char_type_name":"word","page_number":240,"line_number":8,"text":"ﮝ","translation":{"text":"(of) the prison","language_name":"english","language_id":38},"transliteration":{"text":"l-sij'ni","language_name":"english","language_id":38}},{"id":42484,"position":3,"audio_url":"wbw/012_041_003.mp3","qpc_uthmani_hafs":"أَمَّآ","char_type_name":"word","page_number":240,"line_number":8,"text":"ﮞ","translation":{"text":"As for","language_name":"english","language_id":38},"transliteration":{"text":"ammā","language_name":"english","language_id":38}},{"id":42485,"position":4,"audio_url":"wbw/012_041_004.mp3","qpc_uthmani_hafs":"أَحَدُكُمَا","char_type_name":"word","page_number":240,"line_number":8,"text":"ﮟ","translation":{"text":"one of you","language_name":"english","language_id":38},"transliteration":{"text":"aḥadukumā","language_name":"english","language_id":38}},{"id":42486,"position":5,"audio_url":"wbw/012_041_005.mp3","qpc_uthmani_hafs":"فَيَسۡقِي","char_type_name":"word","page_number":240,"line_number":9,"text":"ﮠ","translation":{"text":"he will give drink","language_name":"english","language_id":38},"transliteration":{"text":"fayasqī","language_name":"english","language_id":38}},{"id":42487,"position":6,"audio_url":"wbw/012_041_006.mp3","qpc_uthmani_hafs":"رَبَّهُۥ","char_type_name":"word","page_number":240,"line_number":9,"text":"ﮡ","translation":{"text":"(to) his master","language_name":"english","language_id":38},"transliteration":{"text":"rabbahu","language_name":"english","language_id":38}},{"id":42488,"position":7,"audio_url":"wbw/012_041_007.mp3","qpc_uthmani_hafs":"خَمۡرٗاۖ","char_type_name":"word","page_number":240,"line_number":9,"text":"ﮢﮣ","translation":{"text":"wine","language_name":"english","language_id":38},"transliteration":{"text":"khamran","language_name":"english","language_id":38}},{"id":42490,"position":8,"audio_url":"wbw/012_041_009.mp3","qpc_uthmani_hafs":"وَأَمَّا","char_type_name":"word","page_number":240,"line_number":9,"text":"ﮤ","translation":{"text":"and as for","language_name":"english","language_id":38},"transliteration":{"text":"wa-ammā","language_name":"english","language_id":38}},{"id":42491,"position":9,"audio_url":"wbw/012_041_010.mp3","qpc_uthmani_hafs":"ٱلۡأٓخَرُ","char_type_name":"word","page_number":240,"line_number":9,"text":"ﮥ","translation":{"text":"the other","language_name":"english","language_id":38},"transliteration":{"text":"l-ākharu","language_name":"english","language_id":38}},{"id":42492,"position":10,"audio_url":"wbw/012_041_011.mp3","qpc_uthmani_hafs":"فَيُصۡلَبُ","char_type_name":"word","page_number":240,"line_number":9,"text":"ﮦ","translation":{"text":"he will be crucified","language_name":"english","language_id":38},"transliteration":{"text":"fayuṣ'labu","language_name":"english","language_id":38}},{"id":42493,"position":11,"audio_url":"wbw/012_041_012.mp3","qpc_uthmani_hafs":"فَتَأۡكُلُ","char_type_name":"word","page_number":240,"line_number":9,"text":"ﮧ","translation":{"text":"and will eat","language_name":"english","language_id":38},"transliteration":{"text":"fatakulu","language_name":"english","language_id":38}},{"id":42494,"position":12,"audio_url":"wbw/012_041_013.mp3","qpc_uthmani_hafs":"ٱلطَّيۡرُ","char_type_name":"word","page_number":240,"line_number":9,"text":"ﮨ","translation":{"text":"the birds","language_name":"english","language_id":38},"transliteration":{"text":"l-ṭayru","language_name":"english","language_id":38}},{"id":42495,"position":13,"audio_url":"wbw/012_041_014.mp3","qpc_uthmani_hafs":"مِن","char_type_name":"word","page_number":240,"line_number":10,"text":"ﮩ","translation":{"text":"from","language_name":"english","language_id":38},"transliteration":{"text":"min","language_name":"english","language_id":38}},{"id":42496,"position":14,"audio_url":"wbw/012_041_015.mp3","qpc_uthmani_hafs":"رَّأۡسِهِۦۚ","char_type_name":"word","page_number":240,"line_number":10,"text":"ﮪﮫ","translation":{"text":"his head","language_name":"english","language_id":38},"transliteration":{"text":"rasihi","language_name":"english","language_id":38}},{"id":42498,"position":15,"audio_url":"wbw/012_041_017.mp3","qpc_uthmani_hafs":"قُضِيَ","char_type_name":"word","page_number":240,"line_number":10,"text":"ﮬ","translation":{"text":"Has been decreed","language_name":"english","language_id":38},"transliteration":{"text":"quḍiya","language_name":"english","language_id":38}},{"id":42499,"position":16,"audio_url":"wbw/012_041_018.mp3","qpc_uthmani_hafs":"ٱلۡأَمۡرُ","char_type_name":"word","page_number":240,"line_number":10,"text":"ﮭ","translation":{"text":"the matter","language_name":"english","language_id":38},"transliteration":{"text":"l-amru","language_name":"english","language_id":38}},{"id":42500,"position":17,"audio_url":"wbw/012_041_019.mp3","qpc_uthmani_hafs":"ٱلَّذِي","char_type_name":"word","page_number":240,"line_number":10,"text":"ﮮ","translation":{"text":"about which","language_name":"english","language_id":38},"transliteration":{"text":"alladhī","language_name":"english","language_id":38}},{"id":42501,"position":18,"audio_url":"wbw/012_041_020.mp3","qpc_uthmani_hafs":"فِيهِ","char_type_name":"word","page_number":240,"line_number":10,"text":"ﮯ","translation":{"text":"about which","language_name":"english","language_id":38},"transliteration":{"text":"fīhi","language_name":"english","language_id":38}},{"id":42502,"position":19,"audio_url":"wbw/012_041_021.mp3","qpc_uthmani_hafs":"تَسۡتَفۡتِيَانِ","char_type_name":"word","page_number":240,"line_number":10,"text":"ﮰ","translation":{"text":"you both inquire","language_name":"english","language_id":38},"transliteration":{"text":"tastaftiyāni","language_name":"english","language_id":38}},{"id":42503,"position":20,"audio_url":null,"qpc_uthmani_hafs":"٤١","char_type_name":"end","page_number":240,"line_number":10,"text":"ﮱ","translation":{"text":"(41)","language_name":"english","language_id":38},"transliteration":{"text":null,"language_name":"english","language_id":38}}],"translations":[{"id":918066,"resource_id":134,"text":"Hai kedua penghuni penjara, \"Adapun salah seorang di antara kamu berdua akan memberi minum tuannya dengan khamar; adapun yang seorang lagi maka ia akan disalib, lalu burung memakan sebagian dari kepalanya.  Telah diputuskan perkara yang kamu berdua menanyakannya (kepadaku)\"."}]},{"id":1638,"verse_number":42,"verse_key":"12:42","juz_number":12,"hizb_number":24,"rub_el_hizb_number":96,"ruku_number":197,"manzil_number":3,"sajdah_number":null,"text_uthmani":"وَقَالَ لِلَّذِى ظَنَّ أَنَّهُۥ نَاجٍ مِّنْهُمَا ٱذْكُرْنِى عِندَ رَبِّكَ فَأَنسَىٰهُ ٱلشَّيْطَـٰنُ ذِكْرَ رَبِّهِۦ فَلَبِثَ فِى ٱلسِّجْنِ بِضْعَ سِنِينَ","page_number":240,"words":[{"id":43171,"position":1,"audio_url":"wbw/012_042_001.mp3","qpc_uthmani_hafs":"وَقَالَ","char_type_name":"word","page_number":240,"line_number":10,"text":"ﯓ","translation":{"text":"And he said","language_name":"english","language_id":38},"transliteration":{"text":"waqāla","language_name":"english","language_id":38}},{"id":43172,"position":2,"audio_url":"wbw/012_042_002.mp3","qpc_uthmani_hafs":"لِلَّذِي","char_type_name":"word","page_number":240,"line_number":10,"text":"ﯔ","translation":{"text":"to the one whom","language_name":"english","language_id":38},"transliteration":{"text":"lilladhī","language_name":"english","language_id":38}},{"id":43173,"position":3,"audio_url":"wbw/012_042_003.mp3","qpc_uthmani_hafs":"ظَنَّ","char_type_name":"word","page_number":240,"line_number":11,"text":"ﯕ","translation":{"text":"he thought","language_name":"english","language_id":38},"transliteration":{"text":"ẓanna","language_name":"english","language_id":38}},{"id":43174,"position":4,"audio_url":"wbw/012_042_004.mp3","qpc_uthmani_hafs":"أَنَّهُۥ","char_type_name":"word","page_number":240,"line_number":11,"text":"ﯖ","translation":{"text":"that he","language_name":"english","language_id":38},"transliteration":{"text":"annahu","language_name":"english","language_id":38}},{"id":43175,"position":5,"audio_url":"wbw/012_042_005.mp3","qpc_uthmani_hafs":"نَاجٖ","char_type_name":"word","page_number":240,"line_number":11,"text":"ﯗ","translation":{"text":"(would be) saved","language_name":"english","language_id":38},"transliteration":{"text":"nājin","language_name":"english","language_id":38}},{"id":43176,"position":6,"audio_url":"wbw/012_042_006.mp3","qpc_uthmani_hafs":"مِّنۡهُمَا","char_type_name":"word","page_number":240,"line_number":11,"text":"ﯘ","translation":{"text":"of both of them","language_name":"english","language_id":38},"transliteration":{"text":"min'humā","language_name":"english","language_id":38}},{"id":43177,"position":7,"audio_url":"wbw/012_042_007.mp3","qpc_uthmani_hafs":"ٱذۡكُرۡنِي","char_type_name":"word","page_number":240,"line_number":11,"text":"ﯙ","translation":{"text":"Mention me","language_name":"english","language_id":38},"transliteration":{"text":"udh'kur'nī","language_name":"english","language_id":38}},{"id":43178,"position":8,"audio_url":"wbw/012_042_008.mp3","qpc_uthmani_hafs":"عِندَ","char_type_name":"word","page_number":240,"line_number":11,"text":"ﯚ","translation":{"text":"to","language_name":"english","language_id":38},"transliteration":{"text":"ʿinda","language_name":"english","language_id":38}},{"id":43179,"position":9,"audio_url":"wbw/012_042_009.mp3","qpc_uthmani_hafs":"رَبِّكَ","char_type_name":"word","page_number":240,"line_number":11,"text":"ﯛ","translation":{"text":"your master","language_name":"english","language_id":38},"transliteration":{"text":"rabbika","language_name":"english","language_id":38}},{"id":43180,"position":10,"audio_url":"wbw/012_042_010.mp3","qpc_uthmani_hafs":"فَأَنسَىٰهُ","char_type_name":"word","page_number":240,"line_number":11,"text":"ﯜ","translation":{"text":"But made him forget","language_name":"english","language_id":38},"transliteration":{"text":"fa-ansāhu","language_name":"english","language_id":38}},{"id":43181,"position":11,"audio_url":"wbw/012_042_011.mp3","qpc_uthmani_hafs":"ٱلشَّيۡطَٰنُ","char_type_name":"word","page_number":240,"line_number":12,"text":"ﯝ","translation":{"text":"the Shaitaan","language_name":"english","language_id":38},"transliteration":{"text":"l-shayṭānu","language_name":"english","language_id":38}},{"id":43182,"position":12,"audio_url":"wbw/012_042_012.mp3","qpc_uthmani_hafs":"ذِكۡرَ","char_type_name":"word","page_number":240,"line_number":12,"text":"ﯞ","translation":{"text":"(the) mention","language_name":"english","language_id":38},"transliteration":{"text":"dhik'ra","language_name":"english","language_id":38}},{"id":43183,"position":13,"audio_url":"wbw/012_042_013.mp3","qpc_uthmani_hafs":"رَبِّهِۦ","char_type_name":"word","page_number":240,"line_number":12,"text":"ﯟ","translation":{"text":"(to) his master","language_name":"english","language_id":38},"transliteration":{"text":"rabbihi","language_name":"english","language_id":38}},{"id":43184,"position":14,"audio_url":"wbw/012_042_014.mp3","qpc_uthmani_hafs":"فَلَبِثَ","char_type_name":"word","page_number":240,"line_number":12,"text":"ﯠ","translation":{"text":"so he remained","language_name":"english","language_id":38},"transliteration":{"text":"falabitha","language_name":"english","language_id":38}},{"id":43185,"position":15,"audio_url":"wbw/012_042_015.mp3","qpc_uthmani_hafs":"فِي","char_type_name":"word","page_number":240,"line_number":12,"text":"ﯡ","translation":{"text":"in","language_name":"english","language_id":38},"transliteration":{"text":"fī","language_name":"english","language_id":38}},{"id":43186,"position":16,"audio_url":"wbw/012_042_016.mp3","qpc_uthmani_hafs":"ٱلسِّجۡنِ","char_type_name":"word","page_number":240,"line_number":12,"text":"ﯢ","translation":{"text":"the prison","language_name":"english","language_id":38},"transliteration":{"text":"l-sij'ni","language_name":"english","language_id":38}},{"id":43187,"position":17,"audio_url":"wbw/012_042_017.mp3","qpc_uthmani_hafs":"بِضۡعَ","char_type_name":"word","page_number":240,"line_number":12,"text":"ﯣ","translation":{"text":"several","language_name":"english","language_id":38},"transliteration":{"text":"biḍ'ʿa","language_name":"english","language_id":38}},{"id":43188,"position":18,"audio_url":"wbw/012_042_018.mp3","qpc_uthmani_hafs":"سِنِينَ","char_type_name":"word","page_number":240,"line_number":12,"text":"ﯤ","translation":{"text":"years","language_name":"english","language_id":38},"transliteration":{"text":"sinīna","language_name":"english","language_id":38}},{"id":43189,"position":19,"audio_url":null,"qpc_uthmani_hafs":"٤٢","char_type_name":"end","page_number":240,"line_number":13,"text":"ﯥ","translation":{"text":"(42)","language_name":"english","language_id":38},"transliteration":{"text":null,"language_name":"english","language_id":38}}],"translations":[{"id":918067,"resource_id":134,"text":"Dan Yūsuf berkata kepada orang yang diketahuinya akan selamat di antara mereka berdua, \"Terangkanlah keadaanku kepada tuanmu\".  Maka setan menjadikan dia lupa menerangkan (keadaan  Yūsuf) kepada tuannya. Karena itu, tetaplah dia (Yūsuf) dalam penjara beberapa tahun lamanya."}]},{"id":1639,"verse_number":43,"verse_key":"12:43","juz_number":12,"hizb_number":24,"rub_el_hizb_number":96,"ruku_number":198,"manzil_number":3,"sajdah_number":null,"text_uthmani":"وَقَالَ ٱلْمَلِكُ إِنِّىٓ أَرَىٰ سَبْعَ بَقَرَٰتٍ سِمَانٍ يَأْكُلُهُنَّ سَبْعٌ عِجَافٌ وَسَبْعَ سُنۢبُلَـٰتٍ خُضْرٍ وَأُخَرَ يَابِسَـٰتٍ ۖ يَـٰٓأَيُّهَا ٱلْمَلَأُ أَفْتُونِى فِى رُءْيَـٰىَ إِن كُنتُمْ لِلرُّءْيَا تَعْبُرُونَ","page_number":240,"words":[{"id":43898,"position":1,"audio_url":"wbw/012_043_001.mp3","qpc_uthmani_hafs":"وَقَالَ","char_type_name":"word","page_number":240,"line_number":13,"text":"ﯦ","translation":{"text":"And said","language_name":"english","language_id":38},"transliteration":{"text":"waqāla","language_name":"english","language_id":38}},{"id":43899,"position":2,"audio_url":"wbw/012_043_002.mp3","qpc_uthmani_hafs":"ٱلۡمَلِكُ","char_type_name":"word","page_number":240,"line_number":13,"text":"ﯧ","translation":{"text":"the king","language_name":"english","language_id":38},"transliteration":{"text":"l-maliku","language_name":"english","language_id":38}},{"id":43900,"position":3,"audio_url":"wbw/012_043_003.mp3","qpc_uthmani_hafs":"إِنِّيٓ","char_type_name":"word","page_number":240,"line_number":13,"text":"ﯨ","translation":{"text":"Indeed, I","language_name":"english","language_id":38},"transliteration":{"text":"innī","language_name":"english","language_id":38}},{"id":43901,"position":4,"audio_url":"wbw/012_043_004.mp3","qpc_uthmani_hafs":"أَرَىٰ","char_type_name":"word","page_number":240,"line_number":13,"text":"ﯩ","translation":{"text":"[I] have seen","language_name":"english","language_id":38},"transliteration":{"text":"arā","language_name":"english","language_id":38}},{"id":43902,"position":5,"audio_url":"wbw/012_043_005.mp3","qpc_uthmani_hafs":"سَبۡعَ","char_type_name":"word","page_number":240,"line_number":13,"text":"ﯪ","translation":{"text":"seven","language_name":"english","language_id":38},"transliteration":{"text":"sabʿa","language_name":"english","language_id":38}},{"id":43903,"position":6,"audio_url":"wbw/012_043_006.mp3","qpc_uthmani_hafs":"بَقَرَٰتٖ","char_type_name":"word","page_number":240,"line_number":13,"text":"ﯫ","translation":{"text":"cows","language_name":"english","language_id":38},"transliteration":{"text":"baqarātin","language_name":"english","language_id":38}},{"id":43904,"position":7,"audio_url":"wbw/012_043_007.mp3","qpc_uthmani_hafs":"سِمَانٖ","char_type_name":"word","page_number":240,"line_number":13,"text":"ﯬ","translation":{"text":"fat","language_name":"english","language_id":38},"transliteration":{"text":"simānin","language_name":"english","language_id":38}},{"id":43905,"position":8,"audio_url":"wbw/012_043_008.mp3","qpc_uthmani_hafs":"يَأۡكُلُهُنَّ","char_type_name":"word","page_number":240,"line_number":13,"text":"ﯭ","translation":{"text":"eating them","language_name":"english","language_id":38},"transliteration":{"text":"yakuluhunna","language_name":"english","language_id":38}},{"id":43906,"position":9,"audio_url":"wbw/012_043_009.mp3","qpc_uthmani_hafs":"سَبۡعٌ","char_type_name":"word","page_number":240,"line_number":14,"text":"ﯮ","translation":{"text":"seven","language_name":"english","language_id":38},"transliteration":{"text":"sabʿun","language_name":"english","language_id":38}},{"id":43907,"position":10,"audio_url":"wbw/012_043_010.mp3","qpc_uthmani_hafs":"عِجَافٞ","char_type_name":"word","page_number":240,"line_number":14,"text":"ﯯ","translation":{"text":"lean ones","language_name":"english","language_id":38},"transliteration":{"text":"ʿijāfun","language_name":"english","language_id":38}},{"id":43908,"position":11,"audio_url":"wbw/012_043_011.mp3","qpc_uthmani_hafs":"وَسَبۡعَ","char_type_name":"word","page_number":240,"line_number":14,"text":"ﯰ","translation":{"text":"and seven","language_name":"english","language_id":38},"transliteration":{"text":"wasabʿa","language_name":"english","language_id":38}},{"id":43909,"position":12,"audio_url":"wbw/012_043_012.mp3","qpc_uthmani_hafs":"سُنۢبُلَٰتٍ","char_type_name":"word","page_number":240,"line_number":14,"text":"ﯱ","translation":{"text":"ears (of corn)","language_name":"english","language_id":38},"transliteration":{"text":"sunbulātin","language_name":"english","language_id":38}},{"id":43910,"position":13,"audio_url":"wbw/012_043_013.mp3","qpc_uthmani_hafs":"خُضۡرٖ","char_type_name":"word","page_number":240,"line_number":14,"text":"ﯲ","translation":{"text":"green","language_name":"english","language_id":38},"transliteration":{"text":"khuḍ'rin","language_name":"english","language_id":38}},{"id":43911,"position":14,"audio_url":"wbw/012_043_014.mp3","qpc_uthmani_hafs":"وَأُخَرَ","char_type_name":"word","page_number":240,"line_number":14,"text":"ﯳ","translation":{"text":"and others","language_name":"english","language_id":38},"transliteration":{"text":"wa-ukhara","language_name":"english","language_id":38}},{"id":43912,"position":15,"audio_url":"wbw/012_043_015.mp3","qpc_uthmani_hafs":"يَابِسَٰتٖۖ","char_type_name":"word","page_number":240,"line_number":14,"text":"ﯴﯵ","translation":{"text":"dry","language_name":"english","language_id":38},"transliteration":{"text":"yābisātin","language_name":"english","language_id":38}},{"id":43914,"position":16,"audio_url":"wbw/012_043_017.mp3","qpc_uthmani_hafs":"يَٰٓأَيُّهَا","char_type_name":"word","page_number":240,"line_number":15,"text":"ﯶ","translation":{"text":"O","language_name":"english","language_id":38},"transliteration":{"text":"yāayyuhā","language_name":"english","language_id":38}},{"id":43915,"position":17,"audio_url":"wbw/012_043_018.mp3","qpc_uthmani_hafs":"ٱلۡمَلَأُ","char_type_name":"word","page_number":240,"line_number":15,"text":"ﯷ","translation":{"text":"chiefs","language_name":"english","language_id":38},"transliteration":{"text":"l-mala-u","language_name":"english","language_id":38}},{"id":43916,"position":18,"audio_url":"wbw/012_043_019.mp3","qpc_uthmani_hafs":"أَفۡتُونِي","char_type_name":"word","page_number":240,"line_number":15,"text":"ﯸ","translation":{"text":"Explain to me","language_name":"english","language_id":38},"transliteration":{"text":"aftūnī","language_name":"english","language_id":38}},{"id":43917,"position":19,"audio_url":"wbw/012_043_020.mp3","qpc_uthmani_hafs":"فِي","char_type_name":"word","page_number":240,"line_number":15,"text":"ﯹ","translation":{"text":"about","language_name":"english","language_id":38},"transliteration":{"text":"fī","language_name":"english","language_id":38}},{"id":43918,"position":20,"audio_url":"wbw/012_043_021.mp3","qpc_uthmani_hafs":"رُءۡيَٰيَ","char_type_name":"word","page_number":240,"line_number":15,"text":"ﯺ","translation":{"text":"my vision","language_name":"english","language_id":38},"transliteration":{"text":"ru'yāya","language_name":"english","language_id":38}},{"id":43919,"position":21,"audio_url":"wbw/012_043_022.mp3","qpc_uthmani_hafs":"إِن","char_type_name":"word","page_number":240,"line_number":15,"text":"ﯻ","translation":{"text":"if","language_name":"english","language_id":38},"transliteration":{"text":"in","language_name":"english","language_id":38}},{"id":43920,"position":22,"audio_url":"wbw/012_043_023.mp3","qpc_uthmani_hafs":"كُنتُمۡ","char_type_name":"word","page_number":240,"line_number":15,"text":"ﯼ","translation":{"text":"you can","language_name":"english","language_id":38},"transliteration":{"text":"kuntum","language_name":"english","language_id":38}},{"id":43921,"position":23,"audio_url":"wbw/012_043_024.mp3","qpc_uthmani_hafs":"لِلرُّءۡيَا","char_type_name":"word","page_number":240,"line_number":15,"text":"ﯽ","translation":{"text":"of visions","language_name":"english","language_id":38},"transliteration":{"text":"lilrru'yā","language_name":"english","language_id":38}},{"id":43922,"position":24,"audio_url":"wbw/012_043_025.mp3","qpc_uthmani_hafs":"تَعۡبُرُونَ","char_type_name":"word","page_number":240,"line_number":15,"text":"ﯾ","translation":{"text":"interpret","language_name":"english","language_id":38},"transliteration":{"text":"taʿburūna","language_name":"english","language_id":38}},{"id":43923,"position":25,"audio_url":null,"qpc_uthmani_hafs":"٤٣","char_type_name":"end","page_number":240,"line_number":15,"text":"ﯿ","translation":{"text":"(43)","language_name":"english","language_id":38},"transliteration":{"text":null,"language_name":"english","language_id":38}}],"translations":[{"id":918068,"resource_id":134,"text":"Raja berkata (kepada orang-orang terkemuka dari kaumnya), \"Sesungguhnya aku bermimpi melihat tujuh ekor sapi betina yang gemuk-gemuk dimakan oleh tujuh ekor sapi betina yang kurus-kurus dan tujuh bulir (gandum) yang hijau dan tujuh bulir lainnya yang kering\".  Hai orang-orang yang terkemuka, \"Terangkanlah kepadaku tentang takbir mimpiku itu jika kamu dapat menakbirkan mimpi\"."}]}],"pagination":{"per_page":50,"current_page":1,"next_page":null,"total_pages":1,"total_records":6}}