{"verses":[{"id":1928,"verse_number":27,"verse_key":"16:27","juz_number":14,"hizb_number":27,"rub_el_hizb_number":107,"ruku_number":227,"manzil_number":3,"sajdah_number":null,"text_uthmani":"ثُمَّ يَوْمَ ٱلْقِيَـٰمَةِ يُخْزِيهِمْ وَيَقُولُ أَيْنَ شُرَكَآءِىَ ٱلَّذِينَ كُنتُمْ تُشَـٰٓقُّونَ فِيهِمْ ۚ قَالَ ٱلَّذِينَ أُوتُوا۟ ٱلْعِلْمَ إِنَّ ٱلْخِزْىَ ٱلْيَوْمَ وَٱلسُّوٓءَ عَلَى ٱلْكَـٰفِرِينَ","page_number":270,"words":[{"id":30389,"position":1,"audio_url":"wbw/016_027_001.mp3","qpc_uthmani_hafs":"ثُمَّ","char_type_name":"word","page_number":270,"line_number":1,"text":"ﭑ","translation":{"text":"Then","language_name":"english","language_id":38},"transliteration":{"text":"thumma","language_name":"english","language_id":38}},{"id":30390,"position":2,"audio_url":"wbw/016_027_002.mp3","qpc_uthmani_hafs":"يَوۡمَ","char_type_name":"word","page_number":270,"line_number":1,"text":"ﭒ","translation":{"text":"(on) the Day","language_name":"english","language_id":38},"transliteration":{"text":"yawma","language_name":"english","language_id":38}},{"id":30391,"position":3,"audio_url":"wbw/016_027_003.mp3","qpc_uthmani_hafs":"ٱلۡقِيَٰمَةِ","char_type_name":"word","page_number":270,"line_number":1,"text":"ﭓ","translation":{"text":"(of) the Resurrection","language_name":"english","language_id":38},"transliteration":{"text":"l-qiyāmati","language_name":"english","language_id":38}},{"id":30392,"position":4,"audio_url":"wbw/016_027_004.mp3","qpc_uthmani_hafs":"يُخۡزِيهِمۡ","char_type_name":"word","page_number":270,"line_number":1,"text":"ﭔ","translation":{"text":"He will disgrace them","language_name":"english","language_id":38},"transliteration":{"text":"yukh'zīhim","language_name":"english","language_id":38}},{"id":30393,"position":5,"audio_url":"wbw/016_027_005.mp3","qpc_uthmani_hafs":"وَيَقُولُ","char_type_name":"word","page_number":270,"line_number":1,"text":"ﭕ","translation":{"text":"and say","language_name":"english","language_id":38},"transliteration":{"text":"wayaqūlu","language_name":"english","language_id":38}},{"id":30394,"position":6,"audio_url":"wbw/016_027_006.mp3","qpc_uthmani_hafs":"أَيۡنَ","char_type_name":"word","page_number":270,"line_number":1,"text":"ﭖ","translation":{"text":"Where","language_name":"english","language_id":38},"transliteration":{"text":"ayna","language_name":"english","language_id":38}},{"id":30395,"position":7,"audio_url":"wbw/016_027_007.mp3","qpc_uthmani_hafs":"شُرَكَآءِيَ","char_type_name":"word","page_number":270,"line_number":1,"text":"ﭗ","translation":{"text":"(are) My partners","language_name":"english","language_id":38},"transliteration":{"text":"shurakāiya","language_name":"english","language_id":38}},{"id":30396,"position":8,"audio_url":"wbw/016_027_008.mp3","qpc_uthmani_hafs":"ٱلَّذِينَ","char_type_name":"word","page_number":270,"line_number":1,"text":"ﭘ","translation":{"text":"those (for) whom","language_name":"english","language_id":38},"transliteration":{"text":"alladhīna","language_name":"english","language_id":38}},{"id":30397,"position":9,"audio_url":"wbw/016_027_009.mp3","qpc_uthmani_hafs":"كُنتُمۡ","char_type_name":"word","page_number":270,"line_number":2,"text":"ﭙ","translation":{"text":"you used (to)","language_name":"english","language_id":38},"transliteration":{"text":"kuntum","language_name":"english","language_id":38}},{"id":30398,"position":10,"audio_url":"wbw/016_027_010.mp3","qpc_uthmani_hafs":"تُشَٰٓقُّونَ","char_type_name":"word","page_number":270,"line_number":2,"text":"ﭚ","translation":{"text":"oppose","language_name":"english","language_id":38},"transliteration":{"text":"tushāqqūna","language_name":"english","language_id":38}},{"id":30399,"position":11,"audio_url":"wbw/016_027_011.mp3","qpc_uthmani_hafs":"فِيهِمۡۚ","char_type_name":"word","page_number":270,"line_number":2,"text":"ﭛﭜ","translation":{"text":"[in them]","language_name":"english","language_id":38},"transliteration":{"text":"fīhim","language_name":"english","language_id":38}},{"id":30401,"position":12,"audio_url":"wbw/016_027_013.mp3","qpc_uthmani_hafs":"قَالَ","char_type_name":"word","page_number":270,"line_number":2,"text":"ﭝ","translation":{"text":"Will say","language_name":"english","language_id":38},"transliteration":{"text":"qāla","language_name":"english","language_id":38}},{"id":30402,"position":13,"audio_url":"wbw/016_027_014.mp3","qpc_uthmani_hafs":"ٱلَّذِينَ","char_type_name":"word","page_number":270,"line_number":2,"text":"ﭞ","translation":{"text":"those who","language_name":"english","language_id":38},"transliteration":{"text":"alladhīna","language_name":"english","language_id":38}},{"id":30403,"position":14,"audio_url":"wbw/016_027_015.mp3","qpc_uthmani_hafs":"أُوتُواْ","char_type_name":"word","page_number":270,"line_number":2,"text":"ﭟ","translation":{"text":"were given","language_name":"english","language_id":38},"transliteration":{"text":"ūtū","language_name":"english","language_id":38}},{"id":30404,"position":15,"audio_url":"wbw/016_027_016.mp3","qpc_uthmani_hafs":"ٱلۡعِلۡمَ","char_type_name":"word","page_number":270,"line_number":2,"text":"ﭠ","translation":{"text":"the knowledge","language_name":"english","language_id":38},"transliteration":{"text":"l-ʿil'ma","language_name":"english","language_id":38}},{"id":30405,"position":16,"audio_url":"wbw/016_027_017.mp3","qpc_uthmani_hafs":"إِنَّ","char_type_name":"word","page_number":270,"line_number":2,"text":"ﭡ","translation":{"text":"Indeed","language_name":"english","language_id":38},"transliteration":{"text":"inna","language_name":"english","language_id":38}},{"id":30406,"position":17,"audio_url":"wbw/016_027_018.mp3","qpc_uthmani_hafs":"ٱلۡخِزۡيَ","char_type_name":"word","page_number":270,"line_number":2,"text":"ﭢ","translation":{"text":"the disgrace","language_name":"english","language_id":38},"transliteration":{"text":"l-khiz'ya","language_name":"english","language_id":38}},{"id":30407,"position":18,"audio_url":"wbw/016_027_019.mp3","qpc_uthmani_hafs":"ٱلۡيَوۡمَ","char_type_name":"word","page_number":270,"line_number":3,"text":"ﭣ","translation":{"text":"this Day","language_name":"english","language_id":38},"transliteration":{"text":"l-yawma","language_name":"english","language_id":38}},{"id":30408,"position":19,"audio_url":"wbw/016_027_020.mp3","qpc_uthmani_hafs":"وَٱلسُّوٓءَ","char_type_name":"word","page_number":270,"line_number":3,"text":"ﭤ","translation":{"text":"and evil","language_name":"english","language_id":38},"transliteration":{"text":"wal-sūa","language_name":"english","language_id":38}},{"id":30409,"position":20,"audio_url":"wbw/016_027_021.mp3","qpc_uthmani_hafs":"عَلَى","char_type_name":"word","page_number":270,"line_number":3,"text":"ﭥ","translation":{"text":"(are) upon","language_name":"english","language_id":38},"transliteration":{"text":"ʿalā","language_name":"english","language_id":38}},{"id":30410,"position":21,"audio_url":"wbw/016_027_022.mp3","qpc_uthmani_hafs":"ٱلۡكَٰفِرِينَ","char_type_name":"word","page_number":270,"line_number":3,"text":"ﭦ","translation":{"text":"the disbelievers","language_name":"english","language_id":38},"transliteration":{"text":"l-kāfirīna","language_name":"english","language_id":38}},{"id":30411,"position":22,"audio_url":null,"qpc_uthmani_hafs":"٢٧","char_type_name":"end","page_number":270,"line_number":3,"text":"ﭧ","translation":{"text":"(27)","language_name":"english","language_id":38},"transliteration":{"text":null,"language_name":"english","language_id":38}}],"translations":[{"id":918357,"resource_id":134,"text":"Kemudian Allah menghinakan mereka di hari kiamat dan berfirman, \"Di manakah sekutu-sekutu-Ku itu (yang karena membelanya) kamu selalu memusuhi mereka (nabi-nabi dan orang-orang mukmin)?\" Berkatalah orang-orang yang telah diberi ilmu <sup foot_note=210590>1</sup>, \"Sesungguhnya kehinaan dan azab hari ini ditimpakan atas orang-orang yang kafir.\""}]},{"id":1929,"verse_number":28,"verse_key":"16:28","juz_number":14,"hizb_number":27,"rub_el_hizb_number":107,"ruku_number":227,"manzil_number":3,"sajdah_number":null,"text_uthmani":"ٱلَّذِينَ تَتَوَفَّىٰهُمُ ٱلْمَلَـٰٓئِكَةُ ظَالِمِىٓ أَنفُسِهِمْ ۖ فَأَلْقَوُا۟ ٱلسَّلَمَ مَا كُنَّا نَعْمَلُ مِن سُوٓءٍۭ ۚ بَلَىٰٓ إِنَّ ٱللَّهَ عَلِيمٌۢ بِمَا كُنتُمْ تَعْمَلُونَ","page_number":270,"words":[{"id":31402,"position":1,"audio_url":"wbw/016_028_001.mp3","qpc_uthmani_hafs":"ٱلَّذِينَ","char_type_name":"word","page_number":270,"line_number":3,"text":"ﭨ","translation":{"text":"Those whom ","language_name":"english","language_id":38},"transliteration":{"text":"alladhīna","language_name":"english","language_id":38}},{"id":31403,"position":2,"audio_url":"wbw/016_028_002.mp3","qpc_uthmani_hafs":"تَتَوَفَّىٰهُمُ","char_type_name":"word","page_number":270,"line_number":3,"text":"ﭩ","translation":{"text":"take them in death","language_name":"english","language_id":38},"transliteration":{"text":"tatawaffāhumu","language_name":"english","language_id":38}},{"id":31404,"position":3,"audio_url":"wbw/016_028_003.mp3","qpc_uthmani_hafs":"ٱلۡمَلَٰٓئِكَةُ","char_type_name":"word","page_number":270,"line_number":3,"text":"ﭪ","translation":{"text":"the Angels","language_name":"english","language_id":38},"transliteration":{"text":"l-malāikatu","language_name":"english","language_id":38}},{"id":31405,"position":4,"audio_url":"wbw/016_028_004.mp3","qpc_uthmani_hafs":"ظَالِمِيٓ","char_type_name":"word","page_number":270,"line_number":4,"text":"ﭫ","translation":{"text":"(while) wronging","language_name":"english","language_id":38},"transliteration":{"text":"ẓālimī","language_name":"english","language_id":38}},{"id":31406,"position":5,"audio_url":"wbw/016_028_005.mp3","qpc_uthmani_hafs":"أَنفُسِهِمۡۖ","char_type_name":"word","page_number":270,"line_number":4,"text":"ﭬﭭ","translation":{"text":"themselves","language_name":"english","language_id":38},"transliteration":{"text":"anfusihim","language_name":"english","language_id":38}},{"id":31408,"position":6,"audio_url":"wbw/016_028_007.mp3","qpc_uthmani_hafs":"فَأَلۡقَوُاْ","char_type_name":"word","page_number":270,"line_number":4,"text":"ﭮ","translation":{"text":"then they would offer","language_name":"english","language_id":38},"transliteration":{"text":"fa-alqawū","language_name":"english","language_id":38}},{"id":31409,"position":7,"audio_url":"wbw/016_028_008.mp3","qpc_uthmani_hafs":"ٱلسَّلَمَ","char_type_name":"word","page_number":270,"line_number":4,"text":"ﭯ","translation":{"text":"the submission","language_name":"english","language_id":38},"transliteration":{"text":"l-salama","language_name":"english","language_id":38}},{"id":31410,"position":8,"audio_url":"wbw/016_028_009.mp3","qpc_uthmani_hafs":"مَا","char_type_name":"word","page_number":270,"line_number":4,"text":"ﭰ","translation":{"text":"Not","language_name":"english","language_id":38},"transliteration":{"text":"mā","language_name":"english","language_id":38}},{"id":31411,"position":9,"audio_url":"wbw/016_028_010.mp3","qpc_uthmani_hafs":"كُنَّا","char_type_name":"word","page_number":270,"line_number":4,"text":"ﭱ","translation":{"text":"we were","language_name":"english","language_id":38},"transliteration":{"text":"kunnā","language_name":"english","language_id":38}},{"id":31412,"position":10,"audio_url":"wbw/016_028_011.mp3","qpc_uthmani_hafs":"نَعۡمَلُ","char_type_name":"word","page_number":270,"line_number":4,"text":"ﭲ","translation":{"text":"doing","language_name":"english","language_id":38},"transliteration":{"text":"naʿmalu","language_name":"english","language_id":38}},{"id":31413,"position":11,"audio_url":"wbw/016_028_012.mp3","qpc_uthmani_hafs":"مِن","char_type_name":"word","page_number":270,"line_number":4,"text":"ﭳ","translation":{"text":"any","language_name":"english","language_id":38},"transliteration":{"text":"min","language_name":"english","language_id":38}},{"id":31414,"position":12,"audio_url":"wbw/016_028_013.mp3","qpc_uthmani_hafs":"سُوٓءِۭۚ","char_type_name":"word","page_number":270,"line_number":4,"text":"ﭴﭵ","translation":{"text":"evil","language_name":"english","language_id":38},"transliteration":{"text":"sūin","language_name":"english","language_id":38}},{"id":31416,"position":13,"audio_url":"wbw/016_028_015.mp3","qpc_uthmani_hafs":"بَلَىٰٓۚ","char_type_name":"word","page_number":270,"line_number":4,"text":"ﭶ","translation":{"text":"Nay","language_name":"english","language_id":38},"transliteration":{"text":"balā","language_name":"english","language_id":38}},{"id":31417,"position":14,"audio_url":"wbw/016_028_016.mp3","qpc_uthmani_hafs":"إِنَّ","char_type_name":"word","page_number":270,"line_number":5,"text":"ﭷ","translation":{"text":"indeed","language_name":"english","language_id":38},"transliteration":{"text":"inna","language_name":"english","language_id":38}},{"id":31418,"position":15,"audio_url":"wbw/016_028_017.mp3","qpc_uthmani_hafs":"ٱللَّهَ","char_type_name":"word","page_number":270,"line_number":5,"text":"ﭸ","translation":{"text":"Allah","language_name":"english","language_id":38},"transliteration":{"text":"l-laha","language_name":"english","language_id":38}},{"id":31419,"position":16,"audio_url":"wbw/016_028_018.mp3","qpc_uthmani_hafs":"عَلِيمُۢ","char_type_name":"word","page_number":270,"line_number":5,"text":"ﭹ","translation":{"text":"(is) All-Knower","language_name":"english","language_id":38},"transliteration":{"text":"ʿalīmun","language_name":"english","language_id":38}},{"id":31420,"position":17,"audio_url":"wbw/016_028_019.mp3","qpc_uthmani_hafs":"بِمَا","char_type_name":"word","page_number":270,"line_number":5,"text":"ﭺ","translation":{"text":"of what","language_name":"english","language_id":38},"transliteration":{"text":"bimā","language_name":"english","language_id":38}},{"id":31421,"position":18,"audio_url":"wbw/016_028_020.mp3","qpc_uthmani_hafs":"كُنتُمۡ","char_type_name":"word","page_number":270,"line_number":5,"text":"ﭻ","translation":{"text":"you used (to)","language_name":"english","language_id":38},"transliteration":{"text":"kuntum","language_name":"english","language_id":38}},{"id":31422,"position":19,"audio_url":"wbw/016_028_021.mp3","qpc_uthmani_hafs":"تَعۡمَلُونَ","char_type_name":"word","page_number":270,"line_number":5,"text":"ﭼ","translation":{"text":"do","language_name":"english","language_id":38},"transliteration":{"text":"taʿmalūna","language_name":"english","language_id":38}},{"id":31423,"position":20,"audio_url":null,"qpc_uthmani_hafs":"٢٨","char_type_name":"end","page_number":270,"line_number":5,"text":"ﭽ","translation":{"text":"(28)","language_name":"english","language_id":38},"transliteration":{"text":null,"language_name":"english","language_id":38}}],"translations":[{"id":918358,"resource_id":134,"text":"(yaitu) orang-orang yang dimatikan oleh para malaikat dalam keadaan berbuat zalim kepada diri mereka sendiri, lalu mereka menyerah diri (sambil berkata), \"Kami sekali-kali tidak ada mengerjakan sesuatu kejahatan pun\".  (Malaikat menjawab), \"Ada, sesungguhnya Allah Maha Mengetahui apa yang telah kamu kerjakan\"."}]},{"id":1930,"verse_number":29,"verse_key":"16:29","juz_number":14,"hizb_number":27,"rub_el_hizb_number":107,"ruku_number":227,"manzil_number":3,"sajdah_number":null,"text_uthmani":"فَٱدْخُلُوٓا۟ أَبْوَٰبَ جَهَنَّمَ خَـٰلِدِينَ فِيهَا ۖ فَلَبِئْسَ مَثْوَى ٱلْمُتَكَبِّرِينَ","page_number":270,"words":[{"id":32386,"position":1,"audio_url":"wbw/016_029_001.mp3","qpc_uthmani_hafs":"فَٱدۡخُلُوٓاْ","char_type_name":"word","page_number":270,"line_number":5,"text":"ﭾ","translation":{"text":"So enter","language_name":"english","language_id":38},"transliteration":{"text":"fa-ud'khulū","language_name":"english","language_id":38}},{"id":32387,"position":2,"audio_url":"wbw/016_029_002.mp3","qpc_uthmani_hafs":"أَبۡوَٰبَ","char_type_name":"word","page_number":270,"line_number":5,"text":"ﭿ","translation":{"text":"(the) gates","language_name":"english","language_id":38},"transliteration":{"text":"abwāba","language_name":"english","language_id":38}},{"id":32388,"position":3,"audio_url":"wbw/016_029_003.mp3","qpc_uthmani_hafs":"جَهَنَّمَ","char_type_name":"word","page_number":270,"line_number":5,"text":"ﮀ","translation":{"text":"(of) Hell","language_name":"english","language_id":38},"transliteration":{"text":"jahannama","language_name":"english","language_id":38}},{"id":32389,"position":4,"audio_url":"wbw/016_029_004.mp3","qpc_uthmani_hafs":"خَٰلِدِينَ","char_type_name":"word","page_number":270,"line_number":6,"text":"ﮁ","translation":{"text":"(to) abide forever","language_name":"english","language_id":38},"transliteration":{"text":"khālidīna","language_name":"english","language_id":38}},{"id":32390,"position":5,"audio_url":"wbw/016_029_005.mp3","qpc_uthmani_hafs":"فِيهَاۖ","char_type_name":"word","page_number":270,"line_number":6,"text":"ﮂﮃ","translation":{"text":"in it","language_name":"english","language_id":38},"transliteration":{"text":"fīhā","language_name":"english","language_id":38}},{"id":32392,"position":6,"audio_url":"wbw/016_029_007.mp3","qpc_uthmani_hafs":"فَلَبِئۡسَ","char_type_name":"word","page_number":270,"line_number":6,"text":"ﮄ","translation":{"text":"Surely, wretched","language_name":"english","language_id":38},"transliteration":{"text":"falabi'sa","language_name":"english","language_id":38}},{"id":32393,"position":7,"audio_url":"wbw/016_029_008.mp3","qpc_uthmani_hafs":"مَثۡوَى","char_type_name":"word","page_number":270,"line_number":6,"text":"ﮅ","translation":{"text":"(is the) abode","language_name":"english","language_id":38},"transliteration":{"text":"mathwā","language_name":"english","language_id":38}},{"id":32394,"position":8,"audio_url":"wbw/016_029_009.mp3","qpc_uthmani_hafs":"ٱلۡمُتَكَبِّرِينَ","char_type_name":"word","page_number":270,"line_number":6,"text":"ﮆ","translation":{"text":"(of) the arrogant","language_name":"english","language_id":38},"transliteration":{"text":"l-mutakabirīna","language_name":"english","language_id":38}},{"id":32395,"position":9,"audio_url":null,"qpc_uthmani_hafs":"٢٩","char_type_name":"end","page_number":270,"line_number":6,"text":"ﮇ","translation":{"text":"(29)","language_name":"english","language_id":38},"transliteration":{"text":null,"language_name":"english","language_id":38}}],"translations":[{"id":918359,"resource_id":134,"text":"Maka masukilah pintu-pintu neraka Jahanam, kamu kekal di dalamnya.  Maka amat buruklah tempat orang-orang yang menyombongkan diri itu."}]},{"id":1931,"verse_number":30,"verse_key":"16:30","juz_number":14,"hizb_number":27,"rub_el_hizb_number":108,"ruku_number":227,"manzil_number":3,"sajdah_number":null,"text_uthmani":"۞ وَقِيلَ لِلَّذِينَ ٱتَّقَوْا۟ مَاذَآ أَنزَلَ رَبُّكُمْ ۚ قَالُوا۟ خَيْرًا ۗ لِّلَّذِينَ أَحْسَنُوا۟ فِى هَـٰذِهِ ٱلدُّنْيَا حَسَنَةٌ ۚ وَلَدَارُ ٱلْـَٔاخِرَةِ خَيْرٌ ۚ وَلَنِعْمَ دَارُ ٱلْمُتَّقِينَ","page_number":270,"words":[{"id":33216,"position":1,"audio_url":"wbw/016_030_002.mp3","qpc_uthmani_hafs":"۞ وَقِيلَ","char_type_name":"word","page_number":270,"line_number":6,"text":"ﮈ ﮉ","translation":{"text":"And it will be said","language_name":"english","language_id":38},"transliteration":{"text":"waqīla","language_name":"english","language_id":38}},{"id":33217,"position":2,"audio_url":"wbw/016_030_003.mp3","qpc_uthmani_hafs":"لِلَّذِينَ","char_type_name":"word","page_number":270,"line_number":7,"text":"ﮊ","translation":{"text":"to those who","language_name":"english","language_id":38},"transliteration":{"text":"lilladhīna","language_name":"english","language_id":38}},{"id":33218,"position":3,"audio_url":"wbw/016_030_004.mp3","qpc_uthmani_hafs":"ٱتَّقَوۡاْ","char_type_name":"word","page_number":270,"line_number":7,"text":"ﮋ","translation":{"text":"fear Allah","language_name":"english","language_id":38},"transliteration":{"text":"ittaqaw","language_name":"english","language_id":38}},{"id":33219,"position":4,"audio_url":"wbw/016_030_005.mp3","qpc_uthmani_hafs":"مَاذَآ","char_type_name":"word","page_number":270,"line_number":7,"text":"ﮌ","translation":{"text":"What","language_name":"english","language_id":38},"transliteration":{"text":"mādhā","language_name":"english","language_id":38}},{"id":33220,"position":5,"audio_url":"wbw/016_030_006.mp3","qpc_uthmani_hafs":"أَنزَلَ","char_type_name":"word","page_number":270,"line_number":7,"text":"ﮍ","translation":{"text":"has your Lord sent down","language_name":"english","language_id":38},"transliteration":{"text":"anzala","language_name":"english","language_id":38}},{"id":33221,"position":6,"audio_url":"wbw/016_030_007.mp3","qpc_uthmani_hafs":"رَبُّكُمۡۚ","char_type_name":"word","page_number":270,"line_number":7,"text":"ﮎﮏ","translation":{"text":"has your Lord sent down","language_name":"english","language_id":38},"transliteration":{"text":"rabbukum","language_name":"english","language_id":38}},{"id":33223,"position":7,"audio_url":"wbw/016_030_009.mp3","qpc_uthmani_hafs":"قَالُواْ","char_type_name":"word","page_number":270,"line_number":7,"text":"ﮐ","translation":{"text":"They will say","language_name":"english","language_id":38},"transliteration":{"text":"qālū","language_name":"english","language_id":38}},{"id":33224,"position":8,"audio_url":"wbw/016_030_010.mp3","qpc_uthmani_hafs":"خَيۡرٗاۗ","char_type_name":"word","page_number":270,"line_number":7,"text":"ﮑﮒ","translation":{"text":"Good","language_name":"english","language_id":38},"transliteration":{"text":"khayran","language_name":"english","language_id":38}},{"id":33226,"position":9,"audio_url":"wbw/016_030_012.mp3","qpc_uthmani_hafs":"لِّلَّذِينَ","char_type_name":"word","page_number":270,"line_number":7,"text":"ﮓ","translation":{"text":"For those who","language_name":"english","language_id":38},"transliteration":{"text":"lilladhīna","language_name":"english","language_id":38}},{"id":33227,"position":10,"audio_url":"wbw/016_030_013.mp3","qpc_uthmani_hafs":"أَحۡسَنُواْ","char_type_name":"word","page_number":270,"line_number":7,"text":"ﮔ","translation":{"text":"do good","language_name":"english","language_id":38},"transliteration":{"text":"aḥsanū","language_name":"english","language_id":38}},{"id":33228,"position":11,"audio_url":"wbw/016_030_014.mp3","qpc_uthmani_hafs":"فِي","char_type_name":"word","page_number":270,"line_number":7,"text":"ﮕ","translation":{"text":"in","language_name":"english","language_id":38},"transliteration":{"text":"fī","language_name":"english","language_id":38}},{"id":33229,"position":12,"audio_url":"wbw/016_030_015.mp3","qpc_uthmani_hafs":"هَٰذِهِ","char_type_name":"word","page_number":270,"line_number":8,"text":"ﮖ","translation":{"text":"this","language_name":"english","language_id":38},"transliteration":{"text":"hādhihi","language_name":"english","language_id":38}},{"id":33230,"position":13,"audio_url":"wbw/016_030_016.mp3","qpc_uthmani_hafs":"ٱلدُّنۡيَا","char_type_name":"word","page_number":270,"line_number":8,"text":"ﮗ","translation":{"text":"world","language_name":"english","language_id":38},"transliteration":{"text":"l-dun'yā","language_name":"english","language_id":38}},{"id":33231,"position":14,"audio_url":"wbw/016_030_017.mp3","qpc_uthmani_hafs":"حَسَنَةٞۚ","char_type_name":"word","page_number":270,"line_number":8,"text":"ﮘﮙ","translation":{"text":"(is) a good","language_name":"english","language_id":38},"transliteration":{"text":"ḥasanatun","language_name":"english","language_id":38}},{"id":33233,"position":15,"audio_url":"wbw/016_030_019.mp3","qpc_uthmani_hafs":"وَلَدَارُ","char_type_name":"word","page_number":270,"line_number":8,"text":"ﮚ","translation":{"text":"and the home","language_name":"english","language_id":38},"transliteration":{"text":"waladāru","language_name":"english","language_id":38}},{"id":33234,"position":16,"audio_url":"wbw/016_030_020.mp3","qpc_uthmani_hafs":"ٱلۡأٓخِرَةِ","char_type_name":"word","page_number":270,"line_number":8,"text":"ﮛ","translation":{"text":"of the Hereafter","language_name":"english","language_id":38},"transliteration":{"text":"l-ākhirati","language_name":"english","language_id":38}},{"id":33235,"position":17,"audio_url":"wbw/016_030_021.mp3","qpc_uthmani_hafs":"خَيۡرٞۚ","char_type_name":"word","page_number":270,"line_number":8,"text":"ﮜﮝ","translation":{"text":"(is) better","language_name":"english","language_id":38},"transliteration":{"text":"khayrun","language_name":"english","language_id":38}},{"id":33237,"position":18,"audio_url":"wbw/016_030_023.mp3","qpc_uthmani_hafs":"وَلَنِعۡمَ","char_type_name":"word","page_number":270,"line_number":8,"text":"ﮞ","translation":{"text":"And surely excellent","language_name":"english","language_id":38},"transliteration":{"text":"walaniʿ'ma","language_name":"english","language_id":38}},{"id":33238,"position":19,"audio_url":"wbw/016_030_024.mp3","qpc_uthmani_hafs":"دَارُ","char_type_name":"word","page_number":270,"line_number":8,"text":"ﮟ","translation":{"text":"(is) the home","language_name":"english","language_id":38},"transliteration":{"text":"dāru","language_name":"english","language_id":38}},{"id":33239,"position":20,"audio_url":"wbw/016_030_025.mp3","qpc_uthmani_hafs":"ٱلۡمُتَّقِينَ","char_type_name":"word","page_number":270,"line_number":8,"text":"ﮠ","translation":{"text":"(of) the righteous","language_name":"english","language_id":38},"transliteration":{"text":"l-mutaqīna","language_name":"english","language_id":38}},{"id":33240,"position":21,"audio_url":null,"qpc_uthmani_hafs":"٣٠","char_type_name":"end","page_number":270,"line_number":9,"text":"ﮡ","translation":{"text":"(30)","language_name":"english","language_id":38},"transliteration":{"text":null,"language_name":"english","language_id":38}}],"translations":[{"id":918360,"resource_id":134,"text":"Dan dikatakan kepada orang-orang yang bertakwa, \"Apakah yang telah diturunkan oleh Tuhan-mu?\" Mereka menjawab, \"(Allah telah menurunkan) kebaikan\".  Orang-orang yang berbuat baik di dunia ini mendapat (pembalasan) yang baik.  Dan sesungguhnya kampung akhirat adalah lebih baik dan itulah sebaik-baik tempat bagi orang yang bertakwa,"}]},{"id":1932,"verse_number":31,"verse_key":"16:31","juz_number":14,"hizb_number":27,"rub_el_hizb_number":108,"ruku_number":227,"manzil_number":3,"sajdah_number":null,"text_uthmani":"جَنَّـٰتُ عَدْنٍ يَدْخُلُونَهَا تَجْرِى مِن تَحْتِهَا ٱلْأَنْهَـٰرُ ۖ لَهُمْ فِيهَا مَا يَشَآءُونَ ۚ كَذَٰلِكَ يَجْزِى ٱللَّهُ ٱلْمُتَّقِينَ","page_number":270,"words":[{"id":34270,"position":1,"audio_url":"wbw/016_031_001.mp3","qpc_uthmani_hafs":"جَنَّٰتُ","char_type_name":"word","page_number":270,"line_number":9,"text":"ﮢ","translation":{"text":"Gardens","language_name":"english","language_id":38},"transliteration":{"text":"jannātu","language_name":"english","language_id":38}},{"id":34271,"position":2,"audio_url":"wbw/016_031_002.mp3","qpc_uthmani_hafs":"عَدۡنٖ","char_type_name":"word","page_number":270,"line_number":9,"text":"ﮣ","translation":{"text":"(of) Eden ","language_name":"english","language_id":38},"transliteration":{"text":"ʿadnin","language_name":"english","language_id":38}},{"id":34272,"position":3,"audio_url":"wbw/016_031_003.mp3","qpc_uthmani_hafs":"يَدۡخُلُونَهَا","char_type_name":"word","page_number":270,"line_number":9,"text":"ﮤ","translation":{"text":"which they will enter","language_name":"english","language_id":38},"transliteration":{"text":"yadkhulūnahā","language_name":"english","language_id":38}},{"id":34273,"position":4,"audio_url":"wbw/016_031_004.mp3","qpc_uthmani_hafs":"تَجۡرِي","char_type_name":"word","page_number":270,"line_number":9,"text":"ﮥ","translation":{"text":"flows","language_name":"english","language_id":38},"transliteration":{"text":"tajrī","language_name":"english","language_id":38}},{"id":34274,"position":5,"audio_url":"wbw/016_031_005.mp3","qpc_uthmani_hafs":"مِن","char_type_name":"word","page_number":270,"line_number":9,"text":"ﮦ","translation":{"text":"from","language_name":"english","language_id":38},"transliteration":{"text":"min","language_name":"english","language_id":38}},{"id":34275,"position":6,"audio_url":"wbw/016_031_006.mp3","qpc_uthmani_hafs":"تَحۡتِهَا","char_type_name":"word","page_number":270,"line_number":9,"text":"ﮧ","translation":{"text":"underneath them","language_name":"english","language_id":38},"transliteration":{"text":"taḥtihā","language_name":"english","language_id":38}},{"id":34276,"position":7,"audio_url":"wbw/016_031_007.mp3","qpc_uthmani_hafs":"ٱلۡأَنۡهَٰرُۖ","char_type_name":"word","page_number":270,"line_number":9,"text":"ﮨﮩ","translation":{"text":"the rivers","language_name":"english","language_id":38},"transliteration":{"text":"l-anhāru","language_name":"english","language_id":38}},{"id":34278,"position":8,"audio_url":"wbw/016_031_009.mp3","qpc_uthmani_hafs":"لَهُمۡ","char_type_name":"word","page_number":270,"line_number":9,"text":"ﮪ","translation":{"text":"For them","language_name":"english","language_id":38},"transliteration":{"text":"lahum","language_name":"english","language_id":38}},{"id":34279,"position":9,"audio_url":"wbw/016_031_010.mp3","qpc_uthmani_hafs":"فِيهَا","char_type_name":"word","page_number":270,"line_number":9,"text":"ﮫ","translation":{"text":"therein","language_name":"english","language_id":38},"transliteration":{"text":"fīhā","language_name":"english","language_id":38}},{"id":34280,"position":10,"audio_url":"wbw/016_031_011.mp3","qpc_uthmani_hafs":"مَا","char_type_name":"word","page_number":270,"line_number":10,"text":"ﮬ","translation":{"text":"(will be) whatever","language_name":"english","language_id":38},"transliteration":{"text":"mā","language_name":"english","language_id":38}},{"id":34281,"position":11,"audio_url":"wbw/016_031_012.mp3","qpc_uthmani_hafs":"يَشَآءُونَۚ","char_type_name":"word","page_number":270,"line_number":10,"text":"ﮭﮮ","translation":{"text":"they wish","language_name":"english","language_id":38},"transliteration":{"text":"yashāūna","language_name":"english","language_id":38}},{"id":34283,"position":12,"audio_url":"wbw/016_031_014.mp3","qpc_uthmani_hafs":"كَذَٰلِكَ","char_type_name":"word","page_number":270,"line_number":10,"text":"ﮯ","translation":{"text":"Thus","language_name":"english","language_id":38},"transliteration":{"text":"kadhālika","language_name":"english","language_id":38}},{"id":34284,"position":13,"audio_url":"wbw/016_031_015.mp3","qpc_uthmani_hafs":"يَجۡزِي","char_type_name":"word","page_number":270,"line_number":10,"text":"ﮰ","translation":{"text":"Allah rewards","language_name":"english","language_id":38},"transliteration":{"text":"yajzī","language_name":"english","language_id":38}},{"id":34285,"position":14,"audio_url":"wbw/016_031_016.mp3","qpc_uthmani_hafs":"ٱللَّهُ","char_type_name":"word","page_number":270,"line_number":10,"text":"ﮱ","translation":{"text":"Allah rewards","language_name":"english","language_id":38},"transliteration":{"text":"l-lahu","language_name":"english","language_id":38}},{"id":34286,"position":15,"audio_url":"wbw/016_031_017.mp3","qpc_uthmani_hafs":"ٱلۡمُتَّقِينَ","char_type_name":"word","page_number":270,"line_number":10,"text":"ﯓ","translation":{"text":"the righteous","language_name":"english","language_id":38},"transliteration":{"text":"l-mutaqīna","language_name":"english","language_id":38}},{"id":34287,"position":16,"audio_url":null,"qpc_uthmani_hafs":"٣١","char_type_name":"end","page_number":270,"line_number":10,"text":"ﯔ","translation":{"text":"(31)","language_name":"english","language_id":38},"transliteration":{"text":null,"language_name":"english","language_id":38}}],"translations":[{"id":918361,"resource_id":134,"text":"(yaitu) surga ʻAdn yang mereka masuk ke dalamnya; mengalir di bawahnya sungai-sungai; di dalam surga itu mereka mendapat segala apa yang mereka kehendaki.  Demikianlah Allah memberi balasan kepada orang-orang yang bertakwa,"}]},{"id":1933,"verse_number":32,"verse_key":"16:32","juz_number":14,"hizb_number":27,"rub_el_hizb_number":108,"ruku_number":227,"manzil_number":3,"sajdah_number":null,"text_uthmani":"ٱلَّذِينَ تَتَوَفَّىٰهُمُ ٱلْمَلَـٰٓئِكَةُ طَيِّبِينَ ۙ يَقُولُونَ سَلَـٰمٌ عَلَيْكُمُ ٱدْخُلُوا۟ ٱلْجَنَّةَ بِمَا كُنتُمْ تَعْمَلُونَ","page_number":270,"words":[{"id":35125,"position":1,"audio_url":"wbw/016_032_001.mp3","qpc_uthmani_hafs":"ٱلَّذِينَ","char_type_name":"word","page_number":270,"line_number":10,"text":"ﯕ","translation":{"text":"Those whom","language_name":"english","language_id":38},"transliteration":{"text":"alladhīna","language_name":"english","language_id":38}},{"id":35126,"position":2,"audio_url":"wbw/016_032_002.mp3","qpc_uthmani_hafs":"تَتَوَفَّىٰهُمُ","char_type_name":"word","page_number":270,"line_number":10,"text":"ﯖ","translation":{"text":"take them in death","language_name":"english","language_id":38},"transliteration":{"text":"tatawaffāhumu","language_name":"english","language_id":38}},{"id":35127,"position":3,"audio_url":"wbw/016_032_003.mp3","qpc_uthmani_hafs":"ٱلۡمَلَٰٓئِكَةُ","char_type_name":"word","page_number":270,"line_number":11,"text":"ﯗ","translation":{"text":"the Angels","language_name":"english","language_id":38},"transliteration":{"text":"l-malāikatu","language_name":"english","language_id":38}},{"id":35128,"position":4,"audio_url":"wbw/016_032_004.mp3","qpc_uthmani_hafs":"طَيِّبِينَ","char_type_name":"word","page_number":270,"line_number":11,"text":"ﯘﯙ","translation":{"text":"(when they are) pure","language_name":"english","language_id":38},"transliteration":{"text":"ṭayyibīna","language_name":"english","language_id":38}},{"id":35130,"position":5,"audio_url":"wbw/016_032_006.mp3","qpc_uthmani_hafs":"يَقُولُونَ","char_type_name":"word","page_number":270,"line_number":11,"text":"ﯚ","translation":{"text":"saying","language_name":"english","language_id":38},"transliteration":{"text":"yaqūlūna","language_name":"english","language_id":38}},{"id":35131,"position":6,"audio_url":"wbw/016_032_007.mp3","qpc_uthmani_hafs":"سَلَٰمٌ","char_type_name":"word","page_number":270,"line_number":11,"text":"ﯛ","translation":{"text":"Peace","language_name":"english","language_id":38},"transliteration":{"text":"salāmun","language_name":"english","language_id":38}},{"id":35132,"position":7,"audio_url":"wbw/016_032_008.mp3","qpc_uthmani_hafs":"عَلَيۡكُمُ","char_type_name":"word","page_number":270,"line_number":11,"text":"ﯜ","translation":{"text":"(be) upon you","language_name":"english","language_id":38},"transliteration":{"text":"ʿalaykumu","language_name":"english","language_id":38}},{"id":35133,"position":8,"audio_url":"wbw/016_032_009.mp3","qpc_uthmani_hafs":"ٱدۡخُلُواْ","char_type_name":"word","page_number":270,"line_number":11,"text":"ﯝ","translation":{"text":"Enter","language_name":"english","language_id":38},"transliteration":{"text":"ud'khulū","language_name":"english","language_id":38}},{"id":35134,"position":9,"audio_url":"wbw/016_032_010.mp3","qpc_uthmani_hafs":"ٱلۡجَنَّةَ","char_type_name":"word","page_number":270,"line_number":11,"text":"ﯞ","translation":{"text":"Paradise","language_name":"english","language_id":38},"transliteration":{"text":"l-janata","language_name":"english","language_id":38}},{"id":35135,"position":10,"audio_url":"wbw/016_032_011.mp3","qpc_uthmani_hafs":"بِمَا","char_type_name":"word","page_number":270,"line_number":11,"text":"ﯟ","translation":{"text":"for what","language_name":"english","language_id":38},"transliteration":{"text":"bimā","language_name":"english","language_id":38}},{"id":35136,"position":11,"audio_url":"wbw/016_032_012.mp3","qpc_uthmani_hafs":"كُنتُمۡ","char_type_name":"word","page_number":270,"line_number":12,"text":"ﯠ","translation":{"text":"you used (to)","language_name":"english","language_id":38},"transliteration":{"text":"kuntum","language_name":"english","language_id":38}},{"id":35137,"position":12,"audio_url":"wbw/016_032_013.mp3","qpc_uthmani_hafs":"تَعۡمَلُونَ","char_type_name":"word","page_number":270,"line_number":12,"text":"ﯡ","translation":{"text":"do","language_name":"english","language_id":38},"transliteration":{"text":"taʿmalūna","language_name":"english","language_id":38}},{"id":35138,"position":13,"audio_url":null,"qpc_uthmani_hafs":"٣٢","char_type_name":"end","page_number":270,"line_number":12,"text":"ﯢ","translation":{"text":"(32)","language_name":"english","language_id":38},"transliteration":{"text":null,"language_name":"english","language_id":38}}],"translations":[{"id":918362,"resource_id":134,"text":"(yaitu) orang-orang yang diwafatkan dalam keadaan baik <sup foot_note=210591>1</sup> oleh para malaikat dengan mengatakan (kepada mereka), \"Salāmunʻalaikum <sup foot_note=210592>2</sup>, masuklah kamu ke dalam surga itu disebabkan apa yang telah kamu kerjakan\"."}]},{"id":1934,"verse_number":33,"verse_key":"16:33","juz_number":14,"hizb_number":27,"rub_el_hizb_number":108,"ruku_number":227,"manzil_number":3,"sajdah_number":null,"text_uthmani":"هَلْ يَنظُرُونَ إِلَّآ أَن تَأْتِيَهُمُ ٱلْمَلَـٰٓئِكَةُ أَوْ يَأْتِىَ أَمْرُ رَبِّكَ ۚ كَذَٰلِكَ فَعَلَ ٱلَّذِينَ مِن قَبْلِهِمْ ۚ وَمَا ظَلَمَهُمُ ٱللَّهُ وَلَـٰكِن كَانُوٓا۟ أَنفُسَهُمْ يَظْلِمُونَ","page_number":270,"words":[{"id":36041,"position":1,"audio_url":"wbw/016_033_001.mp3","qpc_uthmani_hafs":"هَلۡ","char_type_name":"word","page_number":270,"line_number":12,"text":"ﯣ","translation":{"text":"Do","language_name":"english","language_id":38},"transliteration":{"text":"hal","language_name":"english","language_id":38}},{"id":36042,"position":2,"audio_url":"wbw/016_033_002.mp3","qpc_uthmani_hafs":"يَنظُرُونَ","char_type_name":"word","page_number":270,"line_number":12,"text":"ﯤ","translation":{"text":"they wait","language_name":"english","language_id":38},"transliteration":{"text":"yanẓurūna","language_name":"english","language_id":38}},{"id":36043,"position":3,"audio_url":"wbw/016_033_003.mp3","qpc_uthmani_hafs":"إِلَّآ","char_type_name":"word","page_number":270,"line_number":12,"text":"ﯥ","translation":{"text":"except","language_name":"english","language_id":38},"transliteration":{"text":"illā","language_name":"english","language_id":38}},{"id":36044,"position":4,"audio_url":"wbw/016_033_004.mp3","qpc_uthmani_hafs":"أَن","char_type_name":"word","page_number":270,"line_number":12,"text":"ﯦ","translation":{"text":"that","language_name":"english","language_id":38},"transliteration":{"text":"an","language_name":"english","language_id":38}},{"id":36045,"position":5,"audio_url":"wbw/016_033_005.mp3","qpc_uthmani_hafs":"تَأۡتِيَهُمُ","char_type_name":"word","page_number":270,"line_number":12,"text":"ﯧ","translation":{"text":"(should) come to them","language_name":"english","language_id":38},"transliteration":{"text":"tatiyahumu","language_name":"english","language_id":38}},{"id":36046,"position":6,"audio_url":"wbw/016_033_006.mp3","qpc_uthmani_hafs":"ٱلۡمَلَٰٓئِكَةُ","char_type_name":"word","page_number":270,"line_number":12,"text":"ﯨ","translation":{"text":"the Angels","language_name":"english","language_id":38},"transliteration":{"text":"l-malāikatu","language_name":"english","language_id":38}},{"id":36047,"position":7,"audio_url":"wbw/016_033_007.mp3","qpc_uthmani_hafs":"أَوۡ","char_type_name":"word","page_number":270,"line_number":13,"text":"ﯩ","translation":{"text":"or","language_name":"english","language_id":38},"transliteration":{"text":"aw","language_name":"english","language_id":38}},{"id":36048,"position":8,"audio_url":"wbw/016_033_008.mp3","qpc_uthmani_hafs":"يَأۡتِيَ","char_type_name":"word","page_number":270,"line_number":13,"text":"ﯪ","translation":{"text":"(should) come","language_name":"english","language_id":38},"transliteration":{"text":"yatiya","language_name":"english","language_id":38}},{"id":36049,"position":9,"audio_url":"wbw/016_033_009.mp3","qpc_uthmani_hafs":"أَمۡرُ","char_type_name":"word","page_number":270,"line_number":13,"text":"ﯫ","translation":{"text":"(the) Command","language_name":"english","language_id":38},"transliteration":{"text":"amru","language_name":"english","language_id":38}},{"id":36050,"position":10,"audio_url":"wbw/016_033_010.mp3","qpc_uthmani_hafs":"رَبِّكَۚ","char_type_name":"word","page_number":270,"line_number":13,"text":"ﯬﯭ","translation":{"text":"(of) your Lord","language_name":"english","language_id":38},"transliteration":{"text":"rabbika","language_name":"english","language_id":38}},{"id":36052,"position":11,"audio_url":"wbw/016_033_012.mp3","qpc_uthmani_hafs":"كَذَٰلِكَ","char_type_name":"word","page_number":270,"line_number":13,"text":"ﯮ","translation":{"text":"Thus","language_name":"english","language_id":38},"transliteration":{"text":"kadhālika","language_name":"english","language_id":38}},{"id":36053,"position":12,"audio_url":"wbw/016_033_013.mp3","qpc_uthmani_hafs":"فَعَلَ","char_type_name":"word","page_number":270,"line_number":13,"text":"ﯯ","translation":{"text":"did","language_name":"english","language_id":38},"transliteration":{"text":"faʿala","language_name":"english","language_id":38}},{"id":36054,"position":13,"audio_url":"wbw/016_033_014.mp3","qpc_uthmani_hafs":"ٱلَّذِينَ","char_type_name":"word","page_number":270,"line_number":13,"text":"ﯰ","translation":{"text":"those who","language_name":"english","language_id":38},"transliteration":{"text":"alladhīna","language_name":"english","language_id":38}},{"id":36055,"position":14,"audio_url":"wbw/016_033_015.mp3","qpc_uthmani_hafs":"مِن","char_type_name":"word","page_number":270,"line_number":13,"text":"ﯱ","translation":{"text":"(were) before them","language_name":"english","language_id":38},"transliteration":{"text":"min","language_name":"english","language_id":38}},{"id":36056,"position":15,"audio_url":"wbw/016_033_016.mp3","qpc_uthmani_hafs":"قَبۡلِهِمۡۚ","char_type_name":"word","page_number":270,"line_number":13,"text":"ﯲﯳ","translation":{"text":"(were) before them","language_name":"english","language_id":38},"transliteration":{"text":"qablihim","language_name":"english","language_id":38}},{"id":36058,"position":16,"audio_url":"wbw/016_033_018.mp3","qpc_uthmani_hafs":"وَمَا","char_type_name":"word","page_number":270,"line_number":13,"text":"ﯴ","translation":{"text":"And not","language_name":"english","language_id":38},"transliteration":{"text":"wamā","language_name":"english","language_id":38}},{"id":36059,"position":17,"audio_url":"wbw/016_033_019.mp3","qpc_uthmani_hafs":"ظَلَمَهُمُ","char_type_name":"word","page_number":270,"line_number":13,"text":"ﯵ","translation":{"text":"wronged them","language_name":"english","language_id":38},"transliteration":{"text":"ẓalamahumu","language_name":"english","language_id":38}},{"id":36060,"position":18,"audio_url":"wbw/016_033_020.mp3","qpc_uthmani_hafs":"ٱللَّهُ","char_type_name":"word","page_number":270,"line_number":14,"text":"ﯶ","translation":{"text":"Allah","language_name":"english","language_id":38},"transliteration":{"text":"l-lahu","language_name":"english","language_id":38}},{"id":36061,"position":19,"audio_url":"wbw/016_033_021.mp3","qpc_uthmani_hafs":"وَلَٰكِن","char_type_name":"word","page_number":270,"line_number":14,"text":"ﯷ","translation":{"text":"but","language_name":"english","language_id":38},"transliteration":{"text":"walākin","language_name":"english","language_id":38}},{"id":36062,"position":20,"audio_url":"wbw/016_033_022.mp3","qpc_uthmani_hafs":"كَانُوٓاْ","char_type_name":"word","page_number":270,"line_number":14,"text":"ﯸ","translation":{"text":"they were","language_name":"english","language_id":38},"transliteration":{"text":"kānū","language_name":"english","language_id":38}},{"id":36063,"position":21,"audio_url":"wbw/016_033_023.mp3","qpc_uthmani_hafs":"أَنفُسَهُمۡ","char_type_name":"word","page_number":270,"line_number":14,"text":"ﯹ","translation":{"text":"themselves","language_name":"english","language_id":38},"transliteration":{"text":"anfusahum","language_name":"english","language_id":38}},{"id":36064,"position":22,"audio_url":"wbw/016_033_024.mp3","qpc_uthmani_hafs":"يَظۡلِمُونَ","char_type_name":"word","page_number":270,"line_number":14,"text":"ﯺ","translation":{"text":"wronging","language_name":"english","language_id":38},"transliteration":{"text":"yaẓlimūna","language_name":"english","language_id":38}},{"id":36065,"position":23,"audio_url":null,"qpc_uthmani_hafs":"٣٣","char_type_name":"end","page_number":270,"line_number":14,"text":"ﯻ","translation":{"text":"(33)","language_name":"english","language_id":38},"transliteration":{"text":null,"language_name":"english","language_id":38}}],"translations":[{"id":918363,"resource_id":134,"text":"Tidak ada yang ditunggu-tunggu orang kafir, selain dari datangnya para malaikat kepada mereka <sup foot_note=210593>1</sup> atau datangnya perintah Tuhan-mu <sup foot_note=210594>2</sup>.  Demikianlah yang telah diperbuat oleh orang-orang (kafir) sebelum mereka.  Dan Allah tidak menganiaya mereka, akan tetapi merekalah yang selalu menganiaya diri mereka sendiri."}]},{"id":1935,"verse_number":34,"verse_key":"16:34","juz_number":14,"hizb_number":27,"rub_el_hizb_number":108,"ruku_number":227,"manzil_number":3,"sajdah_number":null,"text_uthmani":"فَأَصَابَهُمْ سَيِّـَٔاتُ مَا عَمِلُوا۟ وَحَاقَ بِهِم مَّا كَانُوا۟ بِهِۦ يَسْتَهْزِءُونَ","page_number":270,"words":[{"id":36847,"position":1,"audio_url":"wbw/016_034_001.mp3","qpc_uthmani_hafs":"فَأَصَابَهُمۡ","char_type_name":"word","page_number":270,"line_number":14,"text":"ﯼ","translation":{"text":"Then struck them","language_name":"english","language_id":38},"transliteration":{"text":"fa-aṣābahum","language_name":"english","language_id":38}},{"id":36848,"position":2,"audio_url":"wbw/016_034_002.mp3","qpc_uthmani_hafs":"سَيِّـَٔاتُ","char_type_name":"word","page_number":270,"line_number":15,"text":"ﯽ","translation":{"text":"(the) evil (results)","language_name":"english","language_id":38},"transliteration":{"text":"sayyiātu","language_name":"english","language_id":38}},{"id":36849,"position":3,"audio_url":"wbw/016_034_003.mp3","qpc_uthmani_hafs":"مَا","char_type_name":"word","page_number":270,"line_number":15,"text":"ﯾ","translation":{"text":"(of) what","language_name":"english","language_id":38},"transliteration":{"text":"mā","language_name":"english","language_id":38}},{"id":36850,"position":4,"audio_url":"wbw/016_034_004.mp3","qpc_uthmani_hafs":"عَمِلُواْ","char_type_name":"word","page_number":270,"line_number":15,"text":"ﯿ","translation":{"text":"they did","language_name":"english","language_id":38},"transliteration":{"text":"ʿamilū","language_name":"english","language_id":38}},{"id":36851,"position":5,"audio_url":"wbw/016_034_005.mp3","qpc_uthmani_hafs":"وَحَاقَ","char_type_name":"word","page_number":270,"line_number":15,"text":"ﰀ","translation":{"text":"and surrounded","language_name":"english","language_id":38},"transliteration":{"text":"waḥāqa","language_name":"english","language_id":38}},{"id":36852,"position":6,"audio_url":"wbw/016_034_006.mp3","qpc_uthmani_hafs":"بِهِم","char_type_name":"word","page_number":270,"line_number":15,"text":"ﰁ","translation":{"text":"them","language_name":"english","language_id":38},"transliteration":{"text":"bihim","language_name":"english","language_id":38}},{"id":36853,"position":7,"audio_url":"wbw/016_034_007.mp3","qpc_uthmani_hafs":"مَّا","char_type_name":"word","page_number":270,"line_number":15,"text":"ﰂ","translation":{"text":"what","language_name":"english","language_id":38},"transliteration":{"text":"mā","language_name":"english","language_id":38}},{"id":36854,"position":8,"audio_url":"wbw/016_034_008.mp3","qpc_uthmani_hafs":"كَانُواْ","char_type_name":"word","page_number":270,"line_number":15,"text":"ﰃ","translation":{"text":"they used (to)","language_name":"english","language_id":38},"transliteration":{"text":"kānū","language_name":"english","language_id":38}},{"id":36855,"position":9,"audio_url":"wbw/016_034_009.mp3","qpc_uthmani_hafs":"بِهِۦ","char_type_name":"word","page_number":270,"line_number":15,"text":"ﰄ","translation":{"text":"[of it]","language_name":"english","language_id":38},"transliteration":{"text":"bihi","language_name":"english","language_id":38}},{"id":36856,"position":10,"audio_url":"wbw/016_034_010.mp3","qpc_uthmani_hafs":"يَسۡتَهۡزِءُونَ","char_type_name":"word","page_number":270,"line_number":15,"text":"ﰅ","translation":{"text":"mock","language_name":"english","language_id":38},"transliteration":{"text":"yastahziūna","language_name":"english","language_id":38}},{"id":36857,"position":11,"audio_url":null,"qpc_uthmani_hafs":"٣٤","char_type_name":"end","page_number":270,"line_number":15,"text":"ﰆ","translation":{"text":"(34)","language_name":"english","language_id":38},"transliteration":{"text":null,"language_name":"english","language_id":38}}],"translations":[{"id":918364,"resource_id":134,"text":"Maka mereka ditimpa oleh (akibat) kejahatan perbuatan mereka dan mereka diliputi oleh azab yang selalu mereka perolok-olokan."}]}],"pagination":{"per_page":50,"current_page":1,"next_page":null,"total_pages":1,"total_records":8}}