{"verses":[{"id":2004,"verse_number":103,"verse_key":"16:103","juz_number":14,"hizb_number":28,"rub_el_hizb_number":111,"ruku_number":237,"manzil_number":3,"sajdah_number":null,"text_uthmani":"وَلَقَدْ نَعْلَمُ أَنَّهُمْ يَقُولُونَ إِنَّمَا يُعَلِّمُهُۥ بَشَرٌ ۗ لِّسَانُ ٱلَّذِى يُلْحِدُونَ إِلَيْهِ أَعْجَمِىٌّ وَهَـٰذَا لِسَانٌ عَرَبِىٌّ مُّبِينٌ","page_number":279,"words":[{"id":72236,"position":1,"audio_url":"wbw/016_103_001.mp3","qpc_uthmani_hafs":"وَلَقَدۡ","char_type_name":"word","page_number":279,"line_number":1,"text":"ﭑ","translation":{"text":"And certainly","language_name":"english","language_id":38},"transliteration":{"text":"walaqad","language_name":"english","language_id":38}},{"id":72237,"position":2,"audio_url":"wbw/016_103_002.mp3","qpc_uthmani_hafs":"نَعۡلَمُ","char_type_name":"word","page_number":279,"line_number":1,"text":"ﭒ","translation":{"text":"We know","language_name":"english","language_id":38},"transliteration":{"text":"naʿlamu","language_name":"english","language_id":38}},{"id":72238,"position":3,"audio_url":"wbw/016_103_003.mp3","qpc_uthmani_hafs":"أَنَّهُمۡ","char_type_name":"word","page_number":279,"line_number":1,"text":"ﭓ","translation":{"text":"that they","language_name":"english","language_id":38},"transliteration":{"text":"annahum","language_name":"english","language_id":38}},{"id":72239,"position":4,"audio_url":"wbw/016_103_004.mp3","qpc_uthmani_hafs":"يَقُولُونَ","char_type_name":"word","page_number":279,"line_number":1,"text":"ﭔ","translation":{"text":"say","language_name":"english","language_id":38},"transliteration":{"text":"yaqūlūna","language_name":"english","language_id":38}},{"id":72240,"position":5,"audio_url":"wbw/016_103_005.mp3","qpc_uthmani_hafs":"إِنَّمَا","char_type_name":"word","page_number":279,"line_number":1,"text":"ﭕ","translation":{"text":"Only","language_name":"english","language_id":38},"transliteration":{"text":"innamā","language_name":"english","language_id":38}},{"id":72241,"position":6,"audio_url":"wbw/016_103_006.mp3","qpc_uthmani_hafs":"يُعَلِّمُهُۥ","char_type_name":"word","page_number":279,"line_number":1,"text":"ﭖ","translation":{"text":"teaches him","language_name":"english","language_id":38},"transliteration":{"text":"yuʿallimuhu","language_name":"english","language_id":38}},{"id":72242,"position":7,"audio_url":"wbw/016_103_007.mp3","qpc_uthmani_hafs":"بَشَرٞۗ","char_type_name":"word","page_number":279,"line_number":1,"text":"ﭗﭘ","translation":{"text":"a human being","language_name":"english","language_id":38},"transliteration":{"text":"basharun","language_name":"english","language_id":38}},{"id":72244,"position":8,"audio_url":"wbw/016_103_009.mp3","qpc_uthmani_hafs":"لِّسَانُ","char_type_name":"word","page_number":279,"line_number":1,"text":"ﭙ","translation":{"text":"(The) tongue","language_name":"english","language_id":38},"transliteration":{"text":"lisānu","language_name":"english","language_id":38}},{"id":72245,"position":9,"audio_url":"wbw/016_103_010.mp3","qpc_uthmani_hafs":"ٱلَّذِي","char_type_name":"word","page_number":279,"line_number":2,"text":"ﭚ","translation":{"text":"(of) the one","language_name":"english","language_id":38},"transliteration":{"text":"alladhī","language_name":"english","language_id":38}},{"id":72246,"position":10,"audio_url":"wbw/016_103_011.mp3","qpc_uthmani_hafs":"يُلۡحِدُونَ","char_type_name":"word","page_number":279,"line_number":2,"text":"ﭛ","translation":{"text":"they refer","language_name":"english","language_id":38},"transliteration":{"text":"yul'ḥidūna","language_name":"english","language_id":38}},{"id":72247,"position":11,"audio_url":"wbw/016_103_012.mp3","qpc_uthmani_hafs":"إِلَيۡهِ","char_type_name":"word","page_number":279,"line_number":2,"text":"ﭜ","translation":{"text":"to him","language_name":"english","language_id":38},"transliteration":{"text":"ilayhi","language_name":"english","language_id":38}},{"id":72248,"position":12,"audio_url":"wbw/016_103_013.mp3","qpc_uthmani_hafs":"أَعۡجَمِيّٞ","char_type_name":"word","page_number":279,"line_number":2,"text":"ﭝ","translation":{"text":"(is) foreign","language_name":"english","language_id":38},"transliteration":{"text":"aʿjamiyyun","language_name":"english","language_id":38}},{"id":72249,"position":13,"audio_url":"wbw/016_103_014.mp3","qpc_uthmani_hafs":"وَهَٰذَا","char_type_name":"word","page_number":279,"line_number":2,"text":"ﭞ","translation":{"text":"while this","language_name":"english","language_id":38},"transliteration":{"text":"wahādhā","language_name":"english","language_id":38}},{"id":72250,"position":14,"audio_url":"wbw/016_103_015.mp3","qpc_uthmani_hafs":"لِسَانٌ","char_type_name":"word","page_number":279,"line_number":2,"text":"ﭟ","translation":{"text":"(is) a language","language_name":"english","language_id":38},"transliteration":{"text":"lisānun","language_name":"english","language_id":38}},{"id":72251,"position":15,"audio_url":"wbw/016_103_016.mp3","qpc_uthmani_hafs":"عَرَبِيّٞ","char_type_name":"word","page_number":279,"line_number":2,"text":"ﭠ","translation":{"text":"Arabic","language_name":"english","language_id":38},"transliteration":{"text":"ʿarabiyyun","language_name":"english","language_id":38}},{"id":72252,"position":16,"audio_url":"wbw/016_103_017.mp3","qpc_uthmani_hafs":"مُّبِينٌ","char_type_name":"word","page_number":279,"line_number":3,"text":"ﭡ","translation":{"text":"clear","language_name":"english","language_id":38},"transliteration":{"text":"mubīnun","language_name":"english","language_id":38}},{"id":72253,"position":17,"audio_url":null,"qpc_uthmani_hafs":"١٠٣","char_type_name":"end","page_number":279,"line_number":3,"text":"ﭢ","translation":{"text":"(103)","language_name":"english","language_id":38},"transliteration":{"text":null,"language_name":"english","language_id":38}}],"translations":[{"id":918433,"resource_id":134,"text":"Dan sesungguhnya Kami mengetahui bahwa mereka berkata, \"Sesungguhnya Al-Qur`ān itu diajarkan oleh seorang manusia kepadanya (Muhammad)\".  Padahal bahasa orang yang mereka tuduhkan (bahwa) Muhammad belajar kepadanya bahasa ʻAjam <sup foot_note=210608>1</sup>, sedang Al-Qur`ān adalah dalam bahasa Arab yang terang."}]},{"id":2005,"verse_number":104,"verse_key":"16:104","juz_number":14,"hizb_number":28,"rub_el_hizb_number":111,"ruku_number":237,"manzil_number":3,"sajdah_number":null,"text_uthmani":"إِنَّ ٱلَّذِينَ لَا يُؤْمِنُونَ بِـَٔايَـٰتِ ٱللَّهِ لَا يَهْدِيهِمُ ٱللَّهُ وَلَهُمْ عَذَابٌ أَلِيمٌ","page_number":279,"words":[{"id":72605,"position":1,"audio_url":"wbw/016_104_001.mp3","qpc_uthmani_hafs":"إِنَّ","char_type_name":"word","page_number":279,"line_number":3,"text":"ﭣ","translation":{"text":"Indeed","language_name":"english","language_id":38},"transliteration":{"text":"inna","language_name":"english","language_id":38}},{"id":72606,"position":2,"audio_url":"wbw/016_104_002.mp3","qpc_uthmani_hafs":"ٱلَّذِينَ","char_type_name":"word","page_number":279,"line_number":3,"text":"ﭤ","translation":{"text":"those who","language_name":"english","language_id":38},"transliteration":{"text":"alladhīna","language_name":"english","language_id":38}},{"id":72607,"position":3,"audio_url":"wbw/016_104_003.mp3","qpc_uthmani_hafs":"لَا","char_type_name":"word","page_number":279,"line_number":3,"text":"ﭥ","translation":{"text":"(do) not","language_name":"english","language_id":38},"transliteration":{"text":"lā","language_name":"english","language_id":38}},{"id":72608,"position":4,"audio_url":"wbw/016_104_004.mp3","qpc_uthmani_hafs":"يُؤۡمِنُونَ","char_type_name":"word","page_number":279,"line_number":3,"text":"ﭦ","translation":{"text":"believe","language_name":"english","language_id":38},"transliteration":{"text":"yu'minūna","language_name":"english","language_id":38}},{"id":72609,"position":5,"audio_url":"wbw/016_104_005.mp3","qpc_uthmani_hafs":"بِـَٔايَٰتِ","char_type_name":"word","page_number":279,"line_number":3,"text":"ﭧ","translation":{"text":"in the Verses","language_name":"english","language_id":38},"transliteration":{"text":"biāyāti","language_name":"english","language_id":38}},{"id":72610,"position":6,"audio_url":"wbw/016_104_006.mp3","qpc_uthmani_hafs":"ٱللَّهِ","char_type_name":"word","page_number":279,"line_number":3,"text":"ﭨ","translation":{"text":"(of) Allah","language_name":"english","language_id":38},"transliteration":{"text":"l-lahi","language_name":"english","language_id":38}},{"id":72611,"position":7,"audio_url":"wbw/016_104_007.mp3","qpc_uthmani_hafs":"لَا","char_type_name":"word","page_number":279,"line_number":3,"text":"ﭩ","translation":{"text":"not","language_name":"english","language_id":38},"transliteration":{"text":"lā","language_name":"english","language_id":38}},{"id":72612,"position":8,"audio_url":"wbw/016_104_008.mp3","qpc_uthmani_hafs":"يَهۡدِيهِمُ","char_type_name":"word","page_number":279,"line_number":3,"text":"ﭪ","translation":{"text":"Allah will guide them","language_name":"english","language_id":38},"transliteration":{"text":"yahdīhimu","language_name":"english","language_id":38}},{"id":72613,"position":9,"audio_url":"wbw/016_104_009.mp3","qpc_uthmani_hafs":"ٱللَّهُ","char_type_name":"word","page_number":279,"line_number":4,"text":"ﭫ","translation":{"text":"Allah will guide them","language_name":"english","language_id":38},"transliteration":{"text":"l-lahu","language_name":"english","language_id":38}},{"id":72614,"position":10,"audio_url":"wbw/016_104_010.mp3","qpc_uthmani_hafs":"وَلَهُمۡ","char_type_name":"word","page_number":279,"line_number":4,"text":"ﭬ","translation":{"text":"and for them","language_name":"english","language_id":38},"transliteration":{"text":"walahum","language_name":"english","language_id":38}},{"id":72615,"position":11,"audio_url":"wbw/016_104_011.mp3","qpc_uthmani_hafs":"عَذَابٌ","char_type_name":"word","page_number":279,"line_number":4,"text":"ﭭ","translation":{"text":"(is) a punishment","language_name":"english","language_id":38},"transliteration":{"text":"ʿadhābun","language_name":"english","language_id":38}},{"id":72616,"position":12,"audio_url":"wbw/016_104_012.mp3","qpc_uthmani_hafs":"أَلِيمٌ","char_type_name":"word","page_number":279,"line_number":4,"text":"ﭮ","translation":{"text":"painful","language_name":"english","language_id":38},"transliteration":{"text":"alīmun","language_name":"english","language_id":38}},{"id":72617,"position":13,"audio_url":null,"qpc_uthmani_hafs":"١٠٤","char_type_name":"end","page_number":279,"line_number":4,"text":"ﭯ","translation":{"text":"(104)","language_name":"english","language_id":38},"transliteration":{"text":null,"language_name":"english","language_id":38}}],"translations":[{"id":918434,"resource_id":134,"text":"Sesungguhnya orang-orang yang tidak beriman kepada ayat-ayat Allah (Al-Qur`ān), Allah tidak akan memberi petunjuk kepada mereka dan bagi mereka azab yang pedih."}]},{"id":2006,"verse_number":105,"verse_key":"16:105","juz_number":14,"hizb_number":28,"rub_el_hizb_number":111,"ruku_number":237,"manzil_number":3,"sajdah_number":null,"text_uthmani":"إِنَّمَا يَفْتَرِى ٱلْكَذِبَ ٱلَّذِينَ لَا يُؤْمِنُونَ بِـَٔايَـٰتِ ٱللَّهِ ۖ وَأُو۟لَـٰٓئِكَ هُمُ ٱلْكَـٰذِبُونَ","page_number":279,"words":[{"id":72812,"position":1,"audio_url":"wbw/016_105_001.mp3","qpc_uthmani_hafs":"إِنَّمَا","char_type_name":"word","page_number":279,"line_number":4,"text":"ﭰ","translation":{"text":"Only","language_name":"english","language_id":38},"transliteration":{"text":"innamā","language_name":"english","language_id":38}},{"id":72813,"position":2,"audio_url":"wbw/016_105_002.mp3","qpc_uthmani_hafs":"يَفۡتَرِي","char_type_name":"word","page_number":279,"line_number":4,"text":"ﭱ","translation":{"text":"they invent","language_name":"english","language_id":38},"transliteration":{"text":"yaftarī","language_name":"english","language_id":38}},{"id":72814,"position":3,"audio_url":"wbw/016_105_003.mp3","qpc_uthmani_hafs":"ٱلۡكَذِبَ","char_type_name":"word","page_number":279,"line_number":4,"text":"ﭲ","translation":{"text":"the falsehood","language_name":"english","language_id":38},"transliteration":{"text":"l-kadhiba","language_name":"english","language_id":38}},{"id":72815,"position":4,"audio_url":"wbw/016_105_004.mp3","qpc_uthmani_hafs":"ٱلَّذِينَ","char_type_name":"word","page_number":279,"line_number":4,"text":"ﭳ","translation":{"text":"those who","language_name":"english","language_id":38},"transliteration":{"text":"alladhīna","language_name":"english","language_id":38}},{"id":72816,"position":5,"audio_url":"wbw/016_105_005.mp3","qpc_uthmani_hafs":"لَا","char_type_name":"word","page_number":279,"line_number":5,"text":"ﭴ","translation":{"text":"(do) not","language_name":"english","language_id":38},"transliteration":{"text":"lā","language_name":"english","language_id":38}},{"id":72817,"position":6,"audio_url":"wbw/016_105_006.mp3","qpc_uthmani_hafs":"يُؤۡمِنُونَ","char_type_name":"word","page_number":279,"line_number":5,"text":"ﭵ","translation":{"text":"believe","language_name":"english","language_id":38},"transliteration":{"text":"yu'minūna","language_name":"english","language_id":38}},{"id":72818,"position":7,"audio_url":"wbw/016_105_007.mp3","qpc_uthmani_hafs":"بِـَٔايَٰتِ","char_type_name":"word","page_number":279,"line_number":5,"text":"ﭶ","translation":{"text":"in the Verses","language_name":"english","language_id":38},"transliteration":{"text":"biāyāti","language_name":"english","language_id":38}},{"id":72819,"position":8,"audio_url":"wbw/016_105_008.mp3","qpc_uthmani_hafs":"ٱللَّهِۖ","char_type_name":"word","page_number":279,"line_number":5,"text":"ﭷﭸ","translation":{"text":"(of) Allah","language_name":"english","language_id":38},"transliteration":{"text":"l-lahi","language_name":"english","language_id":38}},{"id":72821,"position":9,"audio_url":"wbw/016_105_010.mp3","qpc_uthmani_hafs":"وَأُوْلَٰٓئِكَ","char_type_name":"word","page_number":279,"line_number":5,"text":"ﭹ","translation":{"text":"and those ","language_name":"english","language_id":38},"transliteration":{"text":"wa-ulāika","language_name":"english","language_id":38}},{"id":72822,"position":10,"audio_url":"wbw/016_105_011.mp3","qpc_uthmani_hafs":"هُمُ","char_type_name":"word","page_number":279,"line_number":5,"text":"ﭺ","translation":{"text":"they","language_name":"english","language_id":38},"transliteration":{"text":"humu","language_name":"english","language_id":38}},{"id":72823,"position":11,"audio_url":"wbw/016_105_012.mp3","qpc_uthmani_hafs":"ٱلۡكَٰذِبُونَ","char_type_name":"word","page_number":279,"line_number":5,"text":"ﭻ","translation":{"text":"(are) the liars","language_name":"english","language_id":38},"transliteration":{"text":"l-kādhibūna","language_name":"english","language_id":38}},{"id":72824,"position":12,"audio_url":null,"qpc_uthmani_hafs":"١٠٥","char_type_name":"end","page_number":279,"line_number":6,"text":"ﭼ","translation":{"text":"(105)","language_name":"english","language_id":38},"transliteration":{"text":null,"language_name":"english","language_id":38}}],"translations":[{"id":918435,"resource_id":134,"text":"Sesungguhnya yang mengada-adakan kebohongan, hanyalah orang-orang yang tidak beriman kepada ayat-ayat Allah dan mereka itulah orang-orang pendusta."}]},{"id":2007,"verse_number":106,"verse_key":"16:106","juz_number":14,"hizb_number":28,"rub_el_hizb_number":111,"ruku_number":237,"manzil_number":3,"sajdah_number":null,"text_uthmani":"مَن كَفَرَ بِٱللَّهِ مِنۢ بَعْدِ إِيمَـٰنِهِۦٓ إِلَّا مَنْ أُكْرِهَ وَقَلْبُهُۥ مُطْمَئِنٌّۢ بِٱلْإِيمَـٰنِ وَلَـٰكِن مَّن شَرَحَ بِٱلْكُفْرِ صَدْرًا فَعَلَيْهِمْ غَضَبٌ مِّنَ ٱللَّهِ وَلَهُمْ عَذَابٌ عَظِيمٌ","page_number":279,"words":[{"id":73066,"position":1,"audio_url":"wbw/016_106_001.mp3","qpc_uthmani_hafs":"مَن","char_type_name":"word","page_number":279,"line_number":6,"text":"ﭽ","translation":{"text":"Whoever","language_name":"english","language_id":38},"transliteration":{"text":"man","language_name":"english","language_id":38}},{"id":73067,"position":2,"audio_url":"wbw/016_106_002.mp3","qpc_uthmani_hafs":"كَفَرَ","char_type_name":"word","page_number":279,"line_number":6,"text":"ﭾ","translation":{"text":"disbelieves","language_name":"english","language_id":38},"transliteration":{"text":"kafara","language_name":"english","language_id":38}},{"id":73068,"position":3,"audio_url":"wbw/016_106_003.mp3","qpc_uthmani_hafs":"بِٱللَّهِ","char_type_name":"word","page_number":279,"line_number":6,"text":"ﭿ","translation":{"text":"in Allah","language_name":"english","language_id":38},"transliteration":{"text":"bil-lahi","language_name":"english","language_id":38}},{"id":73069,"position":4,"audio_url":"wbw/016_106_004.mp3","qpc_uthmani_hafs":"مِنۢ","char_type_name":"word","page_number":279,"line_number":6,"text":"ﮀ","translation":{"text":"after","language_name":"english","language_id":38},"transliteration":{"text":"min","language_name":"english","language_id":38}},{"id":73070,"position":5,"audio_url":"wbw/016_106_005.mp3","qpc_uthmani_hafs":"بَعۡدِ","char_type_name":"word","page_number":279,"line_number":6,"text":"ﮁ","translation":{"text":"after","language_name":"english","language_id":38},"transliteration":{"text":"baʿdi","language_name":"english","language_id":38}},{"id":73071,"position":6,"audio_url":"wbw/016_106_006.mp3","qpc_uthmani_hafs":"إِيمَٰنِهِۦٓ","char_type_name":"word","page_number":279,"line_number":6,"text":"ﮂ","translation":{"text":"his belief","language_name":"english","language_id":38},"transliteration":{"text":"īmānihi","language_name":"english","language_id":38}},{"id":73072,"position":7,"audio_url":"wbw/016_106_007.mp3","qpc_uthmani_hafs":"إِلَّا","char_type_name":"word","page_number":279,"line_number":6,"text":"ﮃ","translation":{"text":"except","language_name":"english","language_id":38},"transliteration":{"text":"illā","language_name":"english","language_id":38}},{"id":73073,"position":8,"audio_url":"wbw/016_106_008.mp3","qpc_uthmani_hafs":"مَنۡ","char_type_name":"word","page_number":279,"line_number":6,"text":"ﮄ","translation":{"text":"(one) who","language_name":"english","language_id":38},"transliteration":{"text":"man","language_name":"english","language_id":38}},{"id":73074,"position":9,"audio_url":"wbw/016_106_009.mp3","qpc_uthmani_hafs":"أُكۡرِهَ","char_type_name":"word","page_number":279,"line_number":6,"text":"ﮅ","translation":{"text":"is forced","language_name":"english","language_id":38},"transliteration":{"text":"uk'riha","language_name":"english","language_id":38}},{"id":73075,"position":10,"audio_url":"wbw/016_106_010.mp3","qpc_uthmani_hafs":"وَقَلۡبُهُۥ","char_type_name":"word","page_number":279,"line_number":7,"text":"ﮆ","translation":{"text":"while his heart","language_name":"english","language_id":38},"transliteration":{"text":"waqalbuhu","language_name":"english","language_id":38}},{"id":73076,"position":11,"audio_url":"wbw/016_106_011.mp3","qpc_uthmani_hafs":"مُطۡمَئِنُّۢ","char_type_name":"word","page_number":279,"line_number":7,"text":"ﮇ","translation":{"text":"(is) content","language_name":"english","language_id":38},"transliteration":{"text":"muṭ'ma-innun","language_name":"english","language_id":38}},{"id":73077,"position":12,"audio_url":"wbw/016_106_012.mp3","qpc_uthmani_hafs":"بِٱلۡإِيمَٰنِ","char_type_name":"word","page_number":279,"line_number":7,"text":"ﮈ","translation":{"text":"with the faith","language_name":"english","language_id":38},"transliteration":{"text":"bil-īmāni","language_name":"english","language_id":38}},{"id":73078,"position":13,"audio_url":"wbw/016_106_013.mp3","qpc_uthmani_hafs":"وَلَٰكِن","char_type_name":"word","page_number":279,"line_number":7,"text":"ﮉ","translation":{"text":"But","language_name":"english","language_id":38},"transliteration":{"text":"walākin","language_name":"english","language_id":38}},{"id":73079,"position":14,"audio_url":"wbw/016_106_014.mp3","qpc_uthmani_hafs":"مَّن","char_type_name":"word","page_number":279,"line_number":7,"text":"ﮊ","translation":{"text":"(one) who","language_name":"english","language_id":38},"transliteration":{"text":"man","language_name":"english","language_id":38}},{"id":73080,"position":15,"audio_url":"wbw/016_106_015.mp3","qpc_uthmani_hafs":"شَرَحَ","char_type_name":"word","page_number":279,"line_number":7,"text":"ﮋ","translation":{"text":"opens","language_name":"english","language_id":38},"transliteration":{"text":"sharaḥa","language_name":"english","language_id":38}},{"id":73081,"position":16,"audio_url":"wbw/016_106_016.mp3","qpc_uthmani_hafs":"بِٱلۡكُفۡرِ","char_type_name":"word","page_number":279,"line_number":7,"text":"ﮌ","translation":{"text":"to disbelief","language_name":"english","language_id":38},"transliteration":{"text":"bil-kuf'ri","language_name":"english","language_id":38}},{"id":73082,"position":17,"audio_url":"wbw/016_106_017.mp3","qpc_uthmani_hafs":"صَدۡرٗا","char_type_name":"word","page_number":279,"line_number":7,"text":"ﮍ","translation":{"text":"(his) breast","language_name":"english","language_id":38},"transliteration":{"text":"ṣadran","language_name":"english","language_id":38}},{"id":73083,"position":18,"audio_url":"wbw/016_106_018.mp3","qpc_uthmani_hafs":"فَعَلَيۡهِمۡ","char_type_name":"word","page_number":279,"line_number":8,"text":"ﮎ","translation":{"text":"then upon them","language_name":"english","language_id":38},"transliteration":{"text":"faʿalayhim","language_name":"english","language_id":38}},{"id":73084,"position":19,"audio_url":"wbw/016_106_019.mp3","qpc_uthmani_hafs":"غَضَبٞ","char_type_name":"word","page_number":279,"line_number":8,"text":"ﮏ","translation":{"text":"(is) a wrath","language_name":"english","language_id":38},"transliteration":{"text":"ghaḍabun","language_name":"english","language_id":38}},{"id":73085,"position":20,"audio_url":"wbw/016_106_020.mp3","qpc_uthmani_hafs":"مِّنَ","char_type_name":"word","page_number":279,"line_number":8,"text":"ﮐ","translation":{"text":"of","language_name":"english","language_id":38},"transliteration":{"text":"mina","language_name":"english","language_id":38}},{"id":73086,"position":21,"audio_url":"wbw/016_106_021.mp3","qpc_uthmani_hafs":"ٱللَّهِ","char_type_name":"word","page_number":279,"line_number":8,"text":"ﮑ","translation":{"text":"Allah","language_name":"english","language_id":38},"transliteration":{"text":"l-lahi","language_name":"english","language_id":38}},{"id":73087,"position":22,"audio_url":"wbw/016_106_022.mp3","qpc_uthmani_hafs":"وَلَهُمۡ","char_type_name":"word","page_number":279,"line_number":8,"text":"ﮒ","translation":{"text":"and for them","language_name":"english","language_id":38},"transliteration":{"text":"walahum","language_name":"english","language_id":38}},{"id":73088,"position":23,"audio_url":"wbw/016_106_023.mp3","qpc_uthmani_hafs":"عَذَابٌ","char_type_name":"word","page_number":279,"line_number":8,"text":"ﮓ","translation":{"text":"(is) a punishment","language_name":"english","language_id":38},"transliteration":{"text":"ʿadhābun","language_name":"english","language_id":38}},{"id":73089,"position":24,"audio_url":"wbw/016_106_024.mp3","qpc_uthmani_hafs":"عَظِيمٞ","char_type_name":"word","page_number":279,"line_number":8,"text":"ﮔ","translation":{"text":"great","language_name":"english","language_id":38},"transliteration":{"text":"ʿaẓīmun","language_name":"english","language_id":38}},{"id":73090,"position":25,"audio_url":null,"qpc_uthmani_hafs":"١٠٦","char_type_name":"end","page_number":279,"line_number":8,"text":"ﮕ","translation":{"text":"(106)","language_name":"english","language_id":38},"transliteration":{"text":null,"language_name":"english","language_id":38}}],"translations":[{"id":918436,"resource_id":134,"text":"Barang siapa yang kafir kepada Allah sesudah dia beriman (dia mendapat kemurkaan Allah), kecuali orang yang dipaksa kafir padahal hatinya tetap tenang dalam beriman (dia tidak berdosa), akan tetapi orang yang melapangkan dadanya untuk kekafiran, maka kemurkaan Allah menimpanya dan baginya azab yang besar."}]},{"id":2008,"verse_number":107,"verse_key":"16:107","juz_number":14,"hizb_number":28,"rub_el_hizb_number":111,"ruku_number":237,"manzil_number":3,"sajdah_number":null,"text_uthmani":"ذَٰلِكَ بِأَنَّهُمُ ٱسْتَحَبُّوا۟ ٱلْحَيَوٰةَ ٱلدُّنْيَا عَلَى ٱلْـَٔاخِرَةِ وَأَنَّ ٱللَّهَ لَا يَهْدِى ٱلْقَوْمَ ٱلْكَـٰفِرِينَ","page_number":279,"words":[{"id":73424,"position":1,"audio_url":"wbw/016_107_001.mp3","qpc_uthmani_hafs":"ذَٰلِكَ","char_type_name":"word","page_number":279,"line_number":9,"text":"ﮖ","translation":{"text":"That (is)","language_name":"english","language_id":38},"transliteration":{"text":"dhālika","language_name":"english","language_id":38}},{"id":73425,"position":2,"audio_url":"wbw/016_107_002.mp3","qpc_uthmani_hafs":"بِأَنَّهُمُ","char_type_name":"word","page_number":279,"line_number":9,"text":"ﮗ","translation":{"text":"because","language_name":"english","language_id":38},"transliteration":{"text":"bi-annahumu","language_name":"english","language_id":38}},{"id":73426,"position":3,"audio_url":"wbw/016_107_003.mp3","qpc_uthmani_hafs":"ٱسۡتَحَبُّواْ","char_type_name":"word","page_number":279,"line_number":9,"text":"ﮘ","translation":{"text":"they preferred","language_name":"english","language_id":38},"transliteration":{"text":"is'taḥabbū","language_name":"english","language_id":38}},{"id":73427,"position":4,"audio_url":"wbw/016_107_004.mp3","qpc_uthmani_hafs":"ٱلۡحَيَوٰةَ","char_type_name":"word","page_number":279,"line_number":9,"text":"ﮙ","translation":{"text":"the life","language_name":"english","language_id":38},"transliteration":{"text":"l-ḥayata","language_name":"english","language_id":38}},{"id":73428,"position":5,"audio_url":"wbw/016_107_005.mp3","qpc_uthmani_hafs":"ٱلدُّنۡيَا","char_type_name":"word","page_number":279,"line_number":9,"text":"ﮚ","translation":{"text":"(of) the world","language_name":"english","language_id":38},"transliteration":{"text":"l-dun'yā","language_name":"english","language_id":38}},{"id":73429,"position":6,"audio_url":"wbw/016_107_006.mp3","qpc_uthmani_hafs":"عَلَى","char_type_name":"word","page_number":279,"line_number":9,"text":"ﮛ","translation":{"text":"over","language_name":"english","language_id":38},"transliteration":{"text":"ʿalā","language_name":"english","language_id":38}},{"id":73430,"position":7,"audio_url":"wbw/016_107_007.mp3","qpc_uthmani_hafs":"ٱلۡأٓخِرَةِ","char_type_name":"word","page_number":279,"line_number":9,"text":"ﮜ","translation":{"text":"the Hereafter","language_name":"english","language_id":38},"transliteration":{"text":"l-ākhirati","language_name":"english","language_id":38}},{"id":73431,"position":8,"audio_url":"wbw/016_107_008.mp3","qpc_uthmani_hafs":"وَأَنَّ","char_type_name":"word","page_number":279,"line_number":10,"text":"ﮝ","translation":{"text":"and that","language_name":"english","language_id":38},"transliteration":{"text":"wa-anna","language_name":"english","language_id":38}},{"id":73432,"position":9,"audio_url":"wbw/016_107_009.mp3","qpc_uthmani_hafs":"ٱللَّهَ","char_type_name":"word","page_number":279,"line_number":10,"text":"ﮞ","translation":{"text":"Allah","language_name":"english","language_id":38},"transliteration":{"text":"l-laha","language_name":"english","language_id":38}},{"id":73433,"position":10,"audio_url":"wbw/016_107_010.mp3","qpc_uthmani_hafs":"لَا","char_type_name":"word","page_number":279,"line_number":10,"text":"ﮟ","translation":{"text":"(does) not","language_name":"english","language_id":38},"transliteration":{"text":"lā","language_name":"english","language_id":38}},{"id":73434,"position":11,"audio_url":"wbw/016_107_011.mp3","qpc_uthmani_hafs":"يَهۡدِي","char_type_name":"word","page_number":279,"line_number":10,"text":"ﮠ","translation":{"text":"guide","language_name":"english","language_id":38},"transliteration":{"text":"yahdī","language_name":"english","language_id":38}},{"id":73435,"position":12,"audio_url":"wbw/016_107_012.mp3","qpc_uthmani_hafs":"ٱلۡقَوۡمَ","char_type_name":"word","page_number":279,"line_number":10,"text":"ﮡ","translation":{"text":"the people","language_name":"english","language_id":38},"transliteration":{"text":"l-qawma","language_name":"english","language_id":38}},{"id":73436,"position":13,"audio_url":"wbw/016_107_013.mp3","qpc_uthmani_hafs":"ٱلۡكَٰفِرِينَ","char_type_name":"word","page_number":279,"line_number":10,"text":"ﮢ","translation":{"text":"the disbelievers","language_name":"english","language_id":38},"transliteration":{"text":"l-kāfirīna","language_name":"english","language_id":38}},{"id":73437,"position":14,"audio_url":null,"qpc_uthmani_hafs":"١٠٧","char_type_name":"end","page_number":279,"line_number":10,"text":"ﮣ","translation":{"text":"(107)","language_name":"english","language_id":38},"transliteration":{"text":null,"language_name":"english","language_id":38}}],"translations":[{"id":918437,"resource_id":134,"text":"Yang demikian itu disebabkan karena sesungguhnya mereka mencintai kehidupan di dunia lebih dari akhirat dan bahwasanya Allah tiada memberi petunjuk kepada kaum yang kafir."}]},{"id":2009,"verse_number":108,"verse_key":"16:108","juz_number":14,"hizb_number":28,"rub_el_hizb_number":111,"ruku_number":237,"manzil_number":3,"sajdah_number":null,"text_uthmani":"أُو۟لَـٰٓئِكَ ٱلَّذِينَ طَبَعَ ٱللَّهُ عَلَىٰ قُلُوبِهِمْ وَسَمْعِهِمْ وَأَبْصَـٰرِهِمْ ۖ وَأُو۟لَـٰٓئِكَ هُمُ ٱلْغَـٰفِلُونَ","page_number":279,"words":[{"id":73706,"position":1,"audio_url":"wbw/016_108_001.mp3","qpc_uthmani_hafs":"أُوْلَٰٓئِكَ","char_type_name":"word","page_number":279,"line_number":10,"text":"ﮤ","translation":{"text":"Those","language_name":"english","language_id":38},"transliteration":{"text":"ulāika","language_name":"english","language_id":38}},{"id":73707,"position":2,"audio_url":"wbw/016_108_002.mp3","qpc_uthmani_hafs":"ٱلَّذِينَ","char_type_name":"word","page_number":279,"line_number":11,"text":"ﮥ","translation":{"text":"(are) the ones ","language_name":"english","language_id":38},"transliteration":{"text":"alladhīna","language_name":"english","language_id":38}},{"id":73708,"position":3,"audio_url":"wbw/016_108_003.mp3","qpc_uthmani_hafs":"طَبَعَ","char_type_name":"word","page_number":279,"line_number":11,"text":"ﮦ","translation":{"text":"Allah has set a seal","language_name":"english","language_id":38},"transliteration":{"text":"ṭabaʿa","language_name":"english","language_id":38}},{"id":73709,"position":4,"audio_url":"wbw/016_108_004.mp3","qpc_uthmani_hafs":"ٱللَّهُ","char_type_name":"word","page_number":279,"line_number":11,"text":"ﮧ","translation":{"text":"Allah has set a seal","language_name":"english","language_id":38},"transliteration":{"text":"l-lahu","language_name":"english","language_id":38}},{"id":73710,"position":5,"audio_url":"wbw/016_108_005.mp3","qpc_uthmani_hafs":"عَلَىٰ","char_type_name":"word","page_number":279,"line_number":11,"text":"ﮨ","translation":{"text":"over","language_name":"english","language_id":38},"transliteration":{"text":"ʿalā","language_name":"english","language_id":38}},{"id":73711,"position":6,"audio_url":"wbw/016_108_006.mp3","qpc_uthmani_hafs":"قُلُوبِهِمۡ","char_type_name":"word","page_number":279,"line_number":11,"text":"ﮩ","translation":{"text":"their hearts","language_name":"english","language_id":38},"transliteration":{"text":"qulūbihim","language_name":"english","language_id":38}},{"id":73712,"position":7,"audio_url":"wbw/016_108_007.mp3","qpc_uthmani_hafs":"وَسَمۡعِهِمۡ","char_type_name":"word","page_number":279,"line_number":11,"text":"ﮪ","translation":{"text":"and their hearing","language_name":"english","language_id":38},"transliteration":{"text":"wasamʿihim","language_name":"english","language_id":38}},{"id":73713,"position":8,"audio_url":"wbw/016_108_008.mp3","qpc_uthmani_hafs":"وَأَبۡصَٰرِهِمۡۖ","char_type_name":"word","page_number":279,"line_number":11,"text":"ﮫﮬ","translation":{"text":"and their sight","language_name":"english","language_id":38},"transliteration":{"text":"wa-abṣārihim","language_name":"english","language_id":38}},{"id":73715,"position":9,"audio_url":"wbw/016_108_010.mp3","qpc_uthmani_hafs":"وَأُوْلَٰٓئِكَ","char_type_name":"word","page_number":279,"line_number":12,"text":"ﮭ","translation":{"text":"And those ","language_name":"english","language_id":38},"transliteration":{"text":"wa-ulāika","language_name":"english","language_id":38}},{"id":73716,"position":10,"audio_url":"wbw/016_108_011.mp3","qpc_uthmani_hafs":"هُمُ","char_type_name":"word","page_number":279,"line_number":12,"text":"ﮮ","translation":{"text":"they are","language_name":"english","language_id":38},"transliteration":{"text":"humu","language_name":"english","language_id":38}},{"id":73717,"position":11,"audio_url":"wbw/016_108_012.mp3","qpc_uthmani_hafs":"ٱلۡغَٰفِلُونَ","char_type_name":"word","page_number":279,"line_number":12,"text":"ﮯ","translation":{"text":"the heedless","language_name":"english","language_id":38},"transliteration":{"text":"l-ghāfilūna","language_name":"english","language_id":38}},{"id":73718,"position":12,"audio_url":null,"qpc_uthmani_hafs":"١٠٨","char_type_name":"end","page_number":279,"line_number":12,"text":"ﮰ","translation":{"text":"(108)","language_name":"english","language_id":38},"transliteration":{"text":null,"language_name":"english","language_id":38}}],"translations":[{"id":918438,"resource_id":134,"text":"Mereka itulah orang-orang yang hati, pendengaran dan penglihatannya telah dikunci mati oleh Allah dan mereka itulah orang-orang yang lalai."}]},{"id":2010,"verse_number":109,"verse_key":"16:109","juz_number":14,"hizb_number":28,"rub_el_hizb_number":111,"ruku_number":237,"manzil_number":3,"sajdah_number":null,"text_uthmani":"لَا جَرَمَ أَنَّهُمْ فِى ٱلْـَٔاخِرَةِ هُمُ ٱلْخَـٰسِرُونَ","page_number":279,"words":[{"id":73988,"position":1,"audio_url":"wbw/016_109_001.mp3","qpc_uthmani_hafs":"لَا","char_type_name":"word","page_number":279,"line_number":12,"text":"ﮱ","translation":{"text":"No","language_name":"english","language_id":38},"transliteration":{"text":"lā","language_name":"english","language_id":38}},{"id":73989,"position":2,"audio_url":"wbw/016_109_002.mp3","qpc_uthmani_hafs":"جَرَمَ","char_type_name":"word","page_number":279,"line_number":12,"text":"ﯓ","translation":{"text":"doubt","language_name":"english","language_id":38},"transliteration":{"text":"jarama","language_name":"english","language_id":38}},{"id":73990,"position":3,"audio_url":"wbw/016_109_003.mp3","qpc_uthmani_hafs":"أَنَّهُمۡ","char_type_name":"word","page_number":279,"line_number":12,"text":"ﯔ","translation":{"text":"that they","language_name":"english","language_id":38},"transliteration":{"text":"annahum","language_name":"english","language_id":38}},{"id":73991,"position":4,"audio_url":"wbw/016_109_004.mp3","qpc_uthmani_hafs":"فِي","char_type_name":"word","page_number":279,"line_number":12,"text":"ﯕ","translation":{"text":"in","language_name":"english","language_id":38},"transliteration":{"text":"fī","language_name":"english","language_id":38}},{"id":73992,"position":5,"audio_url":"wbw/016_109_005.mp3","qpc_uthmani_hafs":"ٱلۡأٓخِرَةِ","char_type_name":"word","page_number":279,"line_number":13,"text":"ﯖ","translation":{"text":"the Hereafter","language_name":"english","language_id":38},"transliteration":{"text":"l-ākhirati","language_name":"english","language_id":38}},{"id":73993,"position":6,"audio_url":"wbw/016_109_006.mp3","qpc_uthmani_hafs":"هُمُ","char_type_name":"word","page_number":279,"line_number":13,"text":"ﯗ","translation":{"text":"[they]","language_name":"english","language_id":38},"transliteration":{"text":"humu","language_name":"english","language_id":38}},{"id":73994,"position":7,"audio_url":"wbw/016_109_007.mp3","qpc_uthmani_hafs":"ٱلۡخَٰسِرُونَ","char_type_name":"word","page_number":279,"line_number":13,"text":"ﯘ","translation":{"text":"(are) the losers","language_name":"english","language_id":38},"transliteration":{"text":"l-khāsirūna","language_name":"english","language_id":38}},{"id":73995,"position":8,"audio_url":null,"qpc_uthmani_hafs":"١٠٩","char_type_name":"end","page_number":279,"line_number":13,"text":"ﯙ","translation":{"text":"(109)","language_name":"english","language_id":38},"transliteration":{"text":null,"language_name":"english","language_id":38}}],"translations":[{"id":918439,"resource_id":134,"text":"Pastilah bahwa mereka di akhirat nanti adalah orang-orang yang merugi."}]},{"id":2011,"verse_number":110,"verse_key":"16:110","juz_number":14,"hizb_number":28,"rub_el_hizb_number":111,"ruku_number":237,"manzil_number":3,"sajdah_number":null,"text_uthmani":"ثُمَّ إِنَّ رَبَّكَ لِلَّذِينَ هَاجَرُوا۟ مِنۢ بَعْدِ مَا فُتِنُوا۟ ثُمَّ جَـٰهَدُوا۟ وَصَبَرُوٓا۟ إِنَّ رَبَّكَ مِنۢ بَعْدِهَا لَغَفُورٌ رَّحِيمٌ","page_number":279,"words":[{"id":74050,"position":1,"audio_url":"wbw/016_110_001.mp3","qpc_uthmani_hafs":"ثُمَّ","char_type_name":"word","page_number":279,"line_number":13,"text":"ﯚ","translation":{"text":"Then","language_name":"english","language_id":38},"transliteration":{"text":"thumma","language_name":"english","language_id":38}},{"id":74051,"position":2,"audio_url":"wbw/016_110_002.mp3","qpc_uthmani_hafs":"إِنَّ","char_type_name":"word","page_number":279,"line_number":13,"text":"ﯛ","translation":{"text":"indeed","language_name":"english","language_id":38},"transliteration":{"text":"inna","language_name":"english","language_id":38}},{"id":74052,"position":3,"audio_url":"wbw/016_110_003.mp3","qpc_uthmani_hafs":"رَبَّكَ","char_type_name":"word","page_number":279,"line_number":13,"text":"ﯜ","translation":{"text":"your Lord","language_name":"english","language_id":38},"transliteration":{"text":"rabbaka","language_name":"english","language_id":38}},{"id":74053,"position":4,"audio_url":"wbw/016_110_004.mp3","qpc_uthmani_hafs":"لِلَّذِينَ","char_type_name":"word","page_number":279,"line_number":14,"text":"ﯝ","translation":{"text":"to those who","language_name":"english","language_id":38},"transliteration":{"text":"lilladhīna","language_name":"english","language_id":38}},{"id":74054,"position":5,"audio_url":"wbw/016_110_005.mp3","qpc_uthmani_hafs":"هَاجَرُواْ","char_type_name":"word","page_number":279,"line_number":14,"text":"ﯞ","translation":{"text":"emigrated","language_name":"english","language_id":38},"transliteration":{"text":"hājarū","language_name":"english","language_id":38}},{"id":74055,"position":6,"audio_url":"wbw/016_110_006.mp3","qpc_uthmani_hafs":"مِنۢ","char_type_name":"word","page_number":279,"line_number":14,"text":"ﯟ","translation":{"text":"after","language_name":"english","language_id":38},"transliteration":{"text":"min","language_name":"english","language_id":38}},{"id":74056,"position":7,"audio_url":"wbw/016_110_007.mp3","qpc_uthmani_hafs":"بَعۡدِ","char_type_name":"word","page_number":279,"line_number":14,"text":"ﯠ","translation":{"text":"after","language_name":"english","language_id":38},"transliteration":{"text":"baʿdi","language_name":"english","language_id":38}},{"id":74057,"position":8,"audio_url":"wbw/016_110_008.mp3","qpc_uthmani_hafs":"مَا","char_type_name":"word","page_number":279,"line_number":14,"text":"ﯡ","translation":{"text":"what","language_name":"english","language_id":38},"transliteration":{"text":"mā","language_name":"english","language_id":38}},{"id":74058,"position":9,"audio_url":"wbw/016_110_009.mp3","qpc_uthmani_hafs":"فُتِنُواْ","char_type_name":"word","page_number":279,"line_number":14,"text":"ﯢ","translation":{"text":"they had been put to trials","language_name":"english","language_id":38},"transliteration":{"text":"futinū","language_name":"english","language_id":38}},{"id":74059,"position":10,"audio_url":"wbw/016_110_010.mp3","qpc_uthmani_hafs":"ثُمَّ","char_type_name":"word","page_number":279,"line_number":14,"text":"ﯣ","translation":{"text":"then","language_name":"english","language_id":38},"transliteration":{"text":"thumma","language_name":"english","language_id":38}},{"id":74060,"position":11,"audio_url":"wbw/016_110_011.mp3","qpc_uthmani_hafs":"جَٰهَدُواْ","char_type_name":"word","page_number":279,"line_number":14,"text":"ﯤ","translation":{"text":"strove hard","language_name":"english","language_id":38},"transliteration":{"text":"jāhadū","language_name":"english","language_id":38}},{"id":74061,"position":12,"audio_url":"wbw/016_110_012.mp3","qpc_uthmani_hafs":"وَصَبَرُوٓاْ","char_type_name":"word","page_number":279,"line_number":15,"text":"ﯥ","translation":{"text":"and were patient","language_name":"english","language_id":38},"transliteration":{"text":"waṣabarū","language_name":"english","language_id":38}},{"id":74062,"position":13,"audio_url":"wbw/016_110_013.mp3","qpc_uthmani_hafs":"إِنَّ","char_type_name":"word","page_number":279,"line_number":15,"text":"ﯦ","translation":{"text":"Indeed","language_name":"english","language_id":38},"transliteration":{"text":"inna","language_name":"english","language_id":38}},{"id":74063,"position":14,"audio_url":"wbw/016_110_014.mp3","qpc_uthmani_hafs":"رَبَّكَ","char_type_name":"word","page_number":279,"line_number":15,"text":"ﯧ","translation":{"text":"your Lord","language_name":"english","language_id":38},"transliteration":{"text":"rabbaka","language_name":"english","language_id":38}},{"id":74064,"position":15,"audio_url":"wbw/016_110_015.mp3","qpc_uthmani_hafs":"مِنۢ","char_type_name":"word","page_number":279,"line_number":15,"text":"ﯨ","translation":{"text":"after it","language_name":"english","language_id":38},"transliteration":{"text":"min","language_name":"english","language_id":38}},{"id":74065,"position":16,"audio_url":"wbw/016_110_016.mp3","qpc_uthmani_hafs":"بَعۡدِهَا","char_type_name":"word","page_number":279,"line_number":15,"text":"ﯩ","translation":{"text":"after it","language_name":"english","language_id":38},"transliteration":{"text":"baʿdihā","language_name":"english","language_id":38}},{"id":74066,"position":17,"audio_url":"wbw/016_110_017.mp3","qpc_uthmani_hafs":"لَغَفُورٞ","char_type_name":"word","page_number":279,"line_number":15,"text":"ﯪ","translation":{"text":"surely is Oft-Forgiving","language_name":"english","language_id":38},"transliteration":{"text":"laghafūrun","language_name":"english","language_id":38}},{"id":74067,"position":18,"audio_url":"wbw/016_110_018.mp3","qpc_uthmani_hafs":"رَّحِيمٞ","char_type_name":"word","page_number":279,"line_number":15,"text":"ﯫ","translation":{"text":"Most Merciful","language_name":"english","language_id":38},"transliteration":{"text":"raḥīmun","language_name":"english","language_id":38}},{"id":74068,"position":19,"audio_url":null,"qpc_uthmani_hafs":"١١٠","char_type_name":"end","page_number":279,"line_number":15,"text":"ﯬ","translation":{"text":"(110)","language_name":"english","language_id":38},"transliteration":{"text":null,"language_name":"english","language_id":38}}],"translations":[{"id":918440,"resource_id":134,"text":"Dan sesungguhnya Tuhan-mu (pelindung) bagi orang-orang yang berhijrah sesudah menderita cobaan, kemudian mereka berjihad dan sabar; sesungguhnya Tuhan-mu sesudah itu benar-benar Maha Pengampun lagi Maha Penyayang."}]}],"pagination":{"per_page":50,"current_page":1,"next_page":null,"total_pages":1,"total_records":8}}