{"verses":[{"id":2105,"verse_number":76,"verse_key":"17:76","juz_number":15,"hizb_number":29,"rub_el_hizb_number":116,"ruku_number":247,"manzil_number":4,"sajdah_number":null,"text_uthmani":"وَإِن كَادُوا۟ لَيَسْتَفِزُّونَكَ مِنَ ٱلْأَرْضِ لِيُخْرِجُوكَ مِنْهَا ۖ وَإِذًا لَّا يَلْبَثُونَ خِلَـٰفَكَ إِلَّا قَلِيلًا","page_number":290,"words":[{"id":62324,"position":1,"audio_url":"wbw/017_076_001.mp3","qpc_uthmani_hafs":"وَإِن","char_type_name":"word","page_number":290,"line_number":1,"text":"ﭑ","translation":{"text":"And indeed","language_name":"english","language_id":38},"transliteration":{"text":"wa-in","language_name":"english","language_id":38}},{"id":62325,"position":2,"audio_url":"wbw/017_076_002.mp3","qpc_uthmani_hafs":"كَادُواْ","char_type_name":"word","page_number":290,"line_number":1,"text":"ﭒ","translation":{"text":"they were about","language_name":"english","language_id":38},"transliteration":{"text":"kādū","language_name":"english","language_id":38}},{"id":62326,"position":3,"audio_url":"wbw/017_076_003.mp3","qpc_uthmani_hafs":"لَيَسۡتَفِزُّونَكَ","char_type_name":"word","page_number":290,"line_number":1,"text":"ﭓ","translation":{"text":"(to) scare you","language_name":"english","language_id":38},"transliteration":{"text":"layastafizzūnaka","language_name":"english","language_id":38}},{"id":62327,"position":4,"audio_url":"wbw/017_076_004.mp3","qpc_uthmani_hafs":"مِنَ","char_type_name":"word","page_number":290,"line_number":1,"text":"ﭔ","translation":{"text":"from","language_name":"english","language_id":38},"transliteration":{"text":"mina","language_name":"english","language_id":38}},{"id":62328,"position":5,"audio_url":"wbw/017_076_005.mp3","qpc_uthmani_hafs":"ٱلۡأَرۡضِ","char_type_name":"word","page_number":290,"line_number":1,"text":"ﭕ","translation":{"text":"the land","language_name":"english","language_id":38},"transliteration":{"text":"l-arḍi","language_name":"english","language_id":38}},{"id":62329,"position":6,"audio_url":"wbw/017_076_006.mp3","qpc_uthmani_hafs":"لِيُخۡرِجُوكَ","char_type_name":"word","page_number":290,"line_number":1,"text":"ﭖ","translation":{"text":"that they evict you","language_name":"english","language_id":38},"transliteration":{"text":"liyukh'rijūka","language_name":"english","language_id":38}},{"id":62330,"position":7,"audio_url":"wbw/017_076_007.mp3","qpc_uthmani_hafs":"مِنۡهَاۖ","char_type_name":"word","page_number":290,"line_number":1,"text":"ﭗﭘ","translation":{"text":"from it","language_name":"english","language_id":38},"transliteration":{"text":"min'hā","language_name":"english","language_id":38}},{"id":62332,"position":8,"audio_url":"wbw/017_076_009.mp3","qpc_uthmani_hafs":"وَإِذٗا","char_type_name":"word","page_number":290,"line_number":2,"text":"ﭙ","translation":{"text":"But then","language_name":"english","language_id":38},"transliteration":{"text":"wa-idhan","language_name":"english","language_id":38}},{"id":62333,"position":9,"audio_url":"wbw/017_076_010.mp3","qpc_uthmani_hafs":"لَّا","char_type_name":"word","page_number":290,"line_number":2,"text":"ﭚ","translation":{"text":"not","language_name":"english","language_id":38},"transliteration":{"text":"lā","language_name":"english","language_id":38}},{"id":62334,"position":10,"audio_url":"wbw/017_076_011.mp3","qpc_uthmani_hafs":"يَلۡبَثُونَ","char_type_name":"word","page_number":290,"line_number":2,"text":"ﭛ","translation":{"text":"they (would) have stayed","language_name":"english","language_id":38},"transliteration":{"text":"yalbathūna","language_name":"english","language_id":38}},{"id":62335,"position":11,"audio_url":"wbw/017_076_012.mp3","qpc_uthmani_hafs":"خِلَٰفَكَ","char_type_name":"word","page_number":290,"line_number":2,"text":"ﭜ","translation":{"text":"after you","language_name":"english","language_id":38},"transliteration":{"text":"khilāfaka","language_name":"english","language_id":38}},{"id":62336,"position":12,"audio_url":"wbw/017_076_013.mp3","qpc_uthmani_hafs":"إِلَّا","char_type_name":"word","page_number":290,"line_number":2,"text":"ﭝ","translation":{"text":"except","language_name":"english","language_id":38},"transliteration":{"text":"illā","language_name":"english","language_id":38}},{"id":62337,"position":13,"audio_url":"wbw/017_076_014.mp3","qpc_uthmani_hafs":"قَلِيلٗا","char_type_name":"word","page_number":290,"line_number":2,"text":"ﭞ","translation":{"text":"a little","language_name":"english","language_id":38},"transliteration":{"text":"qalīlan","language_name":"english","language_id":38}},{"id":62338,"position":14,"audio_url":null,"qpc_uthmani_hafs":"٧٦","char_type_name":"end","page_number":290,"line_number":2,"text":"ﭟ","translation":{"text":"(76)","language_name":"english","language_id":38},"transliteration":{"text":null,"language_name":"english","language_id":38}}],"translations":[{"id":918534,"resource_id":134,"text":"Dan sesungguhnya benar-benar mereka hampir membuatmu gelisah di negeri (Mekah) untuk mengusirmu darinya dan kalau terjadi demikian, niscaya sepeninggalmu mereka tidak tinggal, melainkan sebentar saja <sup foot_note=210631>1</sup>."}]},{"id":2106,"verse_number":77,"verse_key":"17:77","juz_number":15,"hizb_number":29,"rub_el_hizb_number":116,"ruku_number":247,"manzil_number":4,"sajdah_number":null,"text_uthmani":"سُنَّةَ مَن قَدْ أَرْسَلْنَا قَبْلَكَ مِن رُّسُلِنَا ۖ وَلَا تَجِدُ لِسُنَّتِنَا تَحْوِيلًا","page_number":290,"words":[{"id":62761,"position":1,"audio_url":"wbw/017_077_001.mp3","qpc_uthmani_hafs":"سُنَّةَ","char_type_name":"word","page_number":290,"line_number":2,"text":"ﭠ","translation":{"text":"(Such is Our) Way","language_name":"english","language_id":38},"transliteration":{"text":"sunnata","language_name":"english","language_id":38}},{"id":62762,"position":2,"audio_url":"wbw/017_077_002.mp3","qpc_uthmani_hafs":"مَن","char_type_name":"word","page_number":290,"line_number":2,"text":"ﭡ","translation":{"text":"(for) whom","language_name":"english","language_id":38},"transliteration":{"text":"man","language_name":"english","language_id":38}},{"id":62763,"position":3,"audio_url":"wbw/017_077_003.mp3","qpc_uthmani_hafs":"قَدۡ","char_type_name":"word","page_number":290,"line_number":2,"text":"ﭢ","translation":{"text":"[verily]","language_name":"english","language_id":38},"transliteration":{"text":"qad","language_name":"english","language_id":38}},{"id":62764,"position":4,"audio_url":"wbw/017_077_004.mp3","qpc_uthmani_hafs":"أَرۡسَلۡنَا","char_type_name":"word","page_number":290,"line_number":3,"text":"ﭣ","translation":{"text":"We sent","language_name":"english","language_id":38},"transliteration":{"text":"arsalnā","language_name":"english","language_id":38}},{"id":62765,"position":5,"audio_url":"wbw/017_077_005.mp3","qpc_uthmani_hafs":"قَبۡلَكَ","char_type_name":"word","page_number":290,"line_number":3,"text":"ﭤ","translation":{"text":"before you","language_name":"english","language_id":38},"transliteration":{"text":"qablaka","language_name":"english","language_id":38}},{"id":62766,"position":6,"audio_url":"wbw/017_077_006.mp3","qpc_uthmani_hafs":"مِن","char_type_name":"word","page_number":290,"line_number":3,"text":"ﭥ","translation":{"text":"of","language_name":"english","language_id":38},"transliteration":{"text":"min","language_name":"english","language_id":38}},{"id":62767,"position":7,"audio_url":"wbw/017_077_007.mp3","qpc_uthmani_hafs":"رُّسُلِنَاۖ","char_type_name":"word","page_number":290,"line_number":3,"text":"ﭦﭧ","translation":{"text":"Our Messengers","language_name":"english","language_id":38},"transliteration":{"text":"rusulinā","language_name":"english","language_id":38}},{"id":62769,"position":8,"audio_url":"wbw/017_077_009.mp3","qpc_uthmani_hafs":"وَلَا","char_type_name":"word","page_number":290,"line_number":3,"text":"ﭨ","translation":{"text":"And not","language_name":"english","language_id":38},"transliteration":{"text":"walā","language_name":"english","language_id":38}},{"id":62770,"position":9,"audio_url":"wbw/017_077_010.mp3","qpc_uthmani_hafs":"تَجِدُ","char_type_name":"word","page_number":290,"line_number":3,"text":"ﭩ","translation":{"text":"you will find","language_name":"english","language_id":38},"transliteration":{"text":"tajidu","language_name":"english","language_id":38}},{"id":62771,"position":10,"audio_url":"wbw/017_077_011.mp3","qpc_uthmani_hafs":"لِسُنَّتِنَا","char_type_name":"word","page_number":290,"line_number":3,"text":"ﭪ","translation":{"text":"(in) Our way","language_name":"english","language_id":38},"transliteration":{"text":"lisunnatinā","language_name":"english","language_id":38}},{"id":62772,"position":11,"audio_url":"wbw/017_077_012.mp3","qpc_uthmani_hafs":"تَحۡوِيلًا","char_type_name":"word","page_number":290,"line_number":3,"text":"ﭫ","translation":{"text":"any alteration","language_name":"english","language_id":38},"transliteration":{"text":"taḥwīlan","language_name":"english","language_id":38}},{"id":62773,"position":12,"audio_url":null,"qpc_uthmani_hafs":"٧٧","char_type_name":"end","page_number":290,"line_number":3,"text":"ﭬ","translation":{"text":"(77)","language_name":"english","language_id":38},"transliteration":{"text":null,"language_name":"english","language_id":38}}],"translations":[{"id":918535,"resource_id":134,"text":"(Kami menetapkan yang demikian) sebagai suatu ketetapan terhadap rasul-rasul Kami yang Kami utus sebelum kamu <sup foot_note=210632>1</sup> dan tidak akan kamu dapati perubahan bagi ketetapan Kami itu."}]},{"id":2107,"verse_number":78,"verse_key":"17:78","juz_number":15,"hizb_number":29,"rub_el_hizb_number":116,"ruku_number":248,"manzil_number":4,"sajdah_number":null,"text_uthmani":"أَقِمِ ٱلصَّلَوٰةَ لِدُلُوكِ ٱلشَّمْسِ إِلَىٰ غَسَقِ ٱلَّيْلِ وَقُرْءَانَ ٱلْفَجْرِ ۖ إِنَّ قُرْءَانَ ٱلْفَجْرِ كَانَ مَشْهُودًا","page_number":290,"words":[{"id":63627,"position":1,"audio_url":"wbw/017_078_001.mp3","qpc_uthmani_hafs":"أَقِمِ","char_type_name":"word","page_number":290,"line_number":3,"text":"ﭭ","translation":{"text":"Establish","language_name":"english","language_id":38},"transliteration":{"text":"aqimi","language_name":"english","language_id":38}},{"id":63628,"position":2,"audio_url":"wbw/017_078_002.mp3","qpc_uthmani_hafs":"ٱلصَّلَوٰةَ","char_type_name":"word","page_number":290,"line_number":4,"text":"ﭮ","translation":{"text":"the prayer","language_name":"english","language_id":38},"transliteration":{"text":"l-ṣalata","language_name":"english","language_id":38}},{"id":63629,"position":3,"audio_url":"wbw/017_078_003.mp3","qpc_uthmani_hafs":"لِدُلُوكِ","char_type_name":"word","page_number":290,"line_number":4,"text":"ﭯ","translation":{"text":"at the decline","language_name":"english","language_id":38},"transliteration":{"text":"lidulūki","language_name":"english","language_id":38}},{"id":63630,"position":4,"audio_url":"wbw/017_078_004.mp3","qpc_uthmani_hafs":"ٱلشَّمۡسِ","char_type_name":"word","page_number":290,"line_number":4,"text":"ﭰ","translation":{"text":"(of) the sun","language_name":"english","language_id":38},"transliteration":{"text":"l-shamsi","language_name":"english","language_id":38}},{"id":63631,"position":5,"audio_url":"wbw/017_078_005.mp3","qpc_uthmani_hafs":"إِلَىٰ","char_type_name":"word","page_number":290,"line_number":4,"text":"ﭱ","translation":{"text":"till","language_name":"english","language_id":38},"transliteration":{"text":"ilā","language_name":"english","language_id":38}},{"id":63632,"position":6,"audio_url":"wbw/017_078_006.mp3","qpc_uthmani_hafs":"غَسَقِ","char_type_name":"word","page_number":290,"line_number":4,"text":"ﭲ","translation":{"text":"(the) darkness","language_name":"english","language_id":38},"transliteration":{"text":"ghasaqi","language_name":"english","language_id":38}},{"id":63633,"position":7,"audio_url":"wbw/017_078_007.mp3","qpc_uthmani_hafs":"ٱلَّيۡلِ","char_type_name":"word","page_number":290,"line_number":4,"text":"ﭳ","translation":{"text":"(of) the night","language_name":"english","language_id":38},"transliteration":{"text":"al-layli","language_name":"english","language_id":38}},{"id":63634,"position":8,"audio_url":"wbw/017_078_008.mp3","qpc_uthmani_hafs":"وَقُرۡءَانَ","char_type_name":"word","page_number":290,"line_number":4,"text":"ﭴ","translation":{"text":"and Quran","language_name":"english","language_id":38},"transliteration":{"text":"waqur'āna","language_name":"english","language_id":38}},{"id":63635,"position":9,"audio_url":"wbw/017_078_009.mp3","qpc_uthmani_hafs":"ٱلۡفَجۡرِۖ","char_type_name":"word","page_number":290,"line_number":4,"text":"ﭵﭶ","translation":{"text":"at dawn","language_name":"english","language_id":38},"transliteration":{"text":"l-fajri","language_name":"english","language_id":38}},{"id":63637,"position":10,"audio_url":"wbw/017_078_011.mp3","qpc_uthmani_hafs":"إِنَّ","char_type_name":"word","page_number":290,"line_number":4,"text":"ﭷ","translation":{"text":"indeed","language_name":"english","language_id":38},"transliteration":{"text":"inna","language_name":"english","language_id":38}},{"id":63638,"position":11,"audio_url":"wbw/017_078_012.mp3","qpc_uthmani_hafs":"قُرۡءَانَ","char_type_name":"word","page_number":290,"line_number":5,"text":"ﭸ","translation":{"text":"the Quran","language_name":"english","language_id":38},"transliteration":{"text":"qur'āna","language_name":"english","language_id":38}},{"id":63639,"position":12,"audio_url":"wbw/017_078_013.mp3","qpc_uthmani_hafs":"ٱلۡفَجۡرِ","char_type_name":"word","page_number":290,"line_number":5,"text":"ﭹ","translation":{"text":"(at) the dawn","language_name":"english","language_id":38},"transliteration":{"text":"l-fajri","language_name":"english","language_id":38}},{"id":63640,"position":13,"audio_url":"wbw/017_078_014.mp3","qpc_uthmani_hafs":"كَانَ","char_type_name":"word","page_number":290,"line_number":5,"text":"ﭺ","translation":{"text":"is","language_name":"english","language_id":38},"transliteration":{"text":"kāna","language_name":"english","language_id":38}},{"id":63641,"position":14,"audio_url":"wbw/017_078_015.mp3","qpc_uthmani_hafs":"مَشۡهُودٗا","char_type_name":"word","page_number":290,"line_number":5,"text":"ﭻ","translation":{"text":"ever witnessed","language_name":"english","language_id":38},"transliteration":{"text":"mashhūdan","language_name":"english","language_id":38}},{"id":63642,"position":15,"audio_url":null,"qpc_uthmani_hafs":"٧٨","char_type_name":"end","page_number":290,"line_number":5,"text":"ﭼ","translation":{"text":"(78)","language_name":"english","language_id":38},"transliteration":{"text":null,"language_name":"english","language_id":38}}],"translations":[{"id":918536,"resource_id":134,"text":"Dirikanlah salat dari sesudah matahari tergelincir sampai gelap malam dan (dirikanlah pula salat) subuh. Sesungguhnya salat subuh <sup foot_note=210633>1</sup> itu disaksikan (oleh malaikat)."}]},{"id":2108,"verse_number":79,"verse_key":"17:79","juz_number":15,"hizb_number":29,"rub_el_hizb_number":116,"ruku_number":248,"manzil_number":4,"sajdah_number":null,"text_uthmani":"وَمِنَ ٱلَّيْلِ فَتَهَجَّدْ بِهِۦ نَافِلَةً لَّكَ عَسَىٰٓ أَن يَبْعَثَكَ رَبُّكَ مَقَامًا مَّحْمُودًا","page_number":290,"words":[{"id":63750,"position":1,"audio_url":"wbw/017_079_001.mp3","qpc_uthmani_hafs":"وَمِنَ","char_type_name":"word","page_number":290,"line_number":5,"text":"ﭽ","translation":{"text":"And from","language_name":"english","language_id":38},"transliteration":{"text":"wamina","language_name":"english","language_id":38}},{"id":63751,"position":2,"audio_url":"wbw/017_079_002.mp3","qpc_uthmani_hafs":"ٱلَّيۡلِ","char_type_name":"word","page_number":290,"line_number":5,"text":"ﭾ","translation":{"text":"the night","language_name":"english","language_id":38},"transliteration":{"text":"al-layli","language_name":"english","language_id":38}},{"id":63752,"position":3,"audio_url":"wbw/017_079_003.mp3","qpc_uthmani_hafs":"فَتَهَجَّدۡ","char_type_name":"word","page_number":290,"line_number":5,"text":"ﭿ","translation":{"text":"arise from sleep for prayer","language_name":"english","language_id":38},"transliteration":{"text":"fatahajjad","language_name":"english","language_id":38}},{"id":63753,"position":4,"audio_url":"wbw/017_079_004.mp3","qpc_uthmani_hafs":"بِهِۦ","char_type_name":"word","page_number":290,"line_number":5,"text":"ﮀ","translation":{"text":"with it","language_name":"english","language_id":38},"transliteration":{"text":"bihi","language_name":"english","language_id":38}},{"id":63754,"position":5,"audio_url":"wbw/017_079_005.mp3","qpc_uthmani_hafs":"نَافِلَةٗ","char_type_name":"word","page_number":290,"line_number":6,"text":"ﮁ","translation":{"text":"(as) additional","language_name":"english","language_id":38},"transliteration":{"text":"nāfilatan","language_name":"english","language_id":38}},{"id":63755,"position":6,"audio_url":"wbw/017_079_006.mp3","qpc_uthmani_hafs":"لَّكَ","char_type_name":"word","page_number":290,"line_number":6,"text":"ﮂ","translation":{"text":"for you","language_name":"english","language_id":38},"transliteration":{"text":"laka","language_name":"english","language_id":38}},{"id":63756,"position":7,"audio_url":"wbw/017_079_007.mp3","qpc_uthmani_hafs":"عَسَىٰٓ","char_type_name":"word","page_number":290,"line_number":6,"text":"ﮃ","translation":{"text":"it may be","language_name":"english","language_id":38},"transliteration":{"text":"ʿasā","language_name":"english","language_id":38}},{"id":63757,"position":8,"audio_url":"wbw/017_079_008.mp3","qpc_uthmani_hafs":"أَن","char_type_name":"word","page_number":290,"line_number":6,"text":"ﮄ","translation":{"text":"that","language_name":"english","language_id":38},"transliteration":{"text":"an","language_name":"english","language_id":38}},{"id":63758,"position":9,"audio_url":"wbw/017_079_009.mp3","qpc_uthmani_hafs":"يَبۡعَثَكَ","char_type_name":"word","page_number":290,"line_number":6,"text":"ﮅ","translation":{"text":"will raise you","language_name":"english","language_id":38},"transliteration":{"text":"yabʿathaka","language_name":"english","language_id":38}},{"id":63759,"position":10,"audio_url":"wbw/017_079_010.mp3","qpc_uthmani_hafs":"رَبُّكَ","char_type_name":"word","page_number":290,"line_number":6,"text":"ﮆ","translation":{"text":"your Lord","language_name":"english","language_id":38},"transliteration":{"text":"rabbuka","language_name":"english","language_id":38}},{"id":63760,"position":11,"audio_url":"wbw/017_079_011.mp3","qpc_uthmani_hafs":"مَقَامٗا","char_type_name":"word","page_number":290,"line_number":6,"text":"ﮇ","translation":{"text":"(to) a station","language_name":"english","language_id":38},"transliteration":{"text":"maqāman","language_name":"english","language_id":38}},{"id":63761,"position":12,"audio_url":"wbw/017_079_012.mp3","qpc_uthmani_hafs":"مَّحۡمُودٗا","char_type_name":"word","page_number":290,"line_number":6,"text":"ﮈ","translation":{"text":"praiseworthy","language_name":"english","language_id":38},"transliteration":{"text":"maḥmūdan","language_name":"english","language_id":38}},{"id":63762,"position":13,"audio_url":null,"qpc_uthmani_hafs":"٧٩","char_type_name":"end","page_number":290,"line_number":6,"text":"ﮉ","translation":{"text":"(79)","language_name":"english","language_id":38},"transliteration":{"text":null,"language_name":"english","language_id":38}}],"translations":[{"id":918537,"resource_id":134,"text":"Dan pada sebagian malam hari bersembahyang tahajudlah kamu sebagai suatu ibadah tambahan bagimu; mudah-mudahan Tuhan-mu mengangkat kamu ke tempat yang terpuji."}]},{"id":2109,"verse_number":80,"verse_key":"17:80","juz_number":15,"hizb_number":29,"rub_el_hizb_number":116,"ruku_number":248,"manzil_number":4,"sajdah_number":null,"text_uthmani":"وَقُل رَّبِّ أَدْخِلْنِى مُدْخَلَ صِدْقٍ وَأَخْرِجْنِى مُخْرَجَ صِدْقٍ وَٱجْعَل لِّى مِن لَّدُنكَ سُلْطَـٰنًا نَّصِيرًا","page_number":290,"words":[{"id":64333,"position":1,"audio_url":"wbw/017_080_001.mp3","qpc_uthmani_hafs":"وَقُل","char_type_name":"word","page_number":290,"line_number":6,"text":"ﮊ","translation":{"text":"And say","language_name":"english","language_id":38},"transliteration":{"text":"waqul","language_name":"english","language_id":38}},{"id":64334,"position":2,"audio_url":"wbw/017_080_002.mp3","qpc_uthmani_hafs":"رَّبِّ","char_type_name":"word","page_number":290,"line_number":6,"text":"ﮋ","translation":{"text":"My Lord","language_name":"english","language_id":38},"transliteration":{"text":"rabbi","language_name":"english","language_id":38}},{"id":64335,"position":3,"audio_url":"wbw/017_080_003.mp3","qpc_uthmani_hafs":"أَدۡخِلۡنِي","char_type_name":"word","page_number":290,"line_number":7,"text":"ﮌ","translation":{"text":"Cause me to enter","language_name":"english","language_id":38},"transliteration":{"text":"adkhil'nī","language_name":"english","language_id":38}},{"id":64336,"position":4,"audio_url":"wbw/017_080_004.mp3","qpc_uthmani_hafs":"مُدۡخَلَ","char_type_name":"word","page_number":290,"line_number":7,"text":"ﮍ","translation":{"text":"an entrance","language_name":"english","language_id":38},"transliteration":{"text":"mud'khala","language_name":"english","language_id":38}},{"id":64337,"position":5,"audio_url":"wbw/017_080_005.mp3","qpc_uthmani_hafs":"صِدۡقٖ","char_type_name":"word","page_number":290,"line_number":7,"text":"ﮎ","translation":{"text":"sound","language_name":"english","language_id":38},"transliteration":{"text":"ṣid'qin","language_name":"english","language_id":38}},{"id":64338,"position":6,"audio_url":"wbw/017_080_006.mp3","qpc_uthmani_hafs":"وَأَخۡرِجۡنِي","char_type_name":"word","page_number":290,"line_number":7,"text":"ﮏ","translation":{"text":"and cause me to exit","language_name":"english","language_id":38},"transliteration":{"text":"wa-akhrij'nī","language_name":"english","language_id":38}},{"id":64339,"position":7,"audio_url":"wbw/017_080_007.mp3","qpc_uthmani_hafs":"مُخۡرَجَ","char_type_name":"word","page_number":290,"line_number":7,"text":"ﮐ","translation":{"text":"an exit","language_name":"english","language_id":38},"transliteration":{"text":"mukh'raja","language_name":"english","language_id":38}},{"id":64340,"position":8,"audio_url":"wbw/017_080_008.mp3","qpc_uthmani_hafs":"صِدۡقٖ","char_type_name":"word","page_number":290,"line_number":7,"text":"ﮑ","translation":{"text":"sound","language_name":"english","language_id":38},"transliteration":{"text":"ṣid'qin","language_name":"english","language_id":38}},{"id":64341,"position":9,"audio_url":"wbw/017_080_009.mp3","qpc_uthmani_hafs":"وَٱجۡعَل","char_type_name":"word","page_number":290,"line_number":7,"text":"ﮒ","translation":{"text":"and make","language_name":"english","language_id":38},"transliteration":{"text":"wa-ij'ʿal","language_name":"english","language_id":38}},{"id":64342,"position":10,"audio_url":"wbw/017_080_010.mp3","qpc_uthmani_hafs":"لِّي","char_type_name":"word","page_number":290,"line_number":7,"text":"ﮓ","translation":{"text":"for me","language_name":"english","language_id":38},"transliteration":{"text":"lī","language_name":"english","language_id":38}},{"id":64343,"position":11,"audio_url":"wbw/017_080_011.mp3","qpc_uthmani_hafs":"مِن","char_type_name":"word","page_number":290,"line_number":7,"text":"ﮔ","translation":{"text":"from","language_name":"english","language_id":38},"transliteration":{"text":"min","language_name":"english","language_id":38}},{"id":64344,"position":12,"audio_url":"wbw/017_080_012.mp3","qpc_uthmani_hafs":"لَّدُنكَ","char_type_name":"word","page_number":290,"line_number":8,"text":"ﮕ","translation":{"text":"near You","language_name":"english","language_id":38},"transliteration":{"text":"ladunka","language_name":"english","language_id":38}},{"id":64345,"position":13,"audio_url":"wbw/017_080_013.mp3","qpc_uthmani_hafs":"سُلۡطَٰنٗا","char_type_name":"word","page_number":290,"line_number":8,"text":"ﮖ","translation":{"text":"an authority","language_name":"english","language_id":38},"transliteration":{"text":"sul'ṭānan","language_name":"english","language_id":38}},{"id":64346,"position":14,"audio_url":"wbw/017_080_014.mp3","qpc_uthmani_hafs":"نَّصِيرٗا","char_type_name":"word","page_number":290,"line_number":8,"text":"ﮗ","translation":{"text":"helping","language_name":"english","language_id":38},"transliteration":{"text":"naṣīran","language_name":"english","language_id":38}},{"id":64347,"position":15,"audio_url":null,"qpc_uthmani_hafs":"٨٠","char_type_name":"end","page_number":290,"line_number":8,"text":"ﮘ","translation":{"text":"(80)","language_name":"english","language_id":38},"transliteration":{"text":null,"language_name":"english","language_id":38}}],"translations":[{"id":918538,"resource_id":134,"text":"Dan katakanlah, \"Ya Tuhan-ku, masukkanlah aku secara masuk yang benar dan keluarkanlah (pula) aku secara keluar yang benar dan berikanlah kepadaku dari sisi Engkau kekuasaan yang menolong <sup foot_note=210634>1</sup>."}]},{"id":2110,"verse_number":81,"verse_key":"17:81","juz_number":15,"hizb_number":29,"rub_el_hizb_number":116,"ruku_number":248,"manzil_number":4,"sajdah_number":null,"text_uthmani":"وَقُلْ جَآءَ ٱلْحَقُّ وَزَهَقَ ٱلْبَـٰطِلُ ۚ إِنَّ ٱلْبَـٰطِلَ كَانَ زَهُوقًا","page_number":290,"words":[{"id":64732,"position":1,"audio_url":"wbw/017_081_001.mp3","qpc_uthmani_hafs":"وَقُلۡ","char_type_name":"word","page_number":290,"line_number":8,"text":"ﮙ","translation":{"text":"And say","language_name":"english","language_id":38},"transliteration":{"text":"waqul","language_name":"english","language_id":38}},{"id":64733,"position":2,"audio_url":"wbw/017_081_002.mp3","qpc_uthmani_hafs":"جَآءَ","char_type_name":"word","page_number":290,"line_number":8,"text":"ﮚ","translation":{"text":"Has come","language_name":"english","language_id":38},"transliteration":{"text":"jāa","language_name":"english","language_id":38}},{"id":64734,"position":3,"audio_url":"wbw/017_081_003.mp3","qpc_uthmani_hafs":"ٱلۡحَقُّ","char_type_name":"word","page_number":290,"line_number":8,"text":"ﮛ","translation":{"text":"the truth","language_name":"english","language_id":38},"transliteration":{"text":"l-ḥaqu","language_name":"english","language_id":38}},{"id":64735,"position":4,"audio_url":"wbw/017_081_004.mp3","qpc_uthmani_hafs":"وَزَهَقَ","char_type_name":"word","page_number":290,"line_number":8,"text":"ﮜ","translation":{"text":"and perished","language_name":"english","language_id":38},"transliteration":{"text":"wazahaqa","language_name":"english","language_id":38}},{"id":64736,"position":5,"audio_url":"wbw/017_081_005.mp3","qpc_uthmani_hafs":"ٱلۡبَٰطِلُۚ","char_type_name":"word","page_number":290,"line_number":8,"text":"ﮝﮞ","translation":{"text":"the falsehood","language_name":"english","language_id":38},"transliteration":{"text":"l-bāṭilu","language_name":"english","language_id":38}},{"id":64738,"position":6,"audio_url":"wbw/017_081_007.mp3","qpc_uthmani_hafs":"إِنَّ","char_type_name":"word","page_number":290,"line_number":9,"text":"ﮟ","translation":{"text":"Indeed","language_name":"english","language_id":38},"transliteration":{"text":"inna","language_name":"english","language_id":38}},{"id":64739,"position":7,"audio_url":"wbw/017_081_008.mp3","qpc_uthmani_hafs":"ٱلۡبَٰطِلَ","char_type_name":"word","page_number":290,"line_number":9,"text":"ﮠ","translation":{"text":"the falsehood","language_name":"english","language_id":38},"transliteration":{"text":"l-bāṭila","language_name":"english","language_id":38}},{"id":64740,"position":8,"audio_url":"wbw/017_081_009.mp3","qpc_uthmani_hafs":"كَانَ","char_type_name":"word","page_number":290,"line_number":9,"text":"ﮡ","translation":{"text":"is","language_name":"english","language_id":38},"transliteration":{"text":"kāna","language_name":"english","language_id":38}},{"id":64741,"position":9,"audio_url":"wbw/017_081_010.mp3","qpc_uthmani_hafs":"زَهُوقٗا","char_type_name":"word","page_number":290,"line_number":9,"text":"ﮢ","translation":{"text":"(bound) to perish","language_name":"english","language_id":38},"transliteration":{"text":"zahūqan","language_name":"english","language_id":38}},{"id":64742,"position":10,"audio_url":null,"qpc_uthmani_hafs":"٨١","char_type_name":"end","page_number":290,"line_number":9,"text":"ﮣ","translation":{"text":"(81)","language_name":"english","language_id":38},"transliteration":{"text":null,"language_name":"english","language_id":38}}],"translations":[{"id":918539,"resource_id":134,"text":"Dan katakanlah, \"Yang benar telah datang dan yang batil telah lenyap\".  Sesungguhnya yang batil itu adalah sesuatu yang pasti lenyap."}]},{"id":2111,"verse_number":82,"verse_key":"17:82","juz_number":15,"hizb_number":29,"rub_el_hizb_number":116,"ruku_number":248,"manzil_number":4,"sajdah_number":null,"text_uthmani":"وَنُنَزِّلُ مِنَ ٱلْقُرْءَانِ مَا هُوَ شِفَآءٌ وَرَحْمَةٌ لِّلْمُؤْمِنِينَ ۙ وَلَا يَزِيدُ ٱلظَّـٰلِمِينَ إِلَّا خَسَارًا","page_number":290,"words":[{"id":64926,"position":1,"audio_url":"wbw/017_082_001.mp3","qpc_uthmani_hafs":"وَنُنَزِّلُ","char_type_name":"word","page_number":290,"line_number":9,"text":"ﮤ","translation":{"text":"And We reveal","language_name":"english","language_id":38},"transliteration":{"text":"wanunazzilu","language_name":"english","language_id":38}},{"id":64927,"position":2,"audio_url":"wbw/017_082_002.mp3","qpc_uthmani_hafs":"مِنَ","char_type_name":"word","page_number":290,"line_number":9,"text":"ﮥ","translation":{"text":"from","language_name":"english","language_id":38},"transliteration":{"text":"mina","language_name":"english","language_id":38}},{"id":64928,"position":3,"audio_url":"wbw/017_082_003.mp3","qpc_uthmani_hafs":"ٱلۡقُرۡءَانِ","char_type_name":"word","page_number":290,"line_number":9,"text":"ﮦ","translation":{"text":"the Quran","language_name":"english","language_id":38},"transliteration":{"text":"l-qur'āni","language_name":"english","language_id":38}},{"id":64929,"position":4,"audio_url":"wbw/017_082_004.mp3","qpc_uthmani_hafs":"مَا","char_type_name":"word","page_number":290,"line_number":9,"text":"ﮧ","translation":{"text":"that","language_name":"english","language_id":38},"transliteration":{"text":"mā","language_name":"english","language_id":38}},{"id":64930,"position":5,"audio_url":"wbw/017_082_005.mp3","qpc_uthmani_hafs":"هُوَ","char_type_name":"word","page_number":290,"line_number":9,"text":"ﮨ","translation":{"text":"it","language_name":"english","language_id":38},"transliteration":{"text":"huwa","language_name":"english","language_id":38}},{"id":64931,"position":6,"audio_url":"wbw/017_082_006.mp3","qpc_uthmani_hafs":"شِفَآءٞ","char_type_name":"word","page_number":290,"line_number":9,"text":"ﮩ","translation":{"text":"(is) a healing","language_name":"english","language_id":38},"transliteration":{"text":"shifāon","language_name":"english","language_id":38}},{"id":64932,"position":7,"audio_url":"wbw/017_082_007.mp3","qpc_uthmani_hafs":"وَرَحۡمَةٞ","char_type_name":"word","page_number":290,"line_number":10,"text":"ﮪ","translation":{"text":"and a mercy","language_name":"english","language_id":38},"transliteration":{"text":"waraḥmatun","language_name":"english","language_id":38}},{"id":64933,"position":8,"audio_url":"wbw/017_082_008.mp3","qpc_uthmani_hafs":"لِّلۡمُؤۡمِنِينَ","char_type_name":"word","page_number":290,"line_number":10,"text":"ﮫﮬ","translation":{"text":"for the believers","language_name":"english","language_id":38},"transliteration":{"text":"lil'mu'minīna","language_name":"english","language_id":38}},{"id":64935,"position":9,"audio_url":"wbw/017_082_010.mp3","qpc_uthmani_hafs":"وَلَا","char_type_name":"word","page_number":290,"line_number":10,"text":"ﮭ","translation":{"text":"but not","language_name":"english","language_id":38},"transliteration":{"text":"walā","language_name":"english","language_id":38}},{"id":64936,"position":10,"audio_url":"wbw/017_082_011.mp3","qpc_uthmani_hafs":"يَزِيدُ","char_type_name":"word","page_number":290,"line_number":10,"text":"ﮮ","translation":{"text":"it increases","language_name":"english","language_id":38},"transliteration":{"text":"yazīdu","language_name":"english","language_id":38}},{"id":64937,"position":11,"audio_url":"wbw/017_082_012.mp3","qpc_uthmani_hafs":"ٱلظَّٰلِمِينَ","char_type_name":"word","page_number":290,"line_number":10,"text":"ﮯ","translation":{"text":"the wrongdoers","language_name":"english","language_id":38},"transliteration":{"text":"l-ẓālimīna","language_name":"english","language_id":38}},{"id":64938,"position":12,"audio_url":"wbw/017_082_013.mp3","qpc_uthmani_hafs":"إِلَّا","char_type_name":"word","page_number":290,"line_number":10,"text":"ﮰ","translation":{"text":"except","language_name":"english","language_id":38},"transliteration":{"text":"illā","language_name":"english","language_id":38}},{"id":64939,"position":13,"audio_url":"wbw/017_082_014.mp3","qpc_uthmani_hafs":"خَسَارٗا","char_type_name":"word","page_number":290,"line_number":10,"text":"ﮱ","translation":{"text":"(in) loss","language_name":"english","language_id":38},"transliteration":{"text":"khasāran","language_name":"english","language_id":38}},{"id":64940,"position":14,"audio_url":null,"qpc_uthmani_hafs":"٨٢","char_type_name":"end","page_number":290,"line_number":10,"text":"ﯓ","translation":{"text":"(82)","language_name":"english","language_id":38},"transliteration":{"text":null,"language_name":"english","language_id":38}}],"translations":[{"id":918540,"resource_id":134,"text":"Dan Kami turunkan dari Al-Qur`ān suatu yang menjadi penawar dan rahmat bagi orang-orang yang beriman dan Al-Qur`ān itu tidaklah menambah kepada orang-orang yang zalim selain kerugian."}]},{"id":2112,"verse_number":83,"verse_key":"17:83","juz_number":15,"hizb_number":29,"rub_el_hizb_number":116,"ruku_number":248,"manzil_number":4,"sajdah_number":null,"text_uthmani":"وَإِذَآ أَنْعَمْنَا عَلَى ٱلْإِنسَـٰنِ أَعْرَضَ وَنَـَٔا بِجَانِبِهِۦ ۖ وَإِذَا مَسَّهُ ٱلشَّرُّ كَانَ يَـُٔوسًا","page_number":290,"words":[{"id":65250,"position":1,"audio_url":"wbw/017_083_001.mp3","qpc_uthmani_hafs":"وَإِذَآ","char_type_name":"word","page_number":290,"line_number":10,"text":"ﯔ","translation":{"text":"And when","language_name":"english","language_id":38},"transliteration":{"text":"wa-idhā","language_name":"english","language_id":38}},{"id":65251,"position":2,"audio_url":"wbw/017_083_002.mp3","qpc_uthmani_hafs":"أَنۡعَمۡنَا","char_type_name":"word","page_number":290,"line_number":11,"text":"ﯕ","translation":{"text":"We bestow favor","language_name":"english","language_id":38},"transliteration":{"text":"anʿamnā","language_name":"english","language_id":38}},{"id":65252,"position":3,"audio_url":"wbw/017_083_003.mp3","qpc_uthmani_hafs":"عَلَى","char_type_name":"word","page_number":290,"line_number":11,"text":"ﯖ","translation":{"text":"on","language_name":"english","language_id":38},"transliteration":{"text":"ʿalā","language_name":"english","language_id":38}},{"id":65253,"position":4,"audio_url":"wbw/017_083_004.mp3","qpc_uthmani_hafs":"ٱلۡإِنسَٰنِ","char_type_name":"word","page_number":290,"line_number":11,"text":"ﯗ","translation":{"text":"man","language_name":"english","language_id":38},"transliteration":{"text":"l-insāni","language_name":"english","language_id":38}},{"id":65254,"position":5,"audio_url":"wbw/017_083_005.mp3","qpc_uthmani_hafs":"أَعۡرَضَ","char_type_name":"word","page_number":290,"line_number":11,"text":"ﯘ","translation":{"text":"he turns away","language_name":"english","language_id":38},"transliteration":{"text":"aʿraḍa","language_name":"english","language_id":38}},{"id":65255,"position":6,"audio_url":"wbw/017_083_006.mp3","qpc_uthmani_hafs":"وَنَـَٔا","char_type_name":"word","page_number":290,"line_number":11,"text":"ﯙ","translation":{"text":"and becomes remote","language_name":"english","language_id":38},"transliteration":{"text":"wanaā","language_name":"english","language_id":38}},{"id":65256,"position":7,"audio_url":"wbw/017_083_007.mp3","qpc_uthmani_hafs":"بِجَانِبِهِۦ","char_type_name":"word","page_number":290,"line_number":11,"text":"ﯚﯛ","translation":{"text":"on his side","language_name":"english","language_id":38},"transliteration":{"text":"bijānibihi","language_name":"english","language_id":38}},{"id":65258,"position":8,"audio_url":"wbw/017_083_009.mp3","qpc_uthmani_hafs":"وَإِذَا","char_type_name":"word","page_number":290,"line_number":11,"text":"ﯜ","translation":{"text":"And when","language_name":"english","language_id":38},"transliteration":{"text":"wa-idhā","language_name":"english","language_id":38}},{"id":65259,"position":9,"audio_url":"wbw/017_083_010.mp3","qpc_uthmani_hafs":"مَسَّهُ","char_type_name":"word","page_number":290,"line_number":11,"text":"ﯝ","translation":{"text":"touches him","language_name":"english","language_id":38},"transliteration":{"text":"massahu","language_name":"english","language_id":38}},{"id":65260,"position":10,"audio_url":"wbw/017_083_011.mp3","qpc_uthmani_hafs":"ٱلشَّرُّ","char_type_name":"word","page_number":290,"line_number":11,"text":"ﯞ","translation":{"text":"the evil","language_name":"english","language_id":38},"transliteration":{"text":"l-sharu","language_name":"english","language_id":38}},{"id":65261,"position":11,"audio_url":"wbw/017_083_012.mp3","qpc_uthmani_hafs":"كَانَ","char_type_name":"word","page_number":290,"line_number":11,"text":"ﯟ","translation":{"text":"he is","language_name":"english","language_id":38},"transliteration":{"text":"kāna","language_name":"english","language_id":38}},{"id":65262,"position":12,"audio_url":"wbw/017_083_013.mp3","qpc_uthmani_hafs":"يَـُٔوسٗا","char_type_name":"word","page_number":290,"line_number":11,"text":"ﯠ","translation":{"text":"(in) despair","language_name":"english","language_id":38},"transliteration":{"text":"yaūsan","language_name":"english","language_id":38}},{"id":65263,"position":13,"audio_url":null,"qpc_uthmani_hafs":"٨٣","char_type_name":"end","page_number":290,"line_number":12,"text":"ﯡ","translation":{"text":"(83)","language_name":"english","language_id":38},"transliteration":{"text":null,"language_name":"english","language_id":38}}],"translations":[{"id":918541,"resource_id":134,"text":"Dan apabila Kami berikan kesenangan kepada manusia, niscaya berpalinglah dia dan membelakang dengan sikap yang sombong dan apabila dia ditimpa kesusahan, niscaya dia berputus asa."}]},{"id":2113,"verse_number":84,"verse_key":"17:84","juz_number":15,"hizb_number":29,"rub_el_hizb_number":116,"ruku_number":248,"manzil_number":4,"sajdah_number":null,"text_uthmani":"قُلْ كُلٌّ يَعْمَلُ عَلَىٰ شَاكِلَتِهِۦ فَرَبُّكُمْ أَعْلَمُ بِمَنْ هُوَ أَهْدَىٰ سَبِيلًا","page_number":290,"words":[{"id":65738,"position":1,"audio_url":"wbw/017_084_001.mp3","qpc_uthmani_hafs":"قُلۡ","char_type_name":"word","page_number":290,"line_number":12,"text":"ﯢ","translation":{"text":"Say","language_name":"english","language_id":38},"transliteration":{"text":"qul","language_name":"english","language_id":38}},{"id":65739,"position":2,"audio_url":"wbw/017_084_002.mp3","qpc_uthmani_hafs":"كُلّٞ","char_type_name":"word","page_number":290,"line_number":12,"text":"ﯣ","translation":{"text":"Each","language_name":"english","language_id":38},"transliteration":{"text":"kullun","language_name":"english","language_id":38}},{"id":65740,"position":3,"audio_url":"wbw/017_084_003.mp3","qpc_uthmani_hafs":"يَعۡمَلُ","char_type_name":"word","page_number":290,"line_number":12,"text":"ﯤ","translation":{"text":"works","language_name":"english","language_id":38},"transliteration":{"text":"yaʿmalu","language_name":"english","language_id":38}},{"id":65741,"position":4,"audio_url":"wbw/017_084_004.mp3","qpc_uthmani_hafs":"عَلَىٰ","char_type_name":"word","page_number":290,"line_number":12,"text":"ﯥ","translation":{"text":"on","language_name":"english","language_id":38},"transliteration":{"text":"ʿalā","language_name":"english","language_id":38}},{"id":65742,"position":5,"audio_url":"wbw/017_084_005.mp3","qpc_uthmani_hafs":"شَاكِلَتِهِۦ","char_type_name":"word","page_number":290,"line_number":12,"text":"ﯦ","translation":{"text":"his manner","language_name":"english","language_id":38},"transliteration":{"text":"shākilatihi","language_name":"english","language_id":38}},{"id":65743,"position":6,"audio_url":"wbw/017_084_006.mp3","qpc_uthmani_hafs":"فَرَبُّكُمۡ","char_type_name":"word","page_number":290,"line_number":12,"text":"ﯧ","translation":{"text":"but your Lord","language_name":"english","language_id":38},"transliteration":{"text":"farabbukum","language_name":"english","language_id":38}},{"id":65744,"position":7,"audio_url":"wbw/017_084_007.mp3","qpc_uthmani_hafs":"أَعۡلَمُ","char_type_name":"word","page_number":290,"line_number":12,"text":"ﯨ","translation":{"text":"(is) most knowing","language_name":"english","language_id":38},"transliteration":{"text":"aʿlamu","language_name":"english","language_id":38}},{"id":65745,"position":8,"audio_url":"wbw/017_084_008.mp3","qpc_uthmani_hafs":"بِمَنۡ","char_type_name":"word","page_number":290,"line_number":12,"text":"ﯩ","translation":{"text":"of who","language_name":"english","language_id":38},"transliteration":{"text":"biman","language_name":"english","language_id":38}},{"id":65746,"position":9,"audio_url":"wbw/017_084_009.mp3","qpc_uthmani_hafs":"هُوَ","char_type_name":"word","page_number":290,"line_number":12,"text":"ﯪ","translation":{"text":"[he]","language_name":"english","language_id":38},"transliteration":{"text":"huwa","language_name":"english","language_id":38}},{"id":65747,"position":10,"audio_url":"wbw/017_084_010.mp3","qpc_uthmani_hafs":"أَهۡدَىٰ","char_type_name":"word","page_number":290,"line_number":12,"text":"ﯫ","translation":{"text":"(is) best guided","language_name":"english","language_id":38},"transliteration":{"text":"ahdā","language_name":"english","language_id":38}},{"id":65748,"position":11,"audio_url":"wbw/017_084_011.mp3","qpc_uthmani_hafs":"سَبِيلٗا","char_type_name":"word","page_number":290,"line_number":13,"text":"ﯬ","translation":{"text":"(in) way","language_name":"english","language_id":38},"transliteration":{"text":"sabīlan","language_name":"english","language_id":38}},{"id":65749,"position":12,"audio_url":null,"qpc_uthmani_hafs":"٨٤","char_type_name":"end","page_number":290,"line_number":13,"text":"ﯭ","translation":{"text":"(84)","language_name":"english","language_id":38},"transliteration":{"text":null,"language_name":"english","language_id":38}}],"translations":[{"id":918542,"resource_id":134,"text":"Katakanlah, \"Tiap-tiap orang berbuat menurut keadaannya <sup foot_note=210635>1</sup> masing-masing\".  Maka Tuhan-mu lebih mengetahui siapa yang lebih benar jalannya."}]},{"id":2114,"verse_number":85,"verse_key":"17:85","juz_number":15,"hizb_number":29,"rub_el_hizb_number":116,"ruku_number":249,"manzil_number":4,"sajdah_number":null,"text_uthmani":"وَيَسْـَٔلُونَكَ عَنِ ٱلرُّوحِ ۖ قُلِ ٱلرُّوحُ مِنْ أَمْرِ رَبِّى وَمَآ أُوتِيتُم مِّنَ ٱلْعِلْمِ إِلَّا قَلِيلًا","page_number":290,"words":[{"id":66012,"position":1,"audio_url":"wbw/017_085_001.mp3","qpc_uthmani_hafs":"وَيَسۡـَٔلُونَكَ","char_type_name":"word","page_number":290,"line_number":13,"text":"ﯮ","translation":{"text":"And they ask you","language_name":"english","language_id":38},"transliteration":{"text":"wayasalūnaka","language_name":"english","language_id":38}},{"id":66013,"position":2,"audio_url":"wbw/017_085_002.mp3","qpc_uthmani_hafs":"عَنِ","char_type_name":"word","page_number":290,"line_number":13,"text":"ﯯ","translation":{"text":"concerning","language_name":"english","language_id":38},"transliteration":{"text":"ʿani","language_name":"english","language_id":38}},{"id":66014,"position":3,"audio_url":"wbw/017_085_003.mp3","qpc_uthmani_hafs":"ٱلرُّوحِۖ","char_type_name":"word","page_number":290,"line_number":13,"text":"ﯰﯱ","translation":{"text":"the soul","language_name":"english","language_id":38},"transliteration":{"text":"l-rūḥi","language_name":"english","language_id":38}},{"id":66016,"position":4,"audio_url":"wbw/017_085_005.mp3","qpc_uthmani_hafs":"قُلِ","char_type_name":"word","page_number":290,"line_number":13,"text":"ﯲ","translation":{"text":"Say","language_name":"english","language_id":38},"transliteration":{"text":"quli","language_name":"english","language_id":38}},{"id":66017,"position":5,"audio_url":"wbw/017_085_006.mp3","qpc_uthmani_hafs":"ٱلرُّوحُ","char_type_name":"word","page_number":290,"line_number":13,"text":"ﯳ","translation":{"text":"The soul","language_name":"english","language_id":38},"transliteration":{"text":"l-rūḥu","language_name":"english","language_id":38}},{"id":66018,"position":6,"audio_url":"wbw/017_085_007.mp3","qpc_uthmani_hafs":"مِنۡ","char_type_name":"word","page_number":290,"line_number":13,"text":"ﯴ","translation":{"text":"(is) of","language_name":"english","language_id":38},"transliteration":{"text":"min","language_name":"english","language_id":38}},{"id":66019,"position":7,"audio_url":"wbw/017_085_008.mp3","qpc_uthmani_hafs":"أَمۡرِ","char_type_name":"word","page_number":290,"line_number":13,"text":"ﯵ","translation":{"text":"(the) affair","language_name":"english","language_id":38},"transliteration":{"text":"amri","language_name":"english","language_id":38}},{"id":66020,"position":8,"audio_url":"wbw/017_085_009.mp3","qpc_uthmani_hafs":"رَبِّي","char_type_name":"word","page_number":290,"line_number":13,"text":"ﯶ","translation":{"text":"(of) my Lord","language_name":"english","language_id":38},"transliteration":{"text":"rabbī","language_name":"english","language_id":38}},{"id":66021,"position":9,"audio_url":"wbw/017_085_010.mp3","qpc_uthmani_hafs":"وَمَآ","char_type_name":"word","page_number":290,"line_number":14,"text":"ﯷ","translation":{"text":"And not","language_name":"english","language_id":38},"transliteration":{"text":"wamā","language_name":"english","language_id":38}},{"id":66022,"position":10,"audio_url":"wbw/017_085_011.mp3","qpc_uthmani_hafs":"أُوتِيتُم","char_type_name":"word","page_number":290,"line_number":14,"text":"ﯸ","translation":{"text":"you have been given","language_name":"english","language_id":38},"transliteration":{"text":"ūtītum","language_name":"english","language_id":38}},{"id":66023,"position":11,"audio_url":"wbw/017_085_012.mp3","qpc_uthmani_hafs":"مِّنَ","char_type_name":"word","page_number":290,"line_number":14,"text":"ﯹ","translation":{"text":"of","language_name":"english","language_id":38},"transliteration":{"text":"mina","language_name":"english","language_id":38}},{"id":66024,"position":12,"audio_url":"wbw/017_085_013.mp3","qpc_uthmani_hafs":"ٱلۡعِلۡمِ","char_type_name":"word","page_number":290,"line_number":14,"text":"ﯺ","translation":{"text":"the knowledge","language_name":"english","language_id":38},"transliteration":{"text":"l-ʿil'mi","language_name":"english","language_id":38}},{"id":66025,"position":13,"audio_url":"wbw/017_085_014.mp3","qpc_uthmani_hafs":"إِلَّا","char_type_name":"word","page_number":290,"line_number":14,"text":"ﯻ","translation":{"text":"except","language_name":"english","language_id":38},"transliteration":{"text":"illā","language_name":"english","language_id":38}},{"id":66026,"position":14,"audio_url":"wbw/017_085_015.mp3","qpc_uthmani_hafs":"قَلِيلٗا","char_type_name":"word","page_number":290,"line_number":14,"text":"ﯼ","translation":{"text":"a little","language_name":"english","language_id":38},"transliteration":{"text":"qalīlan","language_name":"english","language_id":38}},{"id":66027,"position":15,"audio_url":null,"qpc_uthmani_hafs":"٨٥","char_type_name":"end","page_number":290,"line_number":14,"text":"ﯽ","translation":{"text":"(85)","language_name":"english","language_id":38},"transliteration":{"text":null,"language_name":"english","language_id":38}}],"translations":[{"id":918543,"resource_id":134,"text":"Dan mereka bertanya kepadamu tentang roh.  Katakanlah, \"Roh itu termasuk urusan Tuhan-ku dan tidaklah kamu diberi pengetahuan, melainkan sedikit\"."}]},{"id":2115,"verse_number":86,"verse_key":"17:86","juz_number":15,"hizb_number":29,"rub_el_hizb_number":116,"ruku_number":249,"manzil_number":4,"sajdah_number":null,"text_uthmani":"وَلَئِن شِئْنَا لَنَذْهَبَنَّ بِٱلَّذِىٓ أَوْحَيْنَآ إِلَيْكَ ثُمَّ لَا تَجِدُ لَكَ بِهِۦ عَلَيْنَا وَكِيلًا","page_number":290,"words":[{"id":66551,"position":1,"audio_url":"wbw/017_086_001.mp3","qpc_uthmani_hafs":"وَلَئِن","char_type_name":"word","page_number":290,"line_number":14,"text":"ﯾ","translation":{"text":"And if","language_name":"english","language_id":38},"transliteration":{"text":"wala-in","language_name":"english","language_id":38}},{"id":66552,"position":2,"audio_url":"wbw/017_086_002.mp3","qpc_uthmani_hafs":"شِئۡنَا","char_type_name":"word","page_number":290,"line_number":14,"text":"ﯿ","translation":{"text":"We willed","language_name":"english","language_id":38},"transliteration":{"text":"shi'nā","language_name":"english","language_id":38}},{"id":66553,"position":3,"audio_url":"wbw/017_086_003.mp3","qpc_uthmani_hafs":"لَنَذۡهَبَنَّ","char_type_name":"word","page_number":290,"line_number":14,"text":"ﰀ","translation":{"text":"We (would) have surely taken away","language_name":"english","language_id":38},"transliteration":{"text":"lanadhhabanna","language_name":"english","language_id":38}},{"id":66554,"position":4,"audio_url":"wbw/017_086_004.mp3","qpc_uthmani_hafs":"بِٱلَّذِيٓ","char_type_name":"word","page_number":290,"line_number":15,"text":"ﰁ","translation":{"text":"that which","language_name":"english","language_id":38},"transliteration":{"text":"bi-alladhī","language_name":"english","language_id":38}},{"id":66555,"position":5,"audio_url":"wbw/017_086_005.mp3","qpc_uthmani_hafs":"أَوۡحَيۡنَآ","char_type_name":"word","page_number":290,"line_number":15,"text":"ﰂ","translation":{"text":"We have revealed","language_name":"english","language_id":38},"transliteration":{"text":"awḥaynā","language_name":"english","language_id":38}},{"id":66556,"position":6,"audio_url":"wbw/017_086_006.mp3","qpc_uthmani_hafs":"إِلَيۡكَ","char_type_name":"word","page_number":290,"line_number":15,"text":"ﰃ","translation":{"text":"to you","language_name":"english","language_id":38},"transliteration":{"text":"ilayka","language_name":"english","language_id":38}},{"id":66557,"position":7,"audio_url":"wbw/017_086_007.mp3","qpc_uthmani_hafs":"ثُمَّ","char_type_name":"word","page_number":290,"line_number":15,"text":"ﰄ","translation":{"text":"Then","language_name":"english","language_id":38},"transliteration":{"text":"thumma","language_name":"english","language_id":38}},{"id":66558,"position":8,"audio_url":"wbw/017_086_008.mp3","qpc_uthmani_hafs":"لَا","char_type_name":"word","page_number":290,"line_number":15,"text":"ﰅ","translation":{"text":"not","language_name":"english","language_id":38},"transliteration":{"text":"lā","language_name":"english","language_id":38}},{"id":66559,"position":9,"audio_url":"wbw/017_086_009.mp3","qpc_uthmani_hafs":"تَجِدُ","char_type_name":"word","page_number":290,"line_number":15,"text":"ﰆ","translation":{"text":"you would find","language_name":"english","language_id":38},"transliteration":{"text":"tajidu","language_name":"english","language_id":38}},{"id":66560,"position":10,"audio_url":"wbw/017_086_010.mp3","qpc_uthmani_hafs":"لَكَ","char_type_name":"word","page_number":290,"line_number":15,"text":"ﰇ","translation":{"text":"for you","language_name":"english","language_id":38},"transliteration":{"text":"laka","language_name":"english","language_id":38}},{"id":66561,"position":11,"audio_url":"wbw/017_086_011.mp3","qpc_uthmani_hafs":"بِهِۦ","char_type_name":"word","page_number":290,"line_number":15,"text":"ﰈ","translation":{"text":"concerning it","language_name":"english","language_id":38},"transliteration":{"text":"bihi","language_name":"english","language_id":38}},{"id":66562,"position":12,"audio_url":"wbw/017_086_012.mp3","qpc_uthmani_hafs":"عَلَيۡنَا","char_type_name":"word","page_number":290,"line_number":15,"text":"ﰉ","translation":{"text":"against Us","language_name":"english","language_id":38},"transliteration":{"text":"ʿalaynā","language_name":"english","language_id":38}},{"id":66563,"position":13,"audio_url":"wbw/017_086_013.mp3","qpc_uthmani_hafs":"وَكِيلًا","char_type_name":"word","page_number":290,"line_number":15,"text":"ﰊ","translation":{"text":"any advocate","language_name":"english","language_id":38},"transliteration":{"text":"wakīlan","language_name":"english","language_id":38}},{"id":66564,"position":14,"audio_url":null,"qpc_uthmani_hafs":"٨٦","char_type_name":"end","page_number":290,"line_number":15,"text":"ﰋ","translation":{"text":"(86)","language_name":"english","language_id":38},"transliteration":{"text":null,"language_name":"english","language_id":38}}],"translations":[{"id":918544,"resource_id":134,"text":"Dan sesungguhnya jika Kami menghendaki, niscaya Kami lenyapkan apa yang telah Kami wahyukan kepadamu dan dengan pelenyapan itu, kamu tidak akan mendapatkan seorang pembela pun terhadap Kami,"}]}],"pagination":{"per_page":50,"current_page":1,"next_page":null,"total_pages":1,"total_records":11}}