{"verses":[{"id":2168,"verse_number":28,"verse_key":"18:28","juz_number":15,"hizb_number":30,"rub_el_hizb_number":118,"ruku_number":255,"manzil_number":4,"sajdah_number":null,"text_uthmani":"وَٱصْبِرْ نَفْسَكَ مَعَ ٱلَّذِينَ يَدْعُونَ رَبَّهُم بِٱلْغَدَوٰةِ وَٱلْعَشِىِّ يُرِيدُونَ وَجْهَهُۥ ۖ وَلَا تَعْدُ عَيْنَاكَ عَنْهُمْ تُرِيدُ زِينَةَ ٱلْحَيَوٰةِ ٱلدُّنْيَا ۖ وَلَا تُطِعْ مَنْ أَغْفَلْنَا قَلْبَهُۥ عَن ذِكْرِنَا وَٱتَّبَعَ هَوَىٰهُ وَكَانَ أَمْرُهُۥ فُرُطًا","page_number":297,"words":[{"id":30579,"position":1,"audio_url":"wbw/018_028_001.mp3","qpc_uthmani_hafs":"وَٱصۡبِرۡ","char_type_name":"word","page_number":297,"line_number":1,"text":"ﭑ","translation":{"text":"And be patient","language_name":"english","language_id":38},"transliteration":{"text":"wa-iṣ'bir","language_name":"english","language_id":38}},{"id":30580,"position":2,"audio_url":"wbw/018_028_002.mp3","qpc_uthmani_hafs":"نَفۡسَكَ","char_type_name":"word","page_number":297,"line_number":1,"text":"ﭒ","translation":{"text":"yourself","language_name":"english","language_id":38},"transliteration":{"text":"nafsaka","language_name":"english","language_id":38}},{"id":30581,"position":3,"audio_url":"wbw/018_028_003.mp3","qpc_uthmani_hafs":"مَعَ","char_type_name":"word","page_number":297,"line_number":1,"text":"ﭓ","translation":{"text":"with","language_name":"english","language_id":38},"transliteration":{"text":"maʿa","language_name":"english","language_id":38}},{"id":30582,"position":4,"audio_url":"wbw/018_028_004.mp3","qpc_uthmani_hafs":"ٱلَّذِينَ","char_type_name":"word","page_number":297,"line_number":1,"text":"ﭔ","translation":{"text":"those who","language_name":"english","language_id":38},"transliteration":{"text":"alladhīna","language_name":"english","language_id":38}},{"id":30583,"position":5,"audio_url":"wbw/018_028_005.mp3","qpc_uthmani_hafs":"يَدۡعُونَ","char_type_name":"word","page_number":297,"line_number":1,"text":"ﭕ","translation":{"text":"call","language_name":"english","language_id":38},"transliteration":{"text":"yadʿūna","language_name":"english","language_id":38}},{"id":30584,"position":6,"audio_url":"wbw/018_028_006.mp3","qpc_uthmani_hafs":"رَبَّهُم","char_type_name":"word","page_number":297,"line_number":1,"text":"ﭖ","translation":{"text":"their Lord","language_name":"english","language_id":38},"transliteration":{"text":"rabbahum","language_name":"english","language_id":38}},{"id":30585,"position":7,"audio_url":"wbw/018_028_007.mp3","qpc_uthmani_hafs":"بِٱلۡغَدَوٰةِ","char_type_name":"word","page_number":297,"line_number":1,"text":"ﭗ","translation":{"text":"in the morning","language_name":"english","language_id":38},"transliteration":{"text":"bil-ghadati","language_name":"english","language_id":38}},{"id":30586,"position":8,"audio_url":"wbw/018_028_008.mp3","qpc_uthmani_hafs":"وَٱلۡعَشِيِّ","char_type_name":"word","page_number":297,"line_number":1,"text":"ﭘ","translation":{"text":"and the evening","language_name":"english","language_id":38},"transliteration":{"text":"wal-ʿashiyi","language_name":"english","language_id":38}},{"id":30587,"position":9,"audio_url":"wbw/018_028_009.mp3","qpc_uthmani_hafs":"يُرِيدُونَ","char_type_name":"word","page_number":297,"line_number":2,"text":"ﭙ","translation":{"text":"desiring","language_name":"english","language_id":38},"transliteration":{"text":"yurīdūna","language_name":"english","language_id":38}},{"id":30588,"position":10,"audio_url":"wbw/018_028_010.mp3","qpc_uthmani_hafs":"وَجۡهَهُۥۖ","char_type_name":"word","page_number":297,"line_number":2,"text":"ﭚﭛ","translation":{"text":"His Face","language_name":"english","language_id":38},"transliteration":{"text":"wajhahu","language_name":"english","language_id":38}},{"id":30590,"position":11,"audio_url":"wbw/018_028_012.mp3","qpc_uthmani_hafs":"وَلَا","char_type_name":"word","page_number":297,"line_number":2,"text":"ﭜ","translation":{"text":"And (let) not","language_name":"english","language_id":38},"transliteration":{"text":"walā","language_name":"english","language_id":38}},{"id":30591,"position":12,"audio_url":"wbw/018_028_013.mp3","qpc_uthmani_hafs":"تَعۡدُ","char_type_name":"word","page_number":297,"line_number":2,"text":"ﭝ","translation":{"text":"pass beyond","language_name":"english","language_id":38},"transliteration":{"text":"taʿdu","language_name":"english","language_id":38}},{"id":30592,"position":13,"audio_url":"wbw/018_028_014.mp3","qpc_uthmani_hafs":"عَيۡنَاكَ","char_type_name":"word","page_number":297,"line_number":2,"text":"ﭞ","translation":{"text":"your eyes","language_name":"english","language_id":38},"transliteration":{"text":"ʿaynāka","language_name":"english","language_id":38}},{"id":30593,"position":14,"audio_url":"wbw/018_028_015.mp3","qpc_uthmani_hafs":"عَنۡهُمۡ","char_type_name":"word","page_number":297,"line_number":2,"text":"ﭟ","translation":{"text":"over them","language_name":"english","language_id":38},"transliteration":{"text":"ʿanhum","language_name":"english","language_id":38}},{"id":30594,"position":15,"audio_url":"wbw/018_028_016.mp3","qpc_uthmani_hafs":"تُرِيدُ","char_type_name":"word","page_number":297,"line_number":2,"text":"ﭠ","translation":{"text":"desiring","language_name":"english","language_id":38},"transliteration":{"text":"turīdu","language_name":"english","language_id":38}},{"id":30595,"position":16,"audio_url":"wbw/018_028_017.mp3","qpc_uthmani_hafs":"زِينَةَ","char_type_name":"word","page_number":297,"line_number":2,"text":"ﭡ","translation":{"text":"adornment","language_name":"english","language_id":38},"transliteration":{"text":"zīnata","language_name":"english","language_id":38}},{"id":30596,"position":17,"audio_url":"wbw/018_028_018.mp3","qpc_uthmani_hafs":"ٱلۡحَيَوٰةِ","char_type_name":"word","page_number":297,"line_number":2,"text":"ﭢ","translation":{"text":"(of) the life","language_name":"english","language_id":38},"transliteration":{"text":"l-ḥayati","language_name":"english","language_id":38}},{"id":30597,"position":18,"audio_url":"wbw/018_028_019.mp3","qpc_uthmani_hafs":"ٱلدُّنۡيَاۖ","char_type_name":"word","page_number":297,"line_number":3,"text":"ﭣﭤ","translation":{"text":"(of) the world","language_name":"english","language_id":38},"transliteration":{"text":"l-dun'yā","language_name":"english","language_id":38}},{"id":30599,"position":19,"audio_url":"wbw/018_028_021.mp3","qpc_uthmani_hafs":"وَلَا","char_type_name":"word","page_number":297,"line_number":3,"text":"ﭥ","translation":{"text":"and (do) not","language_name":"english","language_id":38},"transliteration":{"text":"walā","language_name":"english","language_id":38}},{"id":30600,"position":20,"audio_url":"wbw/018_028_022.mp3","qpc_uthmani_hafs":"تُطِعۡ","char_type_name":"word","page_number":297,"line_number":3,"text":"ﭦ","translation":{"text":"obey","language_name":"english","language_id":38},"transliteration":{"text":"tuṭiʿ","language_name":"english","language_id":38}},{"id":30601,"position":21,"audio_url":"wbw/018_028_023.mp3","qpc_uthmani_hafs":"مَنۡ","char_type_name":"word","page_number":297,"line_number":3,"text":"ﭧ","translation":{"text":"whom","language_name":"english","language_id":38},"transliteration":{"text":"man","language_name":"english","language_id":38}},{"id":30602,"position":22,"audio_url":"wbw/018_028_024.mp3","qpc_uthmani_hafs":"أَغۡفَلۡنَا","char_type_name":"word","page_number":297,"line_number":3,"text":"ﭨ","translation":{"text":"We have made heedless","language_name":"english","language_id":38},"transliteration":{"text":"aghfalnā","language_name":"english","language_id":38}},{"id":30603,"position":23,"audio_url":"wbw/018_028_025.mp3","qpc_uthmani_hafs":"قَلۡبَهُۥ","char_type_name":"word","page_number":297,"line_number":3,"text":"ﭩ","translation":{"text":"his heart","language_name":"english","language_id":38},"transliteration":{"text":"qalbahu","language_name":"english","language_id":38}},{"id":30604,"position":24,"audio_url":"wbw/018_028_026.mp3","qpc_uthmani_hafs":"عَن","char_type_name":"word","page_number":297,"line_number":3,"text":"ﭪ","translation":{"text":"of","language_name":"english","language_id":38},"transliteration":{"text":"ʿan","language_name":"english","language_id":38}},{"id":30605,"position":25,"audio_url":"wbw/018_028_027.mp3","qpc_uthmani_hafs":"ذِكۡرِنَا","char_type_name":"word","page_number":297,"line_number":3,"text":"ﭫ","translation":{"text":"Our remembrance","language_name":"english","language_id":38},"transliteration":{"text":"dhik'rinā","language_name":"english","language_id":38}},{"id":30606,"position":26,"audio_url":"wbw/018_028_028.mp3","qpc_uthmani_hafs":"وَٱتَّبَعَ","char_type_name":"word","page_number":297,"line_number":3,"text":"ﭬ","translation":{"text":"and follows","language_name":"english","language_id":38},"transliteration":{"text":"wa-ittabaʿa","language_name":"english","language_id":38}},{"id":30607,"position":27,"audio_url":"wbw/018_028_029.mp3","qpc_uthmani_hafs":"هَوَىٰهُ","char_type_name":"word","page_number":297,"line_number":3,"text":"ﭭ","translation":{"text":"his desires","language_name":"english","language_id":38},"transliteration":{"text":"hawāhu","language_name":"english","language_id":38}},{"id":30608,"position":28,"audio_url":"wbw/018_028_030.mp3","qpc_uthmani_hafs":"وَكَانَ","char_type_name":"word","page_number":297,"line_number":3,"text":"ﭮ","translation":{"text":"and is","language_name":"english","language_id":38},"transliteration":{"text":"wakāna","language_name":"english","language_id":38}},{"id":30609,"position":29,"audio_url":"wbw/018_028_031.mp3","qpc_uthmani_hafs":"أَمۡرُهُۥ","char_type_name":"word","page_number":297,"line_number":4,"text":"ﭯ","translation":{"text":"his affair","language_name":"english","language_id":38},"transliteration":{"text":"amruhu","language_name":"english","language_id":38}},{"id":30610,"position":30,"audio_url":"wbw/018_028_032.mp3","qpc_uthmani_hafs":"فُرُطٗا","char_type_name":"word","page_number":297,"line_number":4,"text":"ﭰ","translation":{"text":"(in) excess","language_name":"english","language_id":38},"transliteration":{"text":"furuṭan","language_name":"english","language_id":38}},{"id":30611,"position":31,"audio_url":null,"qpc_uthmani_hafs":"٢٨","char_type_name":"end","page_number":297,"line_number":4,"text":"ﭱ","translation":{"text":"(28)","language_name":"english","language_id":38},"transliteration":{"text":null,"language_name":"english","language_id":38}}],"translations":[{"id":918597,"resource_id":134,"text":"Dan bersabarlah kamu bersama-sama dengan orang-orang yang menyeru Tuhan-nya pada pagi dan senja hari dengan mengharap keridaan-Nya; dan janganlah kedua matamu berpaling dari mereka (karena) mengharapkan perhiasan kehidupan dunia ini; dan janganlah kamu mengikuti orang yang hatinya telah Kami lalaikan dari mengingati Kami, serta menuruti hawa nafsunya dan adalah keadaannya itu melewati batas."}]},{"id":2169,"verse_number":29,"verse_key":"18:29","juz_number":15,"hizb_number":30,"rub_el_hizb_number":118,"ruku_number":255,"manzil_number":4,"sajdah_number":null,"text_uthmani":"وَقُلِ ٱلْحَقُّ مِن رَّبِّكُمْ ۖ فَمَن شَآءَ فَلْيُؤْمِن وَمَن شَآءَ فَلْيَكْفُرْ ۚ إِنَّآ أَعْتَدْنَا لِلظَّـٰلِمِينَ نَارًا أَحَاطَ بِهِمْ سُرَادِقُهَا ۚ وَإِن يَسْتَغِيثُوا۟ يُغَاثُوا۟ بِمَآءٍ كَٱلْمُهْلِ يَشْوِى ٱلْوُجُوهَ ۚ بِئْسَ ٱلشَّرَابُ وَسَآءَتْ مُرْتَفَقًا","page_number":297,"words":[{"id":31603,"position":1,"audio_url":"wbw/018_029_001.mp3","qpc_uthmani_hafs":"وَقُلِ","char_type_name":"word","page_number":297,"line_number":4,"text":"ﭲ","translation":{"text":"And say","language_name":"english","language_id":38},"transliteration":{"text":"waquli","language_name":"english","language_id":38}},{"id":31604,"position":2,"audio_url":"wbw/018_029_002.mp3","qpc_uthmani_hafs":"ٱلۡحَقُّ","char_type_name":"word","page_number":297,"line_number":4,"text":"ﭳ","translation":{"text":"The truth","language_name":"english","language_id":38},"transliteration":{"text":"l-ḥaqu","language_name":"english","language_id":38}},{"id":31605,"position":3,"audio_url":"wbw/018_029_003.mp3","qpc_uthmani_hafs":"مِن","char_type_name":"word","page_number":297,"line_number":4,"text":"ﭴ","translation":{"text":"(is) from","language_name":"english","language_id":38},"transliteration":{"text":"min","language_name":"english","language_id":38}},{"id":31606,"position":4,"audio_url":"wbw/018_029_004.mp3","qpc_uthmani_hafs":"رَّبِّكُمۡۖ","char_type_name":"word","page_number":297,"line_number":4,"text":"ﭵﭶ","translation":{"text":"your Lord","language_name":"english","language_id":38},"transliteration":{"text":"rabbikum","language_name":"english","language_id":38}},{"id":31608,"position":5,"audio_url":"wbw/018_029_006.mp3","qpc_uthmani_hafs":"فَمَن","char_type_name":"word","page_number":297,"line_number":4,"text":"ﭷ","translation":{"text":"so whoever","language_name":"english","language_id":38},"transliteration":{"text":"faman","language_name":"english","language_id":38}},{"id":31609,"position":6,"audio_url":"wbw/018_029_007.mp3","qpc_uthmani_hafs":"شَآءَ","char_type_name":"word","page_number":297,"line_number":4,"text":"ﭸ","translation":{"text":"wills ","language_name":"english","language_id":38},"transliteration":{"text":"shāa","language_name":"english","language_id":38}},{"id":31610,"position":7,"audio_url":"wbw/018_029_008.mp3","qpc_uthmani_hafs":"فَلۡيُؤۡمِن","char_type_name":"word","page_number":297,"line_number":4,"text":"ﭹ","translation":{"text":"let him believe","language_name":"english","language_id":38},"transliteration":{"text":"falyu'min","language_name":"english","language_id":38}},{"id":31611,"position":8,"audio_url":"wbw/018_029_009.mp3","qpc_uthmani_hafs":"وَمَن","char_type_name":"word","page_number":297,"line_number":4,"text":"ﭺ","translation":{"text":"and whoever","language_name":"english","language_id":38},"transliteration":{"text":"waman","language_name":"english","language_id":38}},{"id":31612,"position":9,"audio_url":"wbw/018_029_010.mp3","qpc_uthmani_hafs":"شَآءَ","char_type_name":"word","page_number":297,"line_number":5,"text":"ﭻ","translation":{"text":"wills ","language_name":"english","language_id":38},"transliteration":{"text":"shāa","language_name":"english","language_id":38}},{"id":31613,"position":10,"audio_url":"wbw/018_029_011.mp3","qpc_uthmani_hafs":"فَلۡيَكۡفُرۡۚ","char_type_name":"word","page_number":297,"line_number":5,"text":"ﭼﭽ","translation":{"text":"let him disbelieve","language_name":"english","language_id":38},"transliteration":{"text":"falyakfur","language_name":"english","language_id":38}},{"id":31615,"position":11,"audio_url":"wbw/018_029_013.mp3","qpc_uthmani_hafs":"إِنَّآ","char_type_name":"word","page_number":297,"line_number":5,"text":"ﭾ","translation":{"text":"Indeed, We","language_name":"english","language_id":38},"transliteration":{"text":"innā","language_name":"english","language_id":38}},{"id":31616,"position":12,"audio_url":"wbw/018_029_014.mp3","qpc_uthmani_hafs":"أَعۡتَدۡنَا","char_type_name":"word","page_number":297,"line_number":5,"text":"ﭿ","translation":{"text":"have prepared","language_name":"english","language_id":38},"transliteration":{"text":"aʿtadnā","language_name":"english","language_id":38}},{"id":31617,"position":13,"audio_url":"wbw/018_029_015.mp3","qpc_uthmani_hafs":"لِلظَّٰلِمِينَ","char_type_name":"word","page_number":297,"line_number":5,"text":"ﮀ","translation":{"text":"for the wrongdoers","language_name":"english","language_id":38},"transliteration":{"text":"lilẓẓālimīna","language_name":"english","language_id":38}},{"id":31618,"position":14,"audio_url":"wbw/018_029_016.mp3","qpc_uthmani_hafs":"نَارًا","char_type_name":"word","page_number":297,"line_number":5,"text":"ﮁ","translation":{"text":"a Fire","language_name":"english","language_id":38},"transliteration":{"text":"nāran","language_name":"english","language_id":38}},{"id":31619,"position":15,"audio_url":"wbw/018_029_017.mp3","qpc_uthmani_hafs":"أَحَاطَ","char_type_name":"word","page_number":297,"line_number":5,"text":"ﮂ","translation":{"text":"will surround","language_name":"english","language_id":38},"transliteration":{"text":"aḥāṭa","language_name":"english","language_id":38}},{"id":31620,"position":16,"audio_url":"wbw/018_029_018.mp3","qpc_uthmani_hafs":"بِهِمۡ","char_type_name":"word","page_number":297,"line_number":5,"text":"ﮃ","translation":{"text":"them","language_name":"english","language_id":38},"transliteration":{"text":"bihim","language_name":"english","language_id":38}},{"id":31621,"position":17,"audio_url":"wbw/018_029_019.mp3","qpc_uthmani_hafs":"سُرَادِقُهَاۚ","char_type_name":"word","page_number":297,"line_number":5,"text":"ﮄﮅ","translation":{"text":"its walls","language_name":"english","language_id":38},"transliteration":{"text":"surādiquhā","language_name":"english","language_id":38}},{"id":31623,"position":18,"audio_url":"wbw/018_029_021.mp3","qpc_uthmani_hafs":"وَإِن","char_type_name":"word","page_number":297,"line_number":6,"text":"ﮆ","translation":{"text":"And if","language_name":"english","language_id":38},"transliteration":{"text":"wa-in","language_name":"english","language_id":38}},{"id":31624,"position":19,"audio_url":"wbw/018_029_022.mp3","qpc_uthmani_hafs":"يَسۡتَغِيثُواْ","char_type_name":"word","page_number":297,"line_number":6,"text":"ﮇ","translation":{"text":"they call for relief","language_name":"english","language_id":38},"transliteration":{"text":"yastaghīthū","language_name":"english","language_id":38}},{"id":31625,"position":20,"audio_url":"wbw/018_029_023.mp3","qpc_uthmani_hafs":"يُغَاثُواْ","char_type_name":"word","page_number":297,"line_number":6,"text":"ﮈ","translation":{"text":"they will be relieved","language_name":"english","language_id":38},"transliteration":{"text":"yughāthū","language_name":"english","language_id":38}},{"id":31626,"position":21,"audio_url":"wbw/018_029_024.mp3","qpc_uthmani_hafs":"بِمَآءٖ","char_type_name":"word","page_number":297,"line_number":6,"text":"ﮉ","translation":{"text":"with water","language_name":"english","language_id":38},"transliteration":{"text":"bimāin","language_name":"english","language_id":38}},{"id":31627,"position":22,"audio_url":"wbw/018_029_025.mp3","qpc_uthmani_hafs":"كَٱلۡمُهۡلِ","char_type_name":"word","page_number":297,"line_number":6,"text":"ﮊ","translation":{"text":"like molten brass","language_name":"english","language_id":38},"transliteration":{"text":"kal-muh'li","language_name":"english","language_id":38}},{"id":31628,"position":23,"audio_url":"wbw/018_029_026.mp3","qpc_uthmani_hafs":"يَشۡوِي","char_type_name":"word","page_number":297,"line_number":6,"text":"ﮋ","translation":{"text":"(which) scalds","language_name":"english","language_id":38},"transliteration":{"text":"yashwī","language_name":"english","language_id":38}},{"id":31629,"position":24,"audio_url":"wbw/018_029_027.mp3","qpc_uthmani_hafs":"ٱلۡوُجُوهَۚ","char_type_name":"word","page_number":297,"line_number":6,"text":"ﮌﮍ","translation":{"text":"the faces","language_name":"english","language_id":38},"transliteration":{"text":"l-wujūha","language_name":"english","language_id":38}},{"id":31631,"position":25,"audio_url":"wbw/018_029_029.mp3","qpc_uthmani_hafs":"بِئۡسَ","char_type_name":"word","page_number":297,"line_number":6,"text":"ﮎ","translation":{"text":"Wretched","language_name":"english","language_id":38},"transliteration":{"text":"bi'sa","language_name":"english","language_id":38}},{"id":31632,"position":26,"audio_url":"wbw/018_029_030.mp3","qpc_uthmani_hafs":"ٱلشَّرَابُ","char_type_name":"word","page_number":297,"line_number":7,"text":"ﮏ","translation":{"text":"(is) the drink","language_name":"english","language_id":38},"transliteration":{"text":"l-sharābu","language_name":"english","language_id":38}},{"id":31633,"position":27,"audio_url":"wbw/018_029_031.mp3","qpc_uthmani_hafs":"وَسَآءَتۡ","char_type_name":"word","page_number":297,"line_number":7,"text":"ﮐ","translation":{"text":"and evil","language_name":"english","language_id":38},"transliteration":{"text":"wasāat","language_name":"english","language_id":38}},{"id":31634,"position":28,"audio_url":"wbw/018_029_032.mp3","qpc_uthmani_hafs":"مُرۡتَفَقًا","char_type_name":"word","page_number":297,"line_number":7,"text":"ﮑ","translation":{"text":"(is) the resting place","language_name":"english","language_id":38},"transliteration":{"text":"mur'tafaqan","language_name":"english","language_id":38}},{"id":31635,"position":29,"audio_url":null,"qpc_uthmani_hafs":"٢٩","char_type_name":"end","page_number":297,"line_number":7,"text":"ﮒ","translation":{"text":"(29)","language_name":"english","language_id":38},"transliteration":{"text":null,"language_name":"english","language_id":38}}],"translations":[{"id":918598,"resource_id":134,"text":"Dan katakanlah, \"Kebenaran itu datangnya dari Tuhan-mu, maka barang siapa yang ingin (beriman) hendaklah ia beriman dan barang siapa yang ingin (kafir) biarlah ia kafir\".  Sesungguhnya Kami telah sediakan bagi orang orang zalim itu neraka yang gejolaknya mengepung mereka.  Dan jika mereka meminta minum, niscaya mereka akan diberi minum dengan air seperti besi yang mendidih yang menghanguskan muka.  Itulah minuman yang paling buruk dan tempat istirahat yang paling jelek."}]},{"id":2170,"verse_number":30,"verse_key":"18:30","juz_number":15,"hizb_number":30,"rub_el_hizb_number":118,"ruku_number":255,"manzil_number":4,"sajdah_number":null,"text_uthmani":"إِنَّ ٱلَّذِينَ ءَامَنُوا۟ وَعَمِلُوا۟ ٱلصَّـٰلِحَـٰتِ إِنَّا لَا نُضِيعُ أَجْرَ مَنْ أَحْسَنَ عَمَلًا","page_number":297,"words":[{"id":32501,"position":1,"audio_url":"wbw/018_030_001.mp3","qpc_uthmani_hafs":"إِنَّ","char_type_name":"word","page_number":297,"line_number":7,"text":"ﮓ","translation":{"text":"Indeed","language_name":"english","language_id":38},"transliteration":{"text":"inna","language_name":"english","language_id":38}},{"id":32502,"position":2,"audio_url":"wbw/018_030_002.mp3","qpc_uthmani_hafs":"ٱلَّذِينَ","char_type_name":"word","page_number":297,"line_number":7,"text":"ﮔ","translation":{"text":"those who","language_name":"english","language_id":38},"transliteration":{"text":"alladhīna","language_name":"english","language_id":38}},{"id":32503,"position":3,"audio_url":"wbw/018_030_003.mp3","qpc_uthmani_hafs":"ءَامَنُواْ","char_type_name":"word","page_number":297,"line_number":7,"text":"ﮕ","translation":{"text":"believed","language_name":"english","language_id":38},"transliteration":{"text":"āmanū","language_name":"english","language_id":38}},{"id":32504,"position":4,"audio_url":"wbw/018_030_004.mp3","qpc_uthmani_hafs":"وَعَمِلُواْ","char_type_name":"word","page_number":297,"line_number":7,"text":"ﮖ","translation":{"text":"and did","language_name":"english","language_id":38},"transliteration":{"text":"waʿamilū","language_name":"english","language_id":38}},{"id":32505,"position":5,"audio_url":"wbw/018_030_005.mp3","qpc_uthmani_hafs":"ٱلصَّٰلِحَٰتِ","char_type_name":"word","page_number":297,"line_number":8,"text":"ﮗ","translation":{"text":"the good deeds","language_name":"english","language_id":38},"transliteration":{"text":"l-ṣāliḥāti","language_name":"english","language_id":38}},{"id":32506,"position":6,"audio_url":"wbw/018_030_006.mp3","qpc_uthmani_hafs":"إِنَّا","char_type_name":"word","page_number":297,"line_number":8,"text":"ﮘ","translation":{"text":"indeed, We","language_name":"english","language_id":38},"transliteration":{"text":"innā","language_name":"english","language_id":38}},{"id":32507,"position":7,"audio_url":"wbw/018_030_007.mp3","qpc_uthmani_hafs":"لَا","char_type_name":"word","page_number":297,"line_number":8,"text":"ﮙ","translation":{"text":"will not let go waste","language_name":"english","language_id":38},"transliteration":{"text":"lā","language_name":"english","language_id":38}},{"id":32508,"position":8,"audio_url":"wbw/018_030_008.mp3","qpc_uthmani_hafs":"نُضِيعُ","char_type_name":"word","page_number":297,"line_number":8,"text":"ﮚ","translation":{"text":"will not let go waste","language_name":"english","language_id":38},"transliteration":{"text":"nuḍīʿu","language_name":"english","language_id":38}},{"id":32509,"position":9,"audio_url":"wbw/018_030_009.mp3","qpc_uthmani_hafs":"أَجۡرَ","char_type_name":"word","page_number":297,"line_number":8,"text":"ﮛ","translation":{"text":"(the) reward","language_name":"english","language_id":38},"transliteration":{"text":"ajra","language_name":"english","language_id":38}},{"id":32510,"position":10,"audio_url":"wbw/018_030_010.mp3","qpc_uthmani_hafs":"مَنۡ","char_type_name":"word","page_number":297,"line_number":8,"text":"ﮜ","translation":{"text":"(of one) who","language_name":"english","language_id":38},"transliteration":{"text":"man","language_name":"english","language_id":38}},{"id":32511,"position":11,"audio_url":"wbw/018_030_011.mp3","qpc_uthmani_hafs":"أَحۡسَنَ","char_type_name":"word","page_number":297,"line_number":8,"text":"ﮝ","translation":{"text":"does good","language_name":"english","language_id":38},"transliteration":{"text":"aḥsana","language_name":"english","language_id":38}},{"id":32512,"position":12,"audio_url":"wbw/018_030_012.mp3","qpc_uthmani_hafs":"عَمَلًا","char_type_name":"word","page_number":297,"line_number":8,"text":"ﮞ","translation":{"text":"deeds","language_name":"english","language_id":38},"transliteration":{"text":"ʿamalan","language_name":"english","language_id":38}},{"id":32513,"position":13,"audio_url":null,"qpc_uthmani_hafs":"٣٠","char_type_name":"end","page_number":297,"line_number":8,"text":"ﮟ","translation":{"text":"(30)","language_name":"english","language_id":38},"transliteration":{"text":null,"language_name":"english","language_id":38}}],"translations":[{"id":918599,"resource_id":134,"text":"Sesunggunya mereka yang beriman dan beramal saleh, tentulah Kami tidak akan menyia-nyiakan pahala orang-orang yang mengerjakan amalan(nya) dengan yang baik."}]},{"id":2171,"verse_number":31,"verse_key":"18:31","juz_number":15,"hizb_number":30,"rub_el_hizb_number":118,"ruku_number":255,"manzil_number":4,"sajdah_number":null,"text_uthmani":"أُو۟لَـٰٓئِكَ لَهُمْ جَنَّـٰتُ عَدْنٍ تَجْرِى مِن تَحْتِهِمُ ٱلْأَنْهَـٰرُ يُحَلَّوْنَ فِيهَا مِنْ أَسَاوِرَ مِن ذَهَبٍ وَيَلْبَسُونَ ثِيَابًا خُضْرًا مِّن سُندُسٍ وَإِسْتَبْرَقٍ مُّتَّكِـِٔينَ فِيهَا عَلَى ٱلْأَرَآئِكِ ۚ نِعْمَ ٱلثَّوَابُ وَحَسُنَتْ مُرْتَفَقًا","page_number":297,"words":[{"id":33363,"position":1,"audio_url":"wbw/018_031_001.mp3","qpc_uthmani_hafs":"أُوْلَٰٓئِكَ","char_type_name":"word","page_number":297,"line_number":8,"text":"ﮠ","translation":{"text":"Those","language_name":"english","language_id":38},"transliteration":{"text":"ulāika","language_name":"english","language_id":38}},{"id":33364,"position":2,"audio_url":"wbw/018_031_002.mp3","qpc_uthmani_hafs":"لَهُمۡ","char_type_name":"word","page_number":297,"line_number":9,"text":"ﮡ","translation":{"text":"for them","language_name":"english","language_id":38},"transliteration":{"text":"lahum","language_name":"english","language_id":38}},{"id":33365,"position":3,"audio_url":"wbw/018_031_003.mp3","qpc_uthmani_hafs":"جَنَّٰتُ","char_type_name":"word","page_number":297,"line_number":9,"text":"ﮢ","translation":{"text":"(are) Gardens","language_name":"english","language_id":38},"transliteration":{"text":"jannātu","language_name":"english","language_id":38}},{"id":33366,"position":4,"audio_url":"wbw/018_031_004.mp3","qpc_uthmani_hafs":"عَدۡنٖ","char_type_name":"word","page_number":297,"line_number":9,"text":"ﮣ","translation":{"text":"of Eden","language_name":"english","language_id":38},"transliteration":{"text":"ʿadnin","language_name":"english","language_id":38}},{"id":33367,"position":5,"audio_url":"wbw/018_031_005.mp3","qpc_uthmani_hafs":"تَجۡرِي","char_type_name":"word","page_number":297,"line_number":9,"text":"ﮤ","translation":{"text":"flows","language_name":"english","language_id":38},"transliteration":{"text":"tajrī","language_name":"english","language_id":38}},{"id":33368,"position":6,"audio_url":"wbw/018_031_006.mp3","qpc_uthmani_hafs":"مِن","char_type_name":"word","page_number":297,"line_number":9,"text":"ﮥ","translation":{"text":"from","language_name":"english","language_id":38},"transliteration":{"text":"min","language_name":"english","language_id":38}},{"id":33369,"position":7,"audio_url":"wbw/018_031_007.mp3","qpc_uthmani_hafs":"تَحۡتِهِمُ","char_type_name":"word","page_number":297,"line_number":9,"text":"ﮦ","translation":{"text":"underneath them","language_name":"english","language_id":38},"transliteration":{"text":"taḥtihimu","language_name":"english","language_id":38}},{"id":33370,"position":8,"audio_url":"wbw/018_031_008.mp3","qpc_uthmani_hafs":"ٱلۡأَنۡهَٰرُ","char_type_name":"word","page_number":297,"line_number":9,"text":"ﮧ","translation":{"text":"the rivers","language_name":"english","language_id":38},"transliteration":{"text":"l-anhāru","language_name":"english","language_id":38}},{"id":33371,"position":9,"audio_url":"wbw/018_031_009.mp3","qpc_uthmani_hafs":"يُحَلَّوۡنَ","char_type_name":"word","page_number":297,"line_number":9,"text":"ﮨ","translation":{"text":"They will be adorned","language_name":"english","language_id":38},"transliteration":{"text":"yuḥallawna","language_name":"english","language_id":38}},{"id":33372,"position":10,"audio_url":"wbw/018_031_010.mp3","qpc_uthmani_hafs":"فِيهَا","char_type_name":"word","page_number":297,"line_number":9,"text":"ﮩ","translation":{"text":"therein","language_name":"english","language_id":38},"transliteration":{"text":"fīhā","language_name":"english","language_id":38}},{"id":33373,"position":11,"audio_url":"wbw/018_031_011.mp3","qpc_uthmani_hafs":"مِنۡ","char_type_name":"word","page_number":297,"line_number":9,"text":"ﮪ","translation":{"text":"[of] (with)","language_name":"english","language_id":38},"transliteration":{"text":"min","language_name":"english","language_id":38}},{"id":33374,"position":12,"audio_url":"wbw/018_031_012.mp3","qpc_uthmani_hafs":"أَسَاوِرَ","char_type_name":"word","page_number":297,"line_number":9,"text":"ﮫ","translation":{"text":"bracelets","language_name":"english","language_id":38},"transliteration":{"text":"asāwira","language_name":"english","language_id":38}},{"id":33375,"position":13,"audio_url":"wbw/018_031_013.mp3","qpc_uthmani_hafs":"مِن","char_type_name":"word","page_number":297,"line_number":10,"text":"ﮬ","translation":{"text":"of","language_name":"english","language_id":38},"transliteration":{"text":"min","language_name":"english","language_id":38}},{"id":33376,"position":14,"audio_url":"wbw/018_031_014.mp3","qpc_uthmani_hafs":"ذَهَبٖ","char_type_name":"word","page_number":297,"line_number":10,"text":"ﮭ","translation":{"text":"gold","language_name":"english","language_id":38},"transliteration":{"text":"dhahabin","language_name":"english","language_id":38}},{"id":33377,"position":15,"audio_url":"wbw/018_031_015.mp3","qpc_uthmani_hafs":"وَيَلۡبَسُونَ","char_type_name":"word","page_number":297,"line_number":10,"text":"ﮮ","translation":{"text":"and will wear","language_name":"english","language_id":38},"transliteration":{"text":"wayalbasūna","language_name":"english","language_id":38}},{"id":33378,"position":16,"audio_url":"wbw/018_031_016.mp3","qpc_uthmani_hafs":"ثِيَابًا","char_type_name":"word","page_number":297,"line_number":10,"text":"ﮯ","translation":{"text":"garments","language_name":"english","language_id":38},"transliteration":{"text":"thiyāban","language_name":"english","language_id":38}},{"id":33379,"position":17,"audio_url":"wbw/018_031_017.mp3","qpc_uthmani_hafs":"خُضۡرٗا","char_type_name":"word","page_number":297,"line_number":10,"text":"ﮰ","translation":{"text":"green","language_name":"english","language_id":38},"transliteration":{"text":"khuḍ'ran","language_name":"english","language_id":38}},{"id":33380,"position":18,"audio_url":"wbw/018_031_018.mp3","qpc_uthmani_hafs":"مِّن","char_type_name":"word","page_number":297,"line_number":10,"text":"ﮱ","translation":{"text":"of","language_name":"english","language_id":38},"transliteration":{"text":"min","language_name":"english","language_id":38}},{"id":33381,"position":19,"audio_url":"wbw/018_031_019.mp3","qpc_uthmani_hafs":"سُندُسٖ","char_type_name":"word","page_number":297,"line_number":10,"text":"ﯓ","translation":{"text":"fine silk","language_name":"english","language_id":38},"transliteration":{"text":"sundusin","language_name":"english","language_id":38}},{"id":33382,"position":20,"audio_url":"wbw/018_031_020.mp3","qpc_uthmani_hafs":"وَإِسۡتَبۡرَقٖ","char_type_name":"word","page_number":297,"line_number":10,"text":"ﯔ","translation":{"text":"and heavy brocade","language_name":"english","language_id":38},"transliteration":{"text":"wa-is'tabraqin","language_name":"english","language_id":38}},{"id":33383,"position":21,"audio_url":"wbw/018_031_021.mp3","qpc_uthmani_hafs":"مُّتَّكِـِٔينَ","char_type_name":"word","page_number":297,"line_number":10,"text":"ﯕ","translation":{"text":"reclining","language_name":"english","language_id":38},"transliteration":{"text":"muttakiīna","language_name":"english","language_id":38}},{"id":33384,"position":22,"audio_url":"wbw/018_031_022.mp3","qpc_uthmani_hafs":"فِيهَا","char_type_name":"word","page_number":297,"line_number":11,"text":"ﯖ","translation":{"text":"therein","language_name":"english","language_id":38},"transliteration":{"text":"fīhā","language_name":"english","language_id":38}},{"id":33385,"position":23,"audio_url":"wbw/018_031_023.mp3","qpc_uthmani_hafs":"عَلَى","char_type_name":"word","page_number":297,"line_number":11,"text":"ﯗ","translation":{"text":"on","language_name":"english","language_id":38},"transliteration":{"text":"ʿalā","language_name":"english","language_id":38}},{"id":33386,"position":24,"audio_url":"wbw/018_031_024.mp3","qpc_uthmani_hafs":"ٱلۡأَرَآئِكِۚ","char_type_name":"word","page_number":297,"line_number":11,"text":"ﯘﯙ","translation":{"text":"adorned couches","language_name":"english","language_id":38},"transliteration":{"text":"l-arāiki","language_name":"english","language_id":38}},{"id":33388,"position":25,"audio_url":"wbw/018_031_026.mp3","qpc_uthmani_hafs":"نِعۡمَ","char_type_name":"word","page_number":297,"line_number":11,"text":"ﯚ","translation":{"text":"Excellent","language_name":"english","language_id":38},"transliteration":{"text":"niʿ'ma","language_name":"english","language_id":38}},{"id":33389,"position":26,"audio_url":"wbw/018_031_027.mp3","qpc_uthmani_hafs":"ٱلثَّوَابُ","char_type_name":"word","page_number":297,"line_number":11,"text":"ﯛ","translation":{"text":"(is) the reward","language_name":"english","language_id":38},"transliteration":{"text":"l-thawābu","language_name":"english","language_id":38}},{"id":33390,"position":27,"audio_url":"wbw/018_031_028.mp3","qpc_uthmani_hafs":"وَحَسُنَتۡ","char_type_name":"word","page_number":297,"line_number":11,"text":"ﯜ","translation":{"text":"and good","language_name":"english","language_id":38},"transliteration":{"text":"waḥasunat","language_name":"english","language_id":38}},{"id":33391,"position":28,"audio_url":"wbw/018_031_029.mp3","qpc_uthmani_hafs":"مُرۡتَفَقٗا","char_type_name":"word","page_number":297,"line_number":11,"text":"ﯝ","translation":{"text":"(is) the resting place","language_name":"english","language_id":38},"transliteration":{"text":"mur'tafaqan","language_name":"english","language_id":38}},{"id":33392,"position":29,"audio_url":null,"qpc_uthmani_hafs":"٣١","char_type_name":"end","page_number":297,"line_number":11,"text":"ﯞ","translation":{"text":"(31)","language_name":"english","language_id":38},"transliteration":{"text":null,"language_name":"english","language_id":38}}],"translations":[{"id":918600,"resource_id":134,"text":"Mereka itulah (orang-orang yang) bagi mereka surga ʻAdn mengalir sungai-sungai di bawahnya dalam surga itu, mereka dihiasi dengan gelang mas, dan mereka memakai pakaian hijau dari sutra halus dan sutra tebal, sedang mereka duduk sambil bersandar di atas dipan-dipan yang indah.  Itulah pahala yang sebaik-baiknya, dan tempat istirahat yang indah;"}]},{"id":2172,"verse_number":32,"verse_key":"18:32","juz_number":15,"hizb_number":30,"rub_el_hizb_number":119,"ruku_number":256,"manzil_number":4,"sajdah_number":null,"text_uthmani":"۞ وَٱضْرِبْ لَهُم مَّثَلًا رَّجُلَيْنِ جَعَلْنَا لِأَحَدِهِمَا جَنَّتَيْنِ مِنْ أَعْنَـٰبٍ وَحَفَفْنَـٰهُمَا بِنَخْلٍ وَجَعَلْنَا بَيْنَهُمَا زَرْعًا","page_number":297,"words":[{"id":34432,"position":1,"audio_url":"wbw/018_032_002.mp3","qpc_uthmani_hafs":"۞ وَٱضۡرِبۡ","char_type_name":"word","page_number":297,"line_number":11,"text":"ﯟ ﯠ","translation":{"text":"And set forth","language_name":"english","language_id":38},"transliteration":{"text":"wa-iḍ'rib","language_name":"english","language_id":38}},{"id":34433,"position":2,"audio_url":"wbw/018_032_003.mp3","qpc_uthmani_hafs":"لَهُم","char_type_name":"word","page_number":297,"line_number":12,"text":"ﯡ","translation":{"text":"to them","language_name":"english","language_id":38},"transliteration":{"text":"lahum","language_name":"english","language_id":38}},{"id":34434,"position":3,"audio_url":"wbw/018_032_004.mp3","qpc_uthmani_hafs":"مَّثَلٗا","char_type_name":"word","page_number":297,"line_number":12,"text":"ﯢ","translation":{"text":"the example","language_name":"english","language_id":38},"transliteration":{"text":"mathalan","language_name":"english","language_id":38}},{"id":34435,"position":4,"audio_url":"wbw/018_032_005.mp3","qpc_uthmani_hafs":"رَّجُلَيۡنِ","char_type_name":"word","page_number":297,"line_number":12,"text":"ﯣ","translation":{"text":"of two men:","language_name":"english","language_id":38},"transliteration":{"text":"rajulayni","language_name":"english","language_id":38}},{"id":34436,"position":5,"audio_url":"wbw/018_032_006.mp3","qpc_uthmani_hafs":"جَعَلۡنَا","char_type_name":"word","page_number":297,"line_number":12,"text":"ﯤ","translation":{"text":"We provided","language_name":"english","language_id":38},"transliteration":{"text":"jaʿalnā","language_name":"english","language_id":38}},{"id":34437,"position":6,"audio_url":"wbw/018_032_007.mp3","qpc_uthmani_hafs":"لِأَحَدِهِمَا","char_type_name":"word","page_number":297,"line_number":12,"text":"ﯥ","translation":{"text":"for one of them","language_name":"english","language_id":38},"transliteration":{"text":"li-aḥadihimā","language_name":"english","language_id":38}},{"id":34438,"position":7,"audio_url":"wbw/018_032_008.mp3","qpc_uthmani_hafs":"جَنَّتَيۡنِ","char_type_name":"word","page_number":297,"line_number":12,"text":"ﯦ","translation":{"text":"two gardens","language_name":"english","language_id":38},"transliteration":{"text":"jannatayni","language_name":"english","language_id":38}},{"id":34439,"position":8,"audio_url":"wbw/018_032_009.mp3","qpc_uthmani_hafs":"مِنۡ","char_type_name":"word","page_number":297,"line_number":12,"text":"ﯧ","translation":{"text":"of","language_name":"english","language_id":38},"transliteration":{"text":"min","language_name":"english","language_id":38}},{"id":34440,"position":9,"audio_url":"wbw/018_032_010.mp3","qpc_uthmani_hafs":"أَعۡنَٰبٖ","char_type_name":"word","page_number":297,"line_number":12,"text":"ﯨ","translation":{"text":"grapes","language_name":"english","language_id":38},"transliteration":{"text":"aʿnābin","language_name":"english","language_id":38}},{"id":34441,"position":10,"audio_url":"wbw/018_032_011.mp3","qpc_uthmani_hafs":"وَحَفَفۡنَٰهُمَا","char_type_name":"word","page_number":297,"line_number":12,"text":"ﯩ","translation":{"text":"and We bordered them","language_name":"english","language_id":38},"transliteration":{"text":"waḥafafnāhumā","language_name":"english","language_id":38}},{"id":34442,"position":11,"audio_url":"wbw/018_032_012.mp3","qpc_uthmani_hafs":"بِنَخۡلٖ","char_type_name":"word","page_number":297,"line_number":13,"text":"ﯪ","translation":{"text":"with date-palms","language_name":"english","language_id":38},"transliteration":{"text":"binakhlin","language_name":"english","language_id":38}},{"id":34443,"position":12,"audio_url":"wbw/018_032_013.mp3","qpc_uthmani_hafs":"وَجَعَلۡنَا","char_type_name":"word","page_number":297,"line_number":13,"text":"ﯫ","translation":{"text":"and We placed","language_name":"english","language_id":38},"transliteration":{"text":"wajaʿalnā","language_name":"english","language_id":38}},{"id":34444,"position":13,"audio_url":"wbw/018_032_014.mp3","qpc_uthmani_hafs":"بَيۡنَهُمَا","char_type_name":"word","page_number":297,"line_number":13,"text":"ﯬ","translation":{"text":"between both of them","language_name":"english","language_id":38},"transliteration":{"text":"baynahumā","language_name":"english","language_id":38}},{"id":34445,"position":14,"audio_url":"wbw/018_032_015.mp3","qpc_uthmani_hafs":"زَرۡعٗا","char_type_name":"word","page_number":297,"line_number":13,"text":"ﯭ","translation":{"text":"crops","language_name":"english","language_id":38},"transliteration":{"text":"zarʿan","language_name":"english","language_id":38}},{"id":34446,"position":15,"audio_url":null,"qpc_uthmani_hafs":"٣٢","char_type_name":"end","page_number":297,"line_number":13,"text":"ﯮ","translation":{"text":"(32)","language_name":"english","language_id":38},"transliteration":{"text":null,"language_name":"english","language_id":38}}],"translations":[{"id":918601,"resource_id":134,"text":"Dan berikanlah kepada mereka <sup foot_note=210648>1</sup> sebuah perumpamaan dua orang laki-laki <sup foot_note=210649>2</sup>, Kami jadikan bagi seorang di antara keduanya (yang kafir) dua buah kebun anggur, dan kami kelilingi kedua kebun itu dengan pohon-pohon kurma, dan di antara kedua kebun itu Kami buatkan ladang."}]},{"id":2173,"verse_number":33,"verse_key":"18:33","juz_number":15,"hizb_number":30,"rub_el_hizb_number":119,"ruku_number":256,"manzil_number":4,"sajdah_number":null,"text_uthmani":"كِلْتَا ٱلْجَنَّتَيْنِ ءَاتَتْ أُكُلَهَا وَلَمْ تَظْلِم مِّنْهُ شَيْـًٔا ۚ وَفَجَّرْنَا خِلَـٰلَهُمَا نَهَرًا","page_number":297,"words":[{"id":35341,"position":1,"audio_url":"wbw/018_033_001.mp3","qpc_uthmani_hafs":"كِلۡتَا","char_type_name":"word","page_number":297,"line_number":13,"text":"ﯯ","translation":{"text":"Each","language_name":"english","language_id":38},"transliteration":{"text":"kil'tā","language_name":"english","language_id":38}},{"id":35342,"position":2,"audio_url":"wbw/018_033_002.mp3","qpc_uthmani_hafs":"ٱلۡجَنَّتَيۡنِ","char_type_name":"word","page_number":297,"line_number":13,"text":"ﯰ","translation":{"text":"(of) the two gardens","language_name":"english","language_id":38},"transliteration":{"text":"l-janatayni","language_name":"english","language_id":38}},{"id":35343,"position":3,"audio_url":"wbw/018_033_003.mp3","qpc_uthmani_hafs":"ءَاتَتۡ","char_type_name":"word","page_number":297,"line_number":13,"text":"ﯱ","translation":{"text":"brought forth","language_name":"english","language_id":38},"transliteration":{"text":"ātat","language_name":"english","language_id":38}},{"id":35344,"position":4,"audio_url":"wbw/018_033_004.mp3","qpc_uthmani_hafs":"أُكُلَهَا","char_type_name":"word","page_number":297,"line_number":13,"text":"ﯲ","translation":{"text":"its produce","language_name":"english","language_id":38},"transliteration":{"text":"ukulahā","language_name":"english","language_id":38}},{"id":35345,"position":5,"audio_url":"wbw/018_033_005.mp3","qpc_uthmani_hafs":"وَلَمۡ","char_type_name":"word","page_number":297,"line_number":13,"text":"ﯳ","translation":{"text":"and not","language_name":"english","language_id":38},"transliteration":{"text":"walam","language_name":"english","language_id":38}},{"id":35346,"position":6,"audio_url":"wbw/018_033_006.mp3","qpc_uthmani_hafs":"تَظۡلِم","char_type_name":"word","page_number":297,"line_number":14,"text":"ﯴ","translation":{"text":"did wrong","language_name":"english","language_id":38},"transliteration":{"text":"taẓlim","language_name":"english","language_id":38}},{"id":35347,"position":7,"audio_url":"wbw/018_033_007.mp3","qpc_uthmani_hafs":"مِّنۡهُ","char_type_name":"word","page_number":297,"line_number":14,"text":"ﯵ","translation":{"text":"of it","language_name":"english","language_id":38},"transliteration":{"text":"min'hu","language_name":"english","language_id":38}},{"id":35348,"position":8,"audio_url":"wbw/018_033_008.mp3","qpc_uthmani_hafs":"شَيۡـٔٗاۚ","char_type_name":"word","page_number":297,"line_number":14,"text":"ﯶﯷ","translation":{"text":"anything","language_name":"english","language_id":38},"transliteration":{"text":"shayan","language_name":"english","language_id":38}},{"id":35350,"position":9,"audio_url":"wbw/018_033_010.mp3","qpc_uthmani_hafs":"وَفَجَّرۡنَا","char_type_name":"word","page_number":297,"line_number":14,"text":"ﯸ","translation":{"text":"And We caused to gush forth","language_name":"english","language_id":38},"transliteration":{"text":"wafajjarnā","language_name":"english","language_id":38}},{"id":35351,"position":10,"audio_url":"wbw/018_033_011.mp3","qpc_uthmani_hafs":"خِلَٰلَهُمَا","char_type_name":"word","page_number":297,"line_number":14,"text":"ﯹ","translation":{"text":"within them","language_name":"english","language_id":38},"transliteration":{"text":"khilālahumā","language_name":"english","language_id":38}},{"id":35352,"position":11,"audio_url":"wbw/018_033_012.mp3","qpc_uthmani_hafs":"نَهَرٗا","char_type_name":"word","page_number":297,"line_number":14,"text":"ﯺ","translation":{"text":"a river","language_name":"english","language_id":38},"transliteration":{"text":"naharan","language_name":"english","language_id":38}},{"id":35353,"position":12,"audio_url":null,"qpc_uthmani_hafs":"٣٣","char_type_name":"end","page_number":297,"line_number":14,"text":"ﯻ","translation":{"text":"(33)","language_name":"english","language_id":38},"transliteration":{"text":null,"language_name":"english","language_id":38}}],"translations":[{"id":918602,"resource_id":134,"text":"Kedua buah kebun itu menghasilkan buahnya dan kebun itu tiada kurang buahnya sedikit pun dan Kami alirkan sungai di celah-celah kedua kebun itu,"}]},{"id":2174,"verse_number":34,"verse_key":"18:34","juz_number":15,"hizb_number":30,"rub_el_hizb_number":119,"ruku_number":256,"manzil_number":4,"sajdah_number":null,"text_uthmani":"وَكَانَ لَهُۥ ثَمَرٌ فَقَالَ لِصَـٰحِبِهِۦ وَهُوَ يُحَاوِرُهُۥٓ أَنَا۠ أَكْثَرُ مِنكَ مَالًا وَأَعَزُّ نَفَرًا","page_number":297,"words":[{"id":36226,"position":1,"audio_url":"wbw/018_034_001.mp3","qpc_uthmani_hafs":"وَكَانَ","char_type_name":"word","page_number":297,"line_number":14,"text":"ﯼ","translation":{"text":"And was","language_name":"english","language_id":38},"transliteration":{"text":"wakāna","language_name":"english","language_id":38}},{"id":36227,"position":2,"audio_url":"wbw/018_034_002.mp3","qpc_uthmani_hafs":"لَهُۥ","char_type_name":"word","page_number":297,"line_number":14,"text":"ﯽ","translation":{"text":"for him","language_name":"english","language_id":38},"transliteration":{"text":"lahu","language_name":"english","language_id":38}},{"id":36228,"position":3,"audio_url":"wbw/018_034_003.mp3","qpc_uthmani_hafs":"ثَمَرٞ","char_type_name":"word","page_number":297,"line_number":14,"text":"ﯾ","translation":{"text":"fruit","language_name":"english","language_id":38},"transliteration":{"text":"thamarun","language_name":"english","language_id":38}},{"id":36229,"position":4,"audio_url":"wbw/018_034_004.mp3","qpc_uthmani_hafs":"فَقَالَ","char_type_name":"word","page_number":297,"line_number":14,"text":"ﯿ","translation":{"text":"so he said","language_name":"english","language_id":38},"transliteration":{"text":"faqāla","language_name":"english","language_id":38}},{"id":36230,"position":5,"audio_url":"wbw/018_034_005.mp3","qpc_uthmani_hafs":"لِصَٰحِبِهِۦ","char_type_name":"word","page_number":297,"line_number":15,"text":"ﰀ","translation":{"text":"to his companion","language_name":"english","language_id":38},"transliteration":{"text":"liṣāḥibihi","language_name":"english","language_id":38}},{"id":36231,"position":6,"audio_url":"wbw/018_034_006.mp3","qpc_uthmani_hafs":"وَهُوَ","char_type_name":"word","page_number":297,"line_number":15,"text":"ﰁ","translation":{"text":"while he","language_name":"english","language_id":38},"transliteration":{"text":"wahuwa","language_name":"english","language_id":38}},{"id":36232,"position":7,"audio_url":"wbw/018_034_007.mp3","qpc_uthmani_hafs":"يُحَاوِرُهُۥٓ","char_type_name":"word","page_number":297,"line_number":15,"text":"ﰂ","translation":{"text":"(was) talking with him","language_name":"english","language_id":38},"transliteration":{"text":"yuḥāwiruhu","language_name":"english","language_id":38}},{"id":36233,"position":8,"audio_url":"wbw/018_034_008.mp3","qpc_uthmani_hafs":"أَنَا۠","char_type_name":"word","page_number":297,"line_number":15,"text":"ﰃ","translation":{"text":"I am","language_name":"english","language_id":38},"transliteration":{"text":"anā","language_name":"english","language_id":38}},{"id":36234,"position":9,"audio_url":"wbw/018_034_009.mp3","qpc_uthmani_hafs":"أَكۡثَرُ","char_type_name":"word","page_number":297,"line_number":15,"text":"ﰄ","translation":{"text":"greater","language_name":"english","language_id":38},"transliteration":{"text":"aktharu","language_name":"english","language_id":38}},{"id":36235,"position":10,"audio_url":"wbw/018_034_010.mp3","qpc_uthmani_hafs":"مِنكَ","char_type_name":"word","page_number":297,"line_number":15,"text":"ﰅ","translation":{"text":"than you","language_name":"english","language_id":38},"transliteration":{"text":"minka","language_name":"english","language_id":38}},{"id":36236,"position":11,"audio_url":"wbw/018_034_011.mp3","qpc_uthmani_hafs":"مَالٗا","char_type_name":"word","page_number":297,"line_number":15,"text":"ﰆ","translation":{"text":"(in) wealth","language_name":"english","language_id":38},"transliteration":{"text":"mālan","language_name":"english","language_id":38}},{"id":36237,"position":12,"audio_url":"wbw/018_034_012.mp3","qpc_uthmani_hafs":"وَأَعَزُّ","char_type_name":"word","page_number":297,"line_number":15,"text":"ﰇ","translation":{"text":"and stronger","language_name":"english","language_id":38},"transliteration":{"text":"wa-aʿazzu","language_name":"english","language_id":38}},{"id":36238,"position":13,"audio_url":"wbw/018_034_013.mp3","qpc_uthmani_hafs":"نَفَرٗا","char_type_name":"word","page_number":297,"line_number":15,"text":"ﰈ","translation":{"text":"(in) men","language_name":"english","language_id":38},"transliteration":{"text":"nafaran","language_name":"english","language_id":38}},{"id":36239,"position":14,"audio_url":null,"qpc_uthmani_hafs":"٣٤","char_type_name":"end","page_number":297,"line_number":15,"text":"ﰉ","translation":{"text":"(34)","language_name":"english","language_id":38},"transliteration":{"text":null,"language_name":"english","language_id":38}}],"translations":[{"id":918603,"resource_id":134,"text":"dan dia mempunyai kekayaan besar, maka ia berkata kepada kawannya (yang mukmin) ketika bercakap-cakap dengan dia, \"Hartaku lebih banyak daripada hartamu dan pengikut-pengikutku lebih kuat\""}]}],"pagination":{"per_page":50,"current_page":1,"next_page":null,"total_pages":1,"total_records":7}}