{"verses":[{"id":2302,"verse_number":52,"verse_key":"19:52","juz_number":16,"hizb_number":31,"rub_el_hizb_number":123,"ruku_number":267,"manzil_number":4,"sajdah_number":null,"text_uthmani":"وَنَـٰدَيْنَـٰهُ مِن جَانِبِ ٱلطُّورِ ٱلْأَيْمَنِ وَقَرَّبْنَـٰهُ نَجِيًّا","page_number":309,"words":[{"id":50285,"position":1,"audio_url":"wbw/019_052_001.mp3","qpc_uthmani_hafs":"وَنَٰدَيۡنَٰهُ","char_type_name":"word","page_number":309,"line_number":1,"text":"ﭑ","translation":{"text":"And We called him","language_name":"english","language_id":38},"transliteration":{"text":"wanādaynāhu","language_name":"english","language_id":38}},{"id":50286,"position":2,"audio_url":"wbw/019_052_002.mp3","qpc_uthmani_hafs":"مِن","char_type_name":"word","page_number":309,"line_number":1,"text":"ﭒ","translation":{"text":"from","language_name":"english","language_id":38},"transliteration":{"text":"min","language_name":"english","language_id":38}},{"id":50287,"position":3,"audio_url":"wbw/019_052_003.mp3","qpc_uthmani_hafs":"جَانِبِ","char_type_name":"word","page_number":309,"line_number":1,"text":"ﭓ","translation":{"text":"(the) side","language_name":"english","language_id":38},"transliteration":{"text":"jānibi","language_name":"english","language_id":38}},{"id":50288,"position":4,"audio_url":"wbw/019_052_004.mp3","qpc_uthmani_hafs":"ٱلطُّورِ","char_type_name":"word","page_number":309,"line_number":1,"text":"ﭔ","translation":{"text":"(of) the Mount","language_name":"english","language_id":38},"transliteration":{"text":"l-ṭūri","language_name":"english","language_id":38}},{"id":50289,"position":5,"audio_url":"wbw/019_052_005.mp3","qpc_uthmani_hafs":"ٱلۡأَيۡمَنِ","char_type_name":"word","page_number":309,"line_number":1,"text":"ﭕ","translation":{"text":"the right","language_name":"english","language_id":38},"transliteration":{"text":"l-aymani","language_name":"english","language_id":38}},{"id":50290,"position":6,"audio_url":"wbw/019_052_006.mp3","qpc_uthmani_hafs":"وَقَرَّبۡنَٰهُ","char_type_name":"word","page_number":309,"line_number":1,"text":"ﭖ","translation":{"text":"and brought him near","language_name":"english","language_id":38},"transliteration":{"text":"waqarrabnāhu","language_name":"english","language_id":38}},{"id":50291,"position":7,"audio_url":"wbw/019_052_007.mp3","qpc_uthmani_hafs":"نَجِيّٗا","char_type_name":"word","page_number":309,"line_number":1,"text":"ﭗ","translation":{"text":"(for) conversation","language_name":"english","language_id":38},"transliteration":{"text":"najiyyan","language_name":"english","language_id":38}},{"id":50292,"position":8,"audio_url":null,"qpc_uthmani_hafs":"٥٢","char_type_name":"end","page_number":309,"line_number":1,"text":"ﭘ","translation":{"text":"(52)","language_name":"english","language_id":38},"transliteration":{"text":null,"language_name":"english","language_id":38}}],"translations":[{"id":918731,"resource_id":134,"text":"Dan Kami telah memanggilnya dari sebelah kanan Gunung Ṭūr dan Kami telah mendekatkannya kepada Kami di waktu dia munajat (kepada Kami)."}]},{"id":2303,"verse_number":53,"verse_key":"19:53","juz_number":16,"hizb_number":31,"rub_el_hizb_number":123,"ruku_number":267,"manzil_number":4,"sajdah_number":null,"text_uthmani":"وَوَهَبْنَا لَهُۥ مِن رَّحْمَتِنَآ أَخَاهُ هَـٰرُونَ نَبِيًّا","page_number":309,"words":[{"id":50853,"position":1,"audio_url":"wbw/019_053_001.mp3","qpc_uthmani_hafs":"وَوَهَبۡنَا","char_type_name":"word","page_number":309,"line_number":1,"text":"ﭙ","translation":{"text":"And We bestowed","language_name":"english","language_id":38},"transliteration":{"text":"wawahabnā","language_name":"english","language_id":38}},{"id":50854,"position":2,"audio_url":"wbw/019_053_002.mp3","qpc_uthmani_hafs":"لَهُۥ","char_type_name":"word","page_number":309,"line_number":1,"text":"ﭚ","translation":{"text":"[to] him","language_name":"english","language_id":38},"transliteration":{"text":"lahu","language_name":"english","language_id":38}},{"id":50855,"position":3,"audio_url":"wbw/019_053_003.mp3","qpc_uthmani_hafs":"مِن","char_type_name":"word","page_number":309,"line_number":1,"text":"ﭛ","translation":{"text":"from","language_name":"english","language_id":38},"transliteration":{"text":"min","language_name":"english","language_id":38}},{"id":50856,"position":4,"audio_url":"wbw/019_053_004.mp3","qpc_uthmani_hafs":"رَّحۡمَتِنَآ","char_type_name":"word","page_number":309,"line_number":2,"text":"ﭜ","translation":{"text":"Our Mercy","language_name":"english","language_id":38},"transliteration":{"text":"raḥmatinā","language_name":"english","language_id":38}},{"id":50857,"position":5,"audio_url":"wbw/019_053_005.mp3","qpc_uthmani_hafs":"أَخَاهُ","char_type_name":"word","page_number":309,"line_number":2,"text":"ﭝ","translation":{"text":"his brother","language_name":"english","language_id":38},"transliteration":{"text":"akhāhu","language_name":"english","language_id":38}},{"id":50858,"position":6,"audio_url":"wbw/019_053_006.mp3","qpc_uthmani_hafs":"هَٰرُونَ","char_type_name":"word","page_number":309,"line_number":2,"text":"ﭞ","translation":{"text":"Harun","language_name":"english","language_id":38},"transliteration":{"text":"hārūna","language_name":"english","language_id":38}},{"id":50859,"position":7,"audio_url":"wbw/019_053_007.mp3","qpc_uthmani_hafs":"نَبِيّٗا","char_type_name":"word","page_number":309,"line_number":2,"text":"ﭟ","translation":{"text":"a Prophet","language_name":"english","language_id":38},"transliteration":{"text":"nabiyyan","language_name":"english","language_id":38}},{"id":50860,"position":8,"audio_url":null,"qpc_uthmani_hafs":"٥٣","char_type_name":"end","page_number":309,"line_number":2,"text":"ﭠ","translation":{"text":"(53)","language_name":"english","language_id":38},"transliteration":{"text":null,"language_name":"english","language_id":38}}],"translations":[{"id":918732,"resource_id":134,"text":"Dan Kami telah menganugerahkan kepadanya sebagian rahmat Kami, yaitu saudaranya, Hārūn menjadi seorang nabi."}]},{"id":2304,"verse_number":54,"verse_key":"19:54","juz_number":16,"hizb_number":31,"rub_el_hizb_number":123,"ruku_number":267,"manzil_number":4,"sajdah_number":null,"text_uthmani":"وَٱذْكُرْ فِى ٱلْكِتَـٰبِ إِسْمَـٰعِيلَ ۚ إِنَّهُۥ كَانَ صَادِقَ ٱلْوَعْدِ وَكَانَ رَسُولًا نَّبِيًّا","page_number":309,"words":[{"id":51106,"position":1,"audio_url":"wbw/019_054_001.mp3","qpc_uthmani_hafs":"وَٱذۡكُرۡ","char_type_name":"word","page_number":309,"line_number":2,"text":"ﭡ","translation":{"text":"And mention","language_name":"english","language_id":38},"transliteration":{"text":"wa-udh'kur","language_name":"english","language_id":38}},{"id":51107,"position":2,"audio_url":"wbw/019_054_002.mp3","qpc_uthmani_hafs":"فِي","char_type_name":"word","page_number":309,"line_number":2,"text":"ﭢ","translation":{"text":"in","language_name":"english","language_id":38},"transliteration":{"text":"fī","language_name":"english","language_id":38}},{"id":51108,"position":3,"audio_url":"wbw/019_054_003.mp3","qpc_uthmani_hafs":"ٱلۡكِتَٰبِ","char_type_name":"word","page_number":309,"line_number":2,"text":"ﭣ","translation":{"text":"the Book","language_name":"english","language_id":38},"transliteration":{"text":"l-kitābi","language_name":"english","language_id":38}},{"id":51109,"position":4,"audio_url":"wbw/019_054_004.mp3","qpc_uthmani_hafs":"إِسۡمَٰعِيلَۚ","char_type_name":"word","page_number":309,"line_number":2,"text":"ﭤﭥ","translation":{"text":"Ishmael","language_name":"english","language_id":38},"transliteration":{"text":"is'māʿīla","language_name":"english","language_id":38}},{"id":51111,"position":5,"audio_url":"wbw/019_054_006.mp3","qpc_uthmani_hafs":"إِنَّهُۥ","char_type_name":"word","page_number":309,"line_number":2,"text":"ﭦ","translation":{"text":"Indeed, he","language_name":"english","language_id":38},"transliteration":{"text":"innahu","language_name":"english","language_id":38}},{"id":51112,"position":6,"audio_url":"wbw/019_054_007.mp3","qpc_uthmani_hafs":"كَانَ","char_type_name":"word","page_number":309,"line_number":2,"text":"ﭧ","translation":{"text":"was","language_name":"english","language_id":38},"transliteration":{"text":"kāna","language_name":"english","language_id":38}},{"id":51113,"position":7,"audio_url":"wbw/019_054_008.mp3","qpc_uthmani_hafs":"صَادِقَ","char_type_name":"word","page_number":309,"line_number":3,"text":"ﭨ","translation":{"text":"true","language_name":"english","language_id":38},"transliteration":{"text":"ṣādiqa","language_name":"english","language_id":38}},{"id":51114,"position":8,"audio_url":"wbw/019_054_009.mp3","qpc_uthmani_hafs":"ٱلۡوَعۡدِ","char_type_name":"word","page_number":309,"line_number":3,"text":"ﭩ","translation":{"text":"(to his) promise","language_name":"english","language_id":38},"transliteration":{"text":"l-waʿdi","language_name":"english","language_id":38}},{"id":51115,"position":9,"audio_url":"wbw/019_054_010.mp3","qpc_uthmani_hafs":"وَكَانَ","char_type_name":"word","page_number":309,"line_number":3,"text":"ﭪ","translation":{"text":"and was","language_name":"english","language_id":38},"transliteration":{"text":"wakāna","language_name":"english","language_id":38}},{"id":51116,"position":10,"audio_url":"wbw/019_054_011.mp3","qpc_uthmani_hafs":"رَسُولٗا","char_type_name":"word","page_number":309,"line_number":3,"text":"ﭫ","translation":{"text":"a Messenger ","language_name":"english","language_id":38},"transliteration":{"text":"rasūlan","language_name":"english","language_id":38}},{"id":51117,"position":11,"audio_url":"wbw/019_054_012.mp3","qpc_uthmani_hafs":"نَّبِيّٗا","char_type_name":"word","page_number":309,"line_number":3,"text":"ﭬ","translation":{"text":"a Prophet","language_name":"english","language_id":38},"transliteration":{"text":"nabiyyan","language_name":"english","language_id":38}},{"id":51118,"position":12,"audio_url":null,"qpc_uthmani_hafs":"٥٤","char_type_name":"end","page_number":309,"line_number":3,"text":"ﭭ","translation":{"text":"(54)","language_name":"english","language_id":38},"transliteration":{"text":null,"language_name":"english","language_id":38}}],"translations":[{"id":918733,"resource_id":134,"text":"Dan ceritakanlah (hai Muhammad kepada mereka) kisah Ismā`īl (yang tersebut) di dalam Al-Qur`ān. Sesungguhnya ia adalah seorang yang benar janjinya dan dia adalah seorang rasul dan nabi."}]},{"id":2305,"verse_number":55,"verse_key":"19:55","juz_number":16,"hizb_number":31,"rub_el_hizb_number":123,"ruku_number":267,"manzil_number":4,"sajdah_number":null,"text_uthmani":"وَكَانَ يَأْمُرُ أَهْلَهُۥ بِٱلصَّلَوٰةِ وَٱلزَّكَوٰةِ وَكَانَ عِندَ رَبِّهِۦ مَرْضِيًّا","page_number":309,"words":[{"id":51971,"position":1,"audio_url":"wbw/019_055_001.mp3","qpc_uthmani_hafs":"وَكَانَ","char_type_name":"word","page_number":309,"line_number":3,"text":"ﭮ","translation":{"text":"And he used","language_name":"english","language_id":38},"transliteration":{"text":"wakāna","language_name":"english","language_id":38}},{"id":51972,"position":2,"audio_url":"wbw/019_055_002.mp3","qpc_uthmani_hafs":"يَأۡمُرُ","char_type_name":"word","page_number":309,"line_number":3,"text":"ﭯ","translation":{"text":"(to) enjoin","language_name":"english","language_id":38},"transliteration":{"text":"yamuru","language_name":"english","language_id":38}},{"id":51973,"position":3,"audio_url":"wbw/019_055_003.mp3","qpc_uthmani_hafs":"أَهۡلَهُۥ","char_type_name":"word","page_number":309,"line_number":3,"text":"ﭰ","translation":{"text":"(on) his people","language_name":"english","language_id":38},"transliteration":{"text":"ahlahu","language_name":"english","language_id":38}},{"id":51974,"position":4,"audio_url":"wbw/019_055_004.mp3","qpc_uthmani_hafs":"بِٱلصَّلَوٰةِ","char_type_name":"word","page_number":309,"line_number":3,"text":"ﭱ","translation":{"text":"the prayer","language_name":"english","language_id":38},"transliteration":{"text":"bil-ṣalati","language_name":"english","language_id":38}},{"id":51975,"position":5,"audio_url":"wbw/019_055_005.mp3","qpc_uthmani_hafs":"وَٱلزَّكَوٰةِ","char_type_name":"word","page_number":309,"line_number":4,"text":"ﭲ","translation":{"text":"and zakah","language_name":"english","language_id":38},"transliteration":{"text":"wal-zakati","language_name":"english","language_id":38}},{"id":51976,"position":6,"audio_url":"wbw/019_055_006.mp3","qpc_uthmani_hafs":"وَكَانَ","char_type_name":"word","page_number":309,"line_number":4,"text":"ﭳ","translation":{"text":"and was","language_name":"english","language_id":38},"transliteration":{"text":"wakāna","language_name":"english","language_id":38}},{"id":51977,"position":7,"audio_url":"wbw/019_055_007.mp3","qpc_uthmani_hafs":"عِندَ","char_type_name":"word","page_number":309,"line_number":4,"text":"ﭴ","translation":{"text":"near","language_name":"english","language_id":38},"transliteration":{"text":"ʿinda","language_name":"english","language_id":38}},{"id":51978,"position":8,"audio_url":"wbw/019_055_008.mp3","qpc_uthmani_hafs":"رَبِّهِۦ","char_type_name":"word","page_number":309,"line_number":4,"text":"ﭵ","translation":{"text":"his Lord","language_name":"english","language_id":38},"transliteration":{"text":"rabbihi","language_name":"english","language_id":38}},{"id":51979,"position":9,"audio_url":"wbw/019_055_009.mp3","qpc_uthmani_hafs":"مَرۡضِيّٗا","char_type_name":"word","page_number":309,"line_number":4,"text":"ﭶ","translation":{"text":"pleasing","language_name":"english","language_id":38},"transliteration":{"text":"marḍiyyan","language_name":"english","language_id":38}},{"id":51980,"position":10,"audio_url":null,"qpc_uthmani_hafs":"٥٥","char_type_name":"end","page_number":309,"line_number":4,"text":"ﭷ","translation":{"text":"(55)","language_name":"english","language_id":38},"transliteration":{"text":null,"language_name":"english","language_id":38}}],"translations":[{"id":918734,"resource_id":134,"text":"Dan ia menyuruh ahlinya <sup foot_note=210674>1</sup> untuk bersembahyang dan menunaikan zakat dan ia adalah seorang yang diridai di sisi Tuhan-nya."}]},{"id":2306,"verse_number":56,"verse_key":"19:56","juz_number":16,"hizb_number":31,"rub_el_hizb_number":123,"ruku_number":267,"manzil_number":4,"sajdah_number":null,"text_uthmani":"وَٱذْكُرْ فِى ٱلْكِتَـٰبِ إِدْرِيسَ ۚ إِنَّهُۥ كَانَ صِدِّيقًا نَّبِيًّا","page_number":309,"words":[{"id":52367,"position":1,"audio_url":"wbw/019_056_001.mp3","qpc_uthmani_hafs":"وَٱذۡكُرۡ","char_type_name":"word","page_number":309,"line_number":4,"text":"ﭸ","translation":{"text":"And mention","language_name":"english","language_id":38},"transliteration":{"text":"wa-udh'kur","language_name":"english","language_id":38}},{"id":52368,"position":2,"audio_url":"wbw/019_056_002.mp3","qpc_uthmani_hafs":"فِي","char_type_name":"word","page_number":309,"line_number":4,"text":"ﭹ","translation":{"text":"in","language_name":"english","language_id":38},"transliteration":{"text":"fī","language_name":"english","language_id":38}},{"id":52369,"position":3,"audio_url":"wbw/019_056_003.mp3","qpc_uthmani_hafs":"ٱلۡكِتَٰبِ","char_type_name":"word","page_number":309,"line_number":4,"text":"ﭺ","translation":{"text":"the Book","language_name":"english","language_id":38},"transliteration":{"text":"l-kitābi","language_name":"english","language_id":38}},{"id":52370,"position":4,"audio_url":"wbw/019_056_004.mp3","qpc_uthmani_hafs":"إِدۡرِيسَۚ","char_type_name":"word","page_number":309,"line_number":4,"text":"ﭻﭼ","translation":{"text":"Idris","language_name":"english","language_id":38},"transliteration":{"text":"id'rīsa","language_name":"english","language_id":38}},{"id":52372,"position":5,"audio_url":"wbw/019_056_006.mp3","qpc_uthmani_hafs":"إِنَّهُۥ","char_type_name":"word","page_number":309,"line_number":5,"text":"ﭽ","translation":{"text":"Indeed, he","language_name":"english","language_id":38},"transliteration":{"text":"innahu","language_name":"english","language_id":38}},{"id":52373,"position":6,"audio_url":"wbw/019_056_007.mp3","qpc_uthmani_hafs":"كَانَ","char_type_name":"word","page_number":309,"line_number":5,"text":"ﭾ","translation":{"text":"was","language_name":"english","language_id":38},"transliteration":{"text":"kāna","language_name":"english","language_id":38}},{"id":52374,"position":7,"audio_url":"wbw/019_056_008.mp3","qpc_uthmani_hafs":"صِدِّيقٗا","char_type_name":"word","page_number":309,"line_number":5,"text":"ﭿ","translation":{"text":"truthful","language_name":"english","language_id":38},"transliteration":{"text":"ṣiddīqan","language_name":"english","language_id":38}},{"id":52375,"position":8,"audio_url":"wbw/019_056_009.mp3","qpc_uthmani_hafs":"نَّبِيّٗا","char_type_name":"word","page_number":309,"line_number":5,"text":"ﮀ","translation":{"text":"a Prophet","language_name":"english","language_id":38},"transliteration":{"text":"nabiyyan","language_name":"english","language_id":38}},{"id":52376,"position":9,"audio_url":null,"qpc_uthmani_hafs":"٥٦","char_type_name":"end","page_number":309,"line_number":5,"text":"ﮁ","translation":{"text":"(56)","language_name":"english","language_id":38},"transliteration":{"text":null,"language_name":"english","language_id":38}}],"translations":[{"id":918735,"resource_id":134,"text":"Dan ceritakanlah (hai Muhammad kepada mereka, kisah) Idrīs (yang tersebut) di dalam Al-Qur`ān.  Sesungguhnya ia adalah seorang yang sangat membenarkan dan seorang nabi."}]},{"id":2307,"verse_number":57,"verse_key":"19:57","juz_number":16,"hizb_number":31,"rub_el_hizb_number":123,"ruku_number":267,"manzil_number":4,"sajdah_number":null,"text_uthmani":"وَرَفَعْنَـٰهُ مَكَانًا عَلِيًّا","page_number":309,"words":[{"id":52730,"position":1,"audio_url":"wbw/019_057_001.mp3","qpc_uthmani_hafs":"وَرَفَعۡنَٰهُ","char_type_name":"word","page_number":309,"line_number":5,"text":"ﮂ","translation":{"text":"And We raised him","language_name":"english","language_id":38},"transliteration":{"text":"warafaʿnāhu","language_name":"english","language_id":38}},{"id":52731,"position":2,"audio_url":"wbw/019_057_002.mp3","qpc_uthmani_hafs":"مَكَانًا","char_type_name":"word","page_number":309,"line_number":5,"text":"ﮃ","translation":{"text":"(to) a position","language_name":"english","language_id":38},"transliteration":{"text":"makānan","language_name":"english","language_id":38}},{"id":52732,"position":3,"audio_url":"wbw/019_057_003.mp3","qpc_uthmani_hafs":"عَلِيًّا","char_type_name":"word","page_number":309,"line_number":5,"text":"ﮄ","translation":{"text":"high","language_name":"english","language_id":38},"transliteration":{"text":"ʿaliyyan","language_name":"english","language_id":38}},{"id":52733,"position":4,"audio_url":null,"qpc_uthmani_hafs":"٥٧","char_type_name":"end","page_number":309,"line_number":5,"text":"ﮅ","translation":{"text":"(57)","language_name":"english","language_id":38},"transliteration":{"text":null,"language_name":"english","language_id":38}}],"translations":[{"id":918736,"resource_id":134,"text":"Dan Kami telah mengangkatnya ke martabat yang tinggi."}]},{"id":2308,"verse_number":58,"verse_key":"19:58","juz_number":16,"hizb_number":31,"rub_el_hizb_number":123,"ruku_number":267,"manzil_number":4,"sajdah_number":5,"text_uthmani":"أُو۟لَـٰٓئِكَ ٱلَّذِينَ أَنْعَمَ ٱللَّهُ عَلَيْهِم مِّنَ ٱلنَّبِيِّـۧنَ مِن ذُرِّيَّةِ ءَادَمَ وَمِمَّنْ حَمَلْنَا مَعَ نُوحٍ وَمِن ذُرِّيَّةِ إِبْرَٰهِيمَ وَإِسْرَٰٓءِيلَ وَمِمَّنْ هَدَيْنَا وَٱجْتَبَيْنَآ ۚ إِذَا تُتْلَىٰ عَلَيْهِمْ ءَايَـٰتُ ٱلرَّحْمَـٰنِ خَرُّوا۟ سُجَّدًا وَبُكِيًّا ۩","page_number":309,"words":[{"id":53510,"position":1,"audio_url":"wbw/019_058_001.mp3","qpc_uthmani_hafs":"أُوْلَٰٓئِكَ","char_type_name":"word","page_number":309,"line_number":5,"text":"ﮆ","translation":{"text":"Those","language_name":"english","language_id":38},"transliteration":{"text":"ulāika","language_name":"english","language_id":38}},{"id":53511,"position":2,"audio_url":"wbw/019_058_002.mp3","qpc_uthmani_hafs":"ٱلَّذِينَ","char_type_name":"word","page_number":309,"line_number":5,"text":"ﮇ","translation":{"text":"(were) the ones whom","language_name":"english","language_id":38},"transliteration":{"text":"alladhīna","language_name":"english","language_id":38}},{"id":53512,"position":3,"audio_url":"wbw/019_058_003.mp3","qpc_uthmani_hafs":"أَنۡعَمَ","char_type_name":"word","page_number":309,"line_number":6,"text":"ﮈ","translation":{"text":"Allah bestowed favor","language_name":"english","language_id":38},"transliteration":{"text":"anʿama","language_name":"english","language_id":38}},{"id":53513,"position":4,"audio_url":"wbw/019_058_004.mp3","qpc_uthmani_hafs":"ٱللَّهُ","char_type_name":"word","page_number":309,"line_number":6,"text":"ﮉ","translation":{"text":"Allah bestowed favor","language_name":"english","language_id":38},"transliteration":{"text":"l-lahu","language_name":"english","language_id":38}},{"id":53514,"position":5,"audio_url":"wbw/019_058_005.mp3","qpc_uthmani_hafs":"عَلَيۡهِم","char_type_name":"word","page_number":309,"line_number":6,"text":"ﮊ","translation":{"text":"upon them","language_name":"english","language_id":38},"transliteration":{"text":"ʿalayhim","language_name":"english","language_id":38}},{"id":53515,"position":6,"audio_url":"wbw/019_058_006.mp3","qpc_uthmani_hafs":"مِّنَ","char_type_name":"word","page_number":309,"line_number":6,"text":"ﮋ","translation":{"text":"from (among)","language_name":"english","language_id":38},"transliteration":{"text":"mina","language_name":"english","language_id":38}},{"id":53516,"position":7,"audio_url":"wbw/019_058_007.mp3","qpc_uthmani_hafs":"ٱلنَّبِيِّـۧنَ","char_type_name":"word","page_number":309,"line_number":6,"text":"ﮌ","translation":{"text":"the Prophets","language_name":"english","language_id":38},"transliteration":{"text":"l-nabiyīna","language_name":"english","language_id":38}},{"id":53517,"position":8,"audio_url":"wbw/019_058_008.mp3","qpc_uthmani_hafs":"مِن","char_type_name":"word","page_number":309,"line_number":6,"text":"ﮍ","translation":{"text":"of","language_name":"english","language_id":38},"transliteration":{"text":"min","language_name":"english","language_id":38}},{"id":53518,"position":9,"audio_url":"wbw/019_058_009.mp3","qpc_uthmani_hafs":"ذُرِّيَّةِ","char_type_name":"word","page_number":309,"line_number":6,"text":"ﮎ","translation":{"text":"(the) offspring","language_name":"english","language_id":38},"transliteration":{"text":"dhurriyyati","language_name":"english","language_id":38}},{"id":53519,"position":10,"audio_url":"wbw/019_058_010.mp3","qpc_uthmani_hafs":"ءَادَمَ","char_type_name":"word","page_number":309,"line_number":6,"text":"ﮏ","translation":{"text":"(of) Adam","language_name":"english","language_id":38},"transliteration":{"text":"ādama","language_name":"english","language_id":38}},{"id":53520,"position":11,"audio_url":"wbw/019_058_011.mp3","qpc_uthmani_hafs":"وَمِمَّنۡ","char_type_name":"word","page_number":309,"line_number":6,"text":"ﮐ","translation":{"text":"and of those","language_name":"english","language_id":38},"transliteration":{"text":"wamimman","language_name":"english","language_id":38}},{"id":53521,"position":12,"audio_url":"wbw/019_058_012.mp3","qpc_uthmani_hafs":"حَمَلۡنَا","char_type_name":"word","page_number":309,"line_number":6,"text":"ﮑ","translation":{"text":"We carried","language_name":"english","language_id":38},"transliteration":{"text":"ḥamalnā","language_name":"english","language_id":38}},{"id":53522,"position":13,"audio_url":"wbw/019_058_013.mp3","qpc_uthmani_hafs":"مَعَ","char_type_name":"word","page_number":309,"line_number":6,"text":"ﮒ","translation":{"text":"with","language_name":"english","language_id":38},"transliteration":{"text":"maʿa","language_name":"english","language_id":38}},{"id":53523,"position":14,"audio_url":"wbw/019_058_014.mp3","qpc_uthmani_hafs":"نُوحٖ","char_type_name":"word","page_number":309,"line_number":6,"text":"ﮓ","translation":{"text":"Nuh","language_name":"english","language_id":38},"transliteration":{"text":"nūḥin","language_name":"english","language_id":38}},{"id":53524,"position":15,"audio_url":"wbw/019_058_015.mp3","qpc_uthmani_hafs":"وَمِن","char_type_name":"word","page_number":309,"line_number":7,"text":"ﮔ","translation":{"text":"and of","language_name":"english","language_id":38},"transliteration":{"text":"wamin","language_name":"english","language_id":38}},{"id":53525,"position":16,"audio_url":"wbw/019_058_016.mp3","qpc_uthmani_hafs":"ذُرِّيَّةِ","char_type_name":"word","page_number":309,"line_number":7,"text":"ﮕ","translation":{"text":"(the) offspring","language_name":"english","language_id":38},"transliteration":{"text":"dhurriyyati","language_name":"english","language_id":38}},{"id":53526,"position":17,"audio_url":"wbw/019_058_017.mp3","qpc_uthmani_hafs":"إِبۡرَٰهِيمَ","char_type_name":"word","page_number":309,"line_number":7,"text":"ﮖ","translation":{"text":"(of) Ibrahim","language_name":"english","language_id":38},"transliteration":{"text":"ib'rāhīma","language_name":"english","language_id":38}},{"id":53527,"position":18,"audio_url":"wbw/019_058_018.mp3","qpc_uthmani_hafs":"وَإِسۡرَٰٓءِيلَ","char_type_name":"word","page_number":309,"line_number":7,"text":"ﮗ","translation":{"text":"and Israel","language_name":"english","language_id":38},"transliteration":{"text":"wa-is'rāīla","language_name":"english","language_id":38}},{"id":53528,"position":19,"audio_url":"wbw/019_058_019.mp3","qpc_uthmani_hafs":"وَمِمَّنۡ","char_type_name":"word","page_number":309,"line_number":7,"text":"ﮘ","translation":{"text":"and of (those) whom","language_name":"english","language_id":38},"transliteration":{"text":"wamimman","language_name":"english","language_id":38}},{"id":53529,"position":20,"audio_url":"wbw/019_058_020.mp3","qpc_uthmani_hafs":"هَدَيۡنَا","char_type_name":"word","page_number":309,"line_number":7,"text":"ﮙ","translation":{"text":"We guided","language_name":"english","language_id":38},"transliteration":{"text":"hadaynā","language_name":"english","language_id":38}},{"id":53530,"position":21,"audio_url":"wbw/019_058_021.mp3","qpc_uthmani_hafs":"وَٱجۡتَبَيۡنَآۚ","char_type_name":"word","page_number":309,"line_number":7,"text":"ﮚﮛ","translation":{"text":"and We chose","language_name":"english","language_id":38},"transliteration":{"text":"wa-ij'tabaynā","language_name":"english","language_id":38}},{"id":53532,"position":22,"audio_url":"wbw/019_058_023.mp3","qpc_uthmani_hafs":"إِذَا","char_type_name":"word","page_number":309,"line_number":7,"text":"ﮜ","translation":{"text":"When","language_name":"english","language_id":38},"transliteration":{"text":"idhā","language_name":"english","language_id":38}},{"id":53533,"position":23,"audio_url":"wbw/019_058_024.mp3","qpc_uthmani_hafs":"تُتۡلَىٰ","char_type_name":"word","page_number":309,"line_number":7,"text":"ﮝ","translation":{"text":"were recited","language_name":"english","language_id":38},"transliteration":{"text":"tut'lā","language_name":"english","language_id":38}},{"id":53534,"position":24,"audio_url":"wbw/019_058_025.mp3","qpc_uthmani_hafs":"عَلَيۡهِمۡ","char_type_name":"word","page_number":309,"line_number":7,"text":"ﮞ","translation":{"text":"to them","language_name":"english","language_id":38},"transliteration":{"text":"ʿalayhim","language_name":"english","language_id":38}},{"id":53535,"position":25,"audio_url":"wbw/019_058_026.mp3","qpc_uthmani_hafs":"ءَايَٰتُ","char_type_name":"word","page_number":309,"line_number":8,"text":"ﮟ","translation":{"text":"(the) Verses","language_name":"english","language_id":38},"transliteration":{"text":"āyātu","language_name":"english","language_id":38}},{"id":53536,"position":26,"audio_url":"wbw/019_058_027.mp3","qpc_uthmani_hafs":"ٱلرَّحۡمَٰنِ","char_type_name":"word","page_number":309,"line_number":8,"text":"ﮠ","translation":{"text":"(of) the Most Gracious","language_name":"english","language_id":38},"transliteration":{"text":"l-raḥmāni","language_name":"english","language_id":38}},{"id":53537,"position":27,"audio_url":"wbw/019_058_028.mp3","qpc_uthmani_hafs":"خَرُّواْۤ","char_type_name":"word","page_number":309,"line_number":8,"text":"ﮡ","translation":{"text":"they fell","language_name":"english","language_id":38},"transliteration":{"text":"kharrū","language_name":"english","language_id":38}},{"id":53538,"position":28,"audio_url":"wbw/019_058_029.mp3","qpc_uthmani_hafs":"سُجَّدٗاۤ","char_type_name":"word","page_number":309,"line_number":8,"text":"ﮢ","translation":{"text":"prostrating","language_name":"english","language_id":38},"transliteration":{"text":"sujjadan","language_name":"english","language_id":38}},{"id":53539,"position":29,"audio_url":"wbw/019_058_030.mp3","qpc_uthmani_hafs":"وَبُكِيّٗا ۩","char_type_name":"word","page_number":309,"line_number":8,"text":"ﮣﮤ","translation":{"text":"and weeping","language_name":"english","language_id":38},"transliteration":{"text":"wabukiyyan","language_name":"english","language_id":38}},{"id":53541,"position":30,"audio_url":"","qpc_uthmani_hafs":"٥٨","char_type_name":"end","page_number":309,"line_number":8,"text":"ﮥ","translation":{"text":"(58)","language_name":"english","language_id":38},"transliteration":{"text":"","language_name":"english","language_id":38}}],"translations":[{"id":918737,"resource_id":134,"text":"Mereka itu adalah orang-orang yang telah diberi nikmat oleh Allah, yaitu para nabi dari keturunan Adam, dan dari orang-orang yang Kami angkat bersama Nūḥ, dan dari keturunan Ibrāhīm dan Isrā`īl, dan dari orang-orang yang telah Kami beri petunjuk, dan telah Kami pilih.  Apabila dibacakan ayat-ayat Allah Yang Maha Pemurah kepada mereka, maka mereka menyungkur dengan bersujud dan menangis."}]},{"id":2309,"verse_number":59,"verse_key":"19:59","juz_number":16,"hizb_number":31,"rub_el_hizb_number":124,"ruku_number":267,"manzil_number":4,"sajdah_number":null,"text_uthmani":"۞ فَخَلَفَ مِنۢ بَعْدِهِمْ خَلْفٌ أَضَاعُوا۟ ٱلصَّلَوٰةَ وَٱتَّبَعُوا۟ ٱلشَّهَوَٰتِ ۖ فَسَوْفَ يَلْقَوْنَ غَيًّا","page_number":309,"words":[{"id":54124,"position":1,"audio_url":"wbw/019_059_002.mp3","qpc_uthmani_hafs":"۞ فَخَلَفَ","char_type_name":"word","page_number":309,"line_number":8,"text":"ﮦ ﮧ","translation":{"text":"Then succeeded","language_name":"english","language_id":38},"transliteration":{"text":"fakhalafa","language_name":"english","language_id":38}},{"id":54125,"position":2,"audio_url":"wbw/019_059_003.mp3","qpc_uthmani_hafs":"مِنۢ","char_type_name":"word","page_number":309,"line_number":8,"text":"ﮨ","translation":{"text":"after them","language_name":"english","language_id":38},"transliteration":{"text":"min","language_name":"english","language_id":38}},{"id":54126,"position":3,"audio_url":"wbw/019_059_004.mp3","qpc_uthmani_hafs":"بَعۡدِهِمۡ","char_type_name":"word","page_number":309,"line_number":8,"text":"ﮩ","translation":{"text":"after them","language_name":"english","language_id":38},"transliteration":{"text":"baʿdihim","language_name":"english","language_id":38}},{"id":54127,"position":4,"audio_url":"wbw/019_059_005.mp3","qpc_uthmani_hafs":"خَلۡفٌ","char_type_name":"word","page_number":309,"line_number":9,"text":"ﮪ","translation":{"text":"successors","language_name":"english","language_id":38},"transliteration":{"text":"khalfun","language_name":"english","language_id":38}},{"id":54128,"position":5,"audio_url":"wbw/019_059_006.mp3","qpc_uthmani_hafs":"أَضَاعُواْ","char_type_name":"word","page_number":309,"line_number":9,"text":"ﮫ","translation":{"text":"who neglected","language_name":"english","language_id":38},"transliteration":{"text":"aḍāʿū","language_name":"english","language_id":38}},{"id":54129,"position":6,"audio_url":"wbw/019_059_007.mp3","qpc_uthmani_hafs":"ٱلصَّلَوٰةَ","char_type_name":"word","page_number":309,"line_number":9,"text":"ﮬ","translation":{"text":"the prayer","language_name":"english","language_id":38},"transliteration":{"text":"l-ṣalata","language_name":"english","language_id":38}},{"id":54130,"position":7,"audio_url":"wbw/019_059_008.mp3","qpc_uthmani_hafs":"وَٱتَّبَعُواْ","char_type_name":"word","page_number":309,"line_number":9,"text":"ﮭ","translation":{"text":"and they followed","language_name":"english","language_id":38},"transliteration":{"text":"wa-ittabaʿū","language_name":"english","language_id":38}},{"id":54131,"position":8,"audio_url":"wbw/019_059_009.mp3","qpc_uthmani_hafs":"ٱلشَّهَوَٰتِۖ","char_type_name":"word","page_number":309,"line_number":9,"text":"ﮮﮯ","translation":{"text":"the lusts","language_name":"english","language_id":38},"transliteration":{"text":"l-shahawāti","language_name":"english","language_id":38}},{"id":54133,"position":9,"audio_url":"wbw/019_059_011.mp3","qpc_uthmani_hafs":"فَسَوۡفَ","char_type_name":"word","page_number":309,"line_number":9,"text":"ﮰ","translation":{"text":"so soon","language_name":"english","language_id":38},"transliteration":{"text":"fasawfa","language_name":"english","language_id":38}},{"id":54134,"position":10,"audio_url":"wbw/019_059_012.mp3","qpc_uthmani_hafs":"يَلۡقَوۡنَ","char_type_name":"word","page_number":309,"line_number":9,"text":"ﮱ","translation":{"text":"they will meet","language_name":"english","language_id":38},"transliteration":{"text":"yalqawna","language_name":"english","language_id":38}},{"id":54135,"position":11,"audio_url":"wbw/019_059_013.mp3","qpc_uthmani_hafs":"غَيًّا","char_type_name":"word","page_number":309,"line_number":9,"text":"ﯓ","translation":{"text":"evil","language_name":"english","language_id":38},"transliteration":{"text":"ghayyan","language_name":"english","language_id":38}},{"id":54136,"position":12,"audio_url":null,"qpc_uthmani_hafs":"٥٩","char_type_name":"end","page_number":309,"line_number":10,"text":"ﯔ","translation":{"text":"(59)","language_name":"english","language_id":38},"transliteration":{"text":null,"language_name":"english","language_id":38}}],"translations":[{"id":918738,"resource_id":134,"text":"Maka datanglah sesudah mereka, pengganti (yang jelek) yang menyia-nyiakan salat dan memperturutkan hawa nafsunya, maka mereka kelak akan menemui kesesatan,"}]},{"id":2310,"verse_number":60,"verse_key":"19:60","juz_number":16,"hizb_number":31,"rub_el_hizb_number":124,"ruku_number":267,"manzil_number":4,"sajdah_number":null,"text_uthmani":"إِلَّا مَن تَابَ وَءَامَنَ وَعَمِلَ صَـٰلِحًا فَأُو۟لَـٰٓئِكَ يَدْخُلُونَ ٱلْجَنَّةَ وَلَا يُظْلَمُونَ شَيْـًٔا","page_number":309,"words":[{"id":54670,"position":1,"audio_url":"wbw/019_060_001.mp3","qpc_uthmani_hafs":"إِلَّا","char_type_name":"word","page_number":309,"line_number":10,"text":"ﯕ","translation":{"text":"Except","language_name":"english","language_id":38},"transliteration":{"text":"illā","language_name":"english","language_id":38}},{"id":54671,"position":2,"audio_url":"wbw/019_060_002.mp3","qpc_uthmani_hafs":"مَن","char_type_name":"word","page_number":309,"line_number":10,"text":"ﯖ","translation":{"text":"(one) who","language_name":"english","language_id":38},"transliteration":{"text":"man","language_name":"english","language_id":38}},{"id":54672,"position":3,"audio_url":"wbw/019_060_003.mp3","qpc_uthmani_hafs":"تَابَ","char_type_name":"word","page_number":309,"line_number":10,"text":"ﯗ","translation":{"text":"repented","language_name":"english","language_id":38},"transliteration":{"text":"tāba","language_name":"english","language_id":38}},{"id":54673,"position":4,"audio_url":"wbw/019_060_004.mp3","qpc_uthmani_hafs":"وَءَامَنَ","char_type_name":"word","page_number":309,"line_number":10,"text":"ﯘ","translation":{"text":"and believed","language_name":"english","language_id":38},"transliteration":{"text":"waāmana","language_name":"english","language_id":38}},{"id":54674,"position":5,"audio_url":"wbw/019_060_005.mp3","qpc_uthmani_hafs":"وَعَمِلَ","char_type_name":"word","page_number":309,"line_number":10,"text":"ﯙ","translation":{"text":"and did","language_name":"english","language_id":38},"transliteration":{"text":"waʿamila","language_name":"english","language_id":38}},{"id":54675,"position":6,"audio_url":"wbw/019_060_006.mp3","qpc_uthmani_hafs":"صَٰلِحٗا","char_type_name":"word","page_number":309,"line_number":10,"text":"ﯚ","translation":{"text":"good (deeds)","language_name":"english","language_id":38},"transliteration":{"text":"ṣāliḥan","language_name":"english","language_id":38}},{"id":54676,"position":7,"audio_url":"wbw/019_060_007.mp3","qpc_uthmani_hafs":"فَأُوْلَٰٓئِكَ","char_type_name":"word","page_number":309,"line_number":10,"text":"ﯛ","translation":{"text":"Then those","language_name":"english","language_id":38},"transliteration":{"text":"fa-ulāika","language_name":"english","language_id":38}},{"id":54677,"position":8,"audio_url":"wbw/019_060_008.mp3","qpc_uthmani_hafs":"يَدۡخُلُونَ","char_type_name":"word","page_number":309,"line_number":10,"text":"ﯜ","translation":{"text":"will enter","language_name":"english","language_id":38},"transliteration":{"text":"yadkhulūna","language_name":"english","language_id":38}},{"id":54678,"position":9,"audio_url":"wbw/019_060_009.mp3","qpc_uthmani_hafs":"ٱلۡجَنَّةَ","char_type_name":"word","page_number":309,"line_number":10,"text":"ﯝ","translation":{"text":"Paradise","language_name":"english","language_id":38},"transliteration":{"text":"l-janata","language_name":"english","language_id":38}},{"id":54679,"position":10,"audio_url":"wbw/019_060_010.mp3","qpc_uthmani_hafs":"وَلَا","char_type_name":"word","page_number":309,"line_number":11,"text":"ﯞ","translation":{"text":"and not","language_name":"english","language_id":38},"transliteration":{"text":"walā","language_name":"english","language_id":38}},{"id":54680,"position":11,"audio_url":"wbw/019_060_011.mp3","qpc_uthmani_hafs":"يُظۡلَمُونَ","char_type_name":"word","page_number":309,"line_number":11,"text":"ﯟ","translation":{"text":"they will be wronged","language_name":"english","language_id":38},"transliteration":{"text":"yuẓ'lamūna","language_name":"english","language_id":38}},{"id":54681,"position":12,"audio_url":"wbw/019_060_012.mp3","qpc_uthmani_hafs":"شَيۡـٔٗا","char_type_name":"word","page_number":309,"line_number":11,"text":"ﯠ","translation":{"text":"(in) anything","language_name":"english","language_id":38},"transliteration":{"text":"shayan","language_name":"english","language_id":38}},{"id":54682,"position":13,"audio_url":null,"qpc_uthmani_hafs":"٦٠","char_type_name":"end","page_number":309,"line_number":11,"text":"ﯡ","translation":{"text":"(60)","language_name":"english","language_id":38},"transliteration":{"text":null,"language_name":"english","language_id":38}}],"translations":[{"id":918739,"resource_id":134,"text":"kecuali orang yang bertobat, beriman, dan beramal saleh, maka mereka itu akan masuk surga dan tidak dianiaya (dirugikan) sedikit pun,"}]},{"id":2311,"verse_number":61,"verse_key":"19:61","juz_number":16,"hizb_number":31,"rub_el_hizb_number":124,"ruku_number":267,"manzil_number":4,"sajdah_number":null,"text_uthmani":"جَنَّـٰتِ عَدْنٍ ٱلَّتِى وَعَدَ ٱلرَّحْمَـٰنُ عِبَادَهُۥ بِٱلْغَيْبِ ۚ إِنَّهُۥ كَانَ وَعْدُهُۥ مَأْتِيًّا","page_number":309,"words":[{"id":54962,"position":1,"audio_url":"wbw/019_061_001.mp3","qpc_uthmani_hafs":"جَنَّٰتِ","char_type_name":"word","page_number":309,"line_number":11,"text":"ﯢ","translation":{"text":"Gardens","language_name":"english","language_id":38},"transliteration":{"text":"jannāti","language_name":"english","language_id":38}},{"id":54963,"position":2,"audio_url":"wbw/019_061_002.mp3","qpc_uthmani_hafs":"عَدۡنٍ","char_type_name":"word","page_number":309,"line_number":11,"text":"ﯣ","translation":{"text":"(of) Eden","language_name":"english","language_id":38},"transliteration":{"text":"ʿadnin","language_name":"english","language_id":38}},{"id":54964,"position":3,"audio_url":"wbw/019_061_003.mp3","qpc_uthmani_hafs":"ٱلَّتِي","char_type_name":"word","page_number":309,"line_number":11,"text":"ﯤ","translation":{"text":"which","language_name":"english","language_id":38},"transliteration":{"text":"allatī","language_name":"english","language_id":38}},{"id":54965,"position":4,"audio_url":"wbw/019_061_004.mp3","qpc_uthmani_hafs":"وَعَدَ","char_type_name":"word","page_number":309,"line_number":11,"text":"ﯥ","translation":{"text":"promised","language_name":"english","language_id":38},"transliteration":{"text":"waʿada","language_name":"english","language_id":38}},{"id":54966,"position":5,"audio_url":"wbw/019_061_005.mp3","qpc_uthmani_hafs":"ٱلرَّحۡمَٰنُ","char_type_name":"word","page_number":309,"line_number":11,"text":"ﯦ","translation":{"text":"the Most Gracious","language_name":"english","language_id":38},"transliteration":{"text":"l-raḥmānu","language_name":"english","language_id":38}},{"id":54967,"position":6,"audio_url":"wbw/019_061_006.mp3","qpc_uthmani_hafs":"عِبَادَهُۥ","char_type_name":"word","page_number":309,"line_number":11,"text":"ﯧ","translation":{"text":"(to) His slaves","language_name":"english","language_id":38},"transliteration":{"text":"ʿibādahu","language_name":"english","language_id":38}},{"id":54968,"position":7,"audio_url":"wbw/019_061_007.mp3","qpc_uthmani_hafs":"بِٱلۡغَيۡبِۚ","char_type_name":"word","page_number":309,"line_number":12,"text":"ﯨﯩ","translation":{"text":"in the unseen","language_name":"english","language_id":38},"transliteration":{"text":"bil-ghaybi","language_name":"english","language_id":38}},{"id":54970,"position":8,"audio_url":"wbw/019_061_009.mp3","qpc_uthmani_hafs":"إِنَّهُۥ","char_type_name":"word","page_number":309,"line_number":12,"text":"ﯪ","translation":{"text":"Indeed, [it]","language_name":"english","language_id":38},"transliteration":{"text":"innahu","language_name":"english","language_id":38}},{"id":54971,"position":9,"audio_url":"wbw/019_061_010.mp3","qpc_uthmani_hafs":"كَانَ","char_type_name":"word","page_number":309,"line_number":12,"text":"ﯫ","translation":{"text":"is","language_name":"english","language_id":38},"transliteration":{"text":"kāna","language_name":"english","language_id":38}},{"id":54972,"position":10,"audio_url":"wbw/019_061_011.mp3","qpc_uthmani_hafs":"وَعۡدُهُۥ","char_type_name":"word","page_number":309,"line_number":12,"text":"ﯬ","translation":{"text":"His promise","language_name":"english","language_id":38},"transliteration":{"text":"waʿduhu","language_name":"english","language_id":38}},{"id":54973,"position":11,"audio_url":"wbw/019_061_012.mp3","qpc_uthmani_hafs":"مَأۡتِيّٗا","char_type_name":"word","page_number":309,"line_number":12,"text":"ﯭ","translation":{"text":"sure to come","language_name":"english","language_id":38},"transliteration":{"text":"matiyyan","language_name":"english","language_id":38}},{"id":54974,"position":12,"audio_url":null,"qpc_uthmani_hafs":"٦١","char_type_name":"end","page_number":309,"line_number":12,"text":"ﯮ","translation":{"text":"(61)","language_name":"english","language_id":38},"transliteration":{"text":null,"language_name":"english","language_id":38}}],"translations":[{"id":918740,"resource_id":134,"text":"yaitu surga ʻAdn yang telah dijanjikan oleh Tuhan Yang Maha Pemurah kepada hamba-hamba-Nya, sekali pun (surga itu) tidak tampak. Sesungguhnya, janji Allah itu pasti akan ditepati."}]},{"id":2312,"verse_number":62,"verse_key":"19:62","juz_number":16,"hizb_number":31,"rub_el_hizb_number":124,"ruku_number":267,"manzil_number":4,"sajdah_number":null,"text_uthmani":"لَّا يَسْمَعُونَ فِيهَا لَغْوًا إِلَّا سَلَـٰمًا ۖ وَلَهُمْ رِزْقُهُمْ فِيهَا بُكْرَةً وَعَشِيًّا","page_number":309,"words":[{"id":55616,"position":1,"audio_url":"wbw/019_062_001.mp3","qpc_uthmani_hafs":"لَّا","char_type_name":"word","page_number":309,"line_number":12,"text":"ﯯ","translation":{"text":"Not","language_name":"english","language_id":38},"transliteration":{"text":"lā","language_name":"english","language_id":38}},{"id":55617,"position":2,"audio_url":"wbw/019_062_002.mp3","qpc_uthmani_hafs":"يَسۡمَعُونَ","char_type_name":"word","page_number":309,"line_number":12,"text":"ﯰ","translation":{"text":"they will hear","language_name":"english","language_id":38},"transliteration":{"text":"yasmaʿūna","language_name":"english","language_id":38}},{"id":55618,"position":3,"audio_url":"wbw/019_062_003.mp3","qpc_uthmani_hafs":"فِيهَا","char_type_name":"word","page_number":309,"line_number":12,"text":"ﯱ","translation":{"text":"therein","language_name":"english","language_id":38},"transliteration":{"text":"fīhā","language_name":"english","language_id":38}},{"id":55619,"position":4,"audio_url":"wbw/019_062_004.mp3","qpc_uthmani_hafs":"لَغۡوًا","char_type_name":"word","page_number":309,"line_number":12,"text":"ﯲ","translation":{"text":"vain talk","language_name":"english","language_id":38},"transliteration":{"text":"laghwan","language_name":"english","language_id":38}},{"id":55620,"position":5,"audio_url":"wbw/019_062_005.mp3","qpc_uthmani_hafs":"إِلَّا","char_type_name":"word","page_number":309,"line_number":12,"text":"ﯳ","translation":{"text":"but","language_name":"english","language_id":38},"transliteration":{"text":"illā","language_name":"english","language_id":38}},{"id":55621,"position":6,"audio_url":"wbw/019_062_006.mp3","qpc_uthmani_hafs":"سَلَٰمٗاۖ","char_type_name":"word","page_number":309,"line_number":12,"text":"ﯴﯵ","translation":{"text":"peace","language_name":"english","language_id":38},"transliteration":{"text":"salāman","language_name":"english","language_id":38}},{"id":55623,"position":7,"audio_url":"wbw/019_062_008.mp3","qpc_uthmani_hafs":"وَلَهُمۡ","char_type_name":"word","page_number":309,"line_number":13,"text":"ﯶ","translation":{"text":"And for them","language_name":"english","language_id":38},"transliteration":{"text":"walahum","language_name":"english","language_id":38}},{"id":55624,"position":8,"audio_url":"wbw/019_062_009.mp3","qpc_uthmani_hafs":"رِزۡقُهُمۡ","char_type_name":"word","page_number":309,"line_number":13,"text":"ﯷ","translation":{"text":"(is) their provision","language_name":"english","language_id":38},"transliteration":{"text":"riz'quhum","language_name":"english","language_id":38}},{"id":55625,"position":9,"audio_url":"wbw/019_062_010.mp3","qpc_uthmani_hafs":"فِيهَا","char_type_name":"word","page_number":309,"line_number":13,"text":"ﯸ","translation":{"text":"therein","language_name":"english","language_id":38},"transliteration":{"text":"fīhā","language_name":"english","language_id":38}},{"id":55626,"position":10,"audio_url":"wbw/019_062_011.mp3","qpc_uthmani_hafs":"بُكۡرَةٗ","char_type_name":"word","page_number":309,"line_number":13,"text":"ﯹ","translation":{"text":"morning","language_name":"english","language_id":38},"transliteration":{"text":"buk'ratan","language_name":"english","language_id":38}},{"id":55627,"position":11,"audio_url":"wbw/019_062_012.mp3","qpc_uthmani_hafs":"وَعَشِيّٗا","char_type_name":"word","page_number":309,"line_number":13,"text":"ﯺ","translation":{"text":"and evening","language_name":"english","language_id":38},"transliteration":{"text":"waʿashiyyan","language_name":"english","language_id":38}},{"id":55628,"position":12,"audio_url":null,"qpc_uthmani_hafs":"٦٢","char_type_name":"end","page_number":309,"line_number":13,"text":"ﯻ","translation":{"text":"(62)","language_name":"english","language_id":38},"transliteration":{"text":null,"language_name":"english","language_id":38}}],"translations":[{"id":918741,"resource_id":134,"text":"Mereka tidak mendengar perkataan yang tak berguna di dalam surga, kecuali ucapan salam.  Bagi mereka rezekinya di surga itu tiap-tiap pagi dan petang."}]},{"id":2313,"verse_number":63,"verse_key":"19:63","juz_number":16,"hizb_number":31,"rub_el_hizb_number":124,"ruku_number":267,"manzil_number":4,"sajdah_number":null,"text_uthmani":"تِلْكَ ٱلْجَنَّةُ ٱلَّتِى نُورِثُ مِنْ عِبَادِنَا مَن كَانَ تَقِيًّا","page_number":309,"words":[{"id":56069,"position":1,"audio_url":"wbw/019_063_001.mp3","qpc_uthmani_hafs":"تِلۡكَ","char_type_name":"word","page_number":309,"line_number":13,"text":"ﯼ","translation":{"text":"This","language_name":"english","language_id":38},"transliteration":{"text":"til'ka","language_name":"english","language_id":38}},{"id":56070,"position":2,"audio_url":"wbw/019_063_002.mp3","qpc_uthmani_hafs":"ٱلۡجَنَّةُ","char_type_name":"word","page_number":309,"line_number":13,"text":"ﯽ","translation":{"text":"(is) Paradise","language_name":"english","language_id":38},"transliteration":{"text":"l-janatu","language_name":"english","language_id":38}},{"id":56071,"position":3,"audio_url":"wbw/019_063_003.mp3","qpc_uthmani_hafs":"ٱلَّتِي","char_type_name":"word","page_number":309,"line_number":13,"text":"ﯾ","translation":{"text":"which","language_name":"english","language_id":38},"transliteration":{"text":"allatī","language_name":"english","language_id":38}},{"id":56072,"position":4,"audio_url":"wbw/019_063_004.mp3","qpc_uthmani_hafs":"نُورِثُ","char_type_name":"word","page_number":309,"line_number":13,"text":"ﯿ","translation":{"text":"We give (as) inheritance","language_name":"english","language_id":38},"transliteration":{"text":"nūrithu","language_name":"english","language_id":38}},{"id":56073,"position":5,"audio_url":"wbw/019_063_005.mp3","qpc_uthmani_hafs":"مِنۡ","char_type_name":"word","page_number":309,"line_number":13,"text":"ﰀ","translation":{"text":"[of] (to)","language_name":"english","language_id":38},"transliteration":{"text":"min","language_name":"english","language_id":38}},{"id":56074,"position":6,"audio_url":"wbw/019_063_006.mp3","qpc_uthmani_hafs":"عِبَادِنَا","char_type_name":"word","page_number":309,"line_number":14,"text":"ﰁ","translation":{"text":"Our slaves","language_name":"english","language_id":38},"transliteration":{"text":"ʿibādinā","language_name":"english","language_id":38}},{"id":56075,"position":7,"audio_url":"wbw/019_063_007.mp3","qpc_uthmani_hafs":"مَن","char_type_name":"word","page_number":309,"line_number":14,"text":"ﰂ","translation":{"text":"(the one) who","language_name":"english","language_id":38},"transliteration":{"text":"man","language_name":"english","language_id":38}},{"id":56076,"position":8,"audio_url":"wbw/019_063_008.mp3","qpc_uthmani_hafs":"كَانَ","char_type_name":"word","page_number":309,"line_number":14,"text":"ﰃ","translation":{"text":"is","language_name":"english","language_id":38},"transliteration":{"text":"kāna","language_name":"english","language_id":38}},{"id":56077,"position":9,"audio_url":"wbw/019_063_009.mp3","qpc_uthmani_hafs":"تَقِيّٗا","char_type_name":"word","page_number":309,"line_number":14,"text":"ﰄ","translation":{"text":"righteous","language_name":"english","language_id":38},"transliteration":{"text":"taqiyyan","language_name":"english","language_id":38}},{"id":56078,"position":10,"audio_url":null,"qpc_uthmani_hafs":"٦٣","char_type_name":"end","page_number":309,"line_number":14,"text":"ﰅ","translation":{"text":"(63)","language_name":"english","language_id":38},"transliteration":{"text":null,"language_name":"english","language_id":38}}],"translations":[{"id":918742,"resource_id":134,"text":"Itulah surga yang akan Kami wariskan kepada hamba-hamba Kami yang selalu bertakwa."}]},{"id":2314,"verse_number":64,"verse_key":"19:64","juz_number":16,"hizb_number":31,"rub_el_hizb_number":124,"ruku_number":267,"manzil_number":4,"sajdah_number":null,"text_uthmani":"وَمَا نَتَنَزَّلُ إِلَّا بِأَمْرِ رَبِّكَ ۖ لَهُۥ مَا بَيْنَ أَيْدِينَا وَمَا خَلْفَنَا وَمَا بَيْنَ ذَٰلِكَ ۚ وَمَا كَانَ رَبُّكَ نَسِيًّا","page_number":309,"words":[{"id":56549,"position":1,"audio_url":"wbw/019_064_001.mp3","qpc_uthmani_hafs":"وَمَا","char_type_name":"word","page_number":309,"line_number":14,"text":"ﰆ","translation":{"text":"And not","language_name":"english","language_id":38},"transliteration":{"text":"wamā","language_name":"english","language_id":38}},{"id":56550,"position":2,"audio_url":"wbw/019_064_002.mp3","qpc_uthmani_hafs":"نَتَنَزَّلُ","char_type_name":"word","page_number":309,"line_number":14,"text":"ﰇ","translation":{"text":"we descend","language_name":"english","language_id":38},"transliteration":{"text":"natanazzalu","language_name":"english","language_id":38}},{"id":56551,"position":3,"audio_url":"wbw/019_064_003.mp3","qpc_uthmani_hafs":"إِلَّا","char_type_name":"word","page_number":309,"line_number":14,"text":"ﰈ","translation":{"text":"except","language_name":"english","language_id":38},"transliteration":{"text":"illā","language_name":"english","language_id":38}},{"id":56552,"position":4,"audio_url":"wbw/019_064_004.mp3","qpc_uthmani_hafs":"بِأَمۡرِ","char_type_name":"word","page_number":309,"line_number":14,"text":"ﰉ","translation":{"text":"by (the) Command","language_name":"english","language_id":38},"transliteration":{"text":"bi-amri","language_name":"english","language_id":38}},{"id":56553,"position":5,"audio_url":"wbw/019_064_005.mp3","qpc_uthmani_hafs":"رَبِّكَۖ","char_type_name":"word","page_number":309,"line_number":14,"text":"ﰊﰋ","translation":{"text":"(of) your Lord","language_name":"english","language_id":38},"transliteration":{"text":"rabbika","language_name":"english","language_id":38}},{"id":56555,"position":6,"audio_url":"wbw/019_064_007.mp3","qpc_uthmani_hafs":"لَهُۥ","char_type_name":"word","page_number":309,"line_number":14,"text":"ﰌ","translation":{"text":"To Him (belongs)","language_name":"english","language_id":38},"transliteration":{"text":"lahu","language_name":"english","language_id":38}},{"id":56556,"position":7,"audio_url":"wbw/019_064_008.mp3","qpc_uthmani_hafs":"مَا","char_type_name":"word","page_number":309,"line_number":14,"text":"ﰍ","translation":{"text":"what","language_name":"english","language_id":38},"transliteration":{"text":"mā","language_name":"english","language_id":38}},{"id":56557,"position":8,"audio_url":"wbw/019_064_009.mp3","qpc_uthmani_hafs":"بَيۡنَ","char_type_name":"word","page_number":309,"line_number":14,"text":"ﰎ","translation":{"text":"(is) before us","language_name":"english","language_id":38},"transliteration":{"text":"bayna","language_name":"english","language_id":38}},{"id":56558,"position":9,"audio_url":"wbw/019_064_010.mp3","qpc_uthmani_hafs":"أَيۡدِينَا","char_type_name":"word","page_number":309,"line_number":15,"text":"ﰏ","translation":{"text":"(is) before us","language_name":"english","language_id":38},"transliteration":{"text":"aydīnā","language_name":"english","language_id":38}},{"id":56559,"position":10,"audio_url":"wbw/019_064_011.mp3","qpc_uthmani_hafs":"وَمَا","char_type_name":"word","page_number":309,"line_number":15,"text":"ﰐ","translation":{"text":"and what","language_name":"english","language_id":38},"transliteration":{"text":"wamā","language_name":"english","language_id":38}},{"id":56560,"position":11,"audio_url":"wbw/019_064_012.mp3","qpc_uthmani_hafs":"خَلۡفَنَا","char_type_name":"word","page_number":309,"line_number":15,"text":"ﰑ","translation":{"text":"(is) behind us","language_name":"english","language_id":38},"transliteration":{"text":"khalfanā","language_name":"english","language_id":38}},{"id":56561,"position":12,"audio_url":"wbw/019_064_013.mp3","qpc_uthmani_hafs":"وَمَا","char_type_name":"word","page_number":309,"line_number":15,"text":"ﰒ","translation":{"text":"and what","language_name":"english","language_id":38},"transliteration":{"text":"wamā","language_name":"english","language_id":38}},{"id":56562,"position":13,"audio_url":"wbw/019_064_014.mp3","qpc_uthmani_hafs":"بَيۡنَ","char_type_name":"word","page_number":309,"line_number":15,"text":"ﰓ","translation":{"text":"(is) between","language_name":"english","language_id":38},"transliteration":{"text":"bayna","language_name":"english","language_id":38}},{"id":56563,"position":14,"audio_url":"wbw/019_064_015.mp3","qpc_uthmani_hafs":"ذَٰلِكَۚ","char_type_name":"word","page_number":309,"line_number":15,"text":"ﰔﰕ","translation":{"text":"that","language_name":"english","language_id":38},"transliteration":{"text":"dhālika","language_name":"english","language_id":38}},{"id":56565,"position":15,"audio_url":"wbw/019_064_017.mp3","qpc_uthmani_hafs":"وَمَا","char_type_name":"word","page_number":309,"line_number":15,"text":"ﰖ","translation":{"text":"And not","language_name":"english","language_id":38},"transliteration":{"text":"wamā","language_name":"english","language_id":38}},{"id":56566,"position":16,"audio_url":"wbw/019_064_018.mp3","qpc_uthmani_hafs":"كَانَ","char_type_name":"word","page_number":309,"line_number":15,"text":"ﰗ","translation":{"text":"is","language_name":"english","language_id":38},"transliteration":{"text":"kāna","language_name":"english","language_id":38}},{"id":56567,"position":17,"audio_url":"wbw/019_064_019.mp3","qpc_uthmani_hafs":"رَبُّكَ","char_type_name":"word","page_number":309,"line_number":15,"text":"ﰘ","translation":{"text":"your Lord","language_name":"english","language_id":38},"transliteration":{"text":"rabbuka","language_name":"english","language_id":38}},{"id":56568,"position":18,"audio_url":"wbw/019_064_020.mp3","qpc_uthmani_hafs":"نَسِيّٗا","char_type_name":"word","page_number":309,"line_number":15,"text":"ﰙ","translation":{"text":"forgetful","language_name":"english","language_id":38},"transliteration":{"text":"nasiyyan","language_name":"english","language_id":38}},{"id":56569,"position":19,"audio_url":null,"qpc_uthmani_hafs":"٦٤","char_type_name":"end","page_number":309,"line_number":15,"text":"ﰚ","translation":{"text":"(64)","language_name":"english","language_id":38},"transliteration":{"text":null,"language_name":"english","language_id":38}}],"translations":[{"id":918743,"resource_id":134,"text":"Dan tidaklah kami (Jibril) turun, kecuali dengan perintah Tuhan-mu.  Kepunyaan-Nya-lah apa-apa yang ada di hadapan kita, apa-apa yang ada di belakang kita, dan apa-apa yang ada di antara keduanya, dan tidaklah Tuhan-mu lupa."}]}],"pagination":{"per_page":50,"current_page":1,"next_page":null,"total_pages":1,"total_records":13}}