{"verses":[{"id":2315,"verse_number":65,"verse_key":"19:65","juz_number":16,"hizb_number":31,"rub_el_hizb_number":124,"ruku_number":267,"manzil_number":4,"sajdah_number":null,"text_uthmani":"رَّبُّ ٱلسَّمَـٰوَٰتِ وَٱلْأَرْضِ وَمَا بَيْنَهُمَا فَٱعْبُدْهُ وَٱصْطَبِرْ لِعِبَـٰدَتِهِۦ ۚ هَلْ تَعْلَمُ لَهُۥ سَمِيًّا","page_number":310,"words":[{"id":57057,"position":1,"audio_url":"wbw/019_065_001.mp3","qpc_uthmani_hafs":"رَّبُّ","char_type_name":"word","page_number":310,"line_number":1,"text":"ﭑ","translation":{"text":"Lord","language_name":"english","language_id":38},"transliteration":{"text":"rabbu","language_name":"english","language_id":38}},{"id":57058,"position":2,"audio_url":"wbw/019_065_002.mp3","qpc_uthmani_hafs":"ٱلسَّمَٰوَٰتِ","char_type_name":"word","page_number":310,"line_number":1,"text":"ﭒ","translation":{"text":"(of) the heavens","language_name":"english","language_id":38},"transliteration":{"text":"l-samāwāti","language_name":"english","language_id":38}},{"id":57059,"position":3,"audio_url":"wbw/019_065_003.mp3","qpc_uthmani_hafs":"وَٱلۡأَرۡضِ","char_type_name":"word","page_number":310,"line_number":1,"text":"ﭓ","translation":{"text":"and the earth","language_name":"english","language_id":38},"transliteration":{"text":"wal-arḍi","language_name":"english","language_id":38}},{"id":57060,"position":4,"audio_url":"wbw/019_065_004.mp3","qpc_uthmani_hafs":"وَمَا","char_type_name":"word","page_number":310,"line_number":1,"text":"ﭔ","translation":{"text":"and whatever","language_name":"english","language_id":38},"transliteration":{"text":"wamā","language_name":"english","language_id":38}},{"id":57061,"position":5,"audio_url":"wbw/019_065_005.mp3","qpc_uthmani_hafs":"بَيۡنَهُمَا","char_type_name":"word","page_number":310,"line_number":1,"text":"ﭕ","translation":{"text":"(is) between both of them","language_name":"english","language_id":38},"transliteration":{"text":"baynahumā","language_name":"english","language_id":38}},{"id":57062,"position":6,"audio_url":"wbw/019_065_006.mp3","qpc_uthmani_hafs":"فَٱعۡبُدۡهُ","char_type_name":"word","page_number":310,"line_number":1,"text":"ﭖ","translation":{"text":"so worship Him","language_name":"english","language_id":38},"transliteration":{"text":"fa-uʿ'bud'hu","language_name":"english","language_id":38}},{"id":57063,"position":7,"audio_url":"wbw/019_065_007.mp3","qpc_uthmani_hafs":"وَٱصۡطَبِرۡ","char_type_name":"word","page_number":310,"line_number":1,"text":"ﭗ","translation":{"text":"and be constant","language_name":"english","language_id":38},"transliteration":{"text":"wa-iṣ'ṭabir","language_name":"english","language_id":38}},{"id":57064,"position":8,"audio_url":"wbw/019_065_008.mp3","qpc_uthmani_hafs":"لِعِبَٰدَتِهِۦۚ","char_type_name":"word","page_number":310,"line_number":1,"text":"ﭘﭙ","translation":{"text":"in His worship","language_name":"english","language_id":38},"transliteration":{"text":"liʿibādatihi","language_name":"english","language_id":38}},{"id":57066,"position":9,"audio_url":"wbw/019_065_010.mp3","qpc_uthmani_hafs":"هَلۡ","char_type_name":"word","page_number":310,"line_number":2,"text":"ﭚ","translation":{"text":"Do","language_name":"english","language_id":38},"transliteration":{"text":"hal","language_name":"english","language_id":38}},{"id":57067,"position":10,"audio_url":"wbw/019_065_011.mp3","qpc_uthmani_hafs":"تَعۡلَمُ","char_type_name":"word","page_number":310,"line_number":2,"text":"ﭛ","translation":{"text":"you know","language_name":"english","language_id":38},"transliteration":{"text":"taʿlamu","language_name":"english","language_id":38}},{"id":57068,"position":11,"audio_url":"wbw/019_065_012.mp3","qpc_uthmani_hafs":"لَهُۥ","char_type_name":"word","page_number":310,"line_number":2,"text":"ﭜ","translation":{"text":"for Him","language_name":"english","language_id":38},"transliteration":{"text":"lahu","language_name":"english","language_id":38}},{"id":57069,"position":12,"audio_url":"wbw/019_065_013.mp3","qpc_uthmani_hafs":"سَمِيّٗا","char_type_name":"word","page_number":310,"line_number":2,"text":"ﭝ","translation":{"text":"any similarity","language_name":"english","language_id":38},"transliteration":{"text":"samiyyan","language_name":"english","language_id":38}},{"id":57070,"position":13,"audio_url":null,"qpc_uthmani_hafs":"٦٥","char_type_name":"end","page_number":310,"line_number":2,"text":"ﭞ","translation":{"text":"(65)","language_name":"english","language_id":38},"transliteration":{"text":null,"language_name":"english","language_id":38}}],"translations":[{"id":918744,"resource_id":134,"text":"Tuhan (yang menguasai) langit dan bumi dan apa-apa yang ada di antara keduanya, maka sembahlah Dia dan berteguh hatilah dalam beribadat kepada-Nya. Apakah kamu mengetahui ada seorang yang sama dengan Dia (yang patut disembah)?"}]},{"id":2316,"verse_number":66,"verse_key":"19:66","juz_number":16,"hizb_number":31,"rub_el_hizb_number":124,"ruku_number":268,"manzil_number":4,"sajdah_number":null,"text_uthmani":"وَيَقُولُ ٱلْإِنسَـٰنُ أَءِذَا مَا مِتُّ لَسَوْفَ أُخْرَجُ حَيًّا","page_number":310,"words":[{"id":57757,"position":1,"audio_url":"wbw/019_066_001.mp3","qpc_uthmani_hafs":"وَيَقُولُ","char_type_name":"word","page_number":310,"line_number":2,"text":"ﭟ","translation":{"text":"And says","language_name":"english","language_id":38},"transliteration":{"text":"wayaqūlu","language_name":"english","language_id":38}},{"id":57758,"position":2,"audio_url":"wbw/019_066_002.mp3","qpc_uthmani_hafs":"ٱلۡإِنسَٰنُ","char_type_name":"word","page_number":310,"line_number":2,"text":"ﭠ","translation":{"text":"[the] man","language_name":"english","language_id":38},"transliteration":{"text":"l-insānu","language_name":"english","language_id":38}},{"id":57759,"position":3,"audio_url":"wbw/019_066_003.mp3","qpc_uthmani_hafs":"أَءِذَا","char_type_name":"word","page_number":310,"line_number":2,"text":"ﭡ","translation":{"text":"What! When","language_name":"english","language_id":38},"transliteration":{"text":"a-idhā","language_name":"english","language_id":38}},{"id":57760,"position":4,"audio_url":"wbw/019_066_004.mp3","qpc_uthmani_hafs":"مَا","char_type_name":"word","page_number":310,"line_number":2,"text":"ﭢ","translation":{"text":"What! When","language_name":"english","language_id":38},"transliteration":{"text":"mā","language_name":"english","language_id":38}},{"id":57761,"position":5,"audio_url":"wbw/019_066_005.mp3","qpc_uthmani_hafs":"مِتُّ","char_type_name":"word","page_number":310,"line_number":2,"text":"ﭣ","translation":{"text":"I am dead","language_name":"english","language_id":38},"transliteration":{"text":"mittu","language_name":"english","language_id":38}},{"id":57762,"position":6,"audio_url":"wbw/019_066_006.mp3","qpc_uthmani_hafs":"لَسَوۡفَ","char_type_name":"word","page_number":310,"line_number":2,"text":"ﭤ","translation":{"text":"surely will","language_name":"english","language_id":38},"transliteration":{"text":"lasawfa","language_name":"english","language_id":38}},{"id":57763,"position":7,"audio_url":"wbw/019_066_007.mp3","qpc_uthmani_hafs":"أُخۡرَجُ","char_type_name":"word","page_number":310,"line_number":3,"text":"ﭥ","translation":{"text":"I be brought forth","language_name":"english","language_id":38},"transliteration":{"text":"ukh'raju","language_name":"english","language_id":38}},{"id":57764,"position":8,"audio_url":"wbw/019_066_008.mp3","qpc_uthmani_hafs":"حَيًّا","char_type_name":"word","page_number":310,"line_number":3,"text":"ﭦ","translation":{"text":"alive","language_name":"english","language_id":38},"transliteration":{"text":"ḥayyan","language_name":"english","language_id":38}},{"id":57765,"position":9,"audio_url":null,"qpc_uthmani_hafs":"٦٦","char_type_name":"end","page_number":310,"line_number":3,"text":"ﭧ","translation":{"text":"(66)","language_name":"english","language_id":38},"transliteration":{"text":null,"language_name":"english","language_id":38}}],"translations":[{"id":918745,"resource_id":134,"text":"Dan berkata manusia, \"Betulkah apabila aku telah mati bahwa aku sungguh-sungguh akan dibangkitkan menjadi hidup kembali?\""}]},{"id":2317,"verse_number":67,"verse_key":"19:67","juz_number":16,"hizb_number":31,"rub_el_hizb_number":124,"ruku_number":268,"manzil_number":4,"sajdah_number":null,"text_uthmani":"أَوَلَا يَذْكُرُ ٱلْإِنسَـٰنُ أَنَّا خَلَقْنَـٰهُ مِن قَبْلُ وَلَمْ يَكُ شَيْـًٔا","page_number":310,"words":[{"id":58004,"position":1,"audio_url":"wbw/019_067_001.mp3","qpc_uthmani_hafs":"أَوَلَا","char_type_name":"word","page_number":310,"line_number":3,"text":"ﭨ","translation":{"text":"Does not","language_name":"english","language_id":38},"transliteration":{"text":"awalā","language_name":"english","language_id":38}},{"id":58005,"position":2,"audio_url":"wbw/019_067_002.mp3","qpc_uthmani_hafs":"يَذۡكُرُ","char_type_name":"word","page_number":310,"line_number":3,"text":"ﭩ","translation":{"text":"remember","language_name":"english","language_id":38},"transliteration":{"text":"yadhkuru","language_name":"english","language_id":38}},{"id":58006,"position":3,"audio_url":"wbw/019_067_003.mp3","qpc_uthmani_hafs":"ٱلۡإِنسَٰنُ","char_type_name":"word","page_number":310,"line_number":3,"text":"ﭪ","translation":{"text":"[the] man","language_name":"english","language_id":38},"transliteration":{"text":"l-insānu","language_name":"english","language_id":38}},{"id":58007,"position":4,"audio_url":"wbw/019_067_004.mp3","qpc_uthmani_hafs":"أَنَّا","char_type_name":"word","page_number":310,"line_number":3,"text":"ﭫ","translation":{"text":"that We","language_name":"english","language_id":38},"transliteration":{"text":"annā","language_name":"english","language_id":38}},{"id":58008,"position":5,"audio_url":"wbw/019_067_005.mp3","qpc_uthmani_hafs":"خَلَقۡنَٰهُ","char_type_name":"word","page_number":310,"line_number":3,"text":"ﭬ","translation":{"text":"We created him","language_name":"english","language_id":38},"transliteration":{"text":"khalaqnāhu","language_name":"english","language_id":38}},{"id":58009,"position":6,"audio_url":"wbw/019_067_006.mp3","qpc_uthmani_hafs":"مِن","char_type_name":"word","page_number":310,"line_number":3,"text":"ﭭ","translation":{"text":"before","language_name":"english","language_id":38},"transliteration":{"text":"min","language_name":"english","language_id":38}},{"id":58010,"position":7,"audio_url":"wbw/019_067_007.mp3","qpc_uthmani_hafs":"قَبۡلُ","char_type_name":"word","page_number":310,"line_number":3,"text":"ﭮ","translation":{"text":"before","language_name":"english","language_id":38},"transliteration":{"text":"qablu","language_name":"english","language_id":38}},{"id":58011,"position":8,"audio_url":"wbw/019_067_008.mp3","qpc_uthmani_hafs":"وَلَمۡ","char_type_name":"word","page_number":310,"line_number":4,"text":"ﭯ","translation":{"text":"while not","language_name":"english","language_id":38},"transliteration":{"text":"walam","language_name":"english","language_id":38}},{"id":58012,"position":9,"audio_url":"wbw/019_067_009.mp3","qpc_uthmani_hafs":"يَكُ","char_type_name":"word","page_number":310,"line_number":4,"text":"ﭰ","translation":{"text":"he was","language_name":"english","language_id":38},"transliteration":{"text":"yaku","language_name":"english","language_id":38}},{"id":58013,"position":10,"audio_url":"wbw/019_067_010.mp3","qpc_uthmani_hafs":"شَيۡـٔٗا","char_type_name":"word","page_number":310,"line_number":4,"text":"ﭱ","translation":{"text":"anything","language_name":"english","language_id":38},"transliteration":{"text":"shayan","language_name":"english","language_id":38}},{"id":58014,"position":11,"audio_url":null,"qpc_uthmani_hafs":"٦٧","char_type_name":"end","page_number":310,"line_number":4,"text":"ﭲ","translation":{"text":"(67)","language_name":"english","language_id":38},"transliteration":{"text":null,"language_name":"english","language_id":38}}],"translations":[{"id":918746,"resource_id":134,"text":"Dan tidakkah manusia itu memikirkan bahwa sesungguhnya Kami telah menciptakannya dahulu, sedang ia tidak ada sama sekali?"}]},{"id":2318,"verse_number":68,"verse_key":"19:68","juz_number":16,"hizb_number":31,"rub_el_hizb_number":124,"ruku_number":268,"manzil_number":4,"sajdah_number":null,"text_uthmani":"فَوَرَبِّكَ لَنَحْشُرَنَّهُمْ وَٱلشَّيَـٰطِينَ ثُمَّ لَنُحْضِرَنَّهُمْ حَوْلَ جَهَنَّمَ جِثِيًّا","page_number":310,"words":[{"id":58436,"position":1,"audio_url":"wbw/019_068_001.mp3","qpc_uthmani_hafs":"فَوَرَبِّكَ","char_type_name":"word","page_number":310,"line_number":4,"text":"ﭳ","translation":{"text":"So by your Lord","language_name":"english","language_id":38},"transliteration":{"text":"fawarabbika","language_name":"english","language_id":38}},{"id":58437,"position":2,"audio_url":"wbw/019_068_002.mp3","qpc_uthmani_hafs":"لَنَحۡشُرَنَّهُمۡ","char_type_name":"word","page_number":310,"line_number":4,"text":"ﭴ","translation":{"text":"surely, We will gather them","language_name":"english","language_id":38},"transliteration":{"text":"lanaḥshurannahum","language_name":"english","language_id":38}},{"id":58438,"position":3,"audio_url":"wbw/019_068_003.mp3","qpc_uthmani_hafs":"وَٱلشَّيَٰطِينَ","char_type_name":"word","page_number":310,"line_number":4,"text":"ﭵ","translation":{"text":"and the devils","language_name":"english","language_id":38},"transliteration":{"text":"wal-shayāṭīna","language_name":"english","language_id":38}},{"id":58439,"position":4,"audio_url":"wbw/019_068_004.mp3","qpc_uthmani_hafs":"ثُمَّ","char_type_name":"word","page_number":310,"line_number":4,"text":"ﭶ","translation":{"text":"then","language_name":"english","language_id":38},"transliteration":{"text":"thumma","language_name":"english","language_id":38}},{"id":58440,"position":5,"audio_url":"wbw/019_068_005.mp3","qpc_uthmani_hafs":"لَنُحۡضِرَنَّهُمۡ","char_type_name":"word","page_number":310,"line_number":5,"text":"ﭷ","translation":{"text":"surely, We will bring them","language_name":"english","language_id":38},"transliteration":{"text":"lanuḥ'ḍirannahum","language_name":"english","language_id":38}},{"id":58441,"position":6,"audio_url":"wbw/019_068_006.mp3","qpc_uthmani_hafs":"حَوۡلَ","char_type_name":"word","page_number":310,"line_number":5,"text":"ﭸ","translation":{"text":"around","language_name":"english","language_id":38},"transliteration":{"text":"ḥawla","language_name":"english","language_id":38}},{"id":58442,"position":7,"audio_url":"wbw/019_068_007.mp3","qpc_uthmani_hafs":"جَهَنَّمَ","char_type_name":"word","page_number":310,"line_number":5,"text":"ﭹ","translation":{"text":"Hell","language_name":"english","language_id":38},"transliteration":{"text":"jahannama","language_name":"english","language_id":38}},{"id":58443,"position":8,"audio_url":"wbw/019_068_008.mp3","qpc_uthmani_hafs":"جِثِيّٗا","char_type_name":"word","page_number":310,"line_number":5,"text":"ﭺ","translation":{"text":"bent (on) knees","language_name":"english","language_id":38},"transliteration":{"text":"jithiyyan","language_name":"english","language_id":38}},{"id":58444,"position":9,"audio_url":null,"qpc_uthmani_hafs":"٦٨","char_type_name":"end","page_number":310,"line_number":5,"text":"ﭻ","translation":{"text":"(68)","language_name":"english","language_id":38},"transliteration":{"text":null,"language_name":"english","language_id":38}}],"translations":[{"id":918747,"resource_id":134,"text":"Demi Tuhan-mu, sesungguhnya akan Kami bangkitkan mereka bersama setan, kemudian akan Kami datangkan mereka ke sekeliling Jahanam dengan berlutut."}]},{"id":2319,"verse_number":69,"verse_key":"19:69","juz_number":16,"hizb_number":31,"rub_el_hizb_number":124,"ruku_number":268,"manzil_number":4,"sajdah_number":null,"text_uthmani":"ثُمَّ لَنَنزِعَنَّ مِن كُلِّ شِيعَةٍ أَيُّهُمْ أَشَدُّ عَلَى ٱلرَّحْمَـٰنِ عِتِيًّا","page_number":310,"words":[{"id":58978,"position":1,"audio_url":"wbw/019_069_001.mp3","qpc_uthmani_hafs":"ثُمَّ","char_type_name":"word","page_number":310,"line_number":5,"text":"ﭼ","translation":{"text":"Then","language_name":"english","language_id":38},"transliteration":{"text":"thumma","language_name":"english","language_id":38}},{"id":58979,"position":2,"audio_url":"wbw/019_069_002.mp3","qpc_uthmani_hafs":"لَنَنزِعَنَّ","char_type_name":"word","page_number":310,"line_number":5,"text":"ﭽ","translation":{"text":"surely, We will drag out","language_name":"english","language_id":38},"transliteration":{"text":"lananziʿanna","language_name":"english","language_id":38}},{"id":58980,"position":3,"audio_url":"wbw/019_069_003.mp3","qpc_uthmani_hafs":"مِن","char_type_name":"word","page_number":310,"line_number":5,"text":"ﭾ","translation":{"text":"from","language_name":"english","language_id":38},"transliteration":{"text":"min","language_name":"english","language_id":38}},{"id":58981,"position":4,"audio_url":"wbw/019_069_004.mp3","qpc_uthmani_hafs":"كُلِّ","char_type_name":"word","page_number":310,"line_number":5,"text":"ﭿ","translation":{"text":"every","language_name":"english","language_id":38},"transliteration":{"text":"kulli","language_name":"english","language_id":38}},{"id":58982,"position":5,"audio_url":"wbw/019_069_005.mp3","qpc_uthmani_hafs":"شِيعَةٍ","char_type_name":"word","page_number":310,"line_number":6,"text":"ﮀ","translation":{"text":"sect","language_name":"english","language_id":38},"transliteration":{"text":"shīʿatin","language_name":"english","language_id":38}},{"id":58983,"position":6,"audio_url":"wbw/019_069_006.mp3","qpc_uthmani_hafs":"أَيُّهُمۡ","char_type_name":"word","page_number":310,"line_number":6,"text":"ﮁ","translation":{"text":"those of them","language_name":"english","language_id":38},"transliteration":{"text":"ayyuhum","language_name":"english","language_id":38}},{"id":58984,"position":7,"audio_url":"wbw/019_069_007.mp3","qpc_uthmani_hafs":"أَشَدُّ","char_type_name":"word","page_number":310,"line_number":6,"text":"ﮂ","translation":{"text":"(who were) worst","language_name":"english","language_id":38},"transliteration":{"text":"ashaddu","language_name":"english","language_id":38}},{"id":58985,"position":8,"audio_url":"wbw/019_069_008.mp3","qpc_uthmani_hafs":"عَلَى","char_type_name":"word","page_number":310,"line_number":6,"text":"ﮃ","translation":{"text":"against","language_name":"english","language_id":38},"transliteration":{"text":"ʿalā","language_name":"english","language_id":38}},{"id":58986,"position":9,"audio_url":"wbw/019_069_009.mp3","qpc_uthmani_hafs":"ٱلرَّحۡمَٰنِ","char_type_name":"word","page_number":310,"line_number":6,"text":"ﮄ","translation":{"text":"the Most Gracious","language_name":"english","language_id":38},"transliteration":{"text":"l-raḥmāni","language_name":"english","language_id":38}},{"id":58987,"position":10,"audio_url":"wbw/019_069_010.mp3","qpc_uthmani_hafs":"عِتِيّٗا","char_type_name":"word","page_number":310,"line_number":6,"text":"ﮅ","translation":{"text":"(in) rebellion","language_name":"english","language_id":38},"transliteration":{"text":"ʿitiyyan","language_name":"english","language_id":38}},{"id":58988,"position":11,"audio_url":null,"qpc_uthmani_hafs":"٦٩","char_type_name":"end","page_number":310,"line_number":6,"text":"ﮆ","translation":{"text":"(69)","language_name":"english","language_id":38},"transliteration":{"text":null,"language_name":"english","language_id":38}}],"translations":[{"id":918748,"resource_id":134,"text":"Kemudian, pasti akan Kami tarik dari tiap-tiap golongan, siapa di antara mereka yang sangat durhaka kepada Tuhan Yang Maha Pemurah."}]},{"id":2320,"verse_number":70,"verse_key":"19:70","juz_number":16,"hizb_number":31,"rub_el_hizb_number":124,"ruku_number":268,"manzil_number":4,"sajdah_number":null,"text_uthmani":"ثُمَّ لَنَحْنُ أَعْلَمُ بِٱلَّذِينَ هُمْ أَوْلَىٰ بِهَا صِلِيًّا","page_number":310,"words":[{"id":59387,"position":1,"audio_url":"wbw/019_070_001.mp3","qpc_uthmani_hafs":"ثُمَّ","char_type_name":"word","page_number":310,"line_number":6,"text":"ﮇ","translation":{"text":"Then","language_name":"english","language_id":38},"transliteration":{"text":"thumma","language_name":"english","language_id":38}},{"id":59388,"position":2,"audio_url":"wbw/019_070_002.mp3","qpc_uthmani_hafs":"لَنَحۡنُ","char_type_name":"word","page_number":310,"line_number":6,"text":"ﮈ","translation":{"text":"surely, We","language_name":"english","language_id":38},"transliteration":{"text":"lanaḥnu","language_name":"english","language_id":38}},{"id":59389,"position":3,"audio_url":"wbw/019_070_003.mp3","qpc_uthmani_hafs":"أَعۡلَمُ","char_type_name":"word","page_number":310,"line_number":6,"text":"ﮉ","translation":{"text":"know best","language_name":"english","language_id":38},"transliteration":{"text":"aʿlamu","language_name":"english","language_id":38}},{"id":59390,"position":4,"audio_url":"wbw/019_070_004.mp3","qpc_uthmani_hafs":"بِٱلَّذِينَ","char_type_name":"word","page_number":310,"line_number":6,"text":"ﮊ","translation":{"text":"[of] those who","language_name":"english","language_id":38},"transliteration":{"text":"bi-alladhīna","language_name":"english","language_id":38}},{"id":59391,"position":5,"audio_url":"wbw/019_070_005.mp3","qpc_uthmani_hafs":"هُمۡ","char_type_name":"word","page_number":310,"line_number":7,"text":"ﮋ","translation":{"text":"[they]","language_name":"english","language_id":38},"transliteration":{"text":"hum","language_name":"english","language_id":38}},{"id":59392,"position":6,"audio_url":"wbw/019_070_006.mp3","qpc_uthmani_hafs":"أَوۡلَىٰ","char_type_name":"word","page_number":310,"line_number":7,"text":"ﮌ","translation":{"text":"(are) most worthy","language_name":"english","language_id":38},"transliteration":{"text":"awlā","language_name":"english","language_id":38}},{"id":59393,"position":7,"audio_url":"wbw/019_070_007.mp3","qpc_uthmani_hafs":"بِهَا","char_type_name":"word","page_number":310,"line_number":7,"text":"ﮍ","translation":{"text":"therein","language_name":"english","language_id":38},"transliteration":{"text":"bihā","language_name":"english","language_id":38}},{"id":59394,"position":8,"audio_url":"wbw/019_070_008.mp3","qpc_uthmani_hafs":"صِلِيّٗا","char_type_name":"word","page_number":310,"line_number":7,"text":"ﮎ","translation":{"text":"(of) being burnt","language_name":"english","language_id":38},"transliteration":{"text":"ṣiliyyan","language_name":"english","language_id":38}},{"id":59395,"position":9,"audio_url":null,"qpc_uthmani_hafs":"٧٠","char_type_name":"end","page_number":310,"line_number":7,"text":"ﮏ","translation":{"text":"(70)","language_name":"english","language_id":38},"transliteration":{"text":null,"language_name":"english","language_id":38}}],"translations":[{"id":918749,"resource_id":134,"text":"Dan kemudian, Kami sungguh lebih mengetahui orang-orang yang seharusnya dimasukkan ke dalam neraka."}]},{"id":2321,"verse_number":71,"verse_key":"19:71","juz_number":16,"hizb_number":31,"rub_el_hizb_number":124,"ruku_number":268,"manzil_number":4,"sajdah_number":null,"text_uthmani":"وَإِن مِّنكُمْ إِلَّا وَارِدُهَا ۚ كَانَ عَلَىٰ رَبِّكَ حَتْمًا مَّقْضِيًّا","page_number":310,"words":[{"id":60091,"position":1,"audio_url":"wbw/019_071_001.mp3","qpc_uthmani_hafs":"وَإِن","char_type_name":"word","page_number":310,"line_number":7,"text":"ﮐ","translation":{"text":"And (there is) not","language_name":"english","language_id":38},"transliteration":{"text":"wa-in","language_name":"english","language_id":38}},{"id":60092,"position":2,"audio_url":"wbw/019_071_002.mp3","qpc_uthmani_hafs":"مِّنكُمۡ","char_type_name":"word","page_number":310,"line_number":7,"text":"ﮑ","translation":{"text":"(any) of you","language_name":"english","language_id":38},"transliteration":{"text":"minkum","language_name":"english","language_id":38}},{"id":60093,"position":3,"audio_url":"wbw/019_071_003.mp3","qpc_uthmani_hafs":"إِلَّا","char_type_name":"word","page_number":310,"line_number":7,"text":"ﮒ","translation":{"text":"but","language_name":"english","language_id":38},"transliteration":{"text":"illā","language_name":"english","language_id":38}},{"id":60094,"position":4,"audio_url":"wbw/019_071_004.mp3","qpc_uthmani_hafs":"وَارِدُهَاۚ","char_type_name":"word","page_number":310,"line_number":7,"text":"ﮓﮔ","translation":{"text":"(will be) passing over it","language_name":"english","language_id":38},"transliteration":{"text":"wāriduhā","language_name":"english","language_id":38}},{"id":60096,"position":5,"audio_url":"wbw/019_071_006.mp3","qpc_uthmani_hafs":"كَانَ","char_type_name":"word","page_number":310,"line_number":7,"text":"ﮕ","translation":{"text":"(This) is","language_name":"english","language_id":38},"transliteration":{"text":"kāna","language_name":"english","language_id":38}},{"id":60097,"position":6,"audio_url":"wbw/019_071_007.mp3","qpc_uthmani_hafs":"عَلَىٰ","char_type_name":"word","page_number":310,"line_number":7,"text":"ﮖ","translation":{"text":"upon","language_name":"english","language_id":38},"transliteration":{"text":"ʿalā","language_name":"english","language_id":38}},{"id":60098,"position":7,"audio_url":"wbw/019_071_008.mp3","qpc_uthmani_hafs":"رَبِّكَ","char_type_name":"word","page_number":310,"line_number":7,"text":"ﮗ","translation":{"text":"your Lord","language_name":"english","language_id":38},"transliteration":{"text":"rabbika","language_name":"english","language_id":38}},{"id":60099,"position":8,"audio_url":"wbw/019_071_009.mp3","qpc_uthmani_hafs":"حَتۡمٗا","char_type_name":"word","page_number":310,"line_number":8,"text":"ﮘ","translation":{"text":"an inevitability","language_name":"english","language_id":38},"transliteration":{"text":"ḥatman","language_name":"english","language_id":38}},{"id":60100,"position":9,"audio_url":"wbw/019_071_010.mp3","qpc_uthmani_hafs":"مَّقۡضِيّٗا","char_type_name":"word","page_number":310,"line_number":8,"text":"ﮙ","translation":{"text":"decreed","language_name":"english","language_id":38},"transliteration":{"text":"maqḍiyyan","language_name":"english","language_id":38}},{"id":60101,"position":10,"audio_url":null,"qpc_uthmani_hafs":"٧١","char_type_name":"end","page_number":310,"line_number":8,"text":"ﮚ","translation":{"text":"(71)","language_name":"english","language_id":38},"transliteration":{"text":null,"language_name":"english","language_id":38}}],"translations":[{"id":918750,"resource_id":134,"text":"Dan tidak ada seorang pun darimu, melainkan mendatangi neraka itu.  Hal itu bagi Tuhan-mu adalah suatu kemestian yang sudah ditetapkan."}]},{"id":2322,"verse_number":72,"verse_key":"19:72","juz_number":16,"hizb_number":31,"rub_el_hizb_number":124,"ruku_number":268,"manzil_number":4,"sajdah_number":null,"text_uthmani":"ثُمَّ نُنَجِّى ٱلَّذِينَ ٱتَّقَوا۟ وَّنَذَرُ ٱلظَّـٰلِمِينَ فِيهَا جِثِيًّا","page_number":310,"words":[{"id":60646,"position":1,"audio_url":"wbw/019_072_001.mp3","qpc_uthmani_hafs":"ثُمَّ","char_type_name":"word","page_number":310,"line_number":8,"text":"ﮛ","translation":{"text":"Then","language_name":"english","language_id":38},"transliteration":{"text":"thumma","language_name":"english","language_id":38}},{"id":60647,"position":2,"audio_url":"wbw/019_072_002.mp3","qpc_uthmani_hafs":"نُنَجِّي","char_type_name":"word","page_number":310,"line_number":8,"text":"ﮜ","translation":{"text":"We will deliver","language_name":"english","language_id":38},"transliteration":{"text":"nunajjī","language_name":"english","language_id":38}},{"id":60648,"position":3,"audio_url":"wbw/019_072_003.mp3","qpc_uthmani_hafs":"ٱلَّذِينَ","char_type_name":"word","page_number":310,"line_number":8,"text":"ﮝ","translation":{"text":"those who","language_name":"english","language_id":38},"transliteration":{"text":"alladhīna","language_name":"english","language_id":38}},{"id":60649,"position":4,"audio_url":"wbw/019_072_004.mp3","qpc_uthmani_hafs":"ٱتَّقَواْ","char_type_name":"word","page_number":310,"line_number":8,"text":"ﮞ","translation":{"text":"feared (Allah)","language_name":"english","language_id":38},"transliteration":{"text":"ittaqaw","language_name":"english","language_id":38}},{"id":60650,"position":5,"audio_url":"wbw/019_072_005.mp3","qpc_uthmani_hafs":"وَّنَذَرُ","char_type_name":"word","page_number":310,"line_number":8,"text":"ﮟ","translation":{"text":"and We will leave","language_name":"english","language_id":38},"transliteration":{"text":"wanadharu","language_name":"english","language_id":38}},{"id":60651,"position":6,"audio_url":"wbw/019_072_006.mp3","qpc_uthmani_hafs":"ٱلظَّٰلِمِينَ","char_type_name":"word","page_number":310,"line_number":8,"text":"ﮠ","translation":{"text":"the wrongdoers","language_name":"english","language_id":38},"transliteration":{"text":"l-ẓālimīna","language_name":"english","language_id":38}},{"id":60652,"position":7,"audio_url":"wbw/019_072_007.mp3","qpc_uthmani_hafs":"فِيهَا","char_type_name":"word","page_number":310,"line_number":9,"text":"ﮡ","translation":{"text":"therein","language_name":"english","language_id":38},"transliteration":{"text":"fīhā","language_name":"english","language_id":38}},{"id":60653,"position":8,"audio_url":"wbw/019_072_008.mp3","qpc_uthmani_hafs":"جِثِيّٗا","char_type_name":"word","page_number":310,"line_number":9,"text":"ﮢ","translation":{"text":"bent (on) knees","language_name":"english","language_id":38},"transliteration":{"text":"jithiyyan","language_name":"english","language_id":38}},{"id":60654,"position":9,"audio_url":null,"qpc_uthmani_hafs":"٧٢","char_type_name":"end","page_number":310,"line_number":9,"text":"ﮣ","translation":{"text":"(72)","language_name":"english","language_id":38},"transliteration":{"text":null,"language_name":"english","language_id":38}}],"translations":[{"id":918751,"resource_id":134,"text":"Kemudian, Kami akan menyelamatkan orang-orang yang bertakwa dan membiarkan orang-orang yang zalim di dalam neraka dalam keadaan berlutut."}]},{"id":2323,"verse_number":73,"verse_key":"19:73","juz_number":16,"hizb_number":31,"rub_el_hizb_number":124,"ruku_number":268,"manzil_number":4,"sajdah_number":null,"text_uthmani":"وَإِذَا تُتْلَىٰ عَلَيْهِمْ ءَايَـٰتُنَا بَيِّنَـٰتٍ قَالَ ٱلَّذِينَ كَفَرُوا۟ لِلَّذِينَ ءَامَنُوٓا۟ أَىُّ ٱلْفَرِيقَيْنِ خَيْرٌ مَّقَامًا وَأَحْسَنُ نَدِيًّا","page_number":310,"words":[{"id":60934,"position":1,"audio_url":"wbw/019_073_001.mp3","qpc_uthmani_hafs":"وَإِذَا","char_type_name":"word","page_number":310,"line_number":9,"text":"ﮤ","translation":{"text":"And when","language_name":"english","language_id":38},"transliteration":{"text":"wa-idhā","language_name":"english","language_id":38}},{"id":60935,"position":2,"audio_url":"wbw/019_073_002.mp3","qpc_uthmani_hafs":"تُتۡلَىٰ","char_type_name":"word","page_number":310,"line_number":9,"text":"ﮥ","translation":{"text":"are recited","language_name":"english","language_id":38},"transliteration":{"text":"tut'lā","language_name":"english","language_id":38}},{"id":60936,"position":3,"audio_url":"wbw/019_073_003.mp3","qpc_uthmani_hafs":"عَلَيۡهِمۡ","char_type_name":"word","page_number":310,"line_number":9,"text":"ﮦ","translation":{"text":"to them","language_name":"english","language_id":38},"transliteration":{"text":"ʿalayhim","language_name":"english","language_id":38}},{"id":60937,"position":4,"audio_url":"wbw/019_073_004.mp3","qpc_uthmani_hafs":"ءَايَٰتُنَا","char_type_name":"word","page_number":310,"line_number":9,"text":"ﮧ","translation":{"text":"Our Verses","language_name":"english","language_id":38},"transliteration":{"text":"āyātunā","language_name":"english","language_id":38}},{"id":60938,"position":5,"audio_url":"wbw/019_073_005.mp3","qpc_uthmani_hafs":"بَيِّنَٰتٖ","char_type_name":"word","page_number":310,"line_number":9,"text":"ﮨ","translation":{"text":"clear","language_name":"english","language_id":38},"transliteration":{"text":"bayyinātin","language_name":"english","language_id":38}},{"id":60939,"position":6,"audio_url":"wbw/019_073_006.mp3","qpc_uthmani_hafs":"قَالَ","char_type_name":"word","page_number":310,"line_number":9,"text":"ﮩ","translation":{"text":"say","language_name":"english","language_id":38},"transliteration":{"text":"qāla","language_name":"english","language_id":38}},{"id":60940,"position":7,"audio_url":"wbw/019_073_007.mp3","qpc_uthmani_hafs":"ٱلَّذِينَ","char_type_name":"word","page_number":310,"line_number":9,"text":"ﮪ","translation":{"text":"those who","language_name":"english","language_id":38},"transliteration":{"text":"alladhīna","language_name":"english","language_id":38}},{"id":60941,"position":8,"audio_url":"wbw/019_073_008.mp3","qpc_uthmani_hafs":"كَفَرُواْ","char_type_name":"word","page_number":310,"line_number":9,"text":"ﮫ","translation":{"text":"disbelieved","language_name":"english","language_id":38},"transliteration":{"text":"kafarū","language_name":"english","language_id":38}},{"id":60942,"position":9,"audio_url":"wbw/019_073_009.mp3","qpc_uthmani_hafs":"لِلَّذِينَ","char_type_name":"word","page_number":310,"line_number":10,"text":"ﮬ","translation":{"text":"to those who","language_name":"english","language_id":38},"transliteration":{"text":"lilladhīna","language_name":"english","language_id":38}},{"id":60943,"position":10,"audio_url":"wbw/019_073_010.mp3","qpc_uthmani_hafs":"ءَامَنُوٓاْ","char_type_name":"word","page_number":310,"line_number":10,"text":"ﮭ","translation":{"text":"believed","language_name":"english","language_id":38},"transliteration":{"text":"āmanū","language_name":"english","language_id":38}},{"id":60944,"position":11,"audio_url":"wbw/019_073_011.mp3","qpc_uthmani_hafs":"أَيُّ","char_type_name":"word","page_number":310,"line_number":10,"text":"ﮮ","translation":{"text":"Which","language_name":"english","language_id":38},"transliteration":{"text":"ayyu","language_name":"english","language_id":38}},{"id":60945,"position":12,"audio_url":"wbw/019_073_012.mp3","qpc_uthmani_hafs":"ٱلۡفَرِيقَيۡنِ","char_type_name":"word","page_number":310,"line_number":10,"text":"ﮯ","translation":{"text":"(of) the two groups","language_name":"english","language_id":38},"transliteration":{"text":"l-farīqayni","language_name":"english","language_id":38}},{"id":60946,"position":13,"audio_url":"wbw/019_073_013.mp3","qpc_uthmani_hafs":"خَيۡرٞ","char_type_name":"word","page_number":310,"line_number":10,"text":"ﮰ","translation":{"text":"(is) better","language_name":"english","language_id":38},"transliteration":{"text":"khayrun","language_name":"english","language_id":38}},{"id":60947,"position":14,"audio_url":"wbw/019_073_014.mp3","qpc_uthmani_hafs":"مَّقَامٗا","char_type_name":"word","page_number":310,"line_number":10,"text":"ﮱ","translation":{"text":"(in) position","language_name":"english","language_id":38},"transliteration":{"text":"maqāman","language_name":"english","language_id":38}},{"id":60948,"position":15,"audio_url":"wbw/019_073_015.mp3","qpc_uthmani_hafs":"وَأَحۡسَنُ","char_type_name":"word","page_number":310,"line_number":10,"text":"ﯓ","translation":{"text":"and best","language_name":"english","language_id":38},"transliteration":{"text":"wa-aḥsanu","language_name":"english","language_id":38}},{"id":60949,"position":16,"audio_url":"wbw/019_073_016.mp3","qpc_uthmani_hafs":"نَدِيّٗا","char_type_name":"word","page_number":310,"line_number":10,"text":"ﯔ","translation":{"text":"(in) assembly","language_name":"english","language_id":38},"transliteration":{"text":"nadiyyan","language_name":"english","language_id":38}},{"id":60950,"position":17,"audio_url":null,"qpc_uthmani_hafs":"٧٣","char_type_name":"end","page_number":310,"line_number":10,"text":"ﯕ","translation":{"text":"(73)","language_name":"english","language_id":38},"transliteration":{"text":null,"language_name":"english","language_id":38}}],"translations":[{"id":918752,"resource_id":134,"text":"Dan apabila dibacakan kepada mereka ayat-ayat Kami yang terang (maksudnya), niscaya orang-orang yang kafir berkata kepada orang-orang yang beriman, \"Manakah di antara kedua golongan (kafir dan mukmin) yang lebih baik tempat tinggalnya dan lebih indah tempat pertemuan(nya)?\""}]},{"id":2324,"verse_number":74,"verse_key":"19:74","juz_number":16,"hizb_number":31,"rub_el_hizb_number":124,"ruku_number":268,"manzil_number":4,"sajdah_number":null,"text_uthmani":"وَكَمْ أَهْلَكْنَا قَبْلَهُم مِّن قَرْنٍ هُمْ أَحْسَنُ أَثَـٰثًا وَرِءْيًا","page_number":310,"words":[{"id":61462,"position":1,"audio_url":"wbw/019_074_001.mp3","qpc_uthmani_hafs":"وَكَمۡ","char_type_name":"word","page_number":310,"line_number":10,"text":"ﯖ","translation":{"text":"And how many","language_name":"english","language_id":38},"transliteration":{"text":"wakam","language_name":"english","language_id":38}},{"id":61463,"position":2,"audio_url":"wbw/019_074_002.mp3","qpc_uthmani_hafs":"أَهۡلَكۡنَا","char_type_name":"word","page_number":310,"line_number":11,"text":"ﯗ","translation":{"text":"We destroyed","language_name":"english","language_id":38},"transliteration":{"text":"ahlaknā","language_name":"english","language_id":38}},{"id":61464,"position":3,"audio_url":"wbw/019_074_003.mp3","qpc_uthmani_hafs":"قَبۡلَهُم","char_type_name":"word","page_number":310,"line_number":11,"text":"ﯘ","translation":{"text":"before them","language_name":"english","language_id":38},"transliteration":{"text":"qablahum","language_name":"english","language_id":38}},{"id":61465,"position":4,"audio_url":"wbw/019_074_004.mp3","qpc_uthmani_hafs":"مِّن","char_type_name":"word","page_number":310,"line_number":11,"text":"ﯙ","translation":{"text":"of","language_name":"english","language_id":38},"transliteration":{"text":"min","language_name":"english","language_id":38}},{"id":61466,"position":5,"audio_url":"wbw/019_074_005.mp3","qpc_uthmani_hafs":"قَرۡنٍ","char_type_name":"word","page_number":310,"line_number":11,"text":"ﯚ","translation":{"text":"a generation ","language_name":"english","language_id":38},"transliteration":{"text":"qarnin","language_name":"english","language_id":38}},{"id":61467,"position":6,"audio_url":"wbw/019_074_006.mp3","qpc_uthmani_hafs":"هُمۡ","char_type_name":"word","page_number":310,"line_number":11,"text":"ﯛ","translation":{"text":"they","language_name":"english","language_id":38},"transliteration":{"text":"hum","language_name":"english","language_id":38}},{"id":61468,"position":7,"audio_url":"wbw/019_074_007.mp3","qpc_uthmani_hafs":"أَحۡسَنُ","char_type_name":"word","page_number":310,"line_number":11,"text":"ﯜ","translation":{"text":"(were) better","language_name":"english","language_id":38},"transliteration":{"text":"aḥsanu","language_name":"english","language_id":38}},{"id":61469,"position":8,"audio_url":"wbw/019_074_008.mp3","qpc_uthmani_hafs":"أَثَٰثٗا","char_type_name":"word","page_number":310,"line_number":11,"text":"ﯝ","translation":{"text":"(in) possessions","language_name":"english","language_id":38},"transliteration":{"text":"athāthan","language_name":"english","language_id":38}},{"id":61470,"position":9,"audio_url":"wbw/019_074_009.mp3","qpc_uthmani_hafs":"وَرِءۡيٗا","char_type_name":"word","page_number":310,"line_number":11,"text":"ﯞ","translation":{"text":"and appearance","language_name":"english","language_id":38},"transliteration":{"text":"wari'yan","language_name":"english","language_id":38}},{"id":61471,"position":10,"audio_url":null,"qpc_uthmani_hafs":"٧٤","char_type_name":"end","page_number":310,"line_number":11,"text":"ﯟ","translation":{"text":"(74)","language_name":"english","language_id":38},"transliteration":{"text":null,"language_name":"english","language_id":38}}],"translations":[{"id":918753,"resource_id":134,"text":"Berapa banyak umat yang telah Kami binasakan sebelum mereka <sup foot_note=210675>1</sup>, sedang mereka adalah lebih bagus alat rumah tangganya dan lebih sedap dipandang mata."}]},{"id":2325,"verse_number":75,"verse_key":"19:75","juz_number":16,"hizb_number":31,"rub_el_hizb_number":124,"ruku_number":268,"manzil_number":4,"sajdah_number":null,"text_uthmani":"قُلْ مَن كَانَ فِى ٱلضَّلَـٰلَةِ فَلْيَمْدُدْ لَهُ ٱلرَّحْمَـٰنُ مَدًّا ۚ حَتَّىٰٓ إِذَا رَأَوْا۟ مَا يُوعَدُونَ إِمَّا ٱلْعَذَابَ وَإِمَّا ٱلسَّاعَةَ فَسَيَعْلَمُونَ مَنْ هُوَ شَرٌّ مَّكَانًا وَأَضْعَفُ جُندًا","page_number":310,"words":[{"id":61989,"position":1,"audio_url":"wbw/019_075_001.mp3","qpc_uthmani_hafs":"قُلۡ","char_type_name":"word","page_number":310,"line_number":11,"text":"ﯠ","translation":{"text":"Say","language_name":"english","language_id":38},"transliteration":{"text":"qul","language_name":"english","language_id":38}},{"id":61990,"position":2,"audio_url":"wbw/019_075_002.mp3","qpc_uthmani_hafs":"مَن","char_type_name":"word","page_number":310,"line_number":11,"text":"ﯡ","translation":{"text":"Whoever","language_name":"english","language_id":38},"transliteration":{"text":"man","language_name":"english","language_id":38}},{"id":61991,"position":3,"audio_url":"wbw/019_075_003.mp3","qpc_uthmani_hafs":"كَانَ","char_type_name":"word","page_number":310,"line_number":12,"text":"ﯢ","translation":{"text":"is","language_name":"english","language_id":38},"transliteration":{"text":"kāna","language_name":"english","language_id":38}},{"id":61992,"position":4,"audio_url":"wbw/019_075_004.mp3","qpc_uthmani_hafs":"فِي","char_type_name":"word","page_number":310,"line_number":12,"text":"ﯣ","translation":{"text":"in","language_name":"english","language_id":38},"transliteration":{"text":"fī","language_name":"english","language_id":38}},{"id":61993,"position":5,"audio_url":"wbw/019_075_005.mp3","qpc_uthmani_hafs":"ٱلضَّلَٰلَةِ","char_type_name":"word","page_number":310,"line_number":12,"text":"ﯤ","translation":{"text":"[the] error","language_name":"english","language_id":38},"transliteration":{"text":"l-ḍalālati","language_name":"english","language_id":38}},{"id":61994,"position":6,"audio_url":"wbw/019_075_006.mp3","qpc_uthmani_hafs":"فَلۡيَمۡدُدۡ","char_type_name":"word","page_number":310,"line_number":12,"text":"ﯥ","translation":{"text":"then surely will extend","language_name":"english","language_id":38},"transliteration":{"text":"falyamdud","language_name":"english","language_id":38}},{"id":61995,"position":7,"audio_url":"wbw/019_075_007.mp3","qpc_uthmani_hafs":"لَهُ","char_type_name":"word","page_number":310,"line_number":12,"text":"ﯦ","translation":{"text":"for him","language_name":"english","language_id":38},"transliteration":{"text":"lahu","language_name":"english","language_id":38}},{"id":61996,"position":8,"audio_url":"wbw/019_075_008.mp3","qpc_uthmani_hafs":"ٱلرَّحۡمَٰنُ","char_type_name":"word","page_number":310,"line_number":12,"text":"ﯧ","translation":{"text":"the Most Gracious","language_name":"english","language_id":38},"transliteration":{"text":"l-raḥmānu","language_name":"english","language_id":38}},{"id":61997,"position":9,"audio_url":"wbw/019_075_009.mp3","qpc_uthmani_hafs":"مَدًّاۚ","char_type_name":"word","page_number":310,"line_number":12,"text":"ﯨﯩ","translation":{"text":"an extension","language_name":"english","language_id":38},"transliteration":{"text":"maddan","language_name":"english","language_id":38}},{"id":61999,"position":10,"audio_url":"wbw/019_075_011.mp3","qpc_uthmani_hafs":"حَتَّىٰٓ","char_type_name":"word","page_number":310,"line_number":12,"text":"ﯪ","translation":{"text":"until","language_name":"english","language_id":38},"transliteration":{"text":"ḥattā","language_name":"english","language_id":38}},{"id":62000,"position":11,"audio_url":"wbw/019_075_012.mp3","qpc_uthmani_hafs":"إِذَا","char_type_name":"word","page_number":310,"line_number":12,"text":"ﯫ","translation":{"text":"when","language_name":"english","language_id":38},"transliteration":{"text":"idhā","language_name":"english","language_id":38}},{"id":62001,"position":12,"audio_url":"wbw/019_075_013.mp3","qpc_uthmani_hafs":"رَأَوۡاْ","char_type_name":"word","page_number":310,"line_number":12,"text":"ﯬ","translation":{"text":"they see","language_name":"english","language_id":38},"transliteration":{"text":"ra-aw","language_name":"english","language_id":38}},{"id":62002,"position":13,"audio_url":"wbw/019_075_014.mp3","qpc_uthmani_hafs":"مَا","char_type_name":"word","page_number":310,"line_number":12,"text":"ﯭ","translation":{"text":"what","language_name":"english","language_id":38},"transliteration":{"text":"mā","language_name":"english","language_id":38}},{"id":62003,"position":14,"audio_url":"wbw/019_075_015.mp3","qpc_uthmani_hafs":"يُوعَدُونَ","char_type_name":"word","page_number":310,"line_number":12,"text":"ﯮ","translation":{"text":"they were promised","language_name":"english","language_id":38},"transliteration":{"text":"yūʿadūna","language_name":"english","language_id":38}},{"id":62004,"position":15,"audio_url":"wbw/019_075_016.mp3","qpc_uthmani_hafs":"إِمَّا","char_type_name":"word","page_number":310,"line_number":13,"text":"ﯯ","translation":{"text":"either","language_name":"english","language_id":38},"transliteration":{"text":"immā","language_name":"english","language_id":38}},{"id":62005,"position":16,"audio_url":"wbw/019_075_017.mp3","qpc_uthmani_hafs":"ٱلۡعَذَابَ","char_type_name":"word","page_number":310,"line_number":13,"text":"ﯰ","translation":{"text":"the punishment","language_name":"english","language_id":38},"transliteration":{"text":"l-ʿadhāba","language_name":"english","language_id":38}},{"id":62006,"position":17,"audio_url":"wbw/019_075_018.mp3","qpc_uthmani_hafs":"وَإِمَّا","char_type_name":"word","page_number":310,"line_number":13,"text":"ﯱ","translation":{"text":"or","language_name":"english","language_id":38},"transliteration":{"text":"wa-immā","language_name":"english","language_id":38}},{"id":62007,"position":18,"audio_url":"wbw/019_075_019.mp3","qpc_uthmani_hafs":"ٱلسَّاعَةَ","char_type_name":"word","page_number":310,"line_number":13,"text":"ﯲ","translation":{"text":"the Hour","language_name":"english","language_id":38},"transliteration":{"text":"l-sāʿata","language_name":"english","language_id":38}},{"id":62008,"position":19,"audio_url":"wbw/019_075_020.mp3","qpc_uthmani_hafs":"فَسَيَعۡلَمُونَ","char_type_name":"word","page_number":310,"line_number":13,"text":"ﯳ","translation":{"text":"then they will know","language_name":"english","language_id":38},"transliteration":{"text":"fasayaʿlamūna","language_name":"english","language_id":38}},{"id":62009,"position":20,"audio_url":"wbw/019_075_021.mp3","qpc_uthmani_hafs":"مَنۡ","char_type_name":"word","page_number":310,"line_number":13,"text":"ﯴ","translation":{"text":"who","language_name":"english","language_id":38},"transliteration":{"text":"man","language_name":"english","language_id":38}},{"id":62010,"position":21,"audio_url":"wbw/019_075_022.mp3","qpc_uthmani_hafs":"هُوَ","char_type_name":"word","page_number":310,"line_number":13,"text":"ﯵ","translation":{"text":"[he]","language_name":"english","language_id":38},"transliteration":{"text":"huwa","language_name":"english","language_id":38}},{"id":62011,"position":22,"audio_url":"wbw/019_075_023.mp3","qpc_uthmani_hafs":"شَرّٞ","char_type_name":"word","page_number":310,"line_number":13,"text":"ﯶ","translation":{"text":"(is) worst","language_name":"english","language_id":38},"transliteration":{"text":"sharrun","language_name":"english","language_id":38}},{"id":62012,"position":23,"audio_url":"wbw/019_075_024.mp3","qpc_uthmani_hafs":"مَّكَانٗا","char_type_name":"word","page_number":310,"line_number":13,"text":"ﯷ","translation":{"text":"(in) position","language_name":"english","language_id":38},"transliteration":{"text":"makānan","language_name":"english","language_id":38}},{"id":62013,"position":24,"audio_url":"wbw/019_075_025.mp3","qpc_uthmani_hafs":"وَأَضۡعَفُ","char_type_name":"word","page_number":310,"line_number":14,"text":"ﯸ","translation":{"text":"and weaker","language_name":"english","language_id":38},"transliteration":{"text":"wa-aḍʿafu","language_name":"english","language_id":38}},{"id":62014,"position":25,"audio_url":"wbw/019_075_026.mp3","qpc_uthmani_hafs":"جُندٗا","char_type_name":"word","page_number":310,"line_number":14,"text":"ﯹ","translation":{"text":"(in) forces","language_name":"english","language_id":38},"transliteration":{"text":"jundan","language_name":"english","language_id":38}},{"id":62015,"position":26,"audio_url":null,"qpc_uthmani_hafs":"٧٥","char_type_name":"end","page_number":310,"line_number":14,"text":"ﯺ","translation":{"text":"(75)","language_name":"english","language_id":38},"transliteration":{"text":null,"language_name":"english","language_id":38}}],"translations":[{"id":918754,"resource_id":134,"text":"Katakanlah, \"Barang siapa yang berada di dalam kesesatan, maka biarlah Tuhan yang Maha Pemurah memperpanjang tempo baginya <sup foot_note=210676>1</sup> sehingga apabila mereka telah melihat apa yang diancamkan kepadanya, baik siksa maupun kiamat, maka mereka akan mengetahui siapa yang lebih jelek kedudukannya dan lebih lemah penolong-penolongnya\"."}]},{"id":2326,"verse_number":76,"verse_key":"19:76","juz_number":16,"hizb_number":31,"rub_el_hizb_number":124,"ruku_number":268,"manzil_number":4,"sajdah_number":null,"text_uthmani":"وَيَزِيدُ ٱللَّهُ ٱلَّذِينَ ٱهْتَدَوْا۟ هُدًى ۗ وَٱلْبَـٰقِيَـٰتُ ٱلصَّـٰلِحَـٰتُ خَيْرٌ عِندَ رَبِّكَ ثَوَابًا وَخَيْرٌ مَّرَدًّا","page_number":310,"words":[{"id":62435,"position":1,"audio_url":"wbw/019_076_001.mp3","qpc_uthmani_hafs":"وَيَزِيدُ","char_type_name":"word","page_number":310,"line_number":14,"text":"ﯻ","translation":{"text":"And Allah increases","language_name":"english","language_id":38},"transliteration":{"text":"wayazīdu","language_name":"english","language_id":38}},{"id":62436,"position":2,"audio_url":"wbw/019_076_002.mp3","qpc_uthmani_hafs":"ٱللَّهُ","char_type_name":"word","page_number":310,"line_number":14,"text":"ﯼ","translation":{"text":"And Allah increases","language_name":"english","language_id":38},"transliteration":{"text":"l-lahu","language_name":"english","language_id":38}},{"id":62437,"position":3,"audio_url":"wbw/019_076_003.mp3","qpc_uthmani_hafs":"ٱلَّذِينَ","char_type_name":"word","page_number":310,"line_number":14,"text":"ﯽ","translation":{"text":"those who","language_name":"english","language_id":38},"transliteration":{"text":"alladhīna","language_name":"english","language_id":38}},{"id":62438,"position":4,"audio_url":"wbw/019_076_004.mp3","qpc_uthmani_hafs":"ٱهۡتَدَوۡاْ","char_type_name":"word","page_number":310,"line_number":14,"text":"ﯾ","translation":{"text":"accept guidance","language_name":"english","language_id":38},"transliteration":{"text":"ih'tadaw","language_name":"english","language_id":38}},{"id":62439,"position":5,"audio_url":"wbw/019_076_005.mp3","qpc_uthmani_hafs":"هُدٗىۗ","char_type_name":"word","page_number":310,"line_number":14,"text":"ﯿﰀ","translation":{"text":"(in) guidance","language_name":"english","language_id":38},"transliteration":{"text":"hudan","language_name":"english","language_id":38}},{"id":62441,"position":6,"audio_url":"wbw/019_076_007.mp3","qpc_uthmani_hafs":"وَٱلۡبَٰقِيَٰتُ","char_type_name":"word","page_number":310,"line_number":15,"text":"ﰁ","translation":{"text":"And the everlasting","language_name":"english","language_id":38},"transliteration":{"text":"wal-bāqiyātu","language_name":"english","language_id":38}},{"id":62442,"position":7,"audio_url":"wbw/019_076_008.mp3","qpc_uthmani_hafs":"ٱلصَّٰلِحَٰتُ","char_type_name":"word","page_number":310,"line_number":15,"text":"ﰂ","translation":{"text":"good deeds","language_name":"english","language_id":38},"transliteration":{"text":"l-ṣāliḥātu","language_name":"english","language_id":38}},{"id":62443,"position":8,"audio_url":"wbw/019_076_009.mp3","qpc_uthmani_hafs":"خَيۡرٌ","char_type_name":"word","page_number":310,"line_number":15,"text":"ﰃ","translation":{"text":"(are) better","language_name":"english","language_id":38},"transliteration":{"text":"khayrun","language_name":"english","language_id":38}},{"id":62444,"position":9,"audio_url":"wbw/019_076_010.mp3","qpc_uthmani_hafs":"عِندَ","char_type_name":"word","page_number":310,"line_number":15,"text":"ﰄ","translation":{"text":"near","language_name":"english","language_id":38},"transliteration":{"text":"ʿinda","language_name":"english","language_id":38}},{"id":62445,"position":10,"audio_url":"wbw/019_076_011.mp3","qpc_uthmani_hafs":"رَبِّكَ","char_type_name":"word","page_number":310,"line_number":15,"text":"ﰅ","translation":{"text":"your Lord","language_name":"english","language_id":38},"transliteration":{"text":"rabbika","language_name":"english","language_id":38}},{"id":62446,"position":11,"audio_url":"wbw/019_076_012.mp3","qpc_uthmani_hafs":"ثَوَابٗا","char_type_name":"word","page_number":310,"line_number":15,"text":"ﰆ","translation":{"text":"(for) reward","language_name":"english","language_id":38},"transliteration":{"text":"thawāban","language_name":"english","language_id":38}},{"id":62447,"position":12,"audio_url":"wbw/019_076_013.mp3","qpc_uthmani_hafs":"وَخَيۡرٞ","char_type_name":"word","page_number":310,"line_number":15,"text":"ﰇ","translation":{"text":"and better","language_name":"english","language_id":38},"transliteration":{"text":"wakhayrun","language_name":"english","language_id":38}},{"id":62448,"position":13,"audio_url":"wbw/019_076_014.mp3","qpc_uthmani_hafs":"مَّرَدًّا","char_type_name":"word","page_number":310,"line_number":15,"text":"ﰈ","translation":{"text":"(for) return","language_name":"english","language_id":38},"transliteration":{"text":"maraddan","language_name":"english","language_id":38}},{"id":62449,"position":14,"audio_url":null,"qpc_uthmani_hafs":"٧٦","char_type_name":"end","page_number":310,"line_number":15,"text":"ﰉ","translation":{"text":"(76)","language_name":"english","language_id":38},"transliteration":{"text":null,"language_name":"english","language_id":38}}],"translations":[{"id":918755,"resource_id":134,"text":"Dan Allah akan menambah petunjuk kepada mereka yang telah mendapat petunjuk.  Dan amal-amal saleh yang kekal itu lebih baik pahalanya di sisi Tuhan-mu dan lebih baik kesudahannya."}]}],"pagination":{"per_page":50,"current_page":1,"next_page":null,"total_pages":1,"total_records":12}}