{"verses":[{"id":2519,"verse_number":36,"verse_key":"21:36","juz_number":17,"hizb_number":33,"rub_el_hizb_number":130,"ruku_number":280,"manzil_number":4,"sajdah_number":null,"text_uthmani":"وَإِذَا رَءَاكَ ٱلَّذِينَ كَفَرُوٓا۟ إِن يَتَّخِذُونَكَ إِلَّا هُزُوًا أَهَـٰذَا ٱلَّذِى يَذْكُرُ ءَالِهَتَكُمْ وَهُم بِذِكْرِ ٱلرَّحْمَـٰنِ هُمْ كَـٰفِرُونَ","page_number":325,"words":[{"id":37781,"position":1,"audio_url":"wbw/021_036_001.mp3","qpc_uthmani_hafs":"وَإِذَا","char_type_name":"word","page_number":325,"line_number":1,"text":"ﭑ","translation":{"text":"And when","language_name":"english","language_id":38},"transliteration":{"text":"wa-idhā","language_name":"english","language_id":38}},{"id":37782,"position":2,"audio_url":"wbw/021_036_002.mp3","qpc_uthmani_hafs":"رَءَاكَ","char_type_name":"word","page_number":325,"line_number":1,"text":"ﭒ","translation":{"text":"they see you","language_name":"english","language_id":38},"transliteration":{"text":"raāka","language_name":"english","language_id":38}},{"id":37783,"position":3,"audio_url":"wbw/021_036_003.mp3","qpc_uthmani_hafs":"ٱلَّذِينَ","char_type_name":"word","page_number":325,"line_number":1,"text":"ﭓ","translation":{"text":"those who","language_name":"english","language_id":38},"transliteration":{"text":"alladhīna","language_name":"english","language_id":38}},{"id":37784,"position":4,"audio_url":"wbw/021_036_004.mp3","qpc_uthmani_hafs":"كَفَرُوٓاْ","char_type_name":"word","page_number":325,"line_number":1,"text":"ﭔ","translation":{"text":"disbelieve","language_name":"english","language_id":38},"transliteration":{"text":"kafarū","language_name":"english","language_id":38}},{"id":37785,"position":5,"audio_url":"wbw/021_036_005.mp3","qpc_uthmani_hafs":"إِن","char_type_name":"word","page_number":325,"line_number":1,"text":"ﭕ","translation":{"text":"not","language_name":"english","language_id":38},"transliteration":{"text":"in","language_name":"english","language_id":38}},{"id":37786,"position":6,"audio_url":"wbw/021_036_006.mp3","qpc_uthmani_hafs":"يَتَّخِذُونَكَ","char_type_name":"word","page_number":325,"line_number":1,"text":"ﭖ","translation":{"text":"they take you","language_name":"english","language_id":38},"transliteration":{"text":"yattakhidhūnaka","language_name":"english","language_id":38}},{"id":37787,"position":7,"audio_url":"wbw/021_036_007.mp3","qpc_uthmani_hafs":"إِلَّا","char_type_name":"word","page_number":325,"line_number":1,"text":"ﭗ","translation":{"text":"except","language_name":"english","language_id":38},"transliteration":{"text":"illā","language_name":"english","language_id":38}},{"id":37788,"position":8,"audio_url":"wbw/021_036_008.mp3","qpc_uthmani_hafs":"هُزُوًا","char_type_name":"word","page_number":325,"line_number":1,"text":"ﭘ","translation":{"text":"(in) ridicule","language_name":"english","language_id":38},"transliteration":{"text":"huzuwan","language_name":"english","language_id":38}},{"id":37789,"position":9,"audio_url":"wbw/021_036_009.mp3","qpc_uthmani_hafs":"أَهَٰذَا","char_type_name":"word","page_number":325,"line_number":2,"text":"ﭙ","translation":{"text":"Is this","language_name":"english","language_id":38},"transliteration":{"text":"ahādhā","language_name":"english","language_id":38}},{"id":37790,"position":10,"audio_url":"wbw/021_036_010.mp3","qpc_uthmani_hafs":"ٱلَّذِي","char_type_name":"word","page_number":325,"line_number":2,"text":"ﭚ","translation":{"text":"the one who","language_name":"english","language_id":38},"transliteration":{"text":"alladhī","language_name":"english","language_id":38}},{"id":37791,"position":11,"audio_url":"wbw/021_036_011.mp3","qpc_uthmani_hafs":"يَذۡكُرُ","char_type_name":"word","page_number":325,"line_number":2,"text":"ﭛ","translation":{"text":"mentions","language_name":"english","language_id":38},"transliteration":{"text":"yadhkuru","language_name":"english","language_id":38}},{"id":37792,"position":12,"audio_url":"wbw/021_036_012.mp3","qpc_uthmani_hafs":"ءَالِهَتَكُمۡ","char_type_name":"word","page_number":325,"line_number":2,"text":"ﭜ","translation":{"text":"your gods","language_name":"english","language_id":38},"transliteration":{"text":"ālihatakum","language_name":"english","language_id":38}},{"id":37793,"position":13,"audio_url":"wbw/021_036_013.mp3","qpc_uthmani_hafs":"وَهُم","char_type_name":"word","page_number":325,"line_number":2,"text":"ﭝ","translation":{"text":"And they","language_name":"english","language_id":38},"transliteration":{"text":"wahum","language_name":"english","language_id":38}},{"id":37794,"position":14,"audio_url":"wbw/021_036_014.mp3","qpc_uthmani_hafs":"بِذِكۡرِ","char_type_name":"word","page_number":325,"line_number":2,"text":"ﭞ","translation":{"text":"at (the) mention","language_name":"english","language_id":38},"transliteration":{"text":"bidhik'ri","language_name":"english","language_id":38}},{"id":37795,"position":15,"audio_url":"wbw/021_036_015.mp3","qpc_uthmani_hafs":"ٱلرَّحۡمَٰنِ","char_type_name":"word","page_number":325,"line_number":2,"text":"ﭟ","translation":{"text":"(of) the Most Gracious","language_name":"english","language_id":38},"transliteration":{"text":"l-raḥmāni","language_name":"english","language_id":38}},{"id":37796,"position":16,"audio_url":"wbw/021_036_016.mp3","qpc_uthmani_hafs":"هُمۡ","char_type_name":"word","page_number":325,"line_number":3,"text":"ﭠ","translation":{"text":"[they]","language_name":"english","language_id":38},"transliteration":{"text":"hum","language_name":"english","language_id":38}},{"id":37797,"position":17,"audio_url":"wbw/021_036_017.mp3","qpc_uthmani_hafs":"كَٰفِرُونَ","char_type_name":"word","page_number":325,"line_number":3,"text":"ﭡ","translation":{"text":"(are) disbelievers","language_name":"english","language_id":38},"transliteration":{"text":"kāfirūna","language_name":"english","language_id":38}},{"id":37798,"position":18,"audio_url":null,"qpc_uthmani_hafs":"٣٦","char_type_name":"end","page_number":325,"line_number":3,"text":"ﭢ","translation":{"text":"(36)","language_name":"english","language_id":38},"transliteration":{"text":null,"language_name":"english","language_id":38}}],"translations":[{"id":918948,"resource_id":134,"text":"Dan apabila orang-orang kafir itu melihat kamu, mereka hanya membuat kamu menjadi olok-olok. (Mereka mengatakan), \"Apakah ini orang yang mencela tuhan-Tuhan-mu?\" Padahal mereka adaIah orang-orang yang ingkar mengingat Allah Yang Maha Pemurah."}]},{"id":2520,"verse_number":37,"verse_key":"21:37","juz_number":17,"hizb_number":33,"rub_el_hizb_number":130,"ruku_number":280,"manzil_number":4,"sajdah_number":null,"text_uthmani":"خُلِقَ ٱلْإِنسَـٰنُ مِنْ عَجَلٍ ۚ سَأُو۟رِيكُمْ ءَايَـٰتِى فَلَا تَسْتَعْجِلُونِ","page_number":325,"words":[{"id":39160,"position":1,"audio_url":"wbw/021_037_001.mp3","qpc_uthmani_hafs":"خُلِقَ","char_type_name":"word","page_number":325,"line_number":3,"text":"ﭣ","translation":{"text":"Is created","language_name":"english","language_id":38},"transliteration":{"text":"khuliqa","language_name":"english","language_id":38}},{"id":39161,"position":2,"audio_url":"wbw/021_037_002.mp3","qpc_uthmani_hafs":"ٱلۡإِنسَٰنُ","char_type_name":"word","page_number":325,"line_number":3,"text":"ﭤ","translation":{"text":"the man","language_name":"english","language_id":38},"transliteration":{"text":"l-insānu","language_name":"english","language_id":38}},{"id":39162,"position":3,"audio_url":"wbw/021_037_003.mp3","qpc_uthmani_hafs":"مِنۡ","char_type_name":"word","page_number":325,"line_number":3,"text":"ﭥ","translation":{"text":"of","language_name":"english","language_id":38},"transliteration":{"text":"min","language_name":"english","language_id":38}},{"id":39163,"position":4,"audio_url":"wbw/021_037_004.mp3","qpc_uthmani_hafs":"عَجَلٖۚ","char_type_name":"word","page_number":325,"line_number":3,"text":"ﭦﭧ","translation":{"text":"haste","language_name":"english","language_id":38},"transliteration":{"text":"ʿajalin","language_name":"english","language_id":38}},{"id":39165,"position":5,"audio_url":"wbw/021_037_006.mp3","qpc_uthmani_hafs":"سَأُوْرِيكُمۡ","char_type_name":"word","page_number":325,"line_number":3,"text":"ﭨ","translation":{"text":"I will show you","language_name":"english","language_id":38},"transliteration":{"text":"sa-urīkum","language_name":"english","language_id":38}},{"id":39166,"position":6,"audio_url":"wbw/021_037_007.mp3","qpc_uthmani_hafs":"ءَايَٰتِي","char_type_name":"word","page_number":325,"line_number":4,"text":"ﭩ","translation":{"text":"My Signs","language_name":"english","language_id":38},"transliteration":{"text":"āyātī","language_name":"english","language_id":38}},{"id":39167,"position":7,"audio_url":"wbw/021_037_008.mp3","qpc_uthmani_hafs":"فَلَا","char_type_name":"word","page_number":325,"line_number":4,"text":"ﭪ","translation":{"text":"so (do) not","language_name":"english","language_id":38},"transliteration":{"text":"falā","language_name":"english","language_id":38}},{"id":39168,"position":8,"audio_url":"wbw/021_037_009.mp3","qpc_uthmani_hafs":"تَسۡتَعۡجِلُونِ","char_type_name":"word","page_number":325,"line_number":4,"text":"ﭫ","translation":{"text":"ask Me to hasten","language_name":"english","language_id":38},"transliteration":{"text":"tastaʿjilūni","language_name":"english","language_id":38}},{"id":39169,"position":9,"audio_url":null,"qpc_uthmani_hafs":"٣٧","char_type_name":"end","page_number":325,"line_number":4,"text":"ﭬ","translation":{"text":"(37)","language_name":"english","language_id":38},"transliteration":{"text":null,"language_name":"english","language_id":38}}],"translations":[{"id":918949,"resource_id":134,"text":"Manusia telah dijadikan (bertabiat) tergesa-gesa.  Kelak akan Aku perIihatkan kepadamu tanda-tanda azab-Ku.  Maka janganlah kamu minta kepada-Ku mendatangkannya dengan segera."}]},{"id":2521,"verse_number":38,"verse_key":"21:38","juz_number":17,"hizb_number":33,"rub_el_hizb_number":130,"ruku_number":280,"manzil_number":4,"sajdah_number":null,"text_uthmani":"وَيَقُولُونَ مَتَىٰ هَـٰذَا ٱلْوَعْدُ إِن كُنتُمْ صَـٰدِقِينَ","page_number":325,"words":[{"id":39730,"position":1,"audio_url":"wbw/021_038_001.mp3","qpc_uthmani_hafs":"وَيَقُولُونَ","char_type_name":"word","page_number":325,"line_number":4,"text":"ﭭ","translation":{"text":"And they say","language_name":"english","language_id":38},"transliteration":{"text":"wayaqūlūna","language_name":"english","language_id":38}},{"id":39731,"position":2,"audio_url":"wbw/021_038_002.mp3","qpc_uthmani_hafs":"مَتَىٰ","char_type_name":"word","page_number":325,"line_number":4,"text":"ﭮ","translation":{"text":"When (will be fulfilled)","language_name":"english","language_id":38},"transliteration":{"text":"matā","language_name":"english","language_id":38}},{"id":39732,"position":3,"audio_url":"wbw/021_038_003.mp3","qpc_uthmani_hafs":"هَٰذَا","char_type_name":"word","page_number":325,"line_number":4,"text":"ﭯ","translation":{"text":"this","language_name":"english","language_id":38},"transliteration":{"text":"hādhā","language_name":"english","language_id":38}},{"id":39733,"position":4,"audio_url":"wbw/021_038_004.mp3","qpc_uthmani_hafs":"ٱلۡوَعۡدُ","char_type_name":"word","page_number":325,"line_number":4,"text":"ﭰ","translation":{"text":"promise","language_name":"english","language_id":38},"transliteration":{"text":"l-waʿdu","language_name":"english","language_id":38}},{"id":39734,"position":5,"audio_url":"wbw/021_038_005.mp3","qpc_uthmani_hafs":"إِن","char_type_name":"word","page_number":325,"line_number":5,"text":"ﭱ","translation":{"text":"if","language_name":"english","language_id":38},"transliteration":{"text":"in","language_name":"english","language_id":38}},{"id":39735,"position":6,"audio_url":"wbw/021_038_006.mp3","qpc_uthmani_hafs":"كُنتُمۡ","char_type_name":"word","page_number":325,"line_number":5,"text":"ﭲ","translation":{"text":"you are","language_name":"english","language_id":38},"transliteration":{"text":"kuntum","language_name":"english","language_id":38}},{"id":39736,"position":7,"audio_url":"wbw/021_038_007.mp3","qpc_uthmani_hafs":"صَٰدِقِينَ","char_type_name":"word","page_number":325,"line_number":5,"text":"ﭳ","translation":{"text":"truthful","language_name":"english","language_id":38},"transliteration":{"text":"ṣādiqīna","language_name":"english","language_id":38}},{"id":39737,"position":8,"audio_url":null,"qpc_uthmani_hafs":"٣٨","char_type_name":"end","page_number":325,"line_number":5,"text":"ﭴ","translation":{"text":"(38)","language_name":"english","language_id":38},"transliteration":{"text":null,"language_name":"english","language_id":38}}],"translations":[{"id":918950,"resource_id":134,"text":"Mereka berkata, \"Kapankah janji itu akan datang, jika kamu sekaIian adalah orang-orang yang benar?\""}]},{"id":2522,"verse_number":39,"verse_key":"21:39","juz_number":17,"hizb_number":33,"rub_el_hizb_number":130,"ruku_number":280,"manzil_number":4,"sajdah_number":null,"text_uthmani":"لَوْ يَعْلَمُ ٱلَّذِينَ كَفَرُوا۟ حِينَ لَا يَكُفُّونَ عَن وُجُوهِهِمُ ٱلنَّارَ وَلَا عَن ظُهُورِهِمْ وَلَا هُمْ يُنصَرُونَ","page_number":325,"words":[{"id":40978,"position":1,"audio_url":"wbw/021_039_001.mp3","qpc_uthmani_hafs":"لَوۡ","char_type_name":"word","page_number":325,"line_number":5,"text":"ﭵ","translation":{"text":"If","language_name":"english","language_id":38},"transliteration":{"text":"law","language_name":"english","language_id":38}},{"id":40979,"position":2,"audio_url":"wbw/021_039_002.mp3","qpc_uthmani_hafs":"يَعۡلَمُ","char_type_name":"word","page_number":325,"line_number":5,"text":"ﭶ","translation":{"text":"knew","language_name":"english","language_id":38},"transliteration":{"text":"yaʿlamu","language_name":"english","language_id":38}},{"id":40980,"position":3,"audio_url":"wbw/021_039_003.mp3","qpc_uthmani_hafs":"ٱلَّذِينَ","char_type_name":"word","page_number":325,"line_number":5,"text":"ﭷ","translation":{"text":"those who","language_name":"english","language_id":38},"transliteration":{"text":"alladhīna","language_name":"english","language_id":38}},{"id":40981,"position":4,"audio_url":"wbw/021_039_004.mp3","qpc_uthmani_hafs":"كَفَرُواْ","char_type_name":"word","page_number":325,"line_number":5,"text":"ﭸ","translation":{"text":"disbelieved","language_name":"english","language_id":38},"transliteration":{"text":"kafarū","language_name":"english","language_id":38}},{"id":40982,"position":5,"audio_url":"wbw/021_039_005.mp3","qpc_uthmani_hafs":"حِينَ","char_type_name":"word","page_number":325,"line_number":5,"text":"ﭹ","translation":{"text":"(the) time","language_name":"english","language_id":38},"transliteration":{"text":"ḥīna","language_name":"english","language_id":38}},{"id":40983,"position":6,"audio_url":"wbw/021_039_006.mp3","qpc_uthmani_hafs":"لَا","char_type_name":"word","page_number":325,"line_number":6,"text":"ﭺ","translation":{"text":"(when) not","language_name":"english","language_id":38},"transliteration":{"text":"lā","language_name":"english","language_id":38}},{"id":40984,"position":7,"audio_url":"wbw/021_039_007.mp3","qpc_uthmani_hafs":"يَكُفُّونَ","char_type_name":"word","page_number":325,"line_number":6,"text":"ﭻ","translation":{"text":"they will avert","language_name":"english","language_id":38},"transliteration":{"text":"yakuffūna","language_name":"english","language_id":38}},{"id":40985,"position":8,"audio_url":"wbw/021_039_008.mp3","qpc_uthmani_hafs":"عَن","char_type_name":"word","page_number":325,"line_number":6,"text":"ﭼ","translation":{"text":"from","language_name":"english","language_id":38},"transliteration":{"text":"ʿan","language_name":"english","language_id":38}},{"id":40986,"position":9,"audio_url":"wbw/021_039_009.mp3","qpc_uthmani_hafs":"وُجُوهِهِمُ","char_type_name":"word","page_number":325,"line_number":6,"text":"ﭽ","translation":{"text":"their faces","language_name":"english","language_id":38},"transliteration":{"text":"wujūhihimu","language_name":"english","language_id":38}},{"id":40987,"position":10,"audio_url":"wbw/021_039_010.mp3","qpc_uthmani_hafs":"ٱلنَّارَ","char_type_name":"word","page_number":325,"line_number":6,"text":"ﭾ","translation":{"text":"the Fire","language_name":"english","language_id":38},"transliteration":{"text":"l-nāra","language_name":"english","language_id":38}},{"id":40988,"position":11,"audio_url":"wbw/021_039_011.mp3","qpc_uthmani_hafs":"وَلَا","char_type_name":"word","page_number":325,"line_number":6,"text":"ﭿ","translation":{"text":"and not","language_name":"english","language_id":38},"transliteration":{"text":"walā","language_name":"english","language_id":38}},{"id":40989,"position":12,"audio_url":"wbw/021_039_012.mp3","qpc_uthmani_hafs":"عَن","char_type_name":"word","page_number":325,"line_number":6,"text":"ﮀ","translation":{"text":"from","language_name":"english","language_id":38},"transliteration":{"text":"ʿan","language_name":"english","language_id":38}},{"id":40990,"position":13,"audio_url":"wbw/021_039_013.mp3","qpc_uthmani_hafs":"ظُهُورِهِمۡ","char_type_name":"word","page_number":325,"line_number":6,"text":"ﮁ","translation":{"text":"their backs","language_name":"english","language_id":38},"transliteration":{"text":"ẓuhūrihim","language_name":"english","language_id":38}},{"id":40991,"position":14,"audio_url":"wbw/021_039_014.mp3","qpc_uthmani_hafs":"وَلَا","char_type_name":"word","page_number":325,"line_number":6,"text":"ﮂ","translation":{"text":"and not","language_name":"english","language_id":38},"transliteration":{"text":"walā","language_name":"english","language_id":38}},{"id":40992,"position":15,"audio_url":"wbw/021_039_015.mp3","qpc_uthmani_hafs":"هُمۡ","char_type_name":"word","page_number":325,"line_number":7,"text":"ﮃ","translation":{"text":"they","language_name":"english","language_id":38},"transliteration":{"text":"hum","language_name":"english","language_id":38}},{"id":40993,"position":16,"audio_url":"wbw/021_039_016.mp3","qpc_uthmani_hafs":"يُنصَرُونَ","char_type_name":"word","page_number":325,"line_number":7,"text":"ﮄ","translation":{"text":"will be helped","language_name":"english","language_id":38},"transliteration":{"text":"yunṣarūna","language_name":"english","language_id":38}},{"id":40994,"position":17,"audio_url":null,"qpc_uthmani_hafs":"٣٩","char_type_name":"end","page_number":325,"line_number":7,"text":"ﮅ","translation":{"text":"(39)","language_name":"english","language_id":38},"transliteration":{"text":null,"language_name":"english","language_id":38}}],"translations":[{"id":918951,"resource_id":134,"text":"Andaikata orang-orang kafir itu mengetahui, waktu (di mana) mereka itu tidak mampu mengelakkan api neraka dari muka mereka dan (tidak pula) dari punggung mereka, sedang mereka (tidak pula) mendapat pertolongan, (tentulah mereka tiada meminta disegerakan)."}]},{"id":2523,"verse_number":40,"verse_key":"21:40","juz_number":17,"hizb_number":33,"rub_el_hizb_number":130,"ruku_number":280,"manzil_number":4,"sajdah_number":null,"text_uthmani":"بَلْ تَأْتِيهِم بَغْتَةً فَتَبْهَتُهُمْ فَلَا يَسْتَطِيعُونَ رَدَّهَا وَلَا هُمْ يُنظَرُونَ","page_number":325,"words":[{"id":41273,"position":1,"audio_url":"wbw/021_040_001.mp3","qpc_uthmani_hafs":"بَلۡ","char_type_name":"word","page_number":325,"line_number":7,"text":"ﮆ","translation":{"text":"Nay","language_name":"english","language_id":38},"transliteration":{"text":"bal","language_name":"english","language_id":38}},{"id":41274,"position":2,"audio_url":"wbw/021_040_002.mp3","qpc_uthmani_hafs":"تَأۡتِيهِم","char_type_name":"word","page_number":325,"line_number":7,"text":"ﮇ","translation":{"text":"it will come to them","language_name":"english","language_id":38},"transliteration":{"text":"tatīhim","language_name":"english","language_id":38}},{"id":41275,"position":3,"audio_url":"wbw/021_040_003.mp3","qpc_uthmani_hafs":"بَغۡتَةٗ","char_type_name":"word","page_number":325,"line_number":7,"text":"ﮈ","translation":{"text":"unexpectedly","language_name":"english","language_id":38},"transliteration":{"text":"baghtatan","language_name":"english","language_id":38}},{"id":41276,"position":4,"audio_url":"wbw/021_040_004.mp3","qpc_uthmani_hafs":"فَتَبۡهَتُهُمۡ","char_type_name":"word","page_number":325,"line_number":7,"text":"ﮉ","translation":{"text":"and bewilder them","language_name":"english","language_id":38},"transliteration":{"text":"fatabhatuhum","language_name":"english","language_id":38}},{"id":41277,"position":5,"audio_url":"wbw/021_040_005.mp3","qpc_uthmani_hafs":"فَلَا","char_type_name":"word","page_number":325,"line_number":7,"text":"ﮊ","translation":{"text":"then not","language_name":"english","language_id":38},"transliteration":{"text":"falā","language_name":"english","language_id":38}},{"id":41278,"position":6,"audio_url":"wbw/021_040_006.mp3","qpc_uthmani_hafs":"يَسۡتَطِيعُونَ","char_type_name":"word","page_number":325,"line_number":8,"text":"ﮋ","translation":{"text":"they will be able","language_name":"english","language_id":38},"transliteration":{"text":"yastaṭīʿūna","language_name":"english","language_id":38}},{"id":41279,"position":7,"audio_url":"wbw/021_040_007.mp3","qpc_uthmani_hafs":"رَدَّهَا","char_type_name":"word","page_number":325,"line_number":8,"text":"ﮌ","translation":{"text":"to repel it","language_name":"english","language_id":38},"transliteration":{"text":"raddahā","language_name":"english","language_id":38}},{"id":41280,"position":8,"audio_url":"wbw/021_040_008.mp3","qpc_uthmani_hafs":"وَلَا","char_type_name":"word","page_number":325,"line_number":8,"text":"ﮍ","translation":{"text":"and not","language_name":"english","language_id":38},"transliteration":{"text":"walā","language_name":"english","language_id":38}},{"id":41281,"position":9,"audio_url":"wbw/021_040_009.mp3","qpc_uthmani_hafs":"هُمۡ","char_type_name":"word","page_number":325,"line_number":8,"text":"ﮎ","translation":{"text":"they","language_name":"english","language_id":38},"transliteration":{"text":"hum","language_name":"english","language_id":38}},{"id":41282,"position":10,"audio_url":"wbw/021_040_010.mp3","qpc_uthmani_hafs":"يُنظَرُونَ","char_type_name":"word","page_number":325,"line_number":8,"text":"ﮏ","translation":{"text":"will be given respite","language_name":"english","language_id":38},"transliteration":{"text":"yunẓarūna","language_name":"english","language_id":38}},{"id":41283,"position":11,"audio_url":null,"qpc_uthmani_hafs":"٤٠","char_type_name":"end","page_number":325,"line_number":8,"text":"ﮐ","translation":{"text":"(40)","language_name":"english","language_id":38},"transliteration":{"text":null,"language_name":"english","language_id":38}}],"translations":[{"id":918952,"resource_id":134,"text":"Sebenarnya (azab) itu akan datang kepada mereka dengan sekonyong-konyong, lalu membuat mereka menjadi panik, maka mereka tidak sanggup menolaknya dan tidak (pula) mereka diberi tangguh."}]},{"id":2524,"verse_number":41,"verse_key":"21:41","juz_number":17,"hizb_number":33,"rub_el_hizb_number":130,"ruku_number":280,"manzil_number":4,"sajdah_number":null,"text_uthmani":"وَلَقَدِ ٱسْتُهْزِئَ بِرُسُلٍ مِّن قَبْلِكَ فَحَاقَ بِٱلَّذِينَ سَخِرُوا۟ مِنْهُم مَّا كَانُوا۟ بِهِۦ يَسْتَهْزِءُونَ","page_number":325,"words":[{"id":41995,"position":1,"audio_url":"wbw/021_041_001.mp3","qpc_uthmani_hafs":"وَلَقَدِ","char_type_name":"word","page_number":325,"line_number":8,"text":"ﮑ","translation":{"text":"And verily","language_name":"english","language_id":38},"transliteration":{"text":"walaqadi","language_name":"english","language_id":38}},{"id":41996,"position":2,"audio_url":"wbw/021_041_002.mp3","qpc_uthmani_hafs":"ٱسۡتُهۡزِئَ","char_type_name":"word","page_number":325,"line_number":8,"text":"ﮒ","translation":{"text":"were mocked","language_name":"english","language_id":38},"transliteration":{"text":"us'tuh'zi-a","language_name":"english","language_id":38}},{"id":41997,"position":3,"audio_url":"wbw/021_041_003.mp3","qpc_uthmani_hafs":"بِرُسُلٖ","char_type_name":"word","page_number":325,"line_number":9,"text":"ﮓ","translation":{"text":"Messengers","language_name":"english","language_id":38},"transliteration":{"text":"birusulin","language_name":"english","language_id":38}},{"id":41998,"position":4,"audio_url":"wbw/021_041_004.mp3","qpc_uthmani_hafs":"مِّن","char_type_name":"word","page_number":325,"line_number":9,"text":"ﮔ","translation":{"text":"before you","language_name":"english","language_id":38},"transliteration":{"text":"min","language_name":"english","language_id":38}},{"id":41999,"position":5,"audio_url":"wbw/021_041_005.mp3","qpc_uthmani_hafs":"قَبۡلِكَ","char_type_name":"word","page_number":325,"line_number":9,"text":"ﮕ","translation":{"text":"before you","language_name":"english","language_id":38},"transliteration":{"text":"qablika","language_name":"english","language_id":38}},{"id":42000,"position":6,"audio_url":"wbw/021_041_006.mp3","qpc_uthmani_hafs":"فَحَاقَ","char_type_name":"word","page_number":325,"line_number":9,"text":"ﮖ","translation":{"text":"then surrounded","language_name":"english","language_id":38},"transliteration":{"text":"faḥāqa","language_name":"english","language_id":38}},{"id":42001,"position":7,"audio_url":"wbw/021_041_007.mp3","qpc_uthmani_hafs":"بِٱلَّذِينَ","char_type_name":"word","page_number":325,"line_number":9,"text":"ﮗ","translation":{"text":"those who","language_name":"english","language_id":38},"transliteration":{"text":"bi-alladhīna","language_name":"english","language_id":38}},{"id":42002,"position":8,"audio_url":"wbw/021_041_008.mp3","qpc_uthmani_hafs":"سَخِرُواْ","char_type_name":"word","page_number":325,"line_number":9,"text":"ﮘ","translation":{"text":"mocked","language_name":"english","language_id":38},"transliteration":{"text":"sakhirū","language_name":"english","language_id":38}},{"id":42003,"position":9,"audio_url":"wbw/021_041_009.mp3","qpc_uthmani_hafs":"مِنۡهُم","char_type_name":"word","page_number":325,"line_number":9,"text":"ﮙ","translation":{"text":"from them","language_name":"english","language_id":38},"transliteration":{"text":"min'hum","language_name":"english","language_id":38}},{"id":42004,"position":10,"audio_url":"wbw/021_041_010.mp3","qpc_uthmani_hafs":"مَّا","char_type_name":"word","page_number":325,"line_number":9,"text":"ﮚ","translation":{"text":"what","language_name":"english","language_id":38},"transliteration":{"text":"mā","language_name":"english","language_id":38}},{"id":42005,"position":11,"audio_url":"wbw/021_041_011.mp3","qpc_uthmani_hafs":"كَانُواْ","char_type_name":"word","page_number":325,"line_number":9,"text":"ﮛ","translation":{"text":"they used","language_name":"english","language_id":38},"transliteration":{"text":"kānū","language_name":"english","language_id":38}},{"id":42006,"position":12,"audio_url":"wbw/021_041_012.mp3","qpc_uthmani_hafs":"بِهِۦ","char_type_name":"word","page_number":325,"line_number":9,"text":"ﮜ","translation":{"text":"at it","language_name":"english","language_id":38},"transliteration":{"text":"bihi","language_name":"english","language_id":38}},{"id":42007,"position":13,"audio_url":"wbw/021_041_013.mp3","qpc_uthmani_hafs":"يَسۡتَهۡزِءُونَ","char_type_name":"word","page_number":325,"line_number":10,"text":"ﮝ","translation":{"text":"(to) mock","language_name":"english","language_id":38},"transliteration":{"text":"yastahziūna","language_name":"english","language_id":38}},{"id":42008,"position":14,"audio_url":null,"qpc_uthmani_hafs":"٤١","char_type_name":"end","page_number":325,"line_number":10,"text":"ﮞ","translation":{"text":"(41)","language_name":"english","language_id":38},"transliteration":{"text":null,"language_name":"english","language_id":38}}],"translations":[{"id":918953,"resource_id":134,"text":"Dan sungguh telah diperolok-olokkan beberapa orang rasul sebelum kamu, maka turunlah kepada orang yang mencemoohkan rasul-rasul itu azab yang selalu mereka perolok-olokkan."}]},{"id":2525,"verse_number":42,"verse_key":"21:42","juz_number":17,"hizb_number":33,"rub_el_hizb_number":130,"ruku_number":281,"manzil_number":4,"sajdah_number":null,"text_uthmani":"قُلْ مَن يَكْلَؤُكُم بِٱلَّيْلِ وَٱلنَّهَارِ مِنَ ٱلرَّحْمَـٰنِ ۗ بَلْ هُمْ عَن ذِكْرِ رَبِّهِم مُّعْرِضُونَ","page_number":325,"words":[{"id":42957,"position":1,"audio_url":"wbw/021_042_001.mp3","qpc_uthmani_hafs":"قُلۡ","char_type_name":"word","page_number":325,"line_number":10,"text":"ﮟ","translation":{"text":"Say","language_name":"english","language_id":38},"transliteration":{"text":"qul","language_name":"english","language_id":38}},{"id":42958,"position":2,"audio_url":"wbw/021_042_002.mp3","qpc_uthmani_hafs":"مَن","char_type_name":"word","page_number":325,"line_number":10,"text":"ﮠ","translation":{"text":"Who","language_name":"english","language_id":38},"transliteration":{"text":"man","language_name":"english","language_id":38}},{"id":42959,"position":3,"audio_url":"wbw/021_042_003.mp3","qpc_uthmani_hafs":"يَكۡلَؤُكُم","char_type_name":"word","page_number":325,"line_number":10,"text":"ﮡ","translation":{"text":"(can) protect you","language_name":"english","language_id":38},"transliteration":{"text":"yakla-ukum","language_name":"english","language_id":38}},{"id":42960,"position":4,"audio_url":"wbw/021_042_004.mp3","qpc_uthmani_hafs":"بِٱلَّيۡلِ","char_type_name":"word","page_number":325,"line_number":10,"text":"ﮢ","translation":{"text":"in the night","language_name":"english","language_id":38},"transliteration":{"text":"bi-al-layli","language_name":"english","language_id":38}},{"id":42961,"position":5,"audio_url":"wbw/021_042_005.mp3","qpc_uthmani_hafs":"وَٱلنَّهَارِ","char_type_name":"word","page_number":325,"line_number":10,"text":"ﮣ","translation":{"text":"and the day","language_name":"english","language_id":38},"transliteration":{"text":"wal-nahāri","language_name":"english","language_id":38}},{"id":42962,"position":6,"audio_url":"wbw/021_042_006.mp3","qpc_uthmani_hafs":"مِنَ","char_type_name":"word","page_number":325,"line_number":10,"text":"ﮤ","translation":{"text":"from","language_name":"english","language_id":38},"transliteration":{"text":"mina","language_name":"english","language_id":38}},{"id":42963,"position":7,"audio_url":"wbw/021_042_007.mp3","qpc_uthmani_hafs":"ٱلرَّحۡمَٰنِۚ","char_type_name":"word","page_number":325,"line_number":11,"text":"ﮥﮦ","translation":{"text":"the Most Gracious","language_name":"english","language_id":38},"transliteration":{"text":"l-raḥmāni","language_name":"english","language_id":38}},{"id":42965,"position":8,"audio_url":"wbw/021_042_009.mp3","qpc_uthmani_hafs":"بَلۡ","char_type_name":"word","page_number":325,"line_number":11,"text":"ﮧ","translation":{"text":"Yet","language_name":"english","language_id":38},"transliteration":{"text":"bal","language_name":"english","language_id":38}},{"id":42966,"position":9,"audio_url":"wbw/021_042_010.mp3","qpc_uthmani_hafs":"هُمۡ","char_type_name":"word","page_number":325,"line_number":11,"text":"ﮨ","translation":{"text":"they","language_name":"english","language_id":38},"transliteration":{"text":"hum","language_name":"english","language_id":38}},{"id":42967,"position":10,"audio_url":"wbw/021_042_011.mp3","qpc_uthmani_hafs":"عَن","char_type_name":"word","page_number":325,"line_number":11,"text":"ﮩ","translation":{"text":"from","language_name":"english","language_id":38},"transliteration":{"text":"ʿan","language_name":"english","language_id":38}},{"id":42968,"position":11,"audio_url":"wbw/021_042_012.mp3","qpc_uthmani_hafs":"ذِكۡرِ","char_type_name":"word","page_number":325,"line_number":11,"text":"ﮪ","translation":{"text":"(the) remembrance","language_name":"english","language_id":38},"transliteration":{"text":"dhik'ri","language_name":"english","language_id":38}},{"id":42969,"position":12,"audio_url":"wbw/021_042_013.mp3","qpc_uthmani_hafs":"رَبِّهِم","char_type_name":"word","page_number":325,"line_number":11,"text":"ﮫ","translation":{"text":"(of) their Lord","language_name":"english","language_id":38},"transliteration":{"text":"rabbihim","language_name":"english","language_id":38}},{"id":42970,"position":13,"audio_url":"wbw/021_042_014.mp3","qpc_uthmani_hafs":"مُّعۡرِضُونَ","char_type_name":"word","page_number":325,"line_number":11,"text":"ﮬ","translation":{"text":"turn away","language_name":"english","language_id":38},"transliteration":{"text":"muʿ'riḍūna","language_name":"english","language_id":38}},{"id":42971,"position":14,"audio_url":null,"qpc_uthmani_hafs":"٤٢","char_type_name":"end","page_number":325,"line_number":11,"text":"ﮭ","translation":{"text":"(42)","language_name":"english","language_id":38},"transliteration":{"text":null,"language_name":"english","language_id":38}}],"translations":[{"id":918954,"resource_id":134,"text":"Katakanlah, \"Siapakah yang dapat memelihara kamu di waktu malam dan siang hari selain (Allah) Yang Maha Pemurah?\" Sebenarnya, mereka adalah orang-orang yang berpaling dari mengingati Tuhan mereka."}]},{"id":2526,"verse_number":43,"verse_key":"21:43","juz_number":17,"hizb_number":33,"rub_el_hizb_number":130,"ruku_number":281,"manzil_number":4,"sajdah_number":null,"text_uthmani":"أَمْ لَهُمْ ءَالِهَةٌ تَمْنَعُهُم مِّن دُونِنَا ۚ لَا يَسْتَطِيعُونَ نَصْرَ أَنفُسِهِمْ وَلَا هُم مِّنَّا يُصْحَبُونَ","page_number":325,"words":[{"id":43648,"position":1,"audio_url":"wbw/021_043_001.mp3","qpc_uthmani_hafs":"أَمۡ","char_type_name":"word","page_number":325,"line_number":11,"text":"ﮮ","translation":{"text":"Or","language_name":"english","language_id":38},"transliteration":{"text":"am","language_name":"english","language_id":38}},{"id":43649,"position":2,"audio_url":"wbw/021_043_002.mp3","qpc_uthmani_hafs":"لَهُمۡ","char_type_name":"word","page_number":325,"line_number":12,"text":"ﮯ","translation":{"text":"have they","language_name":"english","language_id":38},"transliteration":{"text":"lahum","language_name":"english","language_id":38}},{"id":43650,"position":3,"audio_url":"wbw/021_043_003.mp3","qpc_uthmani_hafs":"ءَالِهَةٞ","char_type_name":"word","page_number":325,"line_number":12,"text":"ﮰ","translation":{"text":"gods","language_name":"english","language_id":38},"transliteration":{"text":"ālihatun","language_name":"english","language_id":38}},{"id":43651,"position":4,"audio_url":"wbw/021_043_004.mp3","qpc_uthmani_hafs":"تَمۡنَعُهُم","char_type_name":"word","page_number":325,"line_number":12,"text":"ﮱ","translation":{"text":"(to) defend them","language_name":"english","language_id":38},"transliteration":{"text":"tamnaʿuhum","language_name":"english","language_id":38}},{"id":43652,"position":5,"audio_url":"wbw/021_043_005.mp3","qpc_uthmani_hafs":"مِّن","char_type_name":"word","page_number":325,"line_number":12,"text":"ﯓ","translation":{"text":"from","language_name":"english","language_id":38},"transliteration":{"text":"min","language_name":"english","language_id":38}},{"id":43653,"position":6,"audio_url":"wbw/021_043_006.mp3","qpc_uthmani_hafs":"دُونِنَاۚ","char_type_name":"word","page_number":325,"line_number":12,"text":"ﯔﯕ","translation":{"text":"Us","language_name":"english","language_id":38},"transliteration":{"text":"dūninā","language_name":"english","language_id":38}},{"id":43655,"position":7,"audio_url":"wbw/021_043_008.mp3","qpc_uthmani_hafs":"لَا","char_type_name":"word","page_number":325,"line_number":12,"text":"ﯖ","translation":{"text":"Not","language_name":"english","language_id":38},"transliteration":{"text":"lā","language_name":"english","language_id":38}},{"id":43656,"position":8,"audio_url":"wbw/021_043_009.mp3","qpc_uthmani_hafs":"يَسۡتَطِيعُونَ","char_type_name":"word","page_number":325,"line_number":12,"text":"ﯗ","translation":{"text":"they are able","language_name":"english","language_id":38},"transliteration":{"text":"yastaṭīʿūna","language_name":"english","language_id":38}},{"id":43657,"position":9,"audio_url":"wbw/021_043_010.mp3","qpc_uthmani_hafs":"نَصۡرَ","char_type_name":"word","page_number":325,"line_number":12,"text":"ﯘ","translation":{"text":"(to) help","language_name":"english","language_id":38},"transliteration":{"text":"naṣra","language_name":"english","language_id":38}},{"id":43658,"position":10,"audio_url":"wbw/021_043_011.mp3","qpc_uthmani_hafs":"أَنفُسِهِمۡ","char_type_name":"word","page_number":325,"line_number":13,"text":"ﯙ","translation":{"text":"themselves","language_name":"english","language_id":38},"transliteration":{"text":"anfusihim","language_name":"english","language_id":38}},{"id":43659,"position":11,"audio_url":"wbw/021_043_012.mp3","qpc_uthmani_hafs":"وَلَا","char_type_name":"word","page_number":325,"line_number":13,"text":"ﯚ","translation":{"text":"and not","language_name":"english","language_id":38},"transliteration":{"text":"walā","language_name":"english","language_id":38}},{"id":43660,"position":12,"audio_url":"wbw/021_043_013.mp3","qpc_uthmani_hafs":"هُم","char_type_name":"word","page_number":325,"line_number":13,"text":"ﯛ","translation":{"text":"they","language_name":"english","language_id":38},"transliteration":{"text":"hum","language_name":"english","language_id":38}},{"id":43661,"position":13,"audio_url":"wbw/021_043_014.mp3","qpc_uthmani_hafs":"مِّنَّا","char_type_name":"word","page_number":325,"line_number":13,"text":"ﯜ","translation":{"text":"from Us","language_name":"english","language_id":38},"transliteration":{"text":"minnā","language_name":"english","language_id":38}},{"id":43662,"position":14,"audio_url":"wbw/021_043_015.mp3","qpc_uthmani_hafs":"يُصۡحَبُونَ","char_type_name":"word","page_number":325,"line_number":13,"text":"ﯝ","translation":{"text":"can be protected","language_name":"english","language_id":38},"transliteration":{"text":"yuṣ'ḥabūna","language_name":"english","language_id":38}},{"id":43663,"position":15,"audio_url":null,"qpc_uthmani_hafs":"٤٣","char_type_name":"end","page_number":325,"line_number":13,"text":"ﯞ","translation":{"text":"(43)","language_name":"english","language_id":38},"transliteration":{"text":null,"language_name":"english","language_id":38}}],"translations":[{"id":918955,"resource_id":134,"text":"Atau adakah mereka mempunyai tuhan-tuhan yang dapat memelihara mereka dari (azab) Kami.  Tuhan-tuhan itu tidak sanggup menolong diri mereka sendiri dan tidak (pula) mereka dilindungi dari (azab) Kami itu?"}]},{"id":2527,"verse_number":44,"verse_key":"21:44","juz_number":17,"hizb_number":33,"rub_el_hizb_number":130,"ruku_number":281,"manzil_number":4,"sajdah_number":null,"text_uthmani":"بَلْ مَتَّعْنَا هَـٰٓؤُلَآءِ وَءَابَآءَهُمْ حَتَّىٰ طَالَ عَلَيْهِمُ ٱلْعُمُرُ ۗ أَفَلَا يَرَوْنَ أَنَّا نَأْتِى ٱلْأَرْضَ نَنقُصُهَا مِنْ أَطْرَافِهَآ ۚ أَفَهُمُ ٱلْغَـٰلِبُونَ","page_number":325,"words":[{"id":44405,"position":1,"audio_url":"wbw/021_044_001.mp3","qpc_uthmani_hafs":"بَلۡ","char_type_name":"word","page_number":325,"line_number":13,"text":"ﯟ","translation":{"text":"Nay","language_name":"english","language_id":38},"transliteration":{"text":"bal","language_name":"english","language_id":38}},{"id":44406,"position":2,"audio_url":"wbw/021_044_002.mp3","qpc_uthmani_hafs":"مَتَّعۡنَا","char_type_name":"word","page_number":325,"line_number":13,"text":"ﯠ","translation":{"text":"We gave provision","language_name":"english","language_id":38},"transliteration":{"text":"mattaʿnā","language_name":"english","language_id":38}},{"id":44407,"position":3,"audio_url":"wbw/021_044_003.mp3","qpc_uthmani_hafs":"هَٰٓؤُلَآءِ","char_type_name":"word","page_number":325,"line_number":13,"text":"ﯡ","translation":{"text":"(to) these","language_name":"english","language_id":38},"transliteration":{"text":"hāulāi","language_name":"english","language_id":38}},{"id":44408,"position":4,"audio_url":"wbw/021_044_004.mp3","qpc_uthmani_hafs":"وَءَابَآءَهُمۡ","char_type_name":"word","page_number":325,"line_number":14,"text":"ﯢ","translation":{"text":"and their fathers","language_name":"english","language_id":38},"transliteration":{"text":"waābāahum","language_name":"english","language_id":38}},{"id":44409,"position":5,"audio_url":"wbw/021_044_005.mp3","qpc_uthmani_hafs":"حَتَّىٰ","char_type_name":"word","page_number":325,"line_number":14,"text":"ﯣ","translation":{"text":"until","language_name":"english","language_id":38},"transliteration":{"text":"ḥattā","language_name":"english","language_id":38}},{"id":44410,"position":6,"audio_url":"wbw/021_044_006.mp3","qpc_uthmani_hafs":"طَالَ","char_type_name":"word","page_number":325,"line_number":14,"text":"ﯤ","translation":{"text":"grew long","language_name":"english","language_id":38},"transliteration":{"text":"ṭāla","language_name":"english","language_id":38}},{"id":44411,"position":7,"audio_url":"wbw/021_044_007.mp3","qpc_uthmani_hafs":"عَلَيۡهِمُ","char_type_name":"word","page_number":325,"line_number":14,"text":"ﯥ","translation":{"text":"for them","language_name":"english","language_id":38},"transliteration":{"text":"ʿalayhimu","language_name":"english","language_id":38}},{"id":44412,"position":8,"audio_url":"wbw/021_044_008.mp3","qpc_uthmani_hafs":"ٱلۡعُمُرُۗ","char_type_name":"word","page_number":325,"line_number":14,"text":"ﯦﯧ","translation":{"text":"the life","language_name":"english","language_id":38},"transliteration":{"text":"l-ʿumuru","language_name":"english","language_id":38}},{"id":44414,"position":9,"audio_url":"wbw/021_044_010.mp3","qpc_uthmani_hafs":"أَفَلَا","char_type_name":"word","page_number":325,"line_number":14,"text":"ﯨ","translation":{"text":"Then do not","language_name":"english","language_id":38},"transliteration":{"text":"afalā","language_name":"english","language_id":38}},{"id":44415,"position":10,"audio_url":"wbw/021_044_011.mp3","qpc_uthmani_hafs":"يَرَوۡنَ","char_type_name":"word","page_number":325,"line_number":14,"text":"ﯩ","translation":{"text":"they see","language_name":"english","language_id":38},"transliteration":{"text":"yarawna","language_name":"english","language_id":38}},{"id":44416,"position":11,"audio_url":"wbw/021_044_012.mp3","qpc_uthmani_hafs":"أَنَّا","char_type_name":"word","page_number":325,"line_number":14,"text":"ﯪ","translation":{"text":"that We","language_name":"english","language_id":38},"transliteration":{"text":"annā","language_name":"english","language_id":38}},{"id":44417,"position":12,"audio_url":"wbw/021_044_013.mp3","qpc_uthmani_hafs":"نَأۡتِي","char_type_name":"word","page_number":325,"line_number":14,"text":"ﯫ","translation":{"text":"We come","language_name":"english","language_id":38},"transliteration":{"text":"natī","language_name":"english","language_id":38}},{"id":44418,"position":13,"audio_url":"wbw/021_044_014.mp3","qpc_uthmani_hafs":"ٱلۡأَرۡضَ","char_type_name":"word","page_number":325,"line_number":15,"text":"ﯬ","translation":{"text":"(to) the land","language_name":"english","language_id":38},"transliteration":{"text":"l-arḍa","language_name":"english","language_id":38}},{"id":44419,"position":14,"audio_url":"wbw/021_044_015.mp3","qpc_uthmani_hafs":"نَنقُصُهَا","char_type_name":"word","page_number":325,"line_number":15,"text":"ﯭ","translation":{"text":"We reduce it","language_name":"english","language_id":38},"transliteration":{"text":"nanquṣuhā","language_name":"english","language_id":38}},{"id":44420,"position":15,"audio_url":"wbw/021_044_016.mp3","qpc_uthmani_hafs":"مِنۡ","char_type_name":"word","page_number":325,"line_number":15,"text":"ﯮ","translation":{"text":"from","language_name":"english","language_id":38},"transliteration":{"text":"min","language_name":"english","language_id":38}},{"id":44421,"position":16,"audio_url":"wbw/021_044_017.mp3","qpc_uthmani_hafs":"أَطۡرَافِهَآۚ","char_type_name":"word","page_number":325,"line_number":15,"text":"ﯯﯰ","translation":{"text":"its borders","language_name":"english","language_id":38},"transliteration":{"text":"aṭrāfihā","language_name":"english","language_id":38}},{"id":44423,"position":17,"audio_url":"wbw/021_044_019.mp3","qpc_uthmani_hafs":"أَفَهُمُ","char_type_name":"word","page_number":325,"line_number":15,"text":"ﯱ","translation":{"text":"So is (it) they","language_name":"english","language_id":38},"transliteration":{"text":"afahumu","language_name":"english","language_id":38}},{"id":44424,"position":18,"audio_url":"wbw/021_044_020.mp3","qpc_uthmani_hafs":"ٱلۡغَٰلِبُونَ","char_type_name":"word","page_number":325,"line_number":15,"text":"ﯲ","translation":{"text":"(who will be) overcoming","language_name":"english","language_id":38},"transliteration":{"text":"l-ghālibūna","language_name":"english","language_id":38}},{"id":44425,"position":19,"audio_url":null,"qpc_uthmani_hafs":"٤٤","char_type_name":"end","page_number":325,"line_number":15,"text":"ﯳ","translation":{"text":"(44)","language_name":"english","language_id":38},"transliteration":{"text":null,"language_name":"english","language_id":38}}],"translations":[{"id":918956,"resource_id":134,"text":"Sebenarnya, Kami telah memberi mereka dan bapak-bapak mereka kenikmatan (hidup di dunia) hingga panjanglah umur mereka.  Maka apakah mereka tidak melihat bahwasanya Kami mendatangi negeri (orang kafir), lalu Kami kurangi luasnya dari segala penjurunya.  Maka apakah mereka yang menang?"}]}],"pagination":{"per_page":50,"current_page":1,"next_page":null,"total_pages":1,"total_records":9}}