{"verses":[{"id":2585,"verse_number":102,"verse_key":"21:102","juz_number":17,"hizb_number":33,"rub_el_hizb_number":132,"ruku_number":284,"manzil_number":4,"sajdah_number":null,"text_uthmani":"لَا يَسْمَعُونَ حَسِيسَهَا ۖ وَهُمْ فِى مَا ٱشْتَهَتْ أَنفُسُهُمْ خَـٰلِدُونَ","page_number":331,"words":[{"id":72093,"position":1,"audio_url":"wbw/021_102_001.mp3","qpc_uthmani_hafs":"لَا","char_type_name":"word","page_number":331,"line_number":1,"text":"ﭑ","translation":{"text":"Not","language_name":"english","language_id":38},"transliteration":{"text":"lā","language_name":"english","language_id":38}},{"id":72094,"position":2,"audio_url":"wbw/021_102_002.mp3","qpc_uthmani_hafs":"يَسۡمَعُونَ","char_type_name":"word","page_number":331,"line_number":1,"text":"ﭒ","translation":{"text":"they will hear","language_name":"english","language_id":38},"transliteration":{"text":"yasmaʿūna","language_name":"english","language_id":38}},{"id":72095,"position":3,"audio_url":"wbw/021_102_003.mp3","qpc_uthmani_hafs":"حَسِيسَهَاۖ","char_type_name":"word","page_number":331,"line_number":1,"text":"ﭓﭔ","translation":{"text":"(the) slightest sound of it","language_name":"english","language_id":38},"transliteration":{"text":"ḥasīsahā","language_name":"english","language_id":38}},{"id":72097,"position":4,"audio_url":"wbw/021_102_005.mp3","qpc_uthmani_hafs":"وَهُمۡ","char_type_name":"word","page_number":331,"line_number":1,"text":"ﭕ","translation":{"text":"and they","language_name":"english","language_id":38},"transliteration":{"text":"wahum","language_name":"english","language_id":38}},{"id":72098,"position":5,"audio_url":"wbw/021_102_006.mp3","qpc_uthmani_hafs":"فِي","char_type_name":"word","page_number":331,"line_number":1,"text":"ﭖ","translation":{"text":"in","language_name":"english","language_id":38},"transliteration":{"text":"fī","language_name":"english","language_id":38}},{"id":72099,"position":6,"audio_url":"wbw/021_102_007.mp3","qpc_uthmani_hafs":"مَا","char_type_name":"word","page_number":331,"line_number":1,"text":"ﭗ","translation":{"text":"what","language_name":"english","language_id":38},"transliteration":{"text":"mā","language_name":"english","language_id":38}},{"id":72100,"position":7,"audio_url":"wbw/021_102_008.mp3","qpc_uthmani_hafs":"ٱشۡتَهَتۡ","char_type_name":"word","page_number":331,"line_number":1,"text":"ﭘ","translation":{"text":"desire","language_name":"english","language_id":38},"transliteration":{"text":"ish'tahat","language_name":"english","language_id":38}},{"id":72101,"position":8,"audio_url":"wbw/021_102_009.mp3","qpc_uthmani_hafs":"أَنفُسُهُمۡ","char_type_name":"word","page_number":331,"line_number":1,"text":"ﭙ","translation":{"text":"their souls","language_name":"english","language_id":38},"transliteration":{"text":"anfusuhum","language_name":"english","language_id":38}},{"id":72102,"position":9,"audio_url":"wbw/021_102_010.mp3","qpc_uthmani_hafs":"خَٰلِدُونَ","char_type_name":"word","page_number":331,"line_number":2,"text":"ﭚ","translation":{"text":"will abide forever","language_name":"english","language_id":38},"transliteration":{"text":"khālidūna","language_name":"english","language_id":38}},{"id":72103,"position":10,"audio_url":null,"qpc_uthmani_hafs":"١٠٢","char_type_name":"end","page_number":331,"line_number":2,"text":"ﭛ","translation":{"text":"(102)","language_name":"english","language_id":38},"transliteration":{"text":null,"language_name":"english","language_id":38}}],"translations":[{"id":919014,"resource_id":134,"text":"mereka tidak mendengar sedikit pun suara api neraka dan mereka kekal dalam menikmati apa yang diingini oleh mereka."}]},{"id":2586,"verse_number":103,"verse_key":"21:103","juz_number":17,"hizb_number":33,"rub_el_hizb_number":132,"ruku_number":284,"manzil_number":4,"sajdah_number":null,"text_uthmani":"لَا يَحْزُنُهُمُ ٱلْفَزَعُ ٱلْأَكْبَرُ وَتَتَلَقَّىٰهُمُ ٱلْمَلَـٰٓئِكَةُ هَـٰذَا يَوْمُكُمُ ٱلَّذِى كُنتُمْ تُوعَدُونَ","page_number":331,"words":[{"id":72147,"position":1,"audio_url":"wbw/021_103_001.mp3","qpc_uthmani_hafs":"لَا","char_type_name":"word","page_number":331,"line_number":2,"text":"ﭜ","translation":{"text":"Not","language_name":"english","language_id":38},"transliteration":{"text":"lā","language_name":"english","language_id":38}},{"id":72148,"position":2,"audio_url":"wbw/021_103_002.mp3","qpc_uthmani_hafs":"يَحۡزُنُهُمُ","char_type_name":"word","page_number":331,"line_number":2,"text":"ﭝ","translation":{"text":"will grieve them","language_name":"english","language_id":38},"transliteration":{"text":"yaḥzunuhumu","language_name":"english","language_id":38}},{"id":72149,"position":3,"audio_url":"wbw/021_103_003.mp3","qpc_uthmani_hafs":"ٱلۡفَزَعُ","char_type_name":"word","page_number":331,"line_number":2,"text":"ﭞ","translation":{"text":"the terror","language_name":"english","language_id":38},"transliteration":{"text":"l-fazaʿu","language_name":"english","language_id":38}},{"id":72150,"position":4,"audio_url":"wbw/021_103_004.mp3","qpc_uthmani_hafs":"ٱلۡأَكۡبَرُ","char_type_name":"word","page_number":331,"line_number":2,"text":"ﭟ","translation":{"text":"[the] greatest","language_name":"english","language_id":38},"transliteration":{"text":"l-akbaru","language_name":"english","language_id":38}},{"id":72151,"position":5,"audio_url":"wbw/021_103_005.mp3","qpc_uthmani_hafs":"وَتَتَلَقَّىٰهُمُ","char_type_name":"word","page_number":331,"line_number":2,"text":"ﭠ","translation":{"text":"and will meet them","language_name":"english","language_id":38},"transliteration":{"text":"watatalaqqāhumu","language_name":"english","language_id":38}},{"id":72152,"position":6,"audio_url":"wbw/021_103_006.mp3","qpc_uthmani_hafs":"ٱلۡمَلَٰٓئِكَةُ","char_type_name":"word","page_number":331,"line_number":3,"text":"ﭡ","translation":{"text":"the Angels","language_name":"english","language_id":38},"transliteration":{"text":"l-malāikatu","language_name":"english","language_id":38}},{"id":72153,"position":7,"audio_url":"wbw/021_103_007.mp3","qpc_uthmani_hafs":"هَٰذَا","char_type_name":"word","page_number":331,"line_number":3,"text":"ﭢ","translation":{"text":"This","language_name":"english","language_id":38},"transliteration":{"text":"hādhā","language_name":"english","language_id":38}},{"id":72154,"position":8,"audio_url":"wbw/021_103_008.mp3","qpc_uthmani_hafs":"يَوۡمُكُمُ","char_type_name":"word","page_number":331,"line_number":3,"text":"ﭣ","translation":{"text":"(is) your Day","language_name":"english","language_id":38},"transliteration":{"text":"yawmukumu","language_name":"english","language_id":38}},{"id":72155,"position":9,"audio_url":"wbw/021_103_009.mp3","qpc_uthmani_hafs":"ٱلَّذِي","char_type_name":"word","page_number":331,"line_number":3,"text":"ﭤ","translation":{"text":"which","language_name":"english","language_id":38},"transliteration":{"text":"alladhī","language_name":"english","language_id":38}},{"id":72156,"position":10,"audio_url":"wbw/021_103_010.mp3","qpc_uthmani_hafs":"كُنتُمۡ","char_type_name":"word","page_number":331,"line_number":3,"text":"ﭥ","translation":{"text":"you were","language_name":"english","language_id":38},"transliteration":{"text":"kuntum","language_name":"english","language_id":38}},{"id":72157,"position":11,"audio_url":"wbw/021_103_011.mp3","qpc_uthmani_hafs":"تُوعَدُونَ","char_type_name":"word","page_number":331,"line_number":3,"text":"ﭦ","translation":{"text":"promised","language_name":"english","language_id":38},"transliteration":{"text":"tūʿadūna","language_name":"english","language_id":38}},{"id":72158,"position":12,"audio_url":null,"qpc_uthmani_hafs":"١٠٣","char_type_name":"end","page_number":331,"line_number":4,"text":"ﭧ","translation":{"text":"(103)","language_name":"english","language_id":38},"transliteration":{"text":null,"language_name":"english","language_id":38}}],"translations":[{"id":919015,"resource_id":134,"text":"Mereka tidak disusahkan oleh kedahsyatan yang besar (pada hari kiamat) dan mereka disambut oleh para malaikat.  (Malaikat berkata), \"Inilah harimu yang telah dijanjikan kepadamu\"."}]},{"id":2587,"verse_number":104,"verse_key":"21:104","juz_number":17,"hizb_number":33,"rub_el_hizb_number":132,"ruku_number":284,"manzil_number":4,"sajdah_number":null,"text_uthmani":"يَوْمَ نَطْوِى ٱلسَّمَآءَ كَطَىِّ ٱلسِّجِلِّ لِلْكُتُبِ ۚ كَمَا بَدَأْنَآ أَوَّلَ خَلْقٍ نُّعِيدُهُۥ ۚ وَعْدًا عَلَيْنَآ ۚ إِنَّا كُنَّا فَـٰعِلِينَ","page_number":331,"words":[{"id":72471,"position":1,"audio_url":"wbw/021_104_001.mp3","qpc_uthmani_hafs":"يَوۡمَ","char_type_name":"word","page_number":331,"line_number":4,"text":"ﭨ","translation":{"text":"(The) Day","language_name":"english","language_id":38},"transliteration":{"text":"yawma","language_name":"english","language_id":38}},{"id":72472,"position":2,"audio_url":"wbw/021_104_002.mp3","qpc_uthmani_hafs":"نَطۡوِي","char_type_name":"word","page_number":331,"line_number":4,"text":"ﭩ","translation":{"text":"We will fold","language_name":"english","language_id":38},"transliteration":{"text":"naṭwī","language_name":"english","language_id":38}},{"id":72473,"position":3,"audio_url":"wbw/021_104_003.mp3","qpc_uthmani_hafs":"ٱلسَّمَآءَ","char_type_name":"word","page_number":331,"line_number":4,"text":"ﭪ","translation":{"text":"the heaven","language_name":"english","language_id":38},"transliteration":{"text":"l-samāa","language_name":"english","language_id":38}},{"id":72474,"position":4,"audio_url":"wbw/021_104_004.mp3","qpc_uthmani_hafs":"كَطَيِّ","char_type_name":"word","page_number":331,"line_number":4,"text":"ﭫ","translation":{"text":"like (the) folding","language_name":"english","language_id":38},"transliteration":{"text":"kaṭayyi","language_name":"english","language_id":38}},{"id":72475,"position":5,"audio_url":"wbw/021_104_005.mp3","qpc_uthmani_hafs":"ٱلسِّجِلِّ","char_type_name":"word","page_number":331,"line_number":4,"text":"ﭬ","translation":{"text":"(of) a scroll","language_name":"english","language_id":38},"transliteration":{"text":"l-sijili","language_name":"english","language_id":38}},{"id":72476,"position":6,"audio_url":"wbw/021_104_006.mp3","qpc_uthmani_hafs":"لِلۡكُتُبِۚ","char_type_name":"word","page_number":331,"line_number":4,"text":"ﭭﭮ","translation":{"text":"for records","language_name":"english","language_id":38},"transliteration":{"text":"lil'kutubi","language_name":"english","language_id":38}},{"id":72478,"position":7,"audio_url":"wbw/021_104_008.mp3","qpc_uthmani_hafs":"كَمَا","char_type_name":"word","page_number":331,"line_number":4,"text":"ﭯ","translation":{"text":"As","language_name":"english","language_id":38},"transliteration":{"text":"kamā","language_name":"english","language_id":38}},{"id":72479,"position":8,"audio_url":"wbw/021_104_009.mp3","qpc_uthmani_hafs":"بَدَأۡنَآ","char_type_name":"word","page_number":331,"line_number":5,"text":"ﭰ","translation":{"text":"We began","language_name":"english","language_id":38},"transliteration":{"text":"badanā","language_name":"english","language_id":38}},{"id":72480,"position":9,"audio_url":"wbw/021_104_010.mp3","qpc_uthmani_hafs":"أَوَّلَ","char_type_name":"word","page_number":331,"line_number":5,"text":"ﭱ","translation":{"text":"(the) first","language_name":"english","language_id":38},"transliteration":{"text":"awwala","language_name":"english","language_id":38}},{"id":72481,"position":10,"audio_url":"wbw/021_104_011.mp3","qpc_uthmani_hafs":"خَلۡقٖ","char_type_name":"word","page_number":331,"line_number":5,"text":"ﭲ","translation":{"text":"creation","language_name":"english","language_id":38},"transliteration":{"text":"khalqin","language_name":"english","language_id":38}},{"id":72482,"position":11,"audio_url":"wbw/021_104_012.mp3","qpc_uthmani_hafs":"نُّعِيدُهُۥۚ","char_type_name":"word","page_number":331,"line_number":5,"text":"ﭳﭴ","translation":{"text":"We will repeat it","language_name":"english","language_id":38},"transliteration":{"text":"nuʿīduhu","language_name":"english","language_id":38}},{"id":72484,"position":12,"audio_url":"wbw/021_104_014.mp3","qpc_uthmani_hafs":"وَعۡدًا","char_type_name":"word","page_number":331,"line_number":5,"text":"ﭵ","translation":{"text":"a promise","language_name":"english","language_id":38},"transliteration":{"text":"waʿdan","language_name":"english","language_id":38}},{"id":72485,"position":13,"audio_url":"wbw/021_104_015.mp3","qpc_uthmani_hafs":"عَلَيۡنَآۚ","char_type_name":"word","page_number":331,"line_number":5,"text":"ﭶﭷ","translation":{"text":"upon Us","language_name":"english","language_id":38},"transliteration":{"text":"ʿalaynā","language_name":"english","language_id":38}},{"id":72487,"position":14,"audio_url":"wbw/021_104_017.mp3","qpc_uthmani_hafs":"إِنَّا","char_type_name":"word","page_number":331,"line_number":5,"text":"ﭸ","translation":{"text":"Indeed, We ","language_name":"english","language_id":38},"transliteration":{"text":"innā","language_name":"english","language_id":38}},{"id":72488,"position":15,"audio_url":"wbw/021_104_018.mp3","qpc_uthmani_hafs":"كُنَّا","char_type_name":"word","page_number":331,"line_number":5,"text":"ﭹ","translation":{"text":"We are","language_name":"english","language_id":38},"transliteration":{"text":"kunnā","language_name":"english","language_id":38}},{"id":72489,"position":16,"audio_url":"wbw/021_104_019.mp3","qpc_uthmani_hafs":"فَٰعِلِينَ","char_type_name":"word","page_number":331,"line_number":5,"text":"ﭺ","translation":{"text":"(the) Doers","language_name":"english","language_id":38},"transliteration":{"text":"fāʿilīna","language_name":"english","language_id":38}},{"id":72490,"position":17,"audio_url":null,"qpc_uthmani_hafs":"١٠٤","char_type_name":"end","page_number":331,"line_number":6,"text":"ﭻ","translation":{"text":"(104)","language_name":"english","language_id":38},"transliteration":{"text":null,"language_name":"english","language_id":38}}],"translations":[{"id":919016,"resource_id":134,"text":"(Yaitu) pada hari Kami gulung langit sebagai menggulung lembaran-lembaran kertas.  Sebagaimana Kami telah memulai panciptaan pertama, begitulah Kami akan mengulanginya.  Itulah suatu janji yang pasti Kami tepati; sesungguhnya Kamilah yang akan melaksanakannya."}]},{"id":2588,"verse_number":105,"verse_key":"21:105","juz_number":17,"hizb_number":33,"rub_el_hizb_number":132,"ruku_number":284,"manzil_number":4,"sajdah_number":null,"text_uthmani":"وَلَقَدْ كَتَبْنَا فِى ٱلزَّبُورِ مِنۢ بَعْدِ ٱلذِّكْرِ أَنَّ ٱلْأَرْضَ يَرِثُهَا عِبَادِىَ ٱلصَّـٰلِحُونَ","page_number":331,"words":[{"id":72763,"position":1,"audio_url":"wbw/021_105_001.mp3","qpc_uthmani_hafs":"وَلَقَدۡ","char_type_name":"word","page_number":331,"line_number":6,"text":"ﭼ","translation":{"text":"And verily","language_name":"english","language_id":38},"transliteration":{"text":"walaqad","language_name":"english","language_id":38}},{"id":72764,"position":2,"audio_url":"wbw/021_105_002.mp3","qpc_uthmani_hafs":"كَتَبۡنَا","char_type_name":"word","page_number":331,"line_number":6,"text":"ﭽ","translation":{"text":"We have written","language_name":"english","language_id":38},"transliteration":{"text":"katabnā","language_name":"english","language_id":38}},{"id":72765,"position":3,"audio_url":"wbw/021_105_003.mp3","qpc_uthmani_hafs":"فِي","char_type_name":"word","page_number":331,"line_number":6,"text":"ﭾ","translation":{"text":"in","language_name":"english","language_id":38},"transliteration":{"text":"fī","language_name":"english","language_id":38}},{"id":72766,"position":4,"audio_url":"wbw/021_105_004.mp3","qpc_uthmani_hafs":"ٱلزَّبُورِ","char_type_name":"word","page_number":331,"line_number":6,"text":"ﭿ","translation":{"text":"the Scripture","language_name":"english","language_id":38},"transliteration":{"text":"l-zabūri","language_name":"english","language_id":38}},{"id":72767,"position":5,"audio_url":"wbw/021_105_005.mp3","qpc_uthmani_hafs":"مِنۢ","char_type_name":"word","page_number":331,"line_number":6,"text":"ﮀ","translation":{"text":"after","language_name":"english","language_id":38},"transliteration":{"text":"min","language_name":"english","language_id":38}},{"id":72768,"position":6,"audio_url":"wbw/021_105_006.mp3","qpc_uthmani_hafs":"بَعۡدِ","char_type_name":"word","page_number":331,"line_number":6,"text":"ﮁ","translation":{"text":"after","language_name":"english","language_id":38},"transliteration":{"text":"baʿdi","language_name":"english","language_id":38}},{"id":72769,"position":7,"audio_url":"wbw/021_105_007.mp3","qpc_uthmani_hafs":"ٱلذِّكۡرِ","char_type_name":"word","page_number":331,"line_number":6,"text":"ﮂ","translation":{"text":"the mention","language_name":"english","language_id":38},"transliteration":{"text":"l-dhik'ri","language_name":"english","language_id":38}},{"id":72770,"position":8,"audio_url":"wbw/021_105_008.mp3","qpc_uthmani_hafs":"أَنَّ","char_type_name":"word","page_number":331,"line_number":6,"text":"ﮃ","translation":{"text":"that","language_name":"english","language_id":38},"transliteration":{"text":"anna","language_name":"english","language_id":38}},{"id":72771,"position":9,"audio_url":"wbw/021_105_009.mp3","qpc_uthmani_hafs":"ٱلۡأَرۡضَ","char_type_name":"word","page_number":331,"line_number":6,"text":"ﮄ","translation":{"text":"the earth ","language_name":"english","language_id":38},"transliteration":{"text":"l-arḍa","language_name":"english","language_id":38}},{"id":72772,"position":10,"audio_url":"wbw/021_105_010.mp3","qpc_uthmani_hafs":"يَرِثُهَا","char_type_name":"word","page_number":331,"line_number":7,"text":"ﮅ","translation":{"text":"will inherit it","language_name":"english","language_id":38},"transliteration":{"text":"yarithuhā","language_name":"english","language_id":38}},{"id":72773,"position":11,"audio_url":"wbw/021_105_011.mp3","qpc_uthmani_hafs":"عِبَادِيَ","char_type_name":"word","page_number":331,"line_number":7,"text":"ﮆ","translation":{"text":"My slaves","language_name":"english","language_id":38},"transliteration":{"text":"ʿibādiya","language_name":"english","language_id":38}},{"id":72774,"position":12,"audio_url":"wbw/021_105_012.mp3","qpc_uthmani_hafs":"ٱلصَّٰلِحُونَ","char_type_name":"word","page_number":331,"line_number":7,"text":"ﮇ","translation":{"text":"the righteous","language_name":"english","language_id":38},"transliteration":{"text":"l-ṣāliḥūna","language_name":"english","language_id":38}},{"id":72775,"position":13,"audio_url":null,"qpc_uthmani_hafs":"١٠٥","char_type_name":"end","page_number":331,"line_number":7,"text":"ﮈ","translation":{"text":"(105)","language_name":"english","language_id":38},"transliteration":{"text":null,"language_name":"english","language_id":38}}],"translations":[{"id":919017,"resource_id":134,"text":"Dan sungguh telah Kami tulis di dalam Zabur <sup foot_note=210742>1</sup> sesudah (Kami tulis dalam) Lawḥ Maḥfūẓ bahwasanya bumi ini dipusakai hamba-hamba-Ku yang saleh."}]},{"id":2589,"verse_number":106,"verse_key":"21:106","juz_number":17,"hizb_number":33,"rub_el_hizb_number":132,"ruku_number":284,"manzil_number":4,"sajdah_number":null,"text_uthmani":"إِنَّ فِى هَـٰذَا لَبَلَـٰغًا لِّقَوْمٍ عَـٰبِدِينَ","page_number":331,"words":[{"id":73113,"position":1,"audio_url":"wbw/021_106_001.mp3","qpc_uthmani_hafs":"إِنَّ","char_type_name":"word","page_number":331,"line_number":7,"text":"ﮉ","translation":{"text":"Indeed","language_name":"english","language_id":38},"transliteration":{"text":"inna","language_name":"english","language_id":38}},{"id":73114,"position":2,"audio_url":"wbw/021_106_002.mp3","qpc_uthmani_hafs":"فِي","char_type_name":"word","page_number":331,"line_number":7,"text":"ﮊ","translation":{"text":"in","language_name":"english","language_id":38},"transliteration":{"text":"fī","language_name":"english","language_id":38}},{"id":73115,"position":3,"audio_url":"wbw/021_106_003.mp3","qpc_uthmani_hafs":"هَٰذَا","char_type_name":"word","page_number":331,"line_number":7,"text":"ﮋ","translation":{"text":"this","language_name":"english","language_id":38},"transliteration":{"text":"hādhā","language_name":"english","language_id":38}},{"id":73116,"position":4,"audio_url":"wbw/021_106_004.mp3","qpc_uthmani_hafs":"لَبَلَٰغٗا","char_type_name":"word","page_number":331,"line_number":7,"text":"ﮌ","translation":{"text":"surely is a Message","language_name":"english","language_id":38},"transliteration":{"text":"labalāghan","language_name":"english","language_id":38}},{"id":73117,"position":5,"audio_url":"wbw/021_106_005.mp3","qpc_uthmani_hafs":"لِّقَوۡمٍ","char_type_name":"word","page_number":331,"line_number":8,"text":"ﮍ","translation":{"text":"for a people","language_name":"english","language_id":38},"transliteration":{"text":"liqawmin","language_name":"english","language_id":38}},{"id":73118,"position":6,"audio_url":"wbw/021_106_006.mp3","qpc_uthmani_hafs":"عَٰبِدِينَ","char_type_name":"word","page_number":331,"line_number":8,"text":"ﮎ","translation":{"text":"worshippers","language_name":"english","language_id":38},"transliteration":{"text":"ʿābidīna","language_name":"english","language_id":38}},{"id":73119,"position":7,"audio_url":null,"qpc_uthmani_hafs":"١٠٦","char_type_name":"end","page_number":331,"line_number":8,"text":"ﮏ","translation":{"text":"(106)","language_name":"english","language_id":38},"transliteration":{"text":null,"language_name":"english","language_id":38}}],"translations":[{"id":919018,"resource_id":134,"text":"Sesungguhnya (apa yang disebutkan) dalam (surat) ini, benar-benar menjadi peringatan bagi kaum yang menyembah (Allah)."}]},{"id":2590,"verse_number":107,"verse_key":"21:107","juz_number":17,"hizb_number":33,"rub_el_hizb_number":132,"ruku_number":284,"manzil_number":4,"sajdah_number":null,"text_uthmani":"وَمَآ أَرْسَلْنَـٰكَ إِلَّا رَحْمَةً لِّلْعَـٰلَمِينَ","page_number":331,"words":[{"id":73277,"position":1,"audio_url":"wbw/021_107_001.mp3","qpc_uthmani_hafs":"وَمَآ","char_type_name":"word","page_number":331,"line_number":8,"text":"ﮐ","translation":{"text":"And not","language_name":"english","language_id":38},"transliteration":{"text":"wamā","language_name":"english","language_id":38}},{"id":73278,"position":2,"audio_url":"wbw/021_107_002.mp3","qpc_uthmani_hafs":"أَرۡسَلۡنَٰكَ","char_type_name":"word","page_number":331,"line_number":8,"text":"ﮑ","translation":{"text":"We have sent you","language_name":"english","language_id":38},"transliteration":{"text":"arsalnāka","language_name":"english","language_id":38}},{"id":73279,"position":3,"audio_url":"wbw/021_107_003.mp3","qpc_uthmani_hafs":"إِلَّا","char_type_name":"word","page_number":331,"line_number":8,"text":"ﮒ","translation":{"text":"but","language_name":"english","language_id":38},"transliteration":{"text":"illā","language_name":"english","language_id":38}},{"id":73280,"position":4,"audio_url":"wbw/021_107_004.mp3","qpc_uthmani_hafs":"رَحۡمَةٗ","char_type_name":"word","page_number":331,"line_number":8,"text":"ﮓ","translation":{"text":"(as) a mercy","language_name":"english","language_id":38},"transliteration":{"text":"raḥmatan","language_name":"english","language_id":38}},{"id":73281,"position":5,"audio_url":"wbw/021_107_005.mp3","qpc_uthmani_hafs":"لِّلۡعَٰلَمِينَ","char_type_name":"word","page_number":331,"line_number":8,"text":"ﮔ","translation":{"text":"for the worlds","language_name":"english","language_id":38},"transliteration":{"text":"lil'ʿālamīna","language_name":"english","language_id":38}},{"id":73282,"position":6,"audio_url":null,"qpc_uthmani_hafs":"١٠٧","char_type_name":"end","page_number":331,"line_number":9,"text":"ﮕ","translation":{"text":"(107)","language_name":"english","language_id":38},"transliteration":{"text":null,"language_name":"english","language_id":38}}],"translations":[{"id":919019,"resource_id":134,"text":"Dan tiadalah Kami mengutus kamu, melainkan untuk (menjadi) rahmat bagi semesta alam."}]},{"id":2591,"verse_number":108,"verse_key":"21:108","juz_number":17,"hizb_number":33,"rub_el_hizb_number":132,"ruku_number":284,"manzil_number":4,"sajdah_number":null,"text_uthmani":"قُلْ إِنَّمَا يُوحَىٰٓ إِلَىَّ أَنَّمَآ إِلَـٰهُكُمْ إِلَـٰهٌ وَٰحِدٌ ۖ فَهَلْ أَنتُم مُّسْلِمُونَ","page_number":331,"words":[{"id":73618,"position":1,"audio_url":"wbw/021_108_001.mp3","qpc_uthmani_hafs":"قُلۡ","char_type_name":"word","page_number":331,"line_number":9,"text":"ﮖ","translation":{"text":"Say","language_name":"english","language_id":38},"transliteration":{"text":"qul","language_name":"english","language_id":38}},{"id":73619,"position":2,"audio_url":"wbw/021_108_002.mp3","qpc_uthmani_hafs":"إِنَّمَا","char_type_name":"word","page_number":331,"line_number":9,"text":"ﮗ","translation":{"text":"Only","language_name":"english","language_id":38},"transliteration":{"text":"innamā","language_name":"english","language_id":38}},{"id":73620,"position":3,"audio_url":"wbw/021_108_003.mp3","qpc_uthmani_hafs":"يُوحَىٰٓ","char_type_name":"word","page_number":331,"line_number":9,"text":"ﮘ","translation":{"text":"it is revealed","language_name":"english","language_id":38},"transliteration":{"text":"yūḥā","language_name":"english","language_id":38}},{"id":73621,"position":4,"audio_url":"wbw/021_108_004.mp3","qpc_uthmani_hafs":"إِلَيَّ","char_type_name":"word","page_number":331,"line_number":9,"text":"ﮙ","translation":{"text":"to me","language_name":"english","language_id":38},"transliteration":{"text":"ilayya","language_name":"english","language_id":38}},{"id":73622,"position":5,"audio_url":"wbw/021_108_005.mp3","qpc_uthmani_hafs":"أَنَّمَآ","char_type_name":"word","page_number":331,"line_number":9,"text":"ﮚ","translation":{"text":"that","language_name":"english","language_id":38},"transliteration":{"text":"annamā","language_name":"english","language_id":38}},{"id":73623,"position":6,"audio_url":"wbw/021_108_006.mp3","qpc_uthmani_hafs":"إِلَٰهُكُمۡ","char_type_name":"word","page_number":331,"line_number":9,"text":"ﮛ","translation":{"text":"your god","language_name":"english","language_id":38},"transliteration":{"text":"ilāhukum","language_name":"english","language_id":38}},{"id":73624,"position":7,"audio_url":"wbw/021_108_007.mp3","qpc_uthmani_hafs":"إِلَٰهٞ","char_type_name":"word","page_number":331,"line_number":9,"text":"ﮜ","translation":{"text":"(is) God","language_name":"english","language_id":38},"transliteration":{"text":"ilāhun","language_name":"english","language_id":38}},{"id":73625,"position":8,"audio_url":"wbw/021_108_008.mp3","qpc_uthmani_hafs":"وَٰحِدٞۖ","char_type_name":"word","page_number":331,"line_number":9,"text":"ﮝﮞ","translation":{"text":"One","language_name":"english","language_id":38},"transliteration":{"text":"wāḥidun","language_name":"english","language_id":38}},{"id":73627,"position":9,"audio_url":"wbw/021_108_010.mp3","qpc_uthmani_hafs":"فَهَلۡ","char_type_name":"word","page_number":331,"line_number":10,"text":"ﮟ","translation":{"text":"so will","language_name":"english","language_id":38},"transliteration":{"text":"fahal","language_name":"english","language_id":38}},{"id":73628,"position":10,"audio_url":"wbw/021_108_011.mp3","qpc_uthmani_hafs":"أَنتُم","char_type_name":"word","page_number":331,"line_number":10,"text":"ﮠ","translation":{"text":"you","language_name":"english","language_id":38},"transliteration":{"text":"antum","language_name":"english","language_id":38}},{"id":73629,"position":11,"audio_url":"wbw/021_108_012.mp3","qpc_uthmani_hafs":"مُّسۡلِمُونَ","char_type_name":"word","page_number":331,"line_number":10,"text":"ﮡ","translation":{"text":"submit (to Him)","language_name":"english","language_id":38},"transliteration":{"text":"mus'limūna","language_name":"english","language_id":38}},{"id":73630,"position":12,"audio_url":null,"qpc_uthmani_hafs":"١٠٨","char_type_name":"end","page_number":331,"line_number":10,"text":"ﮢ","translation":{"text":"(108)","language_name":"english","language_id":38},"transliteration":{"text":null,"language_name":"english","language_id":38}}],"translations":[{"id":919020,"resource_id":134,"text":"Katakanlah, \"Sesungguhnya yang diwahyukan kepadaku adalah, \"Bahwasanya Tuhan-mu adalah Tuhan Yang Esa, maka hendaklah kamu berserah diri (kepada-Nya)\"."}]},{"id":2592,"verse_number":109,"verse_key":"21:109","juz_number":17,"hizb_number":33,"rub_el_hizb_number":132,"ruku_number":284,"manzil_number":4,"sajdah_number":null,"text_uthmani":"فَإِن تَوَلَّوْا۟ فَقُلْ ءَاذَنتُكُمْ عَلَىٰ سَوَآءٍ ۖ وَإِنْ أَدْرِىٓ أَقَرِيبٌ أَم بَعِيدٌ مَّا تُوعَدُونَ","page_number":331,"words":[{"id":73845,"position":1,"audio_url":"wbw/021_109_001.mp3","qpc_uthmani_hafs":"فَإِن","char_type_name":"word","page_number":331,"line_number":10,"text":"ﮣ","translation":{"text":"But if","language_name":"english","language_id":38},"transliteration":{"text":"fa-in","language_name":"english","language_id":38}},{"id":73846,"position":2,"audio_url":"wbw/021_109_002.mp3","qpc_uthmani_hafs":"تَوَلَّوۡاْ","char_type_name":"word","page_number":331,"line_number":10,"text":"ﮤ","translation":{"text":"they turn away","language_name":"english","language_id":38},"transliteration":{"text":"tawallaw","language_name":"english","language_id":38}},{"id":73847,"position":3,"audio_url":"wbw/021_109_003.mp3","qpc_uthmani_hafs":"فَقُلۡ","char_type_name":"word","page_number":331,"line_number":10,"text":"ﮥ","translation":{"text":"then say","language_name":"english","language_id":38},"transliteration":{"text":"faqul","language_name":"english","language_id":38}},{"id":73848,"position":4,"audio_url":"wbw/021_109_004.mp3","qpc_uthmani_hafs":"ءَاذَنتُكُمۡ","char_type_name":"word","page_number":331,"line_number":10,"text":"ﮦ","translation":{"text":"I (have) announced to you","language_name":"english","language_id":38},"transliteration":{"text":"ādhantukum","language_name":"english","language_id":38}},{"id":73849,"position":5,"audio_url":"wbw/021_109_005.mp3","qpc_uthmani_hafs":"عَلَىٰ","char_type_name":"word","page_number":331,"line_number":11,"text":"ﮧ","translation":{"text":"equally","language_name":"english","language_id":38},"transliteration":{"text":"ʿalā","language_name":"english","language_id":38}},{"id":73850,"position":6,"audio_url":"wbw/021_109_006.mp3","qpc_uthmani_hafs":"سَوَآءٖۖ","char_type_name":"word","page_number":331,"line_number":11,"text":"ﮨﮩ","translation":{"text":"equally","language_name":"english","language_id":38},"transliteration":{"text":"sawāin","language_name":"english","language_id":38}},{"id":73852,"position":7,"audio_url":"wbw/021_109_008.mp3","qpc_uthmani_hafs":"وَإِنۡ","char_type_name":"word","page_number":331,"line_number":11,"text":"ﮪ","translation":{"text":"And not","language_name":"english","language_id":38},"transliteration":{"text":"wa-in","language_name":"english","language_id":38}},{"id":73853,"position":8,"audio_url":"wbw/021_109_009.mp3","qpc_uthmani_hafs":"أَدۡرِيٓ","char_type_name":"word","page_number":331,"line_number":11,"text":"ﮫ","translation":{"text":"I know","language_name":"english","language_id":38},"transliteration":{"text":"adrī","language_name":"english","language_id":38}},{"id":73854,"position":9,"audio_url":"wbw/021_109_010.mp3","qpc_uthmani_hafs":"أَقَرِيبٌ","char_type_name":"word","page_number":331,"line_number":11,"text":"ﮬ","translation":{"text":"whether is near","language_name":"english","language_id":38},"transliteration":{"text":"aqarībun","language_name":"english","language_id":38}},{"id":73855,"position":10,"audio_url":"wbw/021_109_011.mp3","qpc_uthmani_hafs":"أَم","char_type_name":"word","page_number":331,"line_number":11,"text":"ﮭ","translation":{"text":"or","language_name":"english","language_id":38},"transliteration":{"text":"am","language_name":"english","language_id":38}},{"id":73856,"position":11,"audio_url":"wbw/021_109_012.mp3","qpc_uthmani_hafs":"بَعِيدٞ","char_type_name":"word","page_number":331,"line_number":11,"text":"ﮮ","translation":{"text":"far","language_name":"english","language_id":38},"transliteration":{"text":"baʿīdun","language_name":"english","language_id":38}},{"id":73857,"position":12,"audio_url":"wbw/021_109_013.mp3","qpc_uthmani_hafs":"مَّا","char_type_name":"word","page_number":331,"line_number":11,"text":"ﮯ","translation":{"text":"what","language_name":"english","language_id":38},"transliteration":{"text":"mā","language_name":"english","language_id":38}},{"id":73858,"position":13,"audio_url":"wbw/021_109_014.mp3","qpc_uthmani_hafs":"تُوعَدُونَ","char_type_name":"word","page_number":331,"line_number":11,"text":"ﮰ","translation":{"text":"you are promised","language_name":"english","language_id":38},"transliteration":{"text":"tūʿadūna","language_name":"english","language_id":38}},{"id":73859,"position":14,"audio_url":null,"qpc_uthmani_hafs":"١٠٩","char_type_name":"end","page_number":331,"line_number":11,"text":"ﮱ","translation":{"text":"(109)","language_name":"english","language_id":38},"transliteration":{"text":null,"language_name":"english","language_id":38}}],"translations":[{"id":919021,"resource_id":134,"text":"Jika mereka berpaling, maka katakanlah, \"Aku telah menyampaikan kepada kamu sekalian (ajaran) yang sama (antara kita) dan aku tidak mengetahui apakah yang diancamkan kepadamu itu sudah dekat atau masih jauh?\"."}]},{"id":2593,"verse_number":110,"verse_key":"21:110","juz_number":17,"hizb_number":33,"rub_el_hizb_number":132,"ruku_number":284,"manzil_number":4,"sajdah_number":null,"text_uthmani":"إِنَّهُۥ يَعْلَمُ ٱلْجَهْرَ مِنَ ٱلْقَوْلِ وَيَعْلَمُ مَا تَكْتُمُونَ","page_number":331,"words":[{"id":74316,"position":1,"audio_url":"wbw/021_110_001.mp3","qpc_uthmani_hafs":"إِنَّهُۥ","char_type_name":"word","page_number":331,"line_number":12,"text":"ﯓ","translation":{"text":"Indeed, He","language_name":"english","language_id":38},"transliteration":{"text":"innahu","language_name":"english","language_id":38}},{"id":74317,"position":2,"audio_url":"wbw/021_110_002.mp3","qpc_uthmani_hafs":"يَعۡلَمُ","char_type_name":"word","page_number":331,"line_number":12,"text":"ﯔ","translation":{"text":"knows","language_name":"english","language_id":38},"transliteration":{"text":"yaʿlamu","language_name":"english","language_id":38}},{"id":74318,"position":3,"audio_url":"wbw/021_110_003.mp3","qpc_uthmani_hafs":"ٱلۡجَهۡرَ","char_type_name":"word","page_number":331,"line_number":12,"text":"ﯕ","translation":{"text":"the declared","language_name":"english","language_id":38},"transliteration":{"text":"l-jahra","language_name":"english","language_id":38}},{"id":74319,"position":4,"audio_url":"wbw/021_110_004.mp3","qpc_uthmani_hafs":"مِنَ","char_type_name":"word","page_number":331,"line_number":12,"text":"ﯖ","translation":{"text":"[of]","language_name":"english","language_id":38},"transliteration":{"text":"mina","language_name":"english","language_id":38}},{"id":74320,"position":5,"audio_url":"wbw/021_110_005.mp3","qpc_uthmani_hafs":"ٱلۡقَوۡلِ","char_type_name":"word","page_number":331,"line_number":12,"text":"ﯗ","translation":{"text":"[the] speech","language_name":"english","language_id":38},"transliteration":{"text":"l-qawli","language_name":"english","language_id":38}},{"id":74321,"position":6,"audio_url":"wbw/021_110_006.mp3","qpc_uthmani_hafs":"وَيَعۡلَمُ","char_type_name":"word","page_number":331,"line_number":12,"text":"ﯘ","translation":{"text":"and He knows","language_name":"english","language_id":38},"transliteration":{"text":"wayaʿlamu","language_name":"english","language_id":38}},{"id":74322,"position":7,"audio_url":"wbw/021_110_007.mp3","qpc_uthmani_hafs":"مَا","char_type_name":"word","page_number":331,"line_number":12,"text":"ﯙ","translation":{"text":"what","language_name":"english","language_id":38},"transliteration":{"text":"mā","language_name":"english","language_id":38}},{"id":74323,"position":8,"audio_url":"wbw/021_110_008.mp3","qpc_uthmani_hafs":"تَكۡتُمُونَ","char_type_name":"word","page_number":331,"line_number":12,"text":"ﯚ","translation":{"text":"you conceal","language_name":"english","language_id":38},"transliteration":{"text":"taktumūna","language_name":"english","language_id":38}},{"id":74324,"position":9,"audio_url":null,"qpc_uthmani_hafs":"١١٠","char_type_name":"end","page_number":331,"line_number":13,"text":"ﯛ","translation":{"text":"(110)","language_name":"english","language_id":38},"transliteration":{"text":null,"language_name":"english","language_id":38}}],"translations":[{"id":919022,"resource_id":134,"text":"Sesungguhnya Dia mengetahui perkataan (yang kamu ucapkan) dengan terang-terangan dan Dia mengetahui apa yang kamu rahasiakan."}]},{"id":2594,"verse_number":111,"verse_key":"21:111","juz_number":17,"hizb_number":33,"rub_el_hizb_number":132,"ruku_number":284,"manzil_number":4,"sajdah_number":null,"text_uthmani":"وَإِنْ أَدْرِى لَعَلَّهُۥ فِتْنَةٌ لَّكُمْ وَمَتَـٰعٌ إِلَىٰ حِينٍ","page_number":331,"words":[{"id":74364,"position":1,"audio_url":"wbw/021_111_001.mp3","qpc_uthmani_hafs":"وَإِنۡ","char_type_name":"word","page_number":331,"line_number":13,"text":"ﯜ","translation":{"text":"And not","language_name":"english","language_id":38},"transliteration":{"text":"wa-in","language_name":"english","language_id":38}},{"id":74365,"position":2,"audio_url":"wbw/021_111_002.mp3","qpc_uthmani_hafs":"أَدۡرِي","char_type_name":"word","page_number":331,"line_number":13,"text":"ﯝ","translation":{"text":"I know","language_name":"english","language_id":38},"transliteration":{"text":"adrī","language_name":"english","language_id":38}},{"id":74366,"position":3,"audio_url":"wbw/021_111_003.mp3","qpc_uthmani_hafs":"لَعَلَّهُۥ","char_type_name":"word","page_number":331,"line_number":13,"text":"ﯞ","translation":{"text":"perhaps it may be","language_name":"english","language_id":38},"transliteration":{"text":"laʿallahu","language_name":"english","language_id":38}},{"id":74367,"position":4,"audio_url":"wbw/021_111_004.mp3","qpc_uthmani_hafs":"فِتۡنَةٞ","char_type_name":"word","page_number":331,"line_number":13,"text":"ﯟ","translation":{"text":"a trial","language_name":"english","language_id":38},"transliteration":{"text":"fit'natun","language_name":"english","language_id":38}},{"id":74368,"position":5,"audio_url":"wbw/021_111_005.mp3","qpc_uthmani_hafs":"لَّكُمۡ","char_type_name":"word","page_number":331,"line_number":13,"text":"ﯠ","translation":{"text":"for you","language_name":"english","language_id":38},"transliteration":{"text":"lakum","language_name":"english","language_id":38}},{"id":74369,"position":6,"audio_url":"wbw/021_111_006.mp3","qpc_uthmani_hafs":"وَمَتَٰعٌ","char_type_name":"word","page_number":331,"line_number":13,"text":"ﯡ","translation":{"text":"and an enjoyment","language_name":"english","language_id":38},"transliteration":{"text":"wamatāʿun","language_name":"english","language_id":38}},{"id":74370,"position":7,"audio_url":"wbw/021_111_007.mp3","qpc_uthmani_hafs":"إِلَىٰ","char_type_name":"word","page_number":331,"line_number":13,"text":"ﯢ","translation":{"text":"for","language_name":"english","language_id":38},"transliteration":{"text":"ilā","language_name":"english","language_id":38}},{"id":74371,"position":8,"audio_url":"wbw/021_111_008.mp3","qpc_uthmani_hafs":"حِينٖ","char_type_name":"word","page_number":331,"line_number":13,"text":"ﯣ","translation":{"text":"a time","language_name":"english","language_id":38},"transliteration":{"text":"ḥīnin","language_name":"english","language_id":38}},{"id":74372,"position":9,"audio_url":null,"qpc_uthmani_hafs":"١١١","char_type_name":"end","page_number":331,"line_number":13,"text":"ﯤ","translation":{"text":"(111)","language_name":"english","language_id":38},"transliteration":{"text":null,"language_name":"english","language_id":38}}],"translations":[{"id":919023,"resource_id":134,"text":"Dan aku tiada mengetahui, boleh jadi hal <sup foot_note=210743>1</sup> itu cobaan bagi kamu dan kesenangan sampai kepada suatu waktu."}]},{"id":2595,"verse_number":112,"verse_key":"21:112","juz_number":17,"hizb_number":33,"rub_el_hizb_number":132,"ruku_number":284,"manzil_number":4,"sajdah_number":null,"text_uthmani":"قَـٰلَ رَبِّ ٱحْكُم بِٱلْحَقِّ ۗ وَرَبُّنَا ٱلرَّحْمَـٰنُ ٱلْمُسْتَعَانُ عَلَىٰ مَا تَصِفُونَ","page_number":331,"words":[{"id":74704,"position":1,"audio_url":"wbw/021_112_001.mp3","qpc_uthmani_hafs":"قَٰلَ","char_type_name":"word","page_number":331,"line_number":13,"text":"ﯥ","translation":{"text":"He said","language_name":"english","language_id":38},"transliteration":{"text":"qāla","language_name":"english","language_id":38}},{"id":74705,"position":2,"audio_url":"wbw/021_112_002.mp3","qpc_uthmani_hafs":"رَبِّ","char_type_name":"word","page_number":331,"line_number":14,"text":"ﯦ","translation":{"text":"My Lord","language_name":"english","language_id":38},"transliteration":{"text":"rabbi","language_name":"english","language_id":38}},{"id":74706,"position":3,"audio_url":"wbw/021_112_003.mp3","qpc_uthmani_hafs":"ٱحۡكُم","char_type_name":"word","page_number":331,"line_number":14,"text":"ﯧ","translation":{"text":"judge","language_name":"english","language_id":38},"transliteration":{"text":"uḥ'kum","language_name":"english","language_id":38}},{"id":74707,"position":4,"audio_url":"wbw/021_112_004.mp3","qpc_uthmani_hafs":"بِٱلۡحَقِّۗ","char_type_name":"word","page_number":331,"line_number":14,"text":"ﯨﯩ","translation":{"text":"in truth","language_name":"english","language_id":38},"transliteration":{"text":"bil-ḥaqi","language_name":"english","language_id":38}},{"id":74709,"position":5,"audio_url":"wbw/021_112_006.mp3","qpc_uthmani_hafs":"وَرَبُّنَا","char_type_name":"word","page_number":331,"line_number":14,"text":"ﯪ","translation":{"text":"And our Lord","language_name":"english","language_id":38},"transliteration":{"text":"warabbunā","language_name":"english","language_id":38}},{"id":74710,"position":6,"audio_url":"wbw/021_112_007.mp3","qpc_uthmani_hafs":"ٱلرَّحۡمَٰنُ","char_type_name":"word","page_number":331,"line_number":14,"text":"ﯫ","translation":{"text":"(is) the Most Gracious","language_name":"english","language_id":38},"transliteration":{"text":"l-raḥmānu","language_name":"english","language_id":38}},{"id":74711,"position":7,"audio_url":"wbw/021_112_008.mp3","qpc_uthmani_hafs":"ٱلۡمُسۡتَعَانُ","char_type_name":"word","page_number":331,"line_number":14,"text":"ﯬ","translation":{"text":"the One Whose help is sought","language_name":"english","language_id":38},"transliteration":{"text":"l-mus'taʿānu","language_name":"english","language_id":38}},{"id":74712,"position":8,"audio_url":"wbw/021_112_009.mp3","qpc_uthmani_hafs":"عَلَىٰ","char_type_name":"word","page_number":331,"line_number":14,"text":"ﯭ","translation":{"text":"against","language_name":"english","language_id":38},"transliteration":{"text":"ʿalā","language_name":"english","language_id":38}},{"id":74713,"position":9,"audio_url":"wbw/021_112_010.mp3","qpc_uthmani_hafs":"مَا","char_type_name":"word","page_number":331,"line_number":14,"text":"ﯮ","translation":{"text":"what","language_name":"english","language_id":38},"transliteration":{"text":"mā","language_name":"english","language_id":38}},{"id":74714,"position":10,"audio_url":"wbw/021_112_011.mp3","qpc_uthmani_hafs":"تَصِفُونَ","char_type_name":"word","page_number":331,"line_number":14,"text":"ﯯ","translation":{"text":"you attribute","language_name":"english","language_id":38},"transliteration":{"text":"taṣifūna","language_name":"english","language_id":38}},{"id":74715,"position":11,"audio_url":null,"qpc_uthmani_hafs":"١١٢","char_type_name":"end","page_number":331,"line_number":14,"text":"ﯰ","translation":{"text":"(112)","language_name":"english","language_id":38},"transliteration":{"text":null,"language_name":"english","language_id":38}}],"translations":[{"id":919024,"resource_id":134,"text":"(Muhammad) berkata, \"Ya Tuhan-ku, berilah keputusan dengan adil <sup foot_note=210744>1</sup>. Dan Tuhan kami ialah Tuhan Yang Maha Pemurah lagi Yang dimohon pertolongan-Nya terhadap apa yang kamu katakan\"."}]}],"pagination":{"per_page":50,"current_page":1,"next_page":null,"total_pages":1,"total_records":11}}