{"verses":[{"id":2611,"verse_number":16,"verse_key":"22:16","juz_number":17,"hizb_number":34,"rub_el_hizb_number":133,"ruku_number":286,"manzil_number":4,"sajdah_number":null,"text_uthmani":"وَكَذَٰلِكَ أَنزَلْنَـٰهُ ءَايَـٰتٍۭ بَيِّنَـٰتٍ وَأَنَّ ٱللَّهَ يَهْدِى مَن يُرِيدُ","page_number":334,"words":[{"id":18495,"position":1,"audio_url":"wbw/022_016_001.mp3","qpc_uthmani_hafs":"وَكَذَٰلِكَ","char_type_name":"word","page_number":334,"line_number":1,"text":"ﭑ","translation":{"text":"And thus","language_name":"english","language_id":38},"transliteration":{"text":"wakadhālika","language_name":"english","language_id":38}},{"id":18496,"position":2,"audio_url":"wbw/022_016_002.mp3","qpc_uthmani_hafs":"أَنزَلۡنَٰهُ","char_type_name":"word","page_number":334,"line_number":1,"text":"ﭒ","translation":{"text":"We sent it down","language_name":"english","language_id":38},"transliteration":{"text":"anzalnāhu","language_name":"english","language_id":38}},{"id":18497,"position":3,"audio_url":"wbw/022_016_003.mp3","qpc_uthmani_hafs":"ءَايَٰتِۭ","char_type_name":"word","page_number":334,"line_number":1,"text":"ﭓ","translation":{"text":"(as) clear Verses","language_name":"english","language_id":38},"transliteration":{"text":"āyātin","language_name":"english","language_id":38}},{"id":18498,"position":4,"audio_url":"wbw/022_016_004.mp3","qpc_uthmani_hafs":"بَيِّنَٰتٖ","char_type_name":"word","page_number":334,"line_number":1,"text":"ﭔ","translation":{"text":"(as) clear Verses","language_name":"english","language_id":38},"transliteration":{"text":"bayyinātin","language_name":"english","language_id":38}},{"id":18499,"position":5,"audio_url":"wbw/022_016_005.mp3","qpc_uthmani_hafs":"وَأَنَّ","char_type_name":"word","page_number":334,"line_number":1,"text":"ﭕ","translation":{"text":"and that","language_name":"english","language_id":38},"transliteration":{"text":"wa-anna","language_name":"english","language_id":38}},{"id":18500,"position":6,"audio_url":"wbw/022_016_006.mp3","qpc_uthmani_hafs":"ٱللَّهَ","char_type_name":"word","page_number":334,"line_number":1,"text":"ﭖ","translation":{"text":"Allah","language_name":"english","language_id":38},"transliteration":{"text":"l-laha","language_name":"english","language_id":38}},{"id":18501,"position":7,"audio_url":"wbw/022_016_007.mp3","qpc_uthmani_hafs":"يَهۡدِي","char_type_name":"word","page_number":334,"line_number":1,"text":"ﭗ","translation":{"text":"guides","language_name":"english","language_id":38},"transliteration":{"text":"yahdī","language_name":"english","language_id":38}},{"id":18502,"position":8,"audio_url":"wbw/022_016_008.mp3","qpc_uthmani_hafs":"مَن","char_type_name":"word","page_number":334,"line_number":1,"text":"ﭘ","translation":{"text":"whom","language_name":"english","language_id":38},"transliteration":{"text":"man","language_name":"english","language_id":38}},{"id":18503,"position":9,"audio_url":"wbw/022_016_009.mp3","qpc_uthmani_hafs":"يُرِيدُ","char_type_name":"word","page_number":334,"line_number":1,"text":"ﭙ","translation":{"text":"He intends","language_name":"english","language_id":38},"transliteration":{"text":"yurīdu","language_name":"english","language_id":38}},{"id":18504,"position":10,"audio_url":null,"qpc_uthmani_hafs":"١٦","char_type_name":"end","page_number":334,"line_number":2,"text":"ﭚ","translation":{"text":"(16)","language_name":"english","language_id":38},"transliteration":{"text":null,"language_name":"english","language_id":38}}],"translations":[{"id":919040,"resource_id":134,"text":"Dan demikianlah, Kami telah menurunkan Al-Qur`ān yang merupakan ayat-ayat yang nyata dan bahwasanya Allah memberikan petunjuk kepada siapa yang Dia kehendaki."}]},{"id":2612,"verse_number":17,"verse_key":"22:17","juz_number":17,"hizb_number":34,"rub_el_hizb_number":133,"ruku_number":286,"manzil_number":4,"sajdah_number":null,"text_uthmani":"إِنَّ ٱلَّذِينَ ءَامَنُوا۟ وَٱلَّذِينَ هَادُوا۟ وَٱلصَّـٰبِـِٔينَ وَٱلنَّصَـٰرَىٰ وَٱلْمَجُوسَ وَٱلَّذِينَ أَشْرَكُوٓا۟ إِنَّ ٱللَّهَ يَفْصِلُ بَيْنَهُمْ يَوْمَ ٱلْقِيَـٰمَةِ ۚ إِنَّ ٱللَّهَ عَلَىٰ كُلِّ شَىْءٍ شَهِيدٌ","page_number":334,"words":[{"id":19469,"position":1,"audio_url":"wbw/022_017_001.mp3","qpc_uthmani_hafs":"إِنَّ","char_type_name":"word","page_number":334,"line_number":2,"text":"ﭛ","translation":{"text":"Indeed","language_name":"english","language_id":38},"transliteration":{"text":"inna","language_name":"english","language_id":38}},{"id":19470,"position":2,"audio_url":"wbw/022_017_002.mp3","qpc_uthmani_hafs":"ٱلَّذِينَ","char_type_name":"word","page_number":334,"line_number":2,"text":"ﭜ","translation":{"text":"those who","language_name":"english","language_id":38},"transliteration":{"text":"alladhīna","language_name":"english","language_id":38}},{"id":19471,"position":3,"audio_url":"wbw/022_017_003.mp3","qpc_uthmani_hafs":"ءَامَنُواْ","char_type_name":"word","page_number":334,"line_number":2,"text":"ﭝ","translation":{"text":"have believed","language_name":"english","language_id":38},"transliteration":{"text":"āmanū","language_name":"english","language_id":38}},{"id":19472,"position":4,"audio_url":"wbw/022_017_004.mp3","qpc_uthmani_hafs":"وَٱلَّذِينَ","char_type_name":"word","page_number":334,"line_number":2,"text":"ﭞ","translation":{"text":"and those who","language_name":"english","language_id":38},"transliteration":{"text":"wa-alladhīna","language_name":"english","language_id":38}},{"id":19473,"position":5,"audio_url":"wbw/022_017_005.mp3","qpc_uthmani_hafs":"هَادُواْ","char_type_name":"word","page_number":334,"line_number":2,"text":"ﭟ","translation":{"text":"were Jews","language_name":"english","language_id":38},"transliteration":{"text":"hādū","language_name":"english","language_id":38}},{"id":19474,"position":6,"audio_url":"wbw/022_017_006.mp3","qpc_uthmani_hafs":"وَٱلصَّٰبِـِٔينَ","char_type_name":"word","page_number":334,"line_number":2,"text":"ﭠ","translation":{"text":"and the Sabians","language_name":"english","language_id":38},"transliteration":{"text":"wal-ṣābiīna","language_name":"english","language_id":38}},{"id":19475,"position":7,"audio_url":"wbw/022_017_007.mp3","qpc_uthmani_hafs":"وَٱلنَّصَٰرَىٰ","char_type_name":"word","page_number":334,"line_number":2,"text":"ﭡ","translation":{"text":"and the Christians","language_name":"english","language_id":38},"transliteration":{"text":"wal-naṣārā","language_name":"english","language_id":38}},{"id":19476,"position":8,"audio_url":"wbw/022_017_008.mp3","qpc_uthmani_hafs":"وَٱلۡمَجُوسَ","char_type_name":"word","page_number":334,"line_number":3,"text":"ﭢ","translation":{"text":"and the Magians","language_name":"english","language_id":38},"transliteration":{"text":"wal-majūsa","language_name":"english","language_id":38}},{"id":19477,"position":9,"audio_url":"wbw/022_017_009.mp3","qpc_uthmani_hafs":"وَٱلَّذِينَ","char_type_name":"word","page_number":334,"line_number":3,"text":"ﭣ","translation":{"text":"and those who","language_name":"english","language_id":38},"transliteration":{"text":"wa-alladhīna","language_name":"english","language_id":38}},{"id":19478,"position":10,"audio_url":"wbw/022_017_010.mp3","qpc_uthmani_hafs":"أَشۡرَكُوٓاْ","char_type_name":"word","page_number":334,"line_number":3,"text":"ﭤ","translation":{"text":"(are) polytheists","language_name":"english","language_id":38},"transliteration":{"text":"ashrakū","language_name":"english","language_id":38}},{"id":19479,"position":11,"audio_url":"wbw/022_017_011.mp3","qpc_uthmani_hafs":"إِنَّ","char_type_name":"word","page_number":334,"line_number":3,"text":"ﭥ","translation":{"text":"indeed","language_name":"english","language_id":38},"transliteration":{"text":"inna","language_name":"english","language_id":38}},{"id":19480,"position":12,"audio_url":"wbw/022_017_012.mp3","qpc_uthmani_hafs":"ٱللَّهَ","char_type_name":"word","page_number":334,"line_number":3,"text":"ﭦ","translation":{"text":"Allah","language_name":"english","language_id":38},"transliteration":{"text":"l-laha","language_name":"english","language_id":38}},{"id":19481,"position":13,"audio_url":"wbw/022_017_013.mp3","qpc_uthmani_hafs":"يَفۡصِلُ","char_type_name":"word","page_number":334,"line_number":3,"text":"ﭧ","translation":{"text":"will judge","language_name":"english","language_id":38},"transliteration":{"text":"yafṣilu","language_name":"english","language_id":38}},{"id":19482,"position":14,"audio_url":"wbw/022_017_014.mp3","qpc_uthmani_hafs":"بَيۡنَهُمۡ","char_type_name":"word","page_number":334,"line_number":3,"text":"ﭨ","translation":{"text":"between them","language_name":"english","language_id":38},"transliteration":{"text":"baynahum","language_name":"english","language_id":38}},{"id":19483,"position":15,"audio_url":"wbw/022_017_015.mp3","qpc_uthmani_hafs":"يَوۡمَ","char_type_name":"word","page_number":334,"line_number":4,"text":"ﭩ","translation":{"text":"(on) the Day","language_name":"english","language_id":38},"transliteration":{"text":"yawma","language_name":"english","language_id":38}},{"id":19484,"position":16,"audio_url":"wbw/022_017_016.mp3","qpc_uthmani_hafs":"ٱلۡقِيَٰمَةِۚ","char_type_name":"word","page_number":334,"line_number":4,"text":"ﭪﭫ","translation":{"text":"(of) the Resurrection","language_name":"english","language_id":38},"transliteration":{"text":"l-qiyāmati","language_name":"english","language_id":38}},{"id":19486,"position":17,"audio_url":"wbw/022_017_018.mp3","qpc_uthmani_hafs":"إِنَّ","char_type_name":"word","page_number":334,"line_number":4,"text":"ﭬ","translation":{"text":"Indeed","language_name":"english","language_id":38},"transliteration":{"text":"inna","language_name":"english","language_id":38}},{"id":19487,"position":18,"audio_url":"wbw/022_017_019.mp3","qpc_uthmani_hafs":"ٱللَّهَ","char_type_name":"word","page_number":334,"line_number":4,"text":"ﭭ","translation":{"text":"Allah","language_name":"english","language_id":38},"transliteration":{"text":"l-laha","language_name":"english","language_id":38}},{"id":19488,"position":19,"audio_url":"wbw/022_017_020.mp3","qpc_uthmani_hafs":"عَلَىٰ","char_type_name":"word","page_number":334,"line_number":4,"text":"ﭮ","translation":{"text":"over","language_name":"english","language_id":38},"transliteration":{"text":"ʿalā","language_name":"english","language_id":38}},{"id":19489,"position":20,"audio_url":"wbw/022_017_021.mp3","qpc_uthmani_hafs":"كُلِّ","char_type_name":"word","page_number":334,"line_number":4,"text":"ﭯ","translation":{"text":"every","language_name":"english","language_id":38},"transliteration":{"text":"kulli","language_name":"english","language_id":38}},{"id":19490,"position":21,"audio_url":"wbw/022_017_022.mp3","qpc_uthmani_hafs":"شَيۡءٖ","char_type_name":"word","page_number":334,"line_number":4,"text":"ﭰ","translation":{"text":"thing","language_name":"english","language_id":38},"transliteration":{"text":"shayin","language_name":"english","language_id":38}},{"id":19491,"position":22,"audio_url":"wbw/022_017_023.mp3","qpc_uthmani_hafs":"شَهِيدٌ","char_type_name":"word","page_number":334,"line_number":4,"text":"ﭱ","translation":{"text":"(is) a Witness","language_name":"english","language_id":38},"transliteration":{"text":"shahīdun","language_name":"english","language_id":38}},{"id":19492,"position":23,"audio_url":null,"qpc_uthmani_hafs":"١٧","char_type_name":"end","page_number":334,"line_number":4,"text":"ﭲ","translation":{"text":"(17)","language_name":"english","language_id":38},"transliteration":{"text":null,"language_name":"english","language_id":38}}],"translations":[{"id":919041,"resource_id":134,"text":"Sesungguhnya orang-orang yang beriman, orang-orang Yahudi, orang-orang Ṣhabi’ īn <sup foot_note=210752>1</sup> , orang-orang Nasrani, orang-orang Majusi, dan orang-orang musyrik, Allah akan memberi keputusan di antara mereka pada hari kiamat.  Sesungguhnya, Allah menyaksikan segala sesuatu."}]},{"id":2613,"verse_number":18,"verse_key":"22:18","juz_number":17,"hizb_number":34,"rub_el_hizb_number":133,"ruku_number":286,"manzil_number":4,"sajdah_number":6,"text_uthmani":"أَلَمْ تَرَ أَنَّ ٱللَّهَ يَسْجُدُ لَهُۥ مَن فِى ٱلسَّمَـٰوَٰتِ وَمَن فِى ٱلْأَرْضِ وَٱلشَّمْسُ وَٱلْقَمَرُ وَٱلنُّجُومُ وَٱلْجِبَالُ وَٱلشَّجَرُ وَٱلدَّوَآبُّ وَكَثِيرٌ مِّنَ ٱلنَّاسِ ۖ وَكَثِيرٌ حَقَّ عَلَيْهِ ٱلْعَذَابُ ۗ وَمَن يُهِنِ ٱللَّهُ فَمَا لَهُۥ مِن مُّكْرِمٍ ۚ إِنَّ ٱللَّهَ يَفْعَلُ مَا يَشَآءُ ۩","page_number":334,"words":[{"id":20551,"position":1,"audio_url":"wbw/022_018_001.mp3","qpc_uthmani_hafs":"أَلَمۡ","char_type_name":"word","page_number":334,"line_number":4,"text":"ﭳ","translation":{"text":"Do not","language_name":"english","language_id":38},"transliteration":{"text":"alam","language_name":"english","language_id":38}},{"id":20552,"position":2,"audio_url":"wbw/022_018_002.mp3","qpc_uthmani_hafs":"تَرَ","char_type_name":"word","page_number":334,"line_number":4,"text":"ﭴ","translation":{"text":"you see","language_name":"english","language_id":38},"transliteration":{"text":"tara","language_name":"english","language_id":38}},{"id":20553,"position":3,"audio_url":"wbw/022_018_003.mp3","qpc_uthmani_hafs":"أَنَّ","char_type_name":"word","page_number":334,"line_number":4,"text":"ﭵ","translation":{"text":"that","language_name":"english","language_id":38},"transliteration":{"text":"anna","language_name":"english","language_id":38}},{"id":20554,"position":4,"audio_url":"wbw/022_018_004.mp3","qpc_uthmani_hafs":"ٱللَّهَ","char_type_name":"word","page_number":334,"line_number":4,"text":"ﭶ","translation":{"text":"(to) Allah","language_name":"english","language_id":38},"transliteration":{"text":"l-laha","language_name":"english","language_id":38}},{"id":20555,"position":5,"audio_url":"wbw/022_018_005.mp3","qpc_uthmani_hafs":"يَسۡجُدُۤ","char_type_name":"word","page_number":334,"line_number":5,"text":"ﭷ","translation":{"text":"prostrates","language_name":"english","language_id":38},"transliteration":{"text":"yasjudu","language_name":"english","language_id":38}},{"id":20556,"position":6,"audio_url":"wbw/022_018_006.mp3","qpc_uthmani_hafs":"لَهُۥۤ","char_type_name":"word","page_number":334,"line_number":5,"text":"ﭸ","translation":{"text":"to Him","language_name":"english","language_id":38},"transliteration":{"text":"lahu","language_name":"english","language_id":38}},{"id":20557,"position":7,"audio_url":"wbw/022_018_007.mp3","qpc_uthmani_hafs":"مَن","char_type_name":"word","page_number":334,"line_number":5,"text":"ﭹ","translation":{"text":"whoever","language_name":"english","language_id":38},"transliteration":{"text":"man","language_name":"english","language_id":38}},{"id":20558,"position":8,"audio_url":"wbw/022_018_008.mp3","qpc_uthmani_hafs":"فِي","char_type_name":"word","page_number":334,"line_number":5,"text":"ﭺ","translation":{"text":"(is) in","language_name":"english","language_id":38},"transliteration":{"text":"fī","language_name":"english","language_id":38}},{"id":20559,"position":9,"audio_url":"wbw/022_018_009.mp3","qpc_uthmani_hafs":"ٱلسَّمَٰوَٰتِ","char_type_name":"word","page_number":334,"line_number":5,"text":"ﭻ","translation":{"text":"the heavens","language_name":"english","language_id":38},"transliteration":{"text":"l-samāwāti","language_name":"english","language_id":38}},{"id":20560,"position":10,"audio_url":"wbw/022_018_010.mp3","qpc_uthmani_hafs":"وَمَن","char_type_name":"word","page_number":334,"line_number":5,"text":"ﭼ","translation":{"text":"and whoever","language_name":"english","language_id":38},"transliteration":{"text":"waman","language_name":"english","language_id":38}},{"id":20561,"position":11,"audio_url":"wbw/022_018_011.mp3","qpc_uthmani_hafs":"فِي","char_type_name":"word","page_number":334,"line_number":5,"text":"ﭽ","translation":{"text":"(is) in","language_name":"english","language_id":38},"transliteration":{"text":"fī","language_name":"english","language_id":38}},{"id":20562,"position":12,"audio_url":"wbw/022_018_012.mp3","qpc_uthmani_hafs":"ٱلۡأَرۡضِ","char_type_name":"word","page_number":334,"line_number":5,"text":"ﭾ","translation":{"text":"the earth","language_name":"english","language_id":38},"transliteration":{"text":"l-arḍi","language_name":"english","language_id":38}},{"id":20563,"position":13,"audio_url":"wbw/022_018_013.mp3","qpc_uthmani_hafs":"وَٱلشَّمۡسُ","char_type_name":"word","page_number":334,"line_number":5,"text":"ﭿ","translation":{"text":"and the sun","language_name":"english","language_id":38},"transliteration":{"text":"wal-shamsu","language_name":"english","language_id":38}},{"id":20564,"position":14,"audio_url":"wbw/022_018_014.mp3","qpc_uthmani_hafs":"وَٱلۡقَمَرُ","char_type_name":"word","page_number":334,"line_number":5,"text":"ﮀ","translation":{"text":"and the moon","language_name":"english","language_id":38},"transliteration":{"text":"wal-qamaru","language_name":"english","language_id":38}},{"id":20565,"position":15,"audio_url":"wbw/022_018_015.mp3","qpc_uthmani_hafs":"وَٱلنُّجُومُ","char_type_name":"word","page_number":334,"line_number":6,"text":"ﮁ","translation":{"text":"and the stars","language_name":"english","language_id":38},"transliteration":{"text":"wal-nujūmu","language_name":"english","language_id":38}},{"id":20566,"position":16,"audio_url":"wbw/022_018_016.mp3","qpc_uthmani_hafs":"وَٱلۡجِبَالُ","char_type_name":"word","page_number":334,"line_number":6,"text":"ﮂ","translation":{"text":"and the mountains","language_name":"english","language_id":38},"transliteration":{"text":"wal-jibālu","language_name":"english","language_id":38}},{"id":20567,"position":17,"audio_url":"wbw/022_018_017.mp3","qpc_uthmani_hafs":"وَٱلشَّجَرُ","char_type_name":"word","page_number":334,"line_number":6,"text":"ﮃ","translation":{"text":"and the trees","language_name":"english","language_id":38},"transliteration":{"text":"wal-shajaru","language_name":"english","language_id":38}},{"id":20568,"position":18,"audio_url":"wbw/022_018_018.mp3","qpc_uthmani_hafs":"وَٱلدَّوَآبُّ","char_type_name":"word","page_number":334,"line_number":6,"text":"ﮄ","translation":{"text":"and the moving creatures","language_name":"english","language_id":38},"transliteration":{"text":"wal-dawābu","language_name":"english","language_id":38}},{"id":20569,"position":19,"audio_url":"wbw/022_018_019.mp3","qpc_uthmani_hafs":"وَكَثِيرٞ","char_type_name":"word","page_number":334,"line_number":6,"text":"ﮅ","translation":{"text":"and many","language_name":"english","language_id":38},"transliteration":{"text":"wakathīrun","language_name":"english","language_id":38}},{"id":20570,"position":20,"audio_url":"wbw/022_018_020.mp3","qpc_uthmani_hafs":"مِّنَ","char_type_name":"word","page_number":334,"line_number":6,"text":"ﮆ","translation":{"text":"of","language_name":"english","language_id":38},"transliteration":{"text":"mina","language_name":"english","language_id":38}},{"id":20571,"position":21,"audio_url":"wbw/022_018_021.mp3","qpc_uthmani_hafs":"ٱلنَّاسِۖ","char_type_name":"word","page_number":334,"line_number":6,"text":"ﮇﮈ","translation":{"text":"the people","language_name":"english","language_id":38},"transliteration":{"text":"l-nāsi","language_name":"english","language_id":38}},{"id":20573,"position":22,"audio_url":"wbw/022_018_023.mp3","qpc_uthmani_hafs":"وَكَثِيرٌ","char_type_name":"word","page_number":334,"line_number":7,"text":"ﮉ","translation":{"text":"But many ","language_name":"english","language_id":38},"transliteration":{"text":"wakathīrun","language_name":"english","language_id":38}},{"id":20574,"position":23,"audio_url":"wbw/022_018_024.mp3","qpc_uthmani_hafs":"حَقَّ","char_type_name":"word","page_number":334,"line_number":7,"text":"ﮊ","translation":{"text":"(is) justly due","language_name":"english","language_id":38},"transliteration":{"text":"ḥaqqa","language_name":"english","language_id":38}},{"id":20575,"position":24,"audio_url":"wbw/022_018_025.mp3","qpc_uthmani_hafs":"عَلَيۡهِ","char_type_name":"word","page_number":334,"line_number":7,"text":"ﮋ","translation":{"text":"on him","language_name":"english","language_id":38},"transliteration":{"text":"ʿalayhi","language_name":"english","language_id":38}},{"id":20576,"position":25,"audio_url":"wbw/022_018_026.mp3","qpc_uthmani_hafs":"ٱلۡعَذَابُۗ","char_type_name":"word","page_number":334,"line_number":7,"text":"ﮌﮍ","translation":{"text":"the punishment","language_name":"english","language_id":38},"transliteration":{"text":"l-ʿadhābu","language_name":"english","language_id":38}},{"id":20578,"position":26,"audio_url":"wbw/022_018_028.mp3","qpc_uthmani_hafs":"وَمَن","char_type_name":"word","page_number":334,"line_number":7,"text":"ﮎ","translation":{"text":"And whoever","language_name":"english","language_id":38},"transliteration":{"text":"waman","language_name":"english","language_id":38}},{"id":20579,"position":27,"audio_url":"wbw/022_018_029.mp3","qpc_uthmani_hafs":"يُهِنِ","char_type_name":"word","page_number":334,"line_number":7,"text":"ﮏ","translation":{"text":"Allah humiliates","language_name":"english","language_id":38},"transliteration":{"text":"yuhini","language_name":"english","language_id":38}},{"id":20580,"position":28,"audio_url":"wbw/022_018_030.mp3","qpc_uthmani_hafs":"ٱللَّهُ","char_type_name":"word","page_number":334,"line_number":7,"text":"ﮐ","translation":{"text":"Allah humiliates","language_name":"english","language_id":38},"transliteration":{"text":"l-lahu","language_name":"english","language_id":38}},{"id":20581,"position":29,"audio_url":"wbw/022_018_031.mp3","qpc_uthmani_hafs":"فَمَا","char_type_name":"word","page_number":334,"line_number":7,"text":"ﮑ","translation":{"text":"then not","language_name":"english","language_id":38},"transliteration":{"text":"famā","language_name":"english","language_id":38}},{"id":20582,"position":30,"audio_url":"wbw/022_018_032.mp3","qpc_uthmani_hafs":"لَهُۥ","char_type_name":"word","page_number":334,"line_number":7,"text":"ﮒ","translation":{"text":"for him","language_name":"english","language_id":38},"transliteration":{"text":"lahu","language_name":"english","language_id":38}},{"id":20583,"position":31,"audio_url":"wbw/022_018_033.mp3","qpc_uthmani_hafs":"مِن","char_type_name":"word","page_number":334,"line_number":7,"text":"ﮓ","translation":{"text":"any","language_name":"english","language_id":38},"transliteration":{"text":"min","language_name":"english","language_id":38}},{"id":20584,"position":32,"audio_url":"wbw/022_018_034.mp3","qpc_uthmani_hafs":"مُّكۡرِمٍۚ","char_type_name":"word","page_number":334,"line_number":7,"text":"ﮔﮕ","translation":{"text":"bestower of honor","language_name":"english","language_id":38},"transliteration":{"text":"muk'rimin","language_name":"english","language_id":38}},{"id":20586,"position":33,"audio_url":"wbw/022_018_036.mp3","qpc_uthmani_hafs":"إِنَّ","char_type_name":"word","page_number":334,"line_number":8,"text":"ﮖ","translation":{"text":"Indeed","language_name":"english","language_id":38},"transliteration":{"text":"inna","language_name":"english","language_id":38}},{"id":20587,"position":34,"audio_url":"wbw/022_018_037.mp3","qpc_uthmani_hafs":"ٱللَّهَ","char_type_name":"word","page_number":334,"line_number":8,"text":"ﮗ","translation":{"text":"Allah","language_name":"english","language_id":38},"transliteration":{"text":"l-laha","language_name":"english","language_id":38}},{"id":20588,"position":35,"audio_url":"wbw/022_018_038.mp3","qpc_uthmani_hafs":"يَفۡعَلُ","char_type_name":"word","page_number":334,"line_number":8,"text":"ﮘ","translation":{"text":"does","language_name":"english","language_id":38},"transliteration":{"text":"yafʿalu","language_name":"english","language_id":38}},{"id":20589,"position":36,"audio_url":"wbw/022_018_039.mp3","qpc_uthmani_hafs":"مَا","char_type_name":"word","page_number":334,"line_number":8,"text":"ﮙ","translation":{"text":"what","language_name":"english","language_id":38},"transliteration":{"text":"mā","language_name":"english","language_id":38}},{"id":20590,"position":37,"audio_url":"wbw/022_018_040.mp3","qpc_uthmani_hafs":"يَشَآءُ ۩","char_type_name":"word","page_number":334,"line_number":8,"text":"ﮚﮛ","translation":{"text":"He wills","language_name":"english","language_id":38},"transliteration":{"text":"yashāu","language_name":"english","language_id":38}},{"id":20592,"position":38,"audio_url":"","qpc_uthmani_hafs":"١٨","char_type_name":"end","page_number":334,"line_number":8,"text":"ﮜ","translation":{"text":"(18)","language_name":"english","language_id":38},"transliteration":{"text":"","language_name":"english","language_id":38}}],"translations":[{"id":919042,"resource_id":134,"text":"Apakah kamu tiada mengetahui bahwa kepada Allah bersujud apa yang ada di langit, di bumi, matahari, bulan, bintang, gunung, pohon-pohonan, binatang-binatang yang melata, dan sebagian besar dari manusia? Dan banyak di antara manusia yang telah ditetapkan azab atasnya.  Dan barang siapa yang dihinakan Allah, maka tidak seorang pun yang memuliakannya. Sesungguhnya, Allah berbuat apa yang Dia kehendaki."}]},{"id":2614,"verse_number":19,"verse_key":"22:19","juz_number":17,"hizb_number":34,"rub_el_hizb_number":134,"ruku_number":286,"manzil_number":4,"sajdah_number":null,"text_uthmani":"۞ هَـٰذَانِ خَصْمَانِ ٱخْتَصَمُوا۟ فِى رَبِّهِمْ ۖ فَٱلَّذِينَ كَفَرُوا۟ قُطِّعَتْ لَهُمْ ثِيَابٌ مِّن نَّارٍ يُصَبُّ مِن فَوْقِ رُءُوسِهِمُ ٱلْحَمِيمُ","page_number":334,"words":[{"id":21636,"position":1,"audio_url":"wbw/022_019_002.mp3","qpc_uthmani_hafs":"۞ هَٰذَانِ","char_type_name":"word","page_number":334,"line_number":8,"text":"ﮝ ﮞ","translation":{"text":"These two","language_name":"english","language_id":38},"transliteration":{"text":"hādhāni","language_name":"english","language_id":38}},{"id":21637,"position":2,"audio_url":"wbw/022_019_003.mp3","qpc_uthmani_hafs":"خَصۡمَانِ","char_type_name":"word","page_number":334,"line_number":8,"text":"ﮟ","translation":{"text":"opponents","language_name":"english","language_id":38},"transliteration":{"text":"khaṣmāni","language_name":"english","language_id":38}},{"id":21638,"position":3,"audio_url":"wbw/022_019_004.mp3","qpc_uthmani_hafs":"ٱخۡتَصَمُواْ","char_type_name":"word","page_number":334,"line_number":8,"text":"ﮠ","translation":{"text":"dispute","language_name":"english","language_id":38},"transliteration":{"text":"ikh'taṣamū","language_name":"english","language_id":38}},{"id":21639,"position":4,"audio_url":"wbw/022_019_005.mp3","qpc_uthmani_hafs":"فِي","char_type_name":"word","page_number":334,"line_number":9,"text":"ﮡ","translation":{"text":"concerning","language_name":"english","language_id":38},"transliteration":{"text":"fī","language_name":"english","language_id":38}},{"id":21640,"position":5,"audio_url":"wbw/022_019_006.mp3","qpc_uthmani_hafs":"رَبِّهِمۡۖ","char_type_name":"word","page_number":334,"line_number":9,"text":"ﮢﮣ","translation":{"text":"their Lord","language_name":"english","language_id":38},"transliteration":{"text":"rabbihim","language_name":"english","language_id":38}},{"id":21642,"position":6,"audio_url":"wbw/022_019_008.mp3","qpc_uthmani_hafs":"فَٱلَّذِينَ","char_type_name":"word","page_number":334,"line_number":9,"text":"ﮤ","translation":{"text":"But those who","language_name":"english","language_id":38},"transliteration":{"text":"fa-alladhīna","language_name":"english","language_id":38}},{"id":21643,"position":7,"audio_url":"wbw/022_019_009.mp3","qpc_uthmani_hafs":"كَفَرُواْ","char_type_name":"word","page_number":334,"line_number":9,"text":"ﮥ","translation":{"text":"disbelieved","language_name":"english","language_id":38},"transliteration":{"text":"kafarū","language_name":"english","language_id":38}},{"id":21644,"position":8,"audio_url":"wbw/022_019_010.mp3","qpc_uthmani_hafs":"قُطِّعَتۡ","char_type_name":"word","page_number":334,"line_number":9,"text":"ﮦ","translation":{"text":"will be cut out","language_name":"english","language_id":38},"transliteration":{"text":"quṭṭiʿat","language_name":"english","language_id":38}},{"id":21645,"position":9,"audio_url":"wbw/022_019_011.mp3","qpc_uthmani_hafs":"لَهُمۡ","char_type_name":"word","page_number":334,"line_number":9,"text":"ﮧ","translation":{"text":"for them","language_name":"english","language_id":38},"transliteration":{"text":"lahum","language_name":"english","language_id":38}},{"id":21646,"position":10,"audio_url":"wbw/022_019_012.mp3","qpc_uthmani_hafs":"ثِيَابٞ","char_type_name":"word","page_number":334,"line_number":9,"text":"ﮨ","translation":{"text":"garments","language_name":"english","language_id":38},"transliteration":{"text":"thiyābun","language_name":"english","language_id":38}},{"id":21647,"position":11,"audio_url":"wbw/022_019_013.mp3","qpc_uthmani_hafs":"مِّن","char_type_name":"word","page_number":334,"line_number":9,"text":"ﮩ","translation":{"text":"of","language_name":"english","language_id":38},"transliteration":{"text":"min","language_name":"english","language_id":38}},{"id":21648,"position":12,"audio_url":"wbw/022_019_014.mp3","qpc_uthmani_hafs":"نَّارٖ","char_type_name":"word","page_number":334,"line_number":9,"text":"ﮪ","translation":{"text":"fire","language_name":"english","language_id":38},"transliteration":{"text":"nārin","language_name":"english","language_id":38}},{"id":21649,"position":13,"audio_url":"wbw/022_019_015.mp3","qpc_uthmani_hafs":"يُصَبُّ","char_type_name":"word","page_number":334,"line_number":9,"text":"ﮫ","translation":{"text":"Will be poured","language_name":"english","language_id":38},"transliteration":{"text":"yuṣabbu","language_name":"english","language_id":38}},{"id":21650,"position":14,"audio_url":"wbw/022_019_016.mp3","qpc_uthmani_hafs":"مِن","char_type_name":"word","page_number":334,"line_number":10,"text":"ﮬ","translation":{"text":"over","language_name":"english","language_id":38},"transliteration":{"text":"min","language_name":"english","language_id":38}},{"id":21651,"position":15,"audio_url":"wbw/022_019_017.mp3","qpc_uthmani_hafs":"فَوۡقِ","char_type_name":"word","page_number":334,"line_number":10,"text":"ﮭ","translation":{"text":"over","language_name":"english","language_id":38},"transliteration":{"text":"fawqi","language_name":"english","language_id":38}},{"id":21652,"position":16,"audio_url":"wbw/022_019_018.mp3","qpc_uthmani_hafs":"رُءُوسِهِمُ","char_type_name":"word","page_number":334,"line_number":10,"text":"ﮮ","translation":{"text":"their heads","language_name":"english","language_id":38},"transliteration":{"text":"ruūsihimu","language_name":"english","language_id":38}},{"id":21653,"position":17,"audio_url":"wbw/022_019_019.mp3","qpc_uthmani_hafs":"ٱلۡحَمِيمُ","char_type_name":"word","page_number":334,"line_number":10,"text":"ﮯ","translation":{"text":"[the] scalding water","language_name":"english","language_id":38},"transliteration":{"text":"l-ḥamīmu","language_name":"english","language_id":38}},{"id":21654,"position":18,"audio_url":null,"qpc_uthmani_hafs":"١٩","char_type_name":"end","page_number":334,"line_number":10,"text":"ﮰ","translation":{"text":"(19)","language_name":"english","language_id":38},"transliteration":{"text":null,"language_name":"english","language_id":38}}],"translations":[{"id":919043,"resource_id":134,"text":"Inilah dua golongan (golongan mukmin dan golongan kafir) yang bertengkar; mereka saling bertengkar mengenai Tuhan mereka.  Maka orang kafir akan dibuatkan untuk mereka pakaian-pakaian dari api neraka. Disiramkan air yang sedang mendidih ke atas kepala mereka."}]},{"id":2615,"verse_number":20,"verse_key":"22:20","juz_number":17,"hizb_number":34,"rub_el_hizb_number":134,"ruku_number":286,"manzil_number":4,"sajdah_number":null,"text_uthmani":"يُصْهَرُ بِهِۦ مَا فِى بُطُونِهِمْ وَٱلْجُلُودُ","page_number":334,"words":[{"id":22733,"position":1,"audio_url":"wbw/022_020_001.mp3","qpc_uthmani_hafs":"يُصۡهَرُ","char_type_name":"word","page_number":334,"line_number":10,"text":"ﮱ","translation":{"text":"Will be melted","language_name":"english","language_id":38},"transliteration":{"text":"yuṣ'haru","language_name":"english","language_id":38}},{"id":22734,"position":2,"audio_url":"wbw/022_020_002.mp3","qpc_uthmani_hafs":"بِهِۦ","char_type_name":"word","page_number":334,"line_number":10,"text":"ﯓ","translation":{"text":"with it","language_name":"english","language_id":38},"transliteration":{"text":"bihi","language_name":"english","language_id":38}},{"id":22735,"position":3,"audio_url":"wbw/022_020_003.mp3","qpc_uthmani_hafs":"مَا","char_type_name":"word","page_number":334,"line_number":10,"text":"ﯔ","translation":{"text":"what","language_name":"english","language_id":38},"transliteration":{"text":"mā","language_name":"english","language_id":38}},{"id":22736,"position":4,"audio_url":"wbw/022_020_004.mp3","qpc_uthmani_hafs":"فِي","char_type_name":"word","page_number":334,"line_number":10,"text":"ﯕ","translation":{"text":"(is) in","language_name":"english","language_id":38},"transliteration":{"text":"fī","language_name":"english","language_id":38}},{"id":22737,"position":5,"audio_url":"wbw/022_020_005.mp3","qpc_uthmani_hafs":"بُطُونِهِمۡ","char_type_name":"word","page_number":334,"line_number":10,"text":"ﯖ","translation":{"text":"their bellies","language_name":"english","language_id":38},"transliteration":{"text":"buṭūnihim","language_name":"english","language_id":38}},{"id":22738,"position":6,"audio_url":"wbw/022_020_006.mp3","qpc_uthmani_hafs":"وَٱلۡجُلُودُ","char_type_name":"word","page_number":334,"line_number":11,"text":"ﯗ","translation":{"text":"and the skins","language_name":"english","language_id":38},"transliteration":{"text":"wal-julūdu","language_name":"english","language_id":38}},{"id":22739,"position":7,"audio_url":null,"qpc_uthmani_hafs":"٢٠","char_type_name":"end","page_number":334,"line_number":11,"text":"ﯘ","translation":{"text":"(20)","language_name":"english","language_id":38},"transliteration":{"text":null,"language_name":"english","language_id":38}}],"translations":[{"id":919044,"resource_id":134,"text":"Dengan air itu dihancurluluhkan segala apa yang ada dalam perut mereka dan juga kulit (mereka)."}]},{"id":2616,"verse_number":21,"verse_key":"22:21","juz_number":17,"hizb_number":34,"rub_el_hizb_number":134,"ruku_number":286,"manzil_number":4,"sajdah_number":null,"text_uthmani":"وَلَهُم مَّقَـٰمِعُ مِنْ حَدِيدٍ","page_number":334,"words":[{"id":23886,"position":1,"audio_url":"wbw/022_021_001.mp3","qpc_uthmani_hafs":"وَلَهُم","char_type_name":"word","page_number":334,"line_number":11,"text":"ﯙ","translation":{"text":"And for them","language_name":"english","language_id":38},"transliteration":{"text":"walahum","language_name":"english","language_id":38}},{"id":23887,"position":2,"audio_url":"wbw/022_021_002.mp3","qpc_uthmani_hafs":"مَّقَٰمِعُ","char_type_name":"word","page_number":334,"line_number":11,"text":"ﯚ","translation":{"text":"(are) hooked rods","language_name":"english","language_id":38},"transliteration":{"text":"maqāmiʿu","language_name":"english","language_id":38}},{"id":23888,"position":3,"audio_url":"wbw/022_021_003.mp3","qpc_uthmani_hafs":"مِنۡ","char_type_name":"word","page_number":334,"line_number":11,"text":"ﯛ","translation":{"text":"of","language_name":"english","language_id":38},"transliteration":{"text":"min","language_name":"english","language_id":38}},{"id":23889,"position":4,"audio_url":"wbw/022_021_004.mp3","qpc_uthmani_hafs":"حَدِيدٖ","char_type_name":"word","page_number":334,"line_number":11,"text":"ﯜ","translation":{"text":"iron","language_name":"english","language_id":38},"transliteration":{"text":"ḥadīdin","language_name":"english","language_id":38}},{"id":23890,"position":5,"audio_url":null,"qpc_uthmani_hafs":"٢١","char_type_name":"end","page_number":334,"line_number":11,"text":"ﯝ","translation":{"text":"(21)","language_name":"english","language_id":38},"transliteration":{"text":null,"language_name":"english","language_id":38}}],"translations":[{"id":919045,"resource_id":134,"text":"Dan untuk mereka cambuk-cambuk dari besi."}]},{"id":2617,"verse_number":22,"verse_key":"22:22","juz_number":17,"hizb_number":34,"rub_el_hizb_number":134,"ruku_number":286,"manzil_number":4,"sajdah_number":null,"text_uthmani":"كُلَّمَآ أَرَادُوٓا۟ أَن يَخْرُجُوا۟ مِنْهَا مِنْ غَمٍّ أُعِيدُوا۟ فِيهَا وَذُوقُوا۟ عَذَابَ ٱلْحَرِيقِ","page_number":334,"words":[{"id":24888,"position":1,"audio_url":"wbw/022_022_001.mp3","qpc_uthmani_hafs":"كُلَّمَآ","char_type_name":"word","page_number":334,"line_number":11,"text":"ﯞ","translation":{"text":"Every time","language_name":"english","language_id":38},"transliteration":{"text":"kullamā","language_name":"english","language_id":38}},{"id":24889,"position":2,"audio_url":"wbw/022_022_002.mp3","qpc_uthmani_hafs":"أَرَادُوٓاْ","char_type_name":"word","page_number":334,"line_number":11,"text":"ﯟ","translation":{"text":"they want","language_name":"english","language_id":38},"transliteration":{"text":"arādū","language_name":"english","language_id":38}},{"id":24890,"position":3,"audio_url":"wbw/022_022_003.mp3","qpc_uthmani_hafs":"أَن","char_type_name":"word","page_number":334,"line_number":12,"text":"ﯠ","translation":{"text":"to","language_name":"english","language_id":38},"transliteration":{"text":"an","language_name":"english","language_id":38}},{"id":24891,"position":4,"audio_url":"wbw/022_022_004.mp3","qpc_uthmani_hafs":"يَخۡرُجُواْ","char_type_name":"word","page_number":334,"line_number":12,"text":"ﯡ","translation":{"text":"come out","language_name":"english","language_id":38},"transliteration":{"text":"yakhrujū","language_name":"english","language_id":38}},{"id":24892,"position":5,"audio_url":"wbw/022_022_005.mp3","qpc_uthmani_hafs":"مِنۡهَا","char_type_name":"word","page_number":334,"line_number":12,"text":"ﯢ","translation":{"text":"from it","language_name":"english","language_id":38},"transliteration":{"text":"min'hā","language_name":"english","language_id":38}},{"id":24893,"position":6,"audio_url":"wbw/022_022_006.mp3","qpc_uthmani_hafs":"مِنۡ","char_type_name":"word","page_number":334,"line_number":12,"text":"ﯣ","translation":{"text":"from","language_name":"english","language_id":38},"transliteration":{"text":"min","language_name":"english","language_id":38}},{"id":24894,"position":7,"audio_url":"wbw/022_022_007.mp3","qpc_uthmani_hafs":"غَمٍّ","char_type_name":"word","page_number":334,"line_number":12,"text":"ﯤ","translation":{"text":"anguish","language_name":"english","language_id":38},"transliteration":{"text":"ghammin","language_name":"english","language_id":38}},{"id":24895,"position":8,"audio_url":"wbw/022_022_008.mp3","qpc_uthmani_hafs":"أُعِيدُواْ","char_type_name":"word","page_number":334,"line_number":12,"text":"ﯥ","translation":{"text":"they will be returned","language_name":"english","language_id":38},"transliteration":{"text":"uʿīdū","language_name":"english","language_id":38}},{"id":24896,"position":9,"audio_url":"wbw/022_022_009.mp3","qpc_uthmani_hafs":"فِيهَا","char_type_name":"word","page_number":334,"line_number":12,"text":"ﯦ","translation":{"text":"therein","language_name":"english","language_id":38},"transliteration":{"text":"fīhā","language_name":"english","language_id":38}},{"id":24897,"position":10,"audio_url":"wbw/022_022_010.mp3","qpc_uthmani_hafs":"وَذُوقُواْ","char_type_name":"word","page_number":334,"line_number":12,"text":"ﯧ","translation":{"text":"Taste","language_name":"english","language_id":38},"transliteration":{"text":"wadhūqū","language_name":"english","language_id":38}},{"id":24898,"position":11,"audio_url":"wbw/022_022_011.mp3","qpc_uthmani_hafs":"عَذَابَ","char_type_name":"word","page_number":334,"line_number":12,"text":"ﯨ","translation":{"text":"(the) punishment","language_name":"english","language_id":38},"transliteration":{"text":"ʿadhāba","language_name":"english","language_id":38}},{"id":24899,"position":12,"audio_url":"wbw/022_022_012.mp3","qpc_uthmani_hafs":"ٱلۡحَرِيقِ","char_type_name":"word","page_number":334,"line_number":12,"text":"ﯩ","translation":{"text":"(of) the Burning Fire","language_name":"english","language_id":38},"transliteration":{"text":"l-ḥarīqi","language_name":"english","language_id":38}},{"id":24900,"position":13,"audio_url":null,"qpc_uthmani_hafs":"٢٢","char_type_name":"end","page_number":334,"line_number":13,"text":"ﯪ","translation":{"text":"(22)","language_name":"english","language_id":38},"transliteration":{"text":null,"language_name":"english","language_id":38}}],"translations":[{"id":919046,"resource_id":134,"text":"Setiap kali mereka hendak ke luar dari neraka lantaran kesengsaraan mereka, niscaya mereka dikembalikan ke dalamnya. (Kepada mereka dikatakan), \"Rasailah azab yang membakar ini\"."}]},{"id":2618,"verse_number":23,"verse_key":"22:23","juz_number":17,"hizb_number":34,"rub_el_hizb_number":134,"ruku_number":287,"manzil_number":4,"sajdah_number":null,"text_uthmani":"إِنَّ ٱللَّهَ يُدْخِلُ ٱلَّذِينَ ءَامَنُوا۟ وَعَمِلُوا۟ ٱلصَّـٰلِحَـٰتِ جَنَّـٰتٍ تَجْرِى مِن تَحْتِهَا ٱلْأَنْهَـٰرُ يُحَلَّوْنَ فِيهَا مِنْ أَسَاوِرَ مِن ذَهَبٍ وَلُؤْلُؤًا ۖ وَلِبَاسُهُمْ فِيهَا حَرِيرٌ","page_number":334,"words":[{"id":25946,"position":1,"audio_url":"wbw/022_023_001.mp3","qpc_uthmani_hafs":"إِنَّ","char_type_name":"word","page_number":334,"line_number":13,"text":"ﯫ","translation":{"text":"Indeed","language_name":"english","language_id":38},"transliteration":{"text":"inna","language_name":"english","language_id":38}},{"id":25947,"position":2,"audio_url":"wbw/022_023_002.mp3","qpc_uthmani_hafs":"ٱللَّهَ","char_type_name":"word","page_number":334,"line_number":13,"text":"ﯬ","translation":{"text":"Allah","language_name":"english","language_id":38},"transliteration":{"text":"l-laha","language_name":"english","language_id":38}},{"id":25948,"position":3,"audio_url":"wbw/022_023_003.mp3","qpc_uthmani_hafs":"يُدۡخِلُ","char_type_name":"word","page_number":334,"line_number":13,"text":"ﯭ","translation":{"text":"will admit","language_name":"english","language_id":38},"transliteration":{"text":"yud'khilu","language_name":"english","language_id":38}},{"id":25949,"position":4,"audio_url":"wbw/022_023_004.mp3","qpc_uthmani_hafs":"ٱلَّذِينَ","char_type_name":"word","page_number":334,"line_number":13,"text":"ﯮ","translation":{"text":"those who","language_name":"english","language_id":38},"transliteration":{"text":"alladhīna","language_name":"english","language_id":38}},{"id":25950,"position":5,"audio_url":"wbw/022_023_005.mp3","qpc_uthmani_hafs":"ءَامَنُواْ","char_type_name":"word","page_number":334,"line_number":13,"text":"ﯯ","translation":{"text":"believe","language_name":"english","language_id":38},"transliteration":{"text":"āmanū","language_name":"english","language_id":38}},{"id":25951,"position":6,"audio_url":"wbw/022_023_006.mp3","qpc_uthmani_hafs":"وَعَمِلُواْ","char_type_name":"word","page_number":334,"line_number":13,"text":"ﯰ","translation":{"text":"and do","language_name":"english","language_id":38},"transliteration":{"text":"waʿamilū","language_name":"english","language_id":38}},{"id":25952,"position":7,"audio_url":"wbw/022_023_007.mp3","qpc_uthmani_hafs":"ٱلصَّٰلِحَٰتِ","char_type_name":"word","page_number":334,"line_number":13,"text":"ﯱ","translation":{"text":"the righteous deeds","language_name":"english","language_id":38},"transliteration":{"text":"l-ṣāliḥāti","language_name":"english","language_id":38}},{"id":25953,"position":8,"audio_url":"wbw/022_023_008.mp3","qpc_uthmani_hafs":"جَنَّٰتٖ","char_type_name":"word","page_number":334,"line_number":14,"text":"ﯲ","translation":{"text":"(to) Gardens","language_name":"english","language_id":38},"transliteration":{"text":"jannātin","language_name":"english","language_id":38}},{"id":25954,"position":9,"audio_url":"wbw/022_023_009.mp3","qpc_uthmani_hafs":"تَجۡرِي","char_type_name":"word","page_number":334,"line_number":14,"text":"ﯳ","translation":{"text":"flow","language_name":"english","language_id":38},"transliteration":{"text":"tajrī","language_name":"english","language_id":38}},{"id":25955,"position":10,"audio_url":"wbw/022_023_010.mp3","qpc_uthmani_hafs":"مِن","char_type_name":"word","page_number":334,"line_number":14,"text":"ﯴ","translation":{"text":"from","language_name":"english","language_id":38},"transliteration":{"text":"min","language_name":"english","language_id":38}},{"id":25956,"position":11,"audio_url":"wbw/022_023_011.mp3","qpc_uthmani_hafs":"تَحۡتِهَا","char_type_name":"word","page_number":334,"line_number":14,"text":"ﯵ","translation":{"text":"underneath it","language_name":"english","language_id":38},"transliteration":{"text":"taḥtihā","language_name":"english","language_id":38}},{"id":25957,"position":12,"audio_url":"wbw/022_023_012.mp3","qpc_uthmani_hafs":"ٱلۡأَنۡهَٰرُ","char_type_name":"word","page_number":334,"line_number":14,"text":"ﯶ","translation":{"text":"the rivers","language_name":"english","language_id":38},"transliteration":{"text":"l-anhāru","language_name":"english","language_id":38}},{"id":25958,"position":13,"audio_url":"wbw/022_023_013.mp3","qpc_uthmani_hafs":"يُحَلَّوۡنَ","char_type_name":"word","page_number":334,"line_number":14,"text":"ﯷ","translation":{"text":"They will be adorned","language_name":"english","language_id":38},"transliteration":{"text":"yuḥallawna","language_name":"english","language_id":38}},{"id":25959,"position":14,"audio_url":"wbw/022_023_014.mp3","qpc_uthmani_hafs":"فِيهَا","char_type_name":"word","page_number":334,"line_number":14,"text":"ﯸ","translation":{"text":"therein","language_name":"english","language_id":38},"transliteration":{"text":"fīhā","language_name":"english","language_id":38}},{"id":25960,"position":15,"audio_url":"wbw/022_023_015.mp3","qpc_uthmani_hafs":"مِنۡ","char_type_name":"word","page_number":334,"line_number":14,"text":"ﯹ","translation":{"text":"with","language_name":"english","language_id":38},"transliteration":{"text":"min","language_name":"english","language_id":38}},{"id":25961,"position":16,"audio_url":"wbw/022_023_016.mp3","qpc_uthmani_hafs":"أَسَاوِرَ","char_type_name":"word","page_number":334,"line_number":15,"text":"ﯺ","translation":{"text":"bracelets","language_name":"english","language_id":38},"transliteration":{"text":"asāwira","language_name":"english","language_id":38}},{"id":25962,"position":17,"audio_url":"wbw/022_023_017.mp3","qpc_uthmani_hafs":"مِن","char_type_name":"word","page_number":334,"line_number":15,"text":"ﯻ","translation":{"text":"of","language_name":"english","language_id":38},"transliteration":{"text":"min","language_name":"english","language_id":38}},{"id":25963,"position":18,"audio_url":"wbw/022_023_018.mp3","qpc_uthmani_hafs":"ذَهَبٖ","char_type_name":"word","page_number":334,"line_number":15,"text":"ﯼ","translation":{"text":"gold","language_name":"english","language_id":38},"transliteration":{"text":"dhahabin","language_name":"english","language_id":38}},{"id":25964,"position":19,"audio_url":"wbw/022_023_019.mp3","qpc_uthmani_hafs":"وَلُؤۡلُؤٗاۖ","char_type_name":"word","page_number":334,"line_number":15,"text":"ﯽﯾ","translation":{"text":"and pearl","language_name":"english","language_id":38},"transliteration":{"text":"walu'lu-an","language_name":"english","language_id":38}},{"id":25966,"position":20,"audio_url":"wbw/022_023_021.mp3","qpc_uthmani_hafs":"وَلِبَاسُهُمۡ","char_type_name":"word","page_number":334,"line_number":15,"text":"ﯿ","translation":{"text":"and their garments","language_name":"english","language_id":38},"transliteration":{"text":"walibāsuhum","language_name":"english","language_id":38}},{"id":25967,"position":21,"audio_url":"wbw/022_023_022.mp3","qpc_uthmani_hafs":"فِيهَا","char_type_name":"word","page_number":334,"line_number":15,"text":"ﰀ","translation":{"text":"therein","language_name":"english","language_id":38},"transliteration":{"text":"fīhā","language_name":"english","language_id":38}},{"id":25968,"position":22,"audio_url":"wbw/022_023_023.mp3","qpc_uthmani_hafs":"حَرِيرٞ","char_type_name":"word","page_number":334,"line_number":15,"text":"ﰁ","translation":{"text":"(will be of) silk","language_name":"english","language_id":38},"transliteration":{"text":"ḥarīrun","language_name":"english","language_id":38}},{"id":25969,"position":23,"audio_url":null,"qpc_uthmani_hafs":"٢٣","char_type_name":"end","page_number":334,"line_number":15,"text":"ﰂ","translation":{"text":"(23)","language_name":"english","language_id":38},"transliteration":{"text":null,"language_name":"english","language_id":38}}],"translations":[{"id":919047,"resource_id":134,"text":"Sesungguhnya Allah memasukkan orang-orang beriman dan mengerjakan amal yang saleh ke dalam surga-surga yang di bawahnya mengalir sungai-sungai.  Di surga itu mereka diberi perhiasan dengan gelang-gelang dari emas dan mutiara dan pakaian mereka adalah sutra."}]}],"pagination":{"per_page":50,"current_page":1,"next_page":null,"total_pages":1,"total_records":8}}