{"verses":[{"id":2748,"verse_number":75,"verse_key":"23:75","juz_number":18,"hizb_number":35,"rub_el_hizb_number":139,"ruku_number":298,"manzil_number":4,"sajdah_number":null,"text_uthmani":"۞ وَلَوْ رَحِمْنَـٰهُمْ وَكَشَفْنَا مَا بِهِم مِّن ضُرٍّ لَّلَجُّوا۟ فِى طُغْيَـٰنِهِمْ يَعْمَهُونَ","page_number":347,"words":[{"id":62278,"position":1,"audio_url":"wbw/023_075_002.mp3","qpc_uthmani_hafs":"۞ وَلَوۡ","char_type_name":"word","page_number":347,"line_number":1,"text":"ﭑ ﭒ","translation":{"text":"And if","language_name":"english","language_id":38},"transliteration":{"text":"walaw","language_name":"english","language_id":38}},{"id":62279,"position":2,"audio_url":"wbw/023_075_003.mp3","qpc_uthmani_hafs":"رَحِمۡنَٰهُمۡ","char_type_name":"word","page_number":347,"line_number":1,"text":"ﭓ","translation":{"text":"We had mercy on them","language_name":"english","language_id":38},"transliteration":{"text":"raḥim'nāhum","language_name":"english","language_id":38}},{"id":62280,"position":3,"audio_url":"wbw/023_075_004.mp3","qpc_uthmani_hafs":"وَكَشَفۡنَا","char_type_name":"word","page_number":347,"line_number":1,"text":"ﭔ","translation":{"text":"and We removed","language_name":"english","language_id":38},"transliteration":{"text":"wakashafnā","language_name":"english","language_id":38}},{"id":62281,"position":4,"audio_url":"wbw/023_075_005.mp3","qpc_uthmani_hafs":"مَا","char_type_name":"word","page_number":347,"line_number":1,"text":"ﭕ","translation":{"text":"what","language_name":"english","language_id":38},"transliteration":{"text":"mā","language_name":"english","language_id":38}},{"id":62282,"position":5,"audio_url":"wbw/023_075_006.mp3","qpc_uthmani_hafs":"بِهِم","char_type_name":"word","page_number":347,"line_number":1,"text":"ﭖ","translation":{"text":"(was) on them","language_name":"english","language_id":38},"transliteration":{"text":"bihim","language_name":"english","language_id":38}},{"id":62283,"position":6,"audio_url":"wbw/023_075_007.mp3","qpc_uthmani_hafs":"مِّن","char_type_name":"word","page_number":347,"line_number":1,"text":"ﭗ","translation":{"text":"of","language_name":"english","language_id":38},"transliteration":{"text":"min","language_name":"english","language_id":38}},{"id":62284,"position":7,"audio_url":"wbw/023_075_008.mp3","qpc_uthmani_hafs":"ضُرّٖ","char_type_name":"word","page_number":347,"line_number":1,"text":"ﭘ","translation":{"text":"(the) hardship","language_name":"english","language_id":38},"transliteration":{"text":"ḍurrin","language_name":"english","language_id":38}},{"id":62285,"position":8,"audio_url":"wbw/023_075_009.mp3","qpc_uthmani_hafs":"لَّلَجُّواْ","char_type_name":"word","page_number":347,"line_number":1,"text":"ﭙ","translation":{"text":"surely they would persist","language_name":"english","language_id":38},"transliteration":{"text":"lalajjū","language_name":"english","language_id":38}},{"id":62286,"position":9,"audio_url":"wbw/023_075_010.mp3","qpc_uthmani_hafs":"فِي","char_type_name":"word","page_number":347,"line_number":1,"text":"ﭚ","translation":{"text":"in","language_name":"english","language_id":38},"transliteration":{"text":"fī","language_name":"english","language_id":38}},{"id":62287,"position":10,"audio_url":"wbw/023_075_011.mp3","qpc_uthmani_hafs":"طُغۡيَٰنِهِمۡ","char_type_name":"word","page_number":347,"line_number":1,"text":"ﭛ","translation":{"text":"their transgression","language_name":"english","language_id":38},"transliteration":{"text":"ṭugh'yānihim","language_name":"english","language_id":38}},{"id":62288,"position":11,"audio_url":"wbw/023_075_012.mp3","qpc_uthmani_hafs":"يَعۡمَهُونَ","char_type_name":"word","page_number":347,"line_number":2,"text":"ﭜ","translation":{"text":"wandering blindly","language_name":"english","language_id":38},"transliteration":{"text":"yaʿmahūna","language_name":"english","language_id":38}},{"id":62289,"position":12,"audio_url":null,"qpc_uthmani_hafs":"٧٥","char_type_name":"end","page_number":347,"line_number":2,"text":"ﭝ","translation":{"text":"(75)","language_name":"english","language_id":38},"transliteration":{"text":null,"language_name":"english","language_id":38}}],"translations":[{"id":919177,"resource_id":134,"text":"Andaikata mereka Kami belas kasihani dan Kami lenyapkan kemudaratan yang mereka alami <sup foot_note=210782>1</sup>, benar-benar mereka akan terus-menerus terombang-ambing dalam keterlaluan <sup foot_note=210783>2</sup> mereka."}]},{"id":2749,"verse_number":76,"verse_key":"23:76","juz_number":18,"hizb_number":35,"rub_el_hizb_number":139,"ruku_number":298,"manzil_number":4,"sajdah_number":null,"text_uthmani":"وَلَقَدْ أَخَذْنَـٰهُم بِٱلْعَذَابِ فَمَا ٱسْتَكَانُوا۟ لِرَبِّهِمْ وَمَا يَتَضَرَّعُونَ","page_number":347,"words":[{"id":62426,"position":1,"audio_url":"wbw/023_076_001.mp3","qpc_uthmani_hafs":"وَلَقَدۡ","char_type_name":"word","page_number":347,"line_number":2,"text":"ﭞ","translation":{"text":"And verily","language_name":"english","language_id":38},"transliteration":{"text":"walaqad","language_name":"english","language_id":38}},{"id":62427,"position":2,"audio_url":"wbw/023_076_002.mp3","qpc_uthmani_hafs":"أَخَذۡنَٰهُم","char_type_name":"word","page_number":347,"line_number":2,"text":"ﭟ","translation":{"text":"We seized them","language_name":"english","language_id":38},"transliteration":{"text":"akhadhnāhum","language_name":"english","language_id":38}},{"id":62428,"position":3,"audio_url":"wbw/023_076_003.mp3","qpc_uthmani_hafs":"بِٱلۡعَذَابِ","char_type_name":"word","page_number":347,"line_number":2,"text":"ﭠ","translation":{"text":"with the punishment","language_name":"english","language_id":38},"transliteration":{"text":"bil-ʿadhābi","language_name":"english","language_id":38}},{"id":62429,"position":4,"audio_url":"wbw/023_076_004.mp3","qpc_uthmani_hafs":"فَمَا","char_type_name":"word","page_number":347,"line_number":2,"text":"ﭡ","translation":{"text":"but not","language_name":"english","language_id":38},"transliteration":{"text":"famā","language_name":"english","language_id":38}},{"id":62430,"position":5,"audio_url":"wbw/023_076_005.mp3","qpc_uthmani_hafs":"ٱسۡتَكَانُواْ","char_type_name":"word","page_number":347,"line_number":2,"text":"ﭢ","translation":{"text":"they submit","language_name":"english","language_id":38},"transliteration":{"text":"is'takānū","language_name":"english","language_id":38}},{"id":62431,"position":6,"audio_url":"wbw/023_076_006.mp3","qpc_uthmani_hafs":"لِرَبِّهِمۡ","char_type_name":"word","page_number":347,"line_number":2,"text":"ﭣ","translation":{"text":"to their Lord","language_name":"english","language_id":38},"transliteration":{"text":"lirabbihim","language_name":"english","language_id":38}},{"id":62432,"position":7,"audio_url":"wbw/023_076_007.mp3","qpc_uthmani_hafs":"وَمَا","char_type_name":"word","page_number":347,"line_number":3,"text":"ﭤ","translation":{"text":"and not","language_name":"english","language_id":38},"transliteration":{"text":"wamā","language_name":"english","language_id":38}},{"id":62433,"position":8,"audio_url":"wbw/023_076_008.mp3","qpc_uthmani_hafs":"يَتَضَرَّعُونَ","char_type_name":"word","page_number":347,"line_number":3,"text":"ﭥ","translation":{"text":"they supplicate humbly","language_name":"english","language_id":38},"transliteration":{"text":"yataḍarraʿūna","language_name":"english","language_id":38}},{"id":62434,"position":9,"audio_url":null,"qpc_uthmani_hafs":"٧٦","char_type_name":"end","page_number":347,"line_number":3,"text":"ﭦ","translation":{"text":"(76)","language_name":"english","language_id":38},"transliteration":{"text":null,"language_name":"english","language_id":38}}],"translations":[{"id":919178,"resource_id":134,"text":"Dan sesungguhnya, Kami telah pernah menimpakan azab kepada mereka <sup foot_note=210784>1</sup>, maka mereka tidak tunduk kepada Tuhan mereka dan (juga) tidak memohon (kepada-Nya) dengan merendahkan diri."}]},{"id":2750,"verse_number":77,"verse_key":"23:77","juz_number":18,"hizb_number":35,"rub_el_hizb_number":139,"ruku_number":298,"manzil_number":4,"sajdah_number":null,"text_uthmani":"حَتَّىٰٓ إِذَا فَتَحْنَا عَلَيْهِم بَابًا ذَا عَذَابٍ شَدِيدٍ إِذَا هُمْ فِيهِ مُبْلِسُونَ","page_number":347,"words":[{"id":63184,"position":1,"audio_url":"wbw/023_077_001.mp3","qpc_uthmani_hafs":"حَتَّىٰٓ","char_type_name":"word","page_number":347,"line_number":3,"text":"ﭧ","translation":{"text":"Until","language_name":"english","language_id":38},"transliteration":{"text":"ḥattā","language_name":"english","language_id":38}},{"id":63185,"position":2,"audio_url":"wbw/023_077_002.mp3","qpc_uthmani_hafs":"إِذَا","char_type_name":"word","page_number":347,"line_number":3,"text":"ﭨ","translation":{"text":"when","language_name":"english","language_id":38},"transliteration":{"text":"idhā","language_name":"english","language_id":38}},{"id":63186,"position":3,"audio_url":"wbw/023_077_003.mp3","qpc_uthmani_hafs":"فَتَحۡنَا","char_type_name":"word","page_number":347,"line_number":3,"text":"ﭩ","translation":{"text":"We opened","language_name":"english","language_id":38},"transliteration":{"text":"fataḥnā","language_name":"english","language_id":38}},{"id":63187,"position":4,"audio_url":"wbw/023_077_004.mp3","qpc_uthmani_hafs":"عَلَيۡهِم","char_type_name":"word","page_number":347,"line_number":3,"text":"ﭪ","translation":{"text":"for them","language_name":"english","language_id":38},"transliteration":{"text":"ʿalayhim","language_name":"english","language_id":38}},{"id":63188,"position":5,"audio_url":"wbw/023_077_005.mp3","qpc_uthmani_hafs":"بَابٗا","char_type_name":"word","page_number":347,"line_number":3,"text":"ﭫ","translation":{"text":"a gate","language_name":"english","language_id":38},"transliteration":{"text":"bāban","language_name":"english","language_id":38}},{"id":63189,"position":6,"audio_url":"wbw/023_077_006.mp3","qpc_uthmani_hafs":"ذَا","char_type_name":"word","page_number":347,"line_number":3,"text":"ﭬ","translation":{"text":"of a punishment","language_name":"english","language_id":38},"transliteration":{"text":"dhā","language_name":"english","language_id":38}},{"id":63190,"position":7,"audio_url":"wbw/023_077_007.mp3","qpc_uthmani_hafs":"عَذَابٖ","char_type_name":"word","page_number":347,"line_number":3,"text":"ﭭ","translation":{"text":"of a punishment","language_name":"english","language_id":38},"transliteration":{"text":"ʿadhābin","language_name":"english","language_id":38}},{"id":63191,"position":8,"audio_url":"wbw/023_077_008.mp3","qpc_uthmani_hafs":"شَدِيدٍ","char_type_name":"word","page_number":347,"line_number":3,"text":"ﭮ","translation":{"text":"severe","language_name":"english","language_id":38},"transliteration":{"text":"shadīdin","language_name":"english","language_id":38}},{"id":63192,"position":9,"audio_url":"wbw/023_077_009.mp3","qpc_uthmani_hafs":"إِذَا","char_type_name":"word","page_number":347,"line_number":4,"text":"ﭯ","translation":{"text":"behold","language_name":"english","language_id":38},"transliteration":{"text":"idhā","language_name":"english","language_id":38}},{"id":63193,"position":10,"audio_url":"wbw/023_077_010.mp3","qpc_uthmani_hafs":"هُمۡ","char_type_name":"word","page_number":347,"line_number":4,"text":"ﭰ","translation":{"text":"They","language_name":"english","language_id":38},"transliteration":{"text":"hum","language_name":"english","language_id":38}},{"id":63194,"position":11,"audio_url":"wbw/023_077_011.mp3","qpc_uthmani_hafs":"فِيهِ","char_type_name":"word","page_number":347,"line_number":4,"text":"ﭱ","translation":{"text":"in it","language_name":"english","language_id":38},"transliteration":{"text":"fīhi","language_name":"english","language_id":38}},{"id":63195,"position":12,"audio_url":"wbw/023_077_012.mp3","qpc_uthmani_hafs":"مُبۡلِسُونَ","char_type_name":"word","page_number":347,"line_number":4,"text":"ﭲ","translation":{"text":"(will be in) despair","language_name":"english","language_id":38},"transliteration":{"text":"mub'lisūna","language_name":"english","language_id":38}},{"id":63196,"position":13,"audio_url":null,"qpc_uthmani_hafs":"٧٧","char_type_name":"end","page_number":347,"line_number":4,"text":"ﭳ","translation":{"text":"(77)","language_name":"english","language_id":38},"transliteration":{"text":null,"language_name":"english","language_id":38}}],"translations":[{"id":919179,"resource_id":134,"text":"Hingga apabila Kami bukakan untuk mereka suatu pintu yang ada azab yang amat sangat (di waktu itulah) tiba-tiba mereka menjadi putus asa."}]},{"id":2751,"verse_number":78,"verse_key":"23:78","juz_number":18,"hizb_number":35,"rub_el_hizb_number":139,"ruku_number":299,"manzil_number":4,"sajdah_number":null,"text_uthmani":"وَهُوَ ٱلَّذِىٓ أَنشَأَ لَكُمُ ٱلسَّمْعَ وَٱلْأَبْصَـٰرَ وَٱلْأَفْـِٔدَةَ ۚ قَلِيلًا مَّا تَشْكُرُونَ","page_number":347,"words":[{"id":63428,"position":1,"audio_url":"wbw/023_078_001.mp3","qpc_uthmani_hafs":"وَهُوَ","char_type_name":"word","page_number":347,"line_number":4,"text":"ﭴ","translation":{"text":"And He","language_name":"english","language_id":38},"transliteration":{"text":"wahuwa","language_name":"english","language_id":38}},{"id":63429,"position":2,"audio_url":"wbw/023_078_002.mp3","qpc_uthmani_hafs":"ٱلَّذِيٓ","char_type_name":"word","page_number":347,"line_number":4,"text":"ﭵ","translation":{"text":"(is) the One Who","language_name":"english","language_id":38},"transliteration":{"text":"alladhī","language_name":"english","language_id":38}},{"id":63430,"position":3,"audio_url":"wbw/023_078_003.mp3","qpc_uthmani_hafs":"أَنشَأَ","char_type_name":"word","page_number":347,"line_number":4,"text":"ﭶ","translation":{"text":"produced","language_name":"english","language_id":38},"transliteration":{"text":"ansha-a","language_name":"english","language_id":38}},{"id":63431,"position":4,"audio_url":"wbw/023_078_004.mp3","qpc_uthmani_hafs":"لَكُمُ","char_type_name":"word","page_number":347,"line_number":4,"text":"ﭷ","translation":{"text":"for you","language_name":"english","language_id":38},"transliteration":{"text":"lakumu","language_name":"english","language_id":38}},{"id":63432,"position":5,"audio_url":"wbw/023_078_005.mp3","qpc_uthmani_hafs":"ٱلسَّمۡعَ","char_type_name":"word","page_number":347,"line_number":4,"text":"ﭸ","translation":{"text":"the hearing","language_name":"english","language_id":38},"transliteration":{"text":"l-samʿa","language_name":"english","language_id":38}},{"id":63433,"position":6,"audio_url":"wbw/023_078_006.mp3","qpc_uthmani_hafs":"وَٱلۡأَبۡصَٰرَ","char_type_name":"word","page_number":347,"line_number":4,"text":"ﭹ","translation":{"text":"and the sight","language_name":"english","language_id":38},"transliteration":{"text":"wal-abṣāra","language_name":"english","language_id":38}},{"id":63434,"position":7,"audio_url":"wbw/023_078_007.mp3","qpc_uthmani_hafs":"وَٱلۡأَفۡـِٔدَةَۚ","char_type_name":"word","page_number":347,"line_number":5,"text":"ﭺﭻ","translation":{"text":"and the feeling","language_name":"english","language_id":38},"transliteration":{"text":"wal-afidata","language_name":"english","language_id":38}},{"id":63436,"position":8,"audio_url":"wbw/023_078_009.mp3","qpc_uthmani_hafs":"قَلِيلٗا","char_type_name":"word","page_number":347,"line_number":5,"text":"ﭼ","translation":{"text":"little","language_name":"english","language_id":38},"transliteration":{"text":"qalīlan","language_name":"english","language_id":38}},{"id":63437,"position":9,"audio_url":"wbw/023_078_010.mp3","qpc_uthmani_hafs":"مَّا","char_type_name":"word","page_number":347,"line_number":5,"text":"ﭽ","translation":{"text":"(is) what","language_name":"english","language_id":38},"transliteration":{"text":"mā","language_name":"english","language_id":38}},{"id":63438,"position":10,"audio_url":"wbw/023_078_011.mp3","qpc_uthmani_hafs":"تَشۡكُرُونَ","char_type_name":"word","page_number":347,"line_number":5,"text":"ﭾ","translation":{"text":"you give thanks","language_name":"english","language_id":38},"transliteration":{"text":"tashkurūna","language_name":"english","language_id":38}},{"id":63439,"position":11,"audio_url":null,"qpc_uthmani_hafs":"٧٨","char_type_name":"end","page_number":347,"line_number":5,"text":"ﭿ","translation":{"text":"(78)","language_name":"english","language_id":38},"transliteration":{"text":null,"language_name":"english","language_id":38}}],"translations":[{"id":919180,"resource_id":134,"text":"Dan Dia-lah yang telah menciptakan bagi kamu sekalian, pendengaran, penglihatan, dan hati.  Amat sedikitlah kamu bersyukur <sup foot_note=210785>1</sup>."}]},{"id":2752,"verse_number":79,"verse_key":"23:79","juz_number":18,"hizb_number":35,"rub_el_hizb_number":139,"ruku_number":299,"manzil_number":4,"sajdah_number":null,"text_uthmani":"وَهُوَ ٱلَّذِى ذَرَأَكُمْ فِى ٱلْأَرْضِ وَإِلَيْهِ تُحْشَرُونَ","page_number":347,"words":[{"id":63770,"position":1,"audio_url":"wbw/023_079_001.mp3","qpc_uthmani_hafs":"وَهُوَ","char_type_name":"word","page_number":347,"line_number":5,"text":"ﮀ","translation":{"text":"And He","language_name":"english","language_id":38},"transliteration":{"text":"wahuwa","language_name":"english","language_id":38}},{"id":63771,"position":2,"audio_url":"wbw/023_079_002.mp3","qpc_uthmani_hafs":"ٱلَّذِي","char_type_name":"word","page_number":347,"line_number":5,"text":"ﮁ","translation":{"text":"(is) the One Who","language_name":"english","language_id":38},"transliteration":{"text":"alladhī","language_name":"english","language_id":38}},{"id":63772,"position":3,"audio_url":"wbw/023_079_003.mp3","qpc_uthmani_hafs":"ذَرَأَكُمۡ","char_type_name":"word","page_number":347,"line_number":5,"text":"ﮂ","translation":{"text":"multiplied you","language_name":"english","language_id":38},"transliteration":{"text":"dhara-akum","language_name":"english","language_id":38}},{"id":63773,"position":4,"audio_url":"wbw/023_079_004.mp3","qpc_uthmani_hafs":"فِي","char_type_name":"word","page_number":347,"line_number":5,"text":"ﮃ","translation":{"text":"in","language_name":"english","language_id":38},"transliteration":{"text":"fī","language_name":"english","language_id":38}},{"id":63774,"position":5,"audio_url":"wbw/023_079_005.mp3","qpc_uthmani_hafs":"ٱلۡأَرۡضِ","char_type_name":"word","page_number":347,"line_number":5,"text":"ﮄ","translation":{"text":"the earth","language_name":"english","language_id":38},"transliteration":{"text":"l-arḍi","language_name":"english","language_id":38}},{"id":63775,"position":6,"audio_url":"wbw/023_079_006.mp3","qpc_uthmani_hafs":"وَإِلَيۡهِ","char_type_name":"word","page_number":347,"line_number":6,"text":"ﮅ","translation":{"text":"and to Him","language_name":"english","language_id":38},"transliteration":{"text":"wa-ilayhi","language_name":"english","language_id":38}},{"id":63776,"position":7,"audio_url":"wbw/023_079_007.mp3","qpc_uthmani_hafs":"تُحۡشَرُونَ","char_type_name":"word","page_number":347,"line_number":6,"text":"ﮆ","translation":{"text":"you will be gathered","language_name":"english","language_id":38},"transliteration":{"text":"tuḥ'sharūna","language_name":"english","language_id":38}},{"id":63777,"position":8,"audio_url":null,"qpc_uthmani_hafs":"٧٩","char_type_name":"end","page_number":347,"line_number":6,"text":"ﮇ","translation":{"text":"(79)","language_name":"english","language_id":38},"transliteration":{"text":null,"language_name":"english","language_id":38}}],"translations":[{"id":919181,"resource_id":134,"text":"Dan Dia-lah yang menciptakan serta mengembangbiakkan kamu di bumi ini dan kepada-Nya-lah kamu akan dihimpunkan."}]},{"id":2753,"verse_number":80,"verse_key":"23:80","juz_number":18,"hizb_number":35,"rub_el_hizb_number":139,"ruku_number":299,"manzil_number":4,"sajdah_number":null,"text_uthmani":"وَهُوَ ٱلَّذِى يُحْىِۦ وَيُمِيتُ وَلَهُ ٱخْتِلَـٰفُ ٱلَّيْلِ وَٱلنَّهَارِ ۚ أَفَلَا تَعْقِلُونَ","page_number":347,"words":[{"id":64378,"position":1,"audio_url":"wbw/023_080_001.mp3","qpc_uthmani_hafs":"وَهُوَ","char_type_name":"word","page_number":347,"line_number":6,"text":"ﮈ","translation":{"text":"And He","language_name":"english","language_id":38},"transliteration":{"text":"wahuwa","language_name":"english","language_id":38}},{"id":64379,"position":2,"audio_url":"wbw/023_080_002.mp3","qpc_uthmani_hafs":"ٱلَّذِي","char_type_name":"word","page_number":347,"line_number":6,"text":"ﮉ","translation":{"text":"(is) the One Who","language_name":"english","language_id":38},"transliteration":{"text":"alladhī","language_name":"english","language_id":38}},{"id":64380,"position":3,"audio_url":"wbw/023_080_003.mp3","qpc_uthmani_hafs":"يُحۡيِۦ","char_type_name":"word","page_number":347,"line_number":6,"text":"ﮊ","translation":{"text":"gives life","language_name":"english","language_id":38},"transliteration":{"text":"yuḥ'yī","language_name":"english","language_id":38}},{"id":64381,"position":4,"audio_url":"wbw/023_080_004.mp3","qpc_uthmani_hafs":"وَيُمِيتُ","char_type_name":"word","page_number":347,"line_number":6,"text":"ﮋ","translation":{"text":"and causes death","language_name":"english","language_id":38},"transliteration":{"text":"wayumītu","language_name":"english","language_id":38}},{"id":64382,"position":5,"audio_url":"wbw/023_080_005.mp3","qpc_uthmani_hafs":"وَلَهُ","char_type_name":"word","page_number":347,"line_number":6,"text":"ﮌ","translation":{"text":"and for Him","language_name":"english","language_id":38},"transliteration":{"text":"walahu","language_name":"english","language_id":38}},{"id":64383,"position":6,"audio_url":"wbw/023_080_006.mp3","qpc_uthmani_hafs":"ٱخۡتِلَٰفُ","char_type_name":"word","page_number":347,"line_number":6,"text":"ﮍ","translation":{"text":"(is the) alternation","language_name":"english","language_id":38},"transliteration":{"text":"ikh'tilāfu","language_name":"english","language_id":38}},{"id":64384,"position":7,"audio_url":"wbw/023_080_007.mp3","qpc_uthmani_hafs":"ٱلَّيۡلِ","char_type_name":"word","page_number":347,"line_number":7,"text":"ﮎ","translation":{"text":"(of) the night","language_name":"english","language_id":38},"transliteration":{"text":"al-layli","language_name":"english","language_id":38}},{"id":64385,"position":8,"audio_url":"wbw/023_080_008.mp3","qpc_uthmani_hafs":"وَٱلنَّهَارِۚ","char_type_name":"word","page_number":347,"line_number":7,"text":"ﮏﮐ","translation":{"text":"and the day","language_name":"english","language_id":38},"transliteration":{"text":"wal-nahāri","language_name":"english","language_id":38}},{"id":64387,"position":9,"audio_url":"wbw/023_080_010.mp3","qpc_uthmani_hafs":"أَفَلَا","char_type_name":"word","page_number":347,"line_number":7,"text":"ﮑ","translation":{"text":"Then will not","language_name":"english","language_id":38},"transliteration":{"text":"afalā","language_name":"english","language_id":38}},{"id":64388,"position":10,"audio_url":"wbw/023_080_011.mp3","qpc_uthmani_hafs":"تَعۡقِلُونَ","char_type_name":"word","page_number":347,"line_number":7,"text":"ﮒ","translation":{"text":"you reason","language_name":"english","language_id":38},"transliteration":{"text":"taʿqilūna","language_name":"english","language_id":38}},{"id":64389,"position":11,"audio_url":null,"qpc_uthmani_hafs":"٨٠","char_type_name":"end","page_number":347,"line_number":7,"text":"ﮓ","translation":{"text":"(80)","language_name":"english","language_id":38},"transliteration":{"text":null,"language_name":"english","language_id":38}}],"translations":[{"id":919182,"resource_id":134,"text":"Dan Dia-lah yang menghidupkan dan mematikan dan Dia-lah yang (mengatur) pertukaran malam dan siang.  Maka apakah kamu tidak memahaminya?"}]},{"id":2754,"verse_number":81,"verse_key":"23:81","juz_number":18,"hizb_number":35,"rub_el_hizb_number":139,"ruku_number":299,"manzil_number":4,"sajdah_number":null,"text_uthmani":"بَلْ قَالُوا۟ مِثْلَ مَا قَالَ ٱلْأَوَّلُونَ","page_number":347,"words":[{"id":64860,"position":1,"audio_url":"wbw/023_081_001.mp3","qpc_uthmani_hafs":"بَلۡ","char_type_name":"word","page_number":347,"line_number":7,"text":"ﮔ","translation":{"text":"Nay","language_name":"english","language_id":38},"transliteration":{"text":"bal","language_name":"english","language_id":38}},{"id":64861,"position":2,"audio_url":"wbw/023_081_002.mp3","qpc_uthmani_hafs":"قَالُواْ","char_type_name":"word","page_number":347,"line_number":7,"text":"ﮕ","translation":{"text":"they say","language_name":"english","language_id":38},"transliteration":{"text":"qālū","language_name":"english","language_id":38}},{"id":64862,"position":3,"audio_url":"wbw/023_081_003.mp3","qpc_uthmani_hafs":"مِثۡلَ","char_type_name":"word","page_number":347,"line_number":7,"text":"ﮖ","translation":{"text":"(the) like","language_name":"english","language_id":38},"transliteration":{"text":"mith'la","language_name":"english","language_id":38}},{"id":64863,"position":4,"audio_url":"wbw/023_081_004.mp3","qpc_uthmani_hafs":"مَا","char_type_name":"word","page_number":347,"line_number":7,"text":"ﮗ","translation":{"text":"(of) what","language_name":"english","language_id":38},"transliteration":{"text":"mā","language_name":"english","language_id":38}},{"id":64864,"position":5,"audio_url":"wbw/023_081_005.mp3","qpc_uthmani_hafs":"قَالَ","char_type_name":"word","page_number":347,"line_number":7,"text":"ﮘ","translation":{"text":"said","language_name":"english","language_id":38},"transliteration":{"text":"qāla","language_name":"english","language_id":38}},{"id":64865,"position":6,"audio_url":"wbw/023_081_006.mp3","qpc_uthmani_hafs":"ٱلۡأَوَّلُونَ","char_type_name":"word","page_number":347,"line_number":8,"text":"ﮙ","translation":{"text":"the former (people)","language_name":"english","language_id":38},"transliteration":{"text":"l-awalūna","language_name":"english","language_id":38}},{"id":64866,"position":7,"audio_url":null,"qpc_uthmani_hafs":"٨١","char_type_name":"end","page_number":347,"line_number":8,"text":"ﮚ","translation":{"text":"(81)","language_name":"english","language_id":38},"transliteration":{"text":null,"language_name":"english","language_id":38}}],"translations":[{"id":919183,"resource_id":134,"text":"Sebenarnya mereka mengucapkan perkataan yang serupa dengan perkataan yang diucapkan oleh orang-orang dahulu kala."}]},{"id":2755,"verse_number":82,"verse_key":"23:82","juz_number":18,"hizb_number":35,"rub_el_hizb_number":139,"ruku_number":299,"manzil_number":4,"sajdah_number":null,"text_uthmani":"قَالُوٓا۟ أَءِذَا مِتْنَا وَكُنَّا تُرَابًا وَعِظَـٰمًا أَءِنَّا لَمَبْعُوثُونَ","page_number":347,"words":[{"id":65052,"position":1,"audio_url":"wbw/023_082_001.mp3","qpc_uthmani_hafs":"قَالُوٓاْ","char_type_name":"word","page_number":347,"line_number":8,"text":"ﮛ","translation":{"text":"They said","language_name":"english","language_id":38},"transliteration":{"text":"qālū","language_name":"english","language_id":38}},{"id":65053,"position":2,"audio_url":"wbw/023_082_002.mp3","qpc_uthmani_hafs":"أَءِذَا","char_type_name":"word","page_number":347,"line_number":8,"text":"ﮜ","translation":{"text":"What! When","language_name":"english","language_id":38},"transliteration":{"text":"a-idhā","language_name":"english","language_id":38}},{"id":65054,"position":3,"audio_url":"wbw/023_082_003.mp3","qpc_uthmani_hafs":"مِتۡنَا","char_type_name":"word","page_number":347,"line_number":8,"text":"ﮝ","translation":{"text":"we are dead","language_name":"english","language_id":38},"transliteration":{"text":"mit'nā","language_name":"english","language_id":38}},{"id":65055,"position":4,"audio_url":"wbw/023_082_004.mp3","qpc_uthmani_hafs":"وَكُنَّا","char_type_name":"word","page_number":347,"line_number":8,"text":"ﮞ","translation":{"text":"and become","language_name":"english","language_id":38},"transliteration":{"text":"wakunnā","language_name":"english","language_id":38}},{"id":65056,"position":5,"audio_url":"wbw/023_082_005.mp3","qpc_uthmani_hafs":"تُرَابٗا","char_type_name":"word","page_number":347,"line_number":8,"text":"ﮟ","translation":{"text":"dust","language_name":"english","language_id":38},"transliteration":{"text":"turāban","language_name":"english","language_id":38}},{"id":65057,"position":6,"audio_url":"wbw/023_082_006.mp3","qpc_uthmani_hafs":"وَعِظَٰمًا","char_type_name":"word","page_number":347,"line_number":8,"text":"ﮠ","translation":{"text":"and bones","language_name":"english","language_id":38},"transliteration":{"text":"waʿiẓāman","language_name":"english","language_id":38}},{"id":65058,"position":7,"audio_url":"wbw/023_082_007.mp3","qpc_uthmani_hafs":"أَءِنَّا","char_type_name":"word","page_number":347,"line_number":8,"text":"ﮡ","translation":{"text":"would we","language_name":"english","language_id":38},"transliteration":{"text":"a-innā","language_name":"english","language_id":38}},{"id":65059,"position":8,"audio_url":"wbw/023_082_008.mp3","qpc_uthmani_hafs":"لَمَبۡعُوثُونَ","char_type_name":"word","page_number":347,"line_number":9,"text":"ﮢ","translation":{"text":"surely be resurrected","language_name":"english","language_id":38},"transliteration":{"text":"lamabʿūthūna","language_name":"english","language_id":38}},{"id":65060,"position":9,"audio_url":null,"qpc_uthmani_hafs":"٨٢","char_type_name":"end","page_number":347,"line_number":9,"text":"ﮣ","translation":{"text":"(82)","language_name":"english","language_id":38},"transliteration":{"text":null,"language_name":"english","language_id":38}}],"translations":[{"id":919184,"resource_id":134,"text":"Mereka berkata, \"Apakah betul, apabila kami telah mati dan kami telah menjadi tanah dan tulang belulang, apakah sesungguhnya kami benar-benar akan dibangkitkan?"}]},{"id":2756,"verse_number":83,"verse_key":"23:83","juz_number":18,"hizb_number":35,"rub_el_hizb_number":139,"ruku_number":299,"manzil_number":4,"sajdah_number":null,"text_uthmani":"لَقَدْ وُعِدْنَا نَحْنُ وَءَابَآؤُنَا هَـٰذَا مِن قَبْلُ إِنْ هَـٰذَآ إِلَّآ أَسَـٰطِيرُ ٱلْأَوَّلِينَ","page_number":347,"words":[{"id":65507,"position":1,"audio_url":"wbw/023_083_001.mp3","qpc_uthmani_hafs":"لَقَدۡ","char_type_name":"word","page_number":347,"line_number":9,"text":"ﮤ","translation":{"text":"Verily","language_name":"english","language_id":38},"transliteration":{"text":"laqad","language_name":"english","language_id":38}},{"id":65508,"position":2,"audio_url":"wbw/023_083_002.mp3","qpc_uthmani_hafs":"وُعِدۡنَا","char_type_name":"word","page_number":347,"line_number":9,"text":"ﮥ","translation":{"text":"we have been promised","language_name":"english","language_id":38},"transliteration":{"text":"wuʿid'nā","language_name":"english","language_id":38}},{"id":65509,"position":3,"audio_url":"wbw/023_083_003.mp3","qpc_uthmani_hafs":"نَحۡنُ","char_type_name":"word","page_number":347,"line_number":9,"text":"ﮦ","translation":{"text":"[we]","language_name":"english","language_id":38},"transliteration":{"text":"naḥnu","language_name":"english","language_id":38}},{"id":65510,"position":4,"audio_url":"wbw/023_083_004.mp3","qpc_uthmani_hafs":"وَءَابَآؤُنَا","char_type_name":"word","page_number":347,"line_number":9,"text":"ﮧ","translation":{"text":"and our forefathers","language_name":"english","language_id":38},"transliteration":{"text":"waābāunā","language_name":"english","language_id":38}},{"id":65511,"position":5,"audio_url":"wbw/023_083_005.mp3","qpc_uthmani_hafs":"هَٰذَا","char_type_name":"word","page_number":347,"line_number":9,"text":"ﮨ","translation":{"text":"this","language_name":"english","language_id":38},"transliteration":{"text":"hādhā","language_name":"english","language_id":38}},{"id":65512,"position":6,"audio_url":"wbw/023_083_006.mp3","qpc_uthmani_hafs":"مِن","char_type_name":"word","page_number":347,"line_number":9,"text":"ﮩ","translation":{"text":"before","language_name":"english","language_id":38},"transliteration":{"text":"min","language_name":"english","language_id":38}},{"id":65513,"position":7,"audio_url":"wbw/023_083_007.mp3","qpc_uthmani_hafs":"قَبۡلُ","char_type_name":"word","page_number":347,"line_number":9,"text":"ﮪ","translation":{"text":"before","language_name":"english","language_id":38},"transliteration":{"text":"qablu","language_name":"english","language_id":38}},{"id":65514,"position":8,"audio_url":"wbw/023_083_008.mp3","qpc_uthmani_hafs":"إِنۡ","char_type_name":"word","page_number":347,"line_number":9,"text":"ﮫ","translation":{"text":"not","language_name":"english","language_id":38},"transliteration":{"text":"in","language_name":"english","language_id":38}},{"id":65515,"position":9,"audio_url":"wbw/023_083_009.mp3","qpc_uthmani_hafs":"هَٰذَآ","char_type_name":"word","page_number":347,"line_number":9,"text":"ﮬ","translation":{"text":"(is) this","language_name":"english","language_id":38},"transliteration":{"text":"hādhā","language_name":"english","language_id":38}},{"id":65516,"position":10,"audio_url":"wbw/023_083_010.mp3","qpc_uthmani_hafs":"إِلَّآ","char_type_name":"word","page_number":347,"line_number":10,"text":"ﮭ","translation":{"text":"but","language_name":"english","language_id":38},"transliteration":{"text":"illā","language_name":"english","language_id":38}},{"id":65517,"position":11,"audio_url":"wbw/023_083_011.mp3","qpc_uthmani_hafs":"أَسَٰطِيرُ","char_type_name":"word","page_number":347,"line_number":10,"text":"ﮮ","translation":{"text":"(the) tales","language_name":"english","language_id":38},"transliteration":{"text":"asāṭīru","language_name":"english","language_id":38}},{"id":65518,"position":12,"audio_url":"wbw/023_083_012.mp3","qpc_uthmani_hafs":"ٱلۡأَوَّلِينَ","char_type_name":"word","page_number":347,"line_number":10,"text":"ﮯ","translation":{"text":"(of) the former (people)","language_name":"english","language_id":38},"transliteration":{"text":"l-awalīna","language_name":"english","language_id":38}},{"id":65519,"position":13,"audio_url":null,"qpc_uthmani_hafs":"٨٣","char_type_name":"end","page_number":347,"line_number":10,"text":"ﮰ","translation":{"text":"(83)","language_name":"english","language_id":38},"transliteration":{"text":null,"language_name":"english","language_id":38}}],"translations":[{"id":919185,"resource_id":134,"text":"Sesungguhnya, kami dan bapak-bapak kami telah diberi ancaman (dengan) ini <sup foot_note=210786>1</sup> dahulu; ini tidak lain hanyalah dongengan orang-orang dahulu kala!\"."}]},{"id":2757,"verse_number":84,"verse_key":"23:84","juz_number":18,"hizb_number":35,"rub_el_hizb_number":139,"ruku_number":299,"manzil_number":4,"sajdah_number":null,"text_uthmani":"قُل لِّمَنِ ٱلْأَرْضُ وَمَن فِيهَآ إِن كُنتُمْ تَعْلَمُونَ","page_number":347,"words":[{"id":65891,"position":1,"audio_url":"wbw/023_084_001.mp3","qpc_uthmani_hafs":"قُل","char_type_name":"word","page_number":347,"line_number":10,"text":"ﮱ","translation":{"text":"Say","language_name":"english","language_id":38},"transliteration":{"text":"qul","language_name":"english","language_id":38}},{"id":65892,"position":2,"audio_url":"wbw/023_084_002.mp3","qpc_uthmani_hafs":"لِّمَنِ","char_type_name":"word","page_number":347,"line_number":10,"text":"ﯓ","translation":{"text":"To whom (belongs)","language_name":"english","language_id":38},"transliteration":{"text":"limani","language_name":"english","language_id":38}},{"id":65893,"position":3,"audio_url":"wbw/023_084_003.mp3","qpc_uthmani_hafs":"ٱلۡأَرۡضُ","char_type_name":"word","page_number":347,"line_number":10,"text":"ﯔ","translation":{"text":"the earth","language_name":"english","language_id":38},"transliteration":{"text":"l-arḍu","language_name":"english","language_id":38}},{"id":65894,"position":4,"audio_url":"wbw/023_084_004.mp3","qpc_uthmani_hafs":"وَمَن","char_type_name":"word","page_number":347,"line_number":10,"text":"ﯕ","translation":{"text":"and whoever","language_name":"english","language_id":38},"transliteration":{"text":"waman","language_name":"english","language_id":38}},{"id":65895,"position":5,"audio_url":"wbw/023_084_005.mp3","qpc_uthmani_hafs":"فِيهَآ","char_type_name":"word","page_number":347,"line_number":10,"text":"ﯖ","translation":{"text":"(is) in it","language_name":"english","language_id":38},"transliteration":{"text":"fīhā","language_name":"english","language_id":38}},{"id":65896,"position":6,"audio_url":"wbw/023_084_006.mp3","qpc_uthmani_hafs":"إِن","char_type_name":"word","page_number":347,"line_number":10,"text":"ﯗ","translation":{"text":"if","language_name":"english","language_id":38},"transliteration":{"text":"in","language_name":"english","language_id":38}},{"id":65897,"position":7,"audio_url":"wbw/023_084_007.mp3","qpc_uthmani_hafs":"كُنتُمۡ","char_type_name":"word","page_number":347,"line_number":11,"text":"ﯘ","translation":{"text":"you","language_name":"english","language_id":38},"transliteration":{"text":"kuntum","language_name":"english","language_id":38}},{"id":65898,"position":8,"audio_url":"wbw/023_084_008.mp3","qpc_uthmani_hafs":"تَعۡلَمُونَ","char_type_name":"word","page_number":347,"line_number":11,"text":"ﯙ","translation":{"text":"know","language_name":"english","language_id":38},"transliteration":{"text":"taʿlamūna","language_name":"english","language_id":38}},{"id":65899,"position":9,"audio_url":null,"qpc_uthmani_hafs":"٨٤","char_type_name":"end","page_number":347,"line_number":11,"text":"ﯚ","translation":{"text":"(84)","language_name":"english","language_id":38},"transliteration":{"text":null,"language_name":"english","language_id":38}}],"translations":[{"id":919186,"resource_id":134,"text":"Katakanlah, \"Kepunyaan siapakah bumi ini dan semua yang ada padanya, jika kamu mengetahui?\""}]},{"id":2758,"verse_number":85,"verse_key":"23:85","juz_number":18,"hizb_number":35,"rub_el_hizb_number":139,"ruku_number":299,"manzil_number":4,"sajdah_number":null,"text_uthmani":"سَيَقُولُونَ لِلَّهِ ۚ قُلْ أَفَلَا تَذَكَّرُونَ","page_number":347,"words":[{"id":65993,"position":1,"audio_url":"wbw/023_085_001.mp3","qpc_uthmani_hafs":"سَيَقُولُونَ","char_type_name":"word","page_number":347,"line_number":11,"text":"ﯛ","translation":{"text":"They will say","language_name":"english","language_id":38},"transliteration":{"text":"sayaqūlūna","language_name":"english","language_id":38}},{"id":65994,"position":2,"audio_url":"wbw/023_085_002.mp3","qpc_uthmani_hafs":"لِلَّهِۚ","char_type_name":"word","page_number":347,"line_number":11,"text":"ﯜﯝ","translation":{"text":"To Allah","language_name":"english","language_id":38},"transliteration":{"text":"lillahi","language_name":"english","language_id":38}},{"id":65996,"position":3,"audio_url":"wbw/023_085_004.mp3","qpc_uthmani_hafs":"قُلۡ","char_type_name":"word","page_number":347,"line_number":11,"text":"ﯞ","translation":{"text":"Say","language_name":"english","language_id":38},"transliteration":{"text":"qul","language_name":"english","language_id":38}},{"id":65997,"position":4,"audio_url":"wbw/023_085_005.mp3","qpc_uthmani_hafs":"أَفَلَا","char_type_name":"word","page_number":347,"line_number":11,"text":"ﯟ","translation":{"text":"Then will not","language_name":"english","language_id":38},"transliteration":{"text":"afalā","language_name":"english","language_id":38}},{"id":65998,"position":5,"audio_url":"wbw/023_085_006.mp3","qpc_uthmani_hafs":"تَذَكَّرُونَ","char_type_name":"word","page_number":347,"line_number":11,"text":"ﯠ","translation":{"text":"you remember","language_name":"english","language_id":38},"transliteration":{"text":"tadhakkarūna","language_name":"english","language_id":38}},{"id":65999,"position":6,"audio_url":null,"qpc_uthmani_hafs":"٨٥","char_type_name":"end","page_number":347,"line_number":12,"text":"ﯡ","translation":{"text":"(85)","language_name":"english","language_id":38},"transliteration":{"text":null,"language_name":"english","language_id":38}}],"translations":[{"id":919187,"resource_id":134,"text":"Mereka akan menjawab, \"Kepunyaan Allah.\" Katakanlah, \"Maka apakah kamu tidak ingat?\""}]},{"id":2759,"verse_number":86,"verse_key":"23:86","juz_number":18,"hizb_number":35,"rub_el_hizb_number":139,"ruku_number":299,"manzil_number":4,"sajdah_number":null,"text_uthmani":"قُلْ مَن رَّبُّ ٱلسَّمَـٰوَٰتِ ٱلسَّبْعِ وَرَبُّ ٱلْعَرْشِ ٱلْعَظِيمِ","page_number":347,"words":[{"id":66403,"position":1,"audio_url":"wbw/023_086_001.mp3","qpc_uthmani_hafs":"قُلۡ","char_type_name":"word","page_number":347,"line_number":12,"text":"ﯢ","translation":{"text":"Say","language_name":"english","language_id":38},"transliteration":{"text":"qul","language_name":"english","language_id":38}},{"id":66404,"position":2,"audio_url":"wbw/023_086_002.mp3","qpc_uthmani_hafs":"مَن","char_type_name":"word","page_number":347,"line_number":12,"text":"ﯣ","translation":{"text":"Who","language_name":"english","language_id":38},"transliteration":{"text":"man","language_name":"english","language_id":38}},{"id":66405,"position":3,"audio_url":"wbw/023_086_003.mp3","qpc_uthmani_hafs":"رَّبُّ","char_type_name":"word","page_number":347,"line_number":12,"text":"ﯤ","translation":{"text":"(is the) Lord","language_name":"english","language_id":38},"transliteration":{"text":"rabbu","language_name":"english","language_id":38}},{"id":66406,"position":4,"audio_url":"wbw/023_086_004.mp3","qpc_uthmani_hafs":"ٱلسَّمَٰوَٰتِ","char_type_name":"word","page_number":347,"line_number":12,"text":"ﯥ","translation":{"text":"(of) the seven heavens","language_name":"english","language_id":38},"transliteration":{"text":"l-samāwāti","language_name":"english","language_id":38}},{"id":66407,"position":5,"audio_url":"wbw/023_086_005.mp3","qpc_uthmani_hafs":"ٱلسَّبۡعِ","char_type_name":"word","page_number":347,"line_number":12,"text":"ﯦ","translation":{"text":"(of) the seven heavens","language_name":"english","language_id":38},"transliteration":{"text":"l-sabʿi","language_name":"english","language_id":38}},{"id":66408,"position":6,"audio_url":"wbw/023_086_006.mp3","qpc_uthmani_hafs":"وَرَبُّ","char_type_name":"word","page_number":347,"line_number":12,"text":"ﯧ","translation":{"text":"and (the) Lord","language_name":"english","language_id":38},"transliteration":{"text":"warabbu","language_name":"english","language_id":38}},{"id":66409,"position":7,"audio_url":"wbw/023_086_007.mp3","qpc_uthmani_hafs":"ٱلۡعَرۡشِ","char_type_name":"word","page_number":347,"line_number":12,"text":"ﯨ","translation":{"text":"(of) the Throne","language_name":"english","language_id":38},"transliteration":{"text":"l-ʿarshi","language_name":"english","language_id":38}},{"id":66410,"position":8,"audio_url":"wbw/023_086_008.mp3","qpc_uthmani_hafs":"ٱلۡعَظِيمِ","char_type_name":"word","page_number":347,"line_number":12,"text":"ﯩ","translation":{"text":"the Great","language_name":"english","language_id":38},"transliteration":{"text":"l-ʿaẓīmi","language_name":"english","language_id":38}},{"id":66411,"position":9,"audio_url":null,"qpc_uthmani_hafs":"٨٦","char_type_name":"end","page_number":347,"line_number":13,"text":"ﯪ","translation":{"text":"(86)","language_name":"english","language_id":38},"transliteration":{"text":null,"language_name":"english","language_id":38}}],"translations":[{"id":919188,"resource_id":134,"text":"Katakanlah, \"Siapakah Yang Empunya langit yang tujuh dan Yang Empunya Arasy yang besar?\""}]},{"id":2760,"verse_number":87,"verse_key":"23:87","juz_number":18,"hizb_number":35,"rub_el_hizb_number":139,"ruku_number":299,"manzil_number":4,"sajdah_number":null,"text_uthmani":"سَيَقُولُونَ لِلَّهِ ۚ قُلْ أَفَلَا تَتَّقُونَ","page_number":347,"words":[{"id":66739,"position":1,"audio_url":"wbw/023_087_001.mp3","qpc_uthmani_hafs":"سَيَقُولُونَ","char_type_name":"word","page_number":347,"line_number":13,"text":"ﯫ","translation":{"text":"They will say","language_name":"english","language_id":38},"transliteration":{"text":"sayaqūlūna","language_name":"english","language_id":38}},{"id":66740,"position":2,"audio_url":"wbw/023_087_002.mp3","qpc_uthmani_hafs":"لِلَّهِۚ","char_type_name":"word","page_number":347,"line_number":13,"text":"ﯬﯭ","translation":{"text":"Allah","language_name":"english","language_id":38},"transliteration":{"text":"lillahi","language_name":"english","language_id":38}},{"id":66742,"position":3,"audio_url":"wbw/023_087_004.mp3","qpc_uthmani_hafs":"قُلۡ","char_type_name":"word","page_number":347,"line_number":13,"text":"ﯮ","translation":{"text":"Say","language_name":"english","language_id":38},"transliteration":{"text":"qul","language_name":"english","language_id":38}},{"id":66743,"position":4,"audio_url":"wbw/023_087_005.mp3","qpc_uthmani_hafs":"أَفَلَا","char_type_name":"word","page_number":347,"line_number":13,"text":"ﯯ","translation":{"text":"Then will not","language_name":"english","language_id":38},"transliteration":{"text":"afalā","language_name":"english","language_id":38}},{"id":66744,"position":5,"audio_url":"wbw/023_087_006.mp3","qpc_uthmani_hafs":"تَتَّقُونَ","char_type_name":"word","page_number":347,"line_number":13,"text":"ﯰ","translation":{"text":"you fear (Him)","language_name":"english","language_id":38},"transliteration":{"text":"tattaqūna","language_name":"english","language_id":38}},{"id":66745,"position":6,"audio_url":null,"qpc_uthmani_hafs":"٨٧","char_type_name":"end","page_number":347,"line_number":13,"text":"ﯱ","translation":{"text":"(87)","language_name":"english","language_id":38},"transliteration":{"text":null,"language_name":"english","language_id":38}}],"translations":[{"id":919189,"resource_id":134,"text":"Mereka akan menjawab, \"Kepunyaan Allah.\" Katakanlah, \"Maka apakah kamu tidak bertakwa?\""}]},{"id":2761,"verse_number":88,"verse_key":"23:88","juz_number":18,"hizb_number":35,"rub_el_hizb_number":139,"ruku_number":299,"manzil_number":4,"sajdah_number":null,"text_uthmani":"قُلْ مَنۢ بِيَدِهِۦ مَلَكُوتُ كُلِّ شَىْءٍ وَهُوَ يُجِيرُ وَلَا يُجَارُ عَلَيْهِ إِن كُنتُمْ تَعْلَمُونَ","page_number":347,"words":[{"id":67184,"position":1,"audio_url":"wbw/023_088_001.mp3","qpc_uthmani_hafs":"قُلۡ","char_type_name":"word","page_number":347,"line_number":13,"text":"ﯲ","translation":{"text":"Say","language_name":"english","language_id":38},"transliteration":{"text":"qul","language_name":"english","language_id":38}},{"id":67185,"position":2,"audio_url":"wbw/023_088_002.mp3","qpc_uthmani_hafs":"مَنۢ","char_type_name":"word","page_number":347,"line_number":13,"text":"ﯳ","translation":{"text":"Who is (it)","language_name":"english","language_id":38},"transliteration":{"text":"man","language_name":"english","language_id":38}},{"id":67186,"position":3,"audio_url":"wbw/023_088_003.mp3","qpc_uthmani_hafs":"بِيَدِهِۦ","char_type_name":"word","page_number":347,"line_number":13,"text":"ﯴ","translation":{"text":"in Whose Hand(s)","language_name":"english","language_id":38},"transliteration":{"text":"biyadihi","language_name":"english","language_id":38}},{"id":67187,"position":4,"audio_url":"wbw/023_088_004.mp3","qpc_uthmani_hafs":"مَلَكُوتُ","char_type_name":"word","page_number":347,"line_number":14,"text":"ﯵ","translation":{"text":"(is the) dominion","language_name":"english","language_id":38},"transliteration":{"text":"malakūtu","language_name":"english","language_id":38}},{"id":67188,"position":5,"audio_url":"wbw/023_088_005.mp3","qpc_uthmani_hafs":"كُلِّ","char_type_name":"word","page_number":347,"line_number":14,"text":"ﯶ","translation":{"text":"(of) all","language_name":"english","language_id":38},"transliteration":{"text":"kulli","language_name":"english","language_id":38}},{"id":67189,"position":6,"audio_url":"wbw/023_088_006.mp3","qpc_uthmani_hafs":"شَيۡءٖ","char_type_name":"word","page_number":347,"line_number":14,"text":"ﯷ","translation":{"text":"things","language_name":"english","language_id":38},"transliteration":{"text":"shayin","language_name":"english","language_id":38}},{"id":67190,"position":7,"audio_url":"wbw/023_088_007.mp3","qpc_uthmani_hafs":"وَهُوَ","char_type_name":"word","page_number":347,"line_number":14,"text":"ﯸ","translation":{"text":"and He","language_name":"english","language_id":38},"transliteration":{"text":"wahuwa","language_name":"english","language_id":38}},{"id":67191,"position":8,"audio_url":"wbw/023_088_008.mp3","qpc_uthmani_hafs":"يُجِيرُ","char_type_name":"word","page_number":347,"line_number":14,"text":"ﯹ","translation":{"text":"protects","language_name":"english","language_id":38},"transliteration":{"text":"yujīru","language_name":"english","language_id":38}},{"id":67192,"position":9,"audio_url":"wbw/023_088_009.mp3","qpc_uthmani_hafs":"وَلَا","char_type_name":"word","page_number":347,"line_number":14,"text":"ﯺ","translation":{"text":"and no (one)","language_name":"english","language_id":38},"transliteration":{"text":"walā","language_name":"english","language_id":38}},{"id":67193,"position":10,"audio_url":"wbw/023_088_010.mp3","qpc_uthmani_hafs":"يُجَارُ","char_type_name":"word","page_number":347,"line_number":14,"text":"ﯻ","translation":{"text":"(can) be protected","language_name":"english","language_id":38},"transliteration":{"text":"yujāru","language_name":"english","language_id":38}},{"id":67194,"position":11,"audio_url":"wbw/023_088_011.mp3","qpc_uthmani_hafs":"عَلَيۡهِ","char_type_name":"word","page_number":347,"line_number":14,"text":"ﯼ","translation":{"text":"against Him","language_name":"english","language_id":38},"transliteration":{"text":"ʿalayhi","language_name":"english","language_id":38}},{"id":67195,"position":12,"audio_url":"wbw/023_088_012.mp3","qpc_uthmani_hafs":"إِن","char_type_name":"word","page_number":347,"line_number":14,"text":"ﯽ","translation":{"text":"If","language_name":"english","language_id":38},"transliteration":{"text":"in","language_name":"english","language_id":38}},{"id":67196,"position":13,"audio_url":"wbw/023_088_013.mp3","qpc_uthmani_hafs":"كُنتُمۡ","char_type_name":"word","page_number":347,"line_number":15,"text":"ﯾ","translation":{"text":"you","language_name":"english","language_id":38},"transliteration":{"text":"kuntum","language_name":"english","language_id":38}},{"id":67197,"position":14,"audio_url":"wbw/023_088_014.mp3","qpc_uthmani_hafs":"تَعۡلَمُونَ","char_type_name":"word","page_number":347,"line_number":15,"text":"ﯿ","translation":{"text":"know","language_name":"english","language_id":38},"transliteration":{"text":"taʿlamūna","language_name":"english","language_id":38}},{"id":67198,"position":15,"audio_url":null,"qpc_uthmani_hafs":"٨٨","char_type_name":"end","page_number":347,"line_number":15,"text":"ﰀ","translation":{"text":"(88)","language_name":"english","language_id":38},"transliteration":{"text":null,"language_name":"english","language_id":38}}],"translations":[{"id":919190,"resource_id":134,"text":"Katakanlah, \"Siapakah yang di tangan-Nya berada kekuasaan atas segala sesuatu, sedang Dia melindungi, tetapi tidak ada yang dapat dilindungi dari (azab)-Nya, jika kamu mengetahui?\""}]},{"id":2762,"verse_number":89,"verse_key":"23:89","juz_number":18,"hizb_number":35,"rub_el_hizb_number":139,"ruku_number":299,"manzil_number":4,"sajdah_number":null,"text_uthmani":"سَيَقُولُونَ لِلَّهِ ۚ قُلْ فَأَنَّىٰ تُسْحَرُونَ","page_number":347,"words":[{"id":67511,"position":1,"audio_url":"wbw/023_089_001.mp3","qpc_uthmani_hafs":"سَيَقُولُونَ","char_type_name":"word","page_number":347,"line_number":15,"text":"ﰁ","translation":{"text":"They will say","language_name":"english","language_id":38},"transliteration":{"text":"sayaqūlūna","language_name":"english","language_id":38}},{"id":67512,"position":2,"audio_url":"wbw/023_089_002.mp3","qpc_uthmani_hafs":"لِلَّهِۚ","char_type_name":"word","page_number":347,"line_number":15,"text":"ﰂﰃ","translation":{"text":"Allah","language_name":"english","language_id":38},"transliteration":{"text":"lillahi","language_name":"english","language_id":38}},{"id":67514,"position":3,"audio_url":"wbw/023_089_004.mp3","qpc_uthmani_hafs":"قُلۡ","char_type_name":"word","page_number":347,"line_number":15,"text":"ﰄ","translation":{"text":"Say","language_name":"english","language_id":38},"transliteration":{"text":"qul","language_name":"english","language_id":38}},{"id":67515,"position":4,"audio_url":"wbw/023_089_005.mp3","qpc_uthmani_hafs":"فَأَنَّىٰ","char_type_name":"word","page_number":347,"line_number":15,"text":"ﰅ","translation":{"text":"Then how","language_name":"english","language_id":38},"transliteration":{"text":"fa-annā","language_name":"english","language_id":38}},{"id":67516,"position":5,"audio_url":"wbw/023_089_006.mp3","qpc_uthmani_hafs":"تُسۡحَرُونَ","char_type_name":"word","page_number":347,"line_number":15,"text":"ﰆ","translation":{"text":"are you deluded","language_name":"english","language_id":38},"transliteration":{"text":"tus'ḥarūna","language_name":"english","language_id":38}},{"id":67517,"position":6,"audio_url":null,"qpc_uthmani_hafs":"٨٩","char_type_name":"end","page_number":347,"line_number":15,"text":"ﰇ","translation":{"text":"(89)","language_name":"english","language_id":38},"transliteration":{"text":null,"language_name":"english","language_id":38}}],"translations":[{"id":919191,"resource_id":134,"text":"Mereka akan menjawab, \"Kepunyaan Allah\".  Katakanlah, \"(Kalau demikian), maka dari jalan manakah kamu ditipu?\""}]}],"pagination":{"per_page":50,"current_page":1,"next_page":null,"total_pages":1,"total_records":15}}