{"verses":[{"id":2792,"verse_number":1,"verse_key":"24:1","juz_number":18,"hizb_number":35,"rub_el_hizb_number":140,"ruku_number":301,"manzil_number":4,"sajdah_number":null,"text_uthmani":" سُورَةٌ أَنزَلْنَـٰهَا وَفَرَضْنَـٰهَا وَأَنزَلْنَا فِيهَآ ءَايَـٰتٍۭ بَيِّنَـٰتٍ لَّعَلَّكُمْ تَذَكَّرُونَ","page_number":350,"words":[{"id":663,"position":1,"audio_url":"wbw/024_001_001.mp3","qpc_uthmani_hafs":"سُورَةٌ","char_type_name":"word","page_number":350,"line_number":2,"text":"ﭑ","translation":{"text":"A Surah ","language_name":"english","language_id":38},"transliteration":{"text":"sūratun","language_name":"english","language_id":38}},{"id":664,"position":2,"audio_url":"wbw/024_001_002.mp3","qpc_uthmani_hafs":"أَنزَلۡنَٰهَا","char_type_name":"word","page_number":350,"line_number":2,"text":"ﭒ","translation":{"text":"We (have) sent it down","language_name":"english","language_id":38},"transliteration":{"text":"anzalnāhā","language_name":"english","language_id":38}},{"id":665,"position":3,"audio_url":"wbw/024_001_003.mp3","qpc_uthmani_hafs":"وَفَرَضۡنَٰهَا","char_type_name":"word","page_number":350,"line_number":2,"text":"ﭓ","translation":{"text":"and We (have) made it obligatory","language_name":"english","language_id":38},"transliteration":{"text":"wafaraḍnāhā","language_name":"english","language_id":38}},{"id":666,"position":4,"audio_url":"wbw/024_001_004.mp3","qpc_uthmani_hafs":"وَأَنزَلۡنَا","char_type_name":"word","page_number":350,"line_number":2,"text":"ﭔ","translation":{"text":"and We (have) revealed","language_name":"english","language_id":38},"transliteration":{"text":"wa-anzalnā","language_name":"english","language_id":38}},{"id":667,"position":5,"audio_url":"wbw/024_001_005.mp3","qpc_uthmani_hafs":"فِيهَآ","char_type_name":"word","page_number":350,"line_number":2,"text":"ﭕ","translation":{"text":"therein","language_name":"english","language_id":38},"transliteration":{"text":"fīhā","language_name":"english","language_id":38}},{"id":668,"position":6,"audio_url":"wbw/024_001_006.mp3","qpc_uthmani_hafs":"ءَايَٰتِۭ","char_type_name":"word","page_number":350,"line_number":2,"text":"ﭖ","translation":{"text":"Verses","language_name":"english","language_id":38},"transliteration":{"text":"āyātin","language_name":"english","language_id":38}},{"id":669,"position":7,"audio_url":"wbw/024_001_007.mp3","qpc_uthmani_hafs":"بَيِّنَٰتٖ","char_type_name":"word","page_number":350,"line_number":2,"text":"ﭗ","translation":{"text":"clear","language_name":"english","language_id":38},"transliteration":{"text":"bayyinātin","language_name":"english","language_id":38}},{"id":670,"position":8,"audio_url":"wbw/024_001_008.mp3","qpc_uthmani_hafs":"لَّعَلَّكُمۡ","char_type_name":"word","page_number":350,"line_number":2,"text":"ﭘ","translation":{"text":"so that you may","language_name":"english","language_id":38},"transliteration":{"text":"laʿallakum","language_name":"english","language_id":38}},{"id":671,"position":9,"audio_url":"wbw/024_001_009.mp3","qpc_uthmani_hafs":"تَذَكَّرُونَ","char_type_name":"word","page_number":350,"line_number":2,"text":"ﭙ","translation":{"text":"take heed","language_name":"english","language_id":38},"transliteration":{"text":"tadhakkarūna","language_name":"english","language_id":38}},{"id":672,"position":10,"audio_url":null,"qpc_uthmani_hafs":"١","char_type_name":"end","page_number":350,"line_number":3,"text":"ﭚ","translation":{"text":"(1)","language_name":"english","language_id":38},"transliteration":{"text":null,"language_name":"english","language_id":38}}],"translations":[{"id":919221,"resource_id":134,"text":"(Ini adalah) satu surah yang Kami turunkan dan Kami wajibkan (menjalankan hukum-hukum yang ada di dalam)nya dan Kami turunkan di dalamnya ayat-ayat yang jelas agar kamu selalu mengingatinya."}]},{"id":2793,"verse_number":2,"verse_key":"24:2","juz_number":18,"hizb_number":35,"rub_el_hizb_number":140,"ruku_number":301,"manzil_number":4,"sajdah_number":null,"text_uthmani":"ٱلزَّانِيَةُ وَٱلزَّانِى فَٱجْلِدُوا۟ كُلَّ وَٰحِدٍ مِّنْهُمَا مِا۟ئَةَ جَلْدَةٍ ۖ وَلَا تَأْخُذْكُم بِهِمَا رَأْفَةٌ فِى دِينِ ٱللَّهِ إِن كُنتُمْ تُؤْمِنُونَ بِٱللَّهِ وَٱلْيَوْمِ ٱلْـَٔاخِرِ ۖ وَلْيَشْهَدْ عَذَابَهُمَا طَآئِفَةٌ مِّنَ ٱلْمُؤْمِنِينَ","page_number":350,"words":[{"id":1662,"position":1,"audio_url":"wbw/024_002_001.mp3","qpc_uthmani_hafs":"ٱلزَّانِيَةُ","char_type_name":"word","page_number":350,"line_number":3,"text":"ﭛ","translation":{"text":"The fornicatress","language_name":"english","language_id":38},"transliteration":{"text":"al-zāniyatu","language_name":"english","language_id":38}},{"id":1663,"position":2,"audio_url":"wbw/024_002_002.mp3","qpc_uthmani_hafs":"وَٱلزَّانِي","char_type_name":"word","page_number":350,"line_number":3,"text":"ﭜ","translation":{"text":"and the fornicator","language_name":"english","language_id":38},"transliteration":{"text":"wal-zānī","language_name":"english","language_id":38}},{"id":1664,"position":3,"audio_url":"wbw/024_002_003.mp3","qpc_uthmani_hafs":"فَٱجۡلِدُواْ","char_type_name":"word","page_number":350,"line_number":3,"text":"ﭝ","translation":{"text":"[then] flog","language_name":"english","language_id":38},"transliteration":{"text":"fa-ij'lidū","language_name":"english","language_id":38}},{"id":1665,"position":4,"audio_url":"wbw/024_002_004.mp3","qpc_uthmani_hafs":"كُلَّ","char_type_name":"word","page_number":350,"line_number":3,"text":"ﭞ","translation":{"text":"each","language_name":"english","language_id":38},"transliteration":{"text":"kulla","language_name":"english","language_id":38}},{"id":1666,"position":5,"audio_url":"wbw/024_002_005.mp3","qpc_uthmani_hafs":"وَٰحِدٖ","char_type_name":"word","page_number":350,"line_number":3,"text":"ﭟ","translation":{"text":"one","language_name":"english","language_id":38},"transliteration":{"text":"wāḥidin","language_name":"english","language_id":38}},{"id":1667,"position":6,"audio_url":"wbw/024_002_006.mp3","qpc_uthmani_hafs":"مِّنۡهُمَا","char_type_name":"word","page_number":350,"line_number":3,"text":"ﭠ","translation":{"text":"of them","language_name":"english","language_id":38},"transliteration":{"text":"min'humā","language_name":"english","language_id":38}},{"id":1668,"position":7,"audio_url":"wbw/024_002_007.mp3","qpc_uthmani_hafs":"مِاْئَةَ","char_type_name":"word","page_number":350,"line_number":3,"text":"ﭡ","translation":{"text":"(with) hundred","language_name":"english","language_id":38},"transliteration":{"text":"mi-ata","language_name":"english","language_id":38}},{"id":1669,"position":8,"audio_url":"wbw/024_002_008.mp3","qpc_uthmani_hafs":"جَلۡدَةٖۖ","char_type_name":"word","page_number":350,"line_number":3,"text":"ﭢﭣ","translation":{"text":"lash(es)","language_name":"english","language_id":38},"transliteration":{"text":"jaldatin","language_name":"english","language_id":38}},{"id":1671,"position":9,"audio_url":"wbw/024_002_010.mp3","qpc_uthmani_hafs":"وَلَا","char_type_name":"word","page_number":350,"line_number":3,"text":"ﭤ","translation":{"text":"And (let) not","language_name":"english","language_id":38},"transliteration":{"text":"walā","language_name":"english","language_id":38}},{"id":1672,"position":10,"audio_url":"wbw/024_002_011.mp3","qpc_uthmani_hafs":"تَأۡخُذۡكُم","char_type_name":"word","page_number":350,"line_number":3,"text":"ﭥ","translation":{"text":"withhold you","language_name":"english","language_id":38},"transliteration":{"text":"takhudh'kum","language_name":"english","language_id":38}},{"id":1673,"position":11,"audio_url":"wbw/024_002_012.mp3","qpc_uthmani_hafs":"بِهِمَا","char_type_name":"word","page_number":350,"line_number":4,"text":"ﭦ","translation":{"text":"pity for them","language_name":"english","language_id":38},"transliteration":{"text":"bihimā","language_name":"english","language_id":38}},{"id":1674,"position":12,"audio_url":"wbw/024_002_013.mp3","qpc_uthmani_hafs":"رَأۡفَةٞ","char_type_name":"word","page_number":350,"line_number":4,"text":"ﭧ","translation":{"text":"pity for them","language_name":"english","language_id":38},"transliteration":{"text":"rafatun","language_name":"english","language_id":38}},{"id":1675,"position":13,"audio_url":"wbw/024_002_014.mp3","qpc_uthmani_hafs":"فِي","char_type_name":"word","page_number":350,"line_number":4,"text":"ﭨ","translation":{"text":"concerning","language_name":"english","language_id":38},"transliteration":{"text":"fī","language_name":"english","language_id":38}},{"id":1676,"position":14,"audio_url":"wbw/024_002_015.mp3","qpc_uthmani_hafs":"دِينِ","char_type_name":"word","page_number":350,"line_number":4,"text":"ﭩ","translation":{"text":"(the) religion of Allah","language_name":"english","language_id":38},"transliteration":{"text":"dīni","language_name":"english","language_id":38}},{"id":1677,"position":15,"audio_url":"wbw/024_002_016.mp3","qpc_uthmani_hafs":"ٱللَّهِ","char_type_name":"word","page_number":350,"line_number":4,"text":"ﭪ","translation":{"text":"(the) religion of Allah","language_name":"english","language_id":38},"transliteration":{"text":"l-lahi","language_name":"english","language_id":38}},{"id":1678,"position":16,"audio_url":"wbw/024_002_017.mp3","qpc_uthmani_hafs":"إِن","char_type_name":"word","page_number":350,"line_number":4,"text":"ﭫ","translation":{"text":"if","language_name":"english","language_id":38},"transliteration":{"text":"in","language_name":"english","language_id":38}},{"id":1679,"position":17,"audio_url":"wbw/024_002_018.mp3","qpc_uthmani_hafs":"كُنتُمۡ","char_type_name":"word","page_number":350,"line_number":4,"text":"ﭬ","translation":{"text":"you","language_name":"english","language_id":38},"transliteration":{"text":"kuntum","language_name":"english","language_id":38}},{"id":1680,"position":18,"audio_url":"wbw/024_002_019.mp3","qpc_uthmani_hafs":"تُؤۡمِنُونَ","char_type_name":"word","page_number":350,"line_number":4,"text":"ﭭ","translation":{"text":"believe","language_name":"english","language_id":38},"transliteration":{"text":"tu'minūna","language_name":"english","language_id":38}},{"id":1681,"position":19,"audio_url":"wbw/024_002_020.mp3","qpc_uthmani_hafs":"بِٱللَّهِ","char_type_name":"word","page_number":350,"line_number":4,"text":"ﭮ","translation":{"text":"in Allah","language_name":"english","language_id":38},"transliteration":{"text":"bil-lahi","language_name":"english","language_id":38}},{"id":1682,"position":20,"audio_url":"wbw/024_002_021.mp3","qpc_uthmani_hafs":"وَٱلۡيَوۡمِ","char_type_name":"word","page_number":350,"line_number":4,"text":"ﭯ","translation":{"text":"and the Day","language_name":"english","language_id":38},"transliteration":{"text":"wal-yawmi","language_name":"english","language_id":38}},{"id":1683,"position":21,"audio_url":"wbw/024_002_022.mp3","qpc_uthmani_hafs":"ٱلۡأٓخِرِۖ","char_type_name":"word","page_number":350,"line_number":4,"text":"ﭰﭱ","translation":{"text":"the Last","language_name":"english","language_id":38},"transliteration":{"text":"l-ākhiri","language_name":"english","language_id":38}},{"id":1685,"position":22,"audio_url":"wbw/024_002_024.mp3","qpc_uthmani_hafs":"وَلۡيَشۡهَدۡ","char_type_name":"word","page_number":350,"line_number":4,"text":"ﭲ","translation":{"text":"And let witness","language_name":"english","language_id":38},"transliteration":{"text":"walyashhad","language_name":"english","language_id":38}},{"id":1686,"position":23,"audio_url":"wbw/024_002_025.mp3","qpc_uthmani_hafs":"عَذَابَهُمَا","char_type_name":"word","page_number":350,"line_number":5,"text":"ﭳ","translation":{"text":"their punishment","language_name":"english","language_id":38},"transliteration":{"text":"ʿadhābahumā","language_name":"english","language_id":38}},{"id":1687,"position":24,"audio_url":"wbw/024_002_026.mp3","qpc_uthmani_hafs":"طَآئِفَةٞ","char_type_name":"word","page_number":350,"line_number":5,"text":"ﭴ","translation":{"text":"a group","language_name":"english","language_id":38},"transliteration":{"text":"ṭāifatun","language_name":"english","language_id":38}},{"id":1688,"position":25,"audio_url":"wbw/024_002_027.mp3","qpc_uthmani_hafs":"مِّنَ","char_type_name":"word","page_number":350,"line_number":5,"text":"ﭵ","translation":{"text":"of","language_name":"english","language_id":38},"transliteration":{"text":"mina","language_name":"english","language_id":38}},{"id":1689,"position":26,"audio_url":"wbw/024_002_028.mp3","qpc_uthmani_hafs":"ٱلۡمُؤۡمِنِينَ","char_type_name":"word","page_number":350,"line_number":5,"text":"ﭶ","translation":{"text":"the believers","language_name":"english","language_id":38},"transliteration":{"text":"l-mu'minīna","language_name":"english","language_id":38}},{"id":1690,"position":27,"audio_url":null,"qpc_uthmani_hafs":"٢","char_type_name":"end","page_number":350,"line_number":5,"text":"ﭷ","translation":{"text":"(2)","language_name":"english","language_id":38},"transliteration":{"text":null,"language_name":"english","language_id":38}}],"translations":[{"id":919222,"resource_id":134,"text":"Perempuan yang berzina dan laki-laki yang berzina, maka deralah tiap-tiap seorang dari keduanya seratus kali dera, dan janganlah belas kasihan kepada keduanya mencegah kamu untuk (menjalankan) agama Allah, jika kamu beriman kepada Allah dan hari akhirat dan hendaklah (pelaksanaan) hukuman mereka disaksikan oleh sekumpulan orang-orang yang beriman."}]},{"id":2794,"verse_number":3,"verse_key":"24:3","juz_number":18,"hizb_number":35,"rub_el_hizb_number":140,"ruku_number":301,"manzil_number":4,"sajdah_number":null,"text_uthmani":"ٱلزَّانِى لَا يَنكِحُ إِلَّا زَانِيَةً أَوْ مُشْرِكَةً وَٱلزَّانِيَةُ لَا يَنكِحُهَآ إِلَّا زَانٍ أَوْ مُشْرِكٌ ۚ وَحُرِّمَ ذَٰلِكَ عَلَى ٱلْمُؤْمِنِينَ","page_number":350,"words":[{"id":2862,"position":1,"audio_url":"wbw/024_003_001.mp3","qpc_uthmani_hafs":"ٱلزَّانِي","char_type_name":"word","page_number":350,"line_number":5,"text":"ﭸ","translation":{"text":"The fornicator","language_name":"english","language_id":38},"transliteration":{"text":"al-zānī","language_name":"english","language_id":38}},{"id":2863,"position":2,"audio_url":"wbw/024_003_002.mp3","qpc_uthmani_hafs":"لَا","char_type_name":"word","page_number":350,"line_number":5,"text":"ﭹ","translation":{"text":"(will) not","language_name":"english","language_id":38},"transliteration":{"text":"lā","language_name":"english","language_id":38}},{"id":2864,"position":3,"audio_url":"wbw/024_003_003.mp3","qpc_uthmani_hafs":"يَنكِحُ","char_type_name":"word","page_number":350,"line_number":5,"text":"ﭺ","translation":{"text":"marry","language_name":"english","language_id":38},"transliteration":{"text":"yankiḥu","language_name":"english","language_id":38}},{"id":2865,"position":4,"audio_url":"wbw/024_003_004.mp3","qpc_uthmani_hafs":"إِلَّا","char_type_name":"word","page_number":350,"line_number":5,"text":"ﭻ","translation":{"text":"except","language_name":"english","language_id":38},"transliteration":{"text":"illā","language_name":"english","language_id":38}},{"id":2866,"position":5,"audio_url":"wbw/024_003_005.mp3","qpc_uthmani_hafs":"زَانِيَةً","char_type_name":"word","page_number":350,"line_number":5,"text":"ﭼ","translation":{"text":"a fornicatress","language_name":"english","language_id":38},"transliteration":{"text":"zāniyatan","language_name":"english","language_id":38}},{"id":2867,"position":6,"audio_url":"wbw/024_003_006.mp3","qpc_uthmani_hafs":"أَوۡ","char_type_name":"word","page_number":350,"line_number":5,"text":"ﭽ","translation":{"text":"or","language_name":"english","language_id":38},"transliteration":{"text":"aw","language_name":"english","language_id":38}},{"id":2868,"position":7,"audio_url":"wbw/024_003_007.mp3","qpc_uthmani_hafs":"مُشۡرِكَةٗ","char_type_name":"word","page_number":350,"line_number":6,"text":"ﭾ","translation":{"text":"a polytheist woman","language_name":"english","language_id":38},"transliteration":{"text":"mush'rikatan","language_name":"english","language_id":38}},{"id":2869,"position":8,"audio_url":"wbw/024_003_008.mp3","qpc_uthmani_hafs":"وَٱلزَّانِيَةُ","char_type_name":"word","page_number":350,"line_number":6,"text":"ﭿ","translation":{"text":"and the fornicatress ","language_name":"english","language_id":38},"transliteration":{"text":"wal-zāniyatu","language_name":"english","language_id":38}},{"id":2870,"position":9,"audio_url":"wbw/024_003_009.mp3","qpc_uthmani_hafs":"لَا","char_type_name":"word","page_number":350,"line_number":6,"text":"ﮀ","translation":{"text":"(will) not","language_name":"english","language_id":38},"transliteration":{"text":"lā","language_name":"english","language_id":38}},{"id":2871,"position":10,"audio_url":"wbw/024_003_010.mp3","qpc_uthmani_hafs":"يَنكِحُهَآ","char_type_name":"word","page_number":350,"line_number":6,"text":"ﮁ","translation":{"text":"marry her","language_name":"english","language_id":38},"transliteration":{"text":"yankiḥuhā","language_name":"english","language_id":38}},{"id":2872,"position":11,"audio_url":"wbw/024_003_011.mp3","qpc_uthmani_hafs":"إِلَّا","char_type_name":"word","page_number":350,"line_number":6,"text":"ﮂ","translation":{"text":"except","language_name":"english","language_id":38},"transliteration":{"text":"illā","language_name":"english","language_id":38}},{"id":2873,"position":12,"audio_url":"wbw/024_003_012.mp3","qpc_uthmani_hafs":"زَانٍ","char_type_name":"word","page_number":350,"line_number":6,"text":"ﮃ","translation":{"text":"a fornicator","language_name":"english","language_id":38},"transliteration":{"text":"zānin","language_name":"english","language_id":38}},{"id":2874,"position":13,"audio_url":"wbw/024_003_013.mp3","qpc_uthmani_hafs":"أَوۡ","char_type_name":"word","page_number":350,"line_number":6,"text":"ﮄ","translation":{"text":"or","language_name":"english","language_id":38},"transliteration":{"text":"aw","language_name":"english","language_id":38}},{"id":2875,"position":14,"audio_url":"wbw/024_003_014.mp3","qpc_uthmani_hafs":"مُشۡرِكٞۚ","char_type_name":"word","page_number":350,"line_number":6,"text":"ﮅﮆ","translation":{"text":"a polytheist man","language_name":"english","language_id":38},"transliteration":{"text":"mush'rikun","language_name":"english","language_id":38}},{"id":2877,"position":15,"audio_url":"wbw/024_003_016.mp3","qpc_uthmani_hafs":"وَحُرِّمَ","char_type_name":"word","page_number":350,"line_number":6,"text":"ﮇ","translation":{"text":"And is forbidden","language_name":"english","language_id":38},"transliteration":{"text":"waḥurrima","language_name":"english","language_id":38}},{"id":2878,"position":16,"audio_url":"wbw/024_003_017.mp3","qpc_uthmani_hafs":"ذَٰلِكَ","char_type_name":"word","page_number":350,"line_number":6,"text":"ﮈ","translation":{"text":"that","language_name":"english","language_id":38},"transliteration":{"text":"dhālika","language_name":"english","language_id":38}},{"id":2879,"position":17,"audio_url":"wbw/024_003_018.mp3","qpc_uthmani_hafs":"عَلَى","char_type_name":"word","page_number":350,"line_number":6,"text":"ﮉ","translation":{"text":"to","language_name":"english","language_id":38},"transliteration":{"text":"ʿalā","language_name":"english","language_id":38}},{"id":2880,"position":18,"audio_url":"wbw/024_003_019.mp3","qpc_uthmani_hafs":"ٱلۡمُؤۡمِنِينَ","char_type_name":"word","page_number":350,"line_number":7,"text":"ﮊ","translation":{"text":"the believers","language_name":"english","language_id":38},"transliteration":{"text":"l-mu'minīna","language_name":"english","language_id":38}},{"id":2881,"position":19,"audio_url":null,"qpc_uthmani_hafs":"٣","char_type_name":"end","page_number":350,"line_number":7,"text":"ﮋ","translation":{"text":"(3)","language_name":"english","language_id":38},"transliteration":{"text":null,"language_name":"english","language_id":38}}],"translations":[{"id":919223,"resource_id":134,"text":"Laki-laki yang berzina tidak mengawini, melainkan perempuan yang berzina atau perempuan yang musyrik dan perempuan yang berzina tidak dikawini, melainkan oleh laki-laki yang berzina atau laki-laki musyrik dan yang demikian itu diharamkan atas orang-orang yang mukmin <sup foot_note=210797>1</sup>."}]},{"id":2795,"verse_number":4,"verse_key":"24:4","juz_number":18,"hizb_number":35,"rub_el_hizb_number":140,"ruku_number":301,"manzil_number":4,"sajdah_number":null,"text_uthmani":"وَٱلَّذِينَ يَرْمُونَ ٱلْمُحْصَنَـٰتِ ثُمَّ لَمْ يَأْتُوا۟ بِأَرْبَعَةِ شُهَدَآءَ فَٱجْلِدُوهُمْ ثَمَـٰنِينَ جَلْدَةً وَلَا تَقْبَلُوا۟ لَهُمْ شَهَـٰدَةً أَبَدًا ۚ وَأُو۟لَـٰٓئِكَ هُمُ ٱلْفَـٰسِقُونَ","page_number":350,"words":[{"id":4145,"position":1,"audio_url":"wbw/024_004_001.mp3","qpc_uthmani_hafs":"وَٱلَّذِينَ","char_type_name":"word","page_number":350,"line_number":7,"text":"ﮌ","translation":{"text":"And those who","language_name":"english","language_id":38},"transliteration":{"text":"wa-alladhīna","language_name":"english","language_id":38}},{"id":4146,"position":2,"audio_url":"wbw/024_004_002.mp3","qpc_uthmani_hafs":"يَرۡمُونَ","char_type_name":"word","page_number":350,"line_number":7,"text":"ﮍ","translation":{"text":"accuse","language_name":"english","language_id":38},"transliteration":{"text":"yarmūna","language_name":"english","language_id":38}},{"id":4147,"position":3,"audio_url":"wbw/024_004_003.mp3","qpc_uthmani_hafs":"ٱلۡمُحۡصَنَٰتِ","char_type_name":"word","page_number":350,"line_number":7,"text":"ﮎ","translation":{"text":"the chaste women","language_name":"english","language_id":38},"transliteration":{"text":"l-muḥ'ṣanāti","language_name":"english","language_id":38}},{"id":4148,"position":4,"audio_url":"wbw/024_004_004.mp3","qpc_uthmani_hafs":"ثُمَّ","char_type_name":"word","page_number":350,"line_number":7,"text":"ﮏ","translation":{"text":"then","language_name":"english","language_id":38},"transliteration":{"text":"thumma","language_name":"english","language_id":38}},{"id":4149,"position":5,"audio_url":"wbw/024_004_005.mp3","qpc_uthmani_hafs":"لَمۡ","char_type_name":"word","page_number":350,"line_number":7,"text":"ﮐ","translation":{"text":"not","language_name":"english","language_id":38},"transliteration":{"text":"lam","language_name":"english","language_id":38}},{"id":4150,"position":6,"audio_url":"wbw/024_004_006.mp3","qpc_uthmani_hafs":"يَأۡتُواْ","char_type_name":"word","page_number":350,"line_number":7,"text":"ﮑ","translation":{"text":"they bring","language_name":"english","language_id":38},"transliteration":{"text":"yatū","language_name":"english","language_id":38}},{"id":4151,"position":7,"audio_url":"wbw/024_004_007.mp3","qpc_uthmani_hafs":"بِأَرۡبَعَةِ","char_type_name":"word","page_number":350,"line_number":7,"text":"ﮒ","translation":{"text":"four","language_name":"english","language_id":38},"transliteration":{"text":"bi-arbaʿati","language_name":"english","language_id":38}},{"id":4152,"position":8,"audio_url":"wbw/024_004_008.mp3","qpc_uthmani_hafs":"شُهَدَآءَ","char_type_name":"word","page_number":350,"line_number":7,"text":"ﮓ","translation":{"text":"witnesses","language_name":"english","language_id":38},"transliteration":{"text":"shuhadāa","language_name":"english","language_id":38}},{"id":4153,"position":9,"audio_url":"wbw/024_004_009.mp3","qpc_uthmani_hafs":"فَٱجۡلِدُوهُمۡ","char_type_name":"word","page_number":350,"line_number":8,"text":"ﮔ","translation":{"text":"then flog them","language_name":"english","language_id":38},"transliteration":{"text":"fa-ij'lidūhum","language_name":"english","language_id":38}},{"id":4154,"position":10,"audio_url":"wbw/024_004_010.mp3","qpc_uthmani_hafs":"ثَمَٰنِينَ","char_type_name":"word","page_number":350,"line_number":8,"text":"ﮕ","translation":{"text":"(with) eighty","language_name":"english","language_id":38},"transliteration":{"text":"thamānīna","language_name":"english","language_id":38}},{"id":4155,"position":11,"audio_url":"wbw/024_004_011.mp3","qpc_uthmani_hafs":"جَلۡدَةٗ","char_type_name":"word","page_number":350,"line_number":8,"text":"ﮖ","translation":{"text":"lashe(s)","language_name":"english","language_id":38},"transliteration":{"text":"jaldatan","language_name":"english","language_id":38}},{"id":4156,"position":12,"audio_url":"wbw/024_004_012.mp3","qpc_uthmani_hafs":"وَلَا","char_type_name":"word","page_number":350,"line_number":8,"text":"ﮗ","translation":{"text":"and (do) not","language_name":"english","language_id":38},"transliteration":{"text":"walā","language_name":"english","language_id":38}},{"id":4157,"position":13,"audio_url":"wbw/024_004_013.mp3","qpc_uthmani_hafs":"تَقۡبَلُواْ","char_type_name":"word","page_number":350,"line_number":8,"text":"ﮘ","translation":{"text":"accept","language_name":"english","language_id":38},"transliteration":{"text":"taqbalū","language_name":"english","language_id":38}},{"id":4158,"position":14,"audio_url":"wbw/024_004_014.mp3","qpc_uthmani_hafs":"لَهُمۡ","char_type_name":"word","page_number":350,"line_number":8,"text":"ﮙ","translation":{"text":"their","language_name":"english","language_id":38},"transliteration":{"text":"lahum","language_name":"english","language_id":38}},{"id":4159,"position":15,"audio_url":"wbw/024_004_015.mp3","qpc_uthmani_hafs":"شَهَٰدَةً","char_type_name":"word","page_number":350,"line_number":8,"text":"ﮚ","translation":{"text":"testimony","language_name":"english","language_id":38},"transliteration":{"text":"shahādatan","language_name":"english","language_id":38}},{"id":4160,"position":16,"audio_url":"wbw/024_004_016.mp3","qpc_uthmani_hafs":"أَبَدٗاۚ","char_type_name":"word","page_number":350,"line_number":8,"text":"ﮛﮜ","translation":{"text":"ever","language_name":"english","language_id":38},"transliteration":{"text":"abadan","language_name":"english","language_id":38}},{"id":4162,"position":17,"audio_url":"wbw/024_004_018.mp3","qpc_uthmani_hafs":"وَأُوْلَٰٓئِكَ","char_type_name":"word","page_number":350,"line_number":8,"text":"ﮝ","translation":{"text":"And those","language_name":"english","language_id":38},"transliteration":{"text":"wa-ulāika","language_name":"english","language_id":38}},{"id":4163,"position":18,"audio_url":"wbw/024_004_019.mp3","qpc_uthmani_hafs":"هُمُ","char_type_name":"word","page_number":350,"line_number":8,"text":"ﮞ","translation":{"text":"they","language_name":"english","language_id":38},"transliteration":{"text":"humu","language_name":"english","language_id":38}},{"id":4164,"position":19,"audio_url":"wbw/024_004_020.mp3","qpc_uthmani_hafs":"ٱلۡفَٰسِقُونَ","char_type_name":"word","page_number":350,"line_number":9,"text":"ﮟ","translation":{"text":"(are) the defiantly disobedient","language_name":"english","language_id":38},"transliteration":{"text":"l-fāsiqūna","language_name":"english","language_id":38}},{"id":4165,"position":20,"audio_url":null,"qpc_uthmani_hafs":"٤","char_type_name":"end","page_number":350,"line_number":9,"text":"ﮠ","translation":{"text":"(4)","language_name":"english","language_id":38},"transliteration":{"text":null,"language_name":"english","language_id":38}}],"translations":[{"id":919224,"resource_id":134,"text":"Dan orang-orang yang menuduh wanita-wanita yang baik-baik <sup foot_note=210798>1</sup> (berbuat zina) dan mereka tidak mendatangkan empat orang saksi, maka deralah mereka (yang menuduh itu) delapan puluh kali dera dan janganlah kamu terima kesaksian mereka buat selama-lamanya. Dan mereka itulah orang-orang yang fasik."}]},{"id":2796,"verse_number":5,"verse_key":"24:5","juz_number":18,"hizb_number":35,"rub_el_hizb_number":140,"ruku_number":301,"manzil_number":4,"sajdah_number":null,"text_uthmani":"إِلَّا ٱلَّذِينَ تَابُوا۟ مِنۢ بَعْدِ ذَٰلِكَ وَأَصْلَحُوا۟ فَإِنَّ ٱللَّهَ غَفُورٌ رَّحِيمٌ","page_number":350,"words":[{"id":5436,"position":1,"audio_url":"wbw/024_005_001.mp3","qpc_uthmani_hafs":"إِلَّا","char_type_name":"word","page_number":350,"line_number":9,"text":"ﮡ","translation":{"text":"Except","language_name":"english","language_id":38},"transliteration":{"text":"illā","language_name":"english","language_id":38}},{"id":5437,"position":2,"audio_url":"wbw/024_005_002.mp3","qpc_uthmani_hafs":"ٱلَّذِينَ","char_type_name":"word","page_number":350,"line_number":9,"text":"ﮢ","translation":{"text":"those who","language_name":"english","language_id":38},"transliteration":{"text":"alladhīna","language_name":"english","language_id":38}},{"id":5438,"position":3,"audio_url":"wbw/024_005_003.mp3","qpc_uthmani_hafs":"تَابُواْ","char_type_name":"word","page_number":350,"line_number":9,"text":"ﮣ","translation":{"text":"repent","language_name":"english","language_id":38},"transliteration":{"text":"tābū","language_name":"english","language_id":38}},{"id":5439,"position":4,"audio_url":"wbw/024_005_004.mp3","qpc_uthmani_hafs":"مِنۢ","char_type_name":"word","page_number":350,"line_number":9,"text":"ﮤ","translation":{"text":"after","language_name":"english","language_id":38},"transliteration":{"text":"min","language_name":"english","language_id":38}},{"id":5440,"position":5,"audio_url":"wbw/024_005_005.mp3","qpc_uthmani_hafs":"بَعۡدِ","char_type_name":"word","page_number":350,"line_number":9,"text":"ﮥ","translation":{"text":"after","language_name":"english","language_id":38},"transliteration":{"text":"baʿdi","language_name":"english","language_id":38}},{"id":5441,"position":6,"audio_url":"wbw/024_005_006.mp3","qpc_uthmani_hafs":"ذَٰلِكَ","char_type_name":"word","page_number":350,"line_number":9,"text":"ﮦ","translation":{"text":"that","language_name":"english","language_id":38},"transliteration":{"text":"dhālika","language_name":"english","language_id":38}},{"id":5442,"position":7,"audio_url":"wbw/024_005_007.mp3","qpc_uthmani_hafs":"وَأَصۡلَحُواْ","char_type_name":"word","page_number":350,"line_number":9,"text":"ﮧ","translation":{"text":"and reform","language_name":"english","language_id":38},"transliteration":{"text":"wa-aṣlaḥū","language_name":"english","language_id":38}},{"id":5443,"position":8,"audio_url":"wbw/024_005_008.mp3","qpc_uthmani_hafs":"فَإِنَّ","char_type_name":"word","page_number":350,"line_number":9,"text":"ﮨ","translation":{"text":"Then indeed","language_name":"english","language_id":38},"transliteration":{"text":"fa-inna","language_name":"english","language_id":38}},{"id":5444,"position":9,"audio_url":"wbw/024_005_009.mp3","qpc_uthmani_hafs":"ٱللَّهَ","char_type_name":"word","page_number":350,"line_number":9,"text":"ﮩ","translation":{"text":"Allah","language_name":"english","language_id":38},"transliteration":{"text":"l-laha","language_name":"english","language_id":38}},{"id":5445,"position":10,"audio_url":"wbw/024_005_010.mp3","qpc_uthmani_hafs":"غَفُورٞ","char_type_name":"word","page_number":350,"line_number":9,"text":"ﮪ","translation":{"text":"(is) Oft-Forgiving","language_name":"english","language_id":38},"transliteration":{"text":"ghafūrun","language_name":"english","language_id":38}},{"id":5446,"position":11,"audio_url":"wbw/024_005_011.mp3","qpc_uthmani_hafs":"رَّحِيمٞ","char_type_name":"word","page_number":350,"line_number":10,"text":"ﮫ","translation":{"text":"Most Merciful","language_name":"english","language_id":38},"transliteration":{"text":"raḥīmun","language_name":"english","language_id":38}},{"id":5447,"position":12,"audio_url":null,"qpc_uthmani_hafs":"٥","char_type_name":"end","page_number":350,"line_number":10,"text":"ﮬ","translation":{"text":"(5)","language_name":"english","language_id":38},"transliteration":{"text":null,"language_name":"english","language_id":38}}],"translations":[{"id":919225,"resource_id":134,"text":"kecuali orang-orang yang bertobat sesudah itu dan memperbaiki (dirinya), maka sesungguhnya Allah Maha Pengampun lagi Maha Penyayang."}]},{"id":2797,"verse_number":6,"verse_key":"24:6","juz_number":18,"hizb_number":35,"rub_el_hizb_number":140,"ruku_number":301,"manzil_number":4,"sajdah_number":null,"text_uthmani":"وَٱلَّذِينَ يَرْمُونَ أَزْوَٰجَهُمْ وَلَمْ يَكُن لَّهُمْ شُهَدَآءُ إِلَّآ أَنفُسُهُمْ فَشَهَـٰدَةُ أَحَدِهِمْ أَرْبَعُ شَهَـٰدَٰتٍۭ بِٱللَّهِ ۙ إِنَّهُۥ لَمِنَ ٱلصَّـٰدِقِينَ","page_number":350,"words":[{"id":6652,"position":1,"audio_url":"wbw/024_006_001.mp3","qpc_uthmani_hafs":"وَٱلَّذِينَ","char_type_name":"word","page_number":350,"line_number":10,"text":"ﮭ","translation":{"text":"And those who","language_name":"english","language_id":38},"transliteration":{"text":"wa-alladhīna","language_name":"english","language_id":38}},{"id":6653,"position":2,"audio_url":"wbw/024_006_002.mp3","qpc_uthmani_hafs":"يَرۡمُونَ","char_type_name":"word","page_number":350,"line_number":10,"text":"ﮮ","translation":{"text":"accuse","language_name":"english","language_id":38},"transliteration":{"text":"yarmūna","language_name":"english","language_id":38}},{"id":6654,"position":3,"audio_url":"wbw/024_006_003.mp3","qpc_uthmani_hafs":"أَزۡوَٰجَهُمۡ","char_type_name":"word","page_number":350,"line_number":10,"text":"ﮯ","translation":{"text":"their spouses","language_name":"english","language_id":38},"transliteration":{"text":"azwājahum","language_name":"english","language_id":38}},{"id":6655,"position":4,"audio_url":"wbw/024_006_004.mp3","qpc_uthmani_hafs":"وَلَمۡ","char_type_name":"word","page_number":350,"line_number":10,"text":"ﮰ","translation":{"text":"and not","language_name":"english","language_id":38},"transliteration":{"text":"walam","language_name":"english","language_id":38}},{"id":6656,"position":5,"audio_url":"wbw/024_006_005.mp3","qpc_uthmani_hafs":"يَكُن","char_type_name":"word","page_number":350,"line_number":10,"text":"ﮱ","translation":{"text":"have","language_name":"english","language_id":38},"transliteration":{"text":"yakun","language_name":"english","language_id":38}},{"id":6657,"position":6,"audio_url":"wbw/024_006_006.mp3","qpc_uthmani_hafs":"لَّهُمۡ","char_type_name":"word","page_number":350,"line_number":10,"text":"ﯓ","translation":{"text":"for them","language_name":"english","language_id":38},"transliteration":{"text":"lahum","language_name":"english","language_id":38}},{"id":6658,"position":7,"audio_url":"wbw/024_006_007.mp3","qpc_uthmani_hafs":"شُهَدَآءُ","char_type_name":"word","page_number":350,"line_number":10,"text":"ﯔ","translation":{"text":"witnesses","language_name":"english","language_id":38},"transliteration":{"text":"shuhadāu","language_name":"english","language_id":38}},{"id":6659,"position":8,"audio_url":"wbw/024_006_008.mp3","qpc_uthmani_hafs":"إِلَّآ","char_type_name":"word","page_number":350,"line_number":10,"text":"ﯕ","translation":{"text":"except","language_name":"english","language_id":38},"transliteration":{"text":"illā","language_name":"english","language_id":38}},{"id":6660,"position":9,"audio_url":"wbw/024_006_009.mp3","qpc_uthmani_hafs":"أَنفُسُهُمۡ","char_type_name":"word","page_number":350,"line_number":10,"text":"ﯖ","translation":{"text":"themselves","language_name":"english","language_id":38},"transliteration":{"text":"anfusuhum","language_name":"english","language_id":38}},{"id":6661,"position":10,"audio_url":"wbw/024_006_010.mp3","qpc_uthmani_hafs":"فَشَهَٰدَةُ","char_type_name":"word","page_number":350,"line_number":11,"text":"ﯗ","translation":{"text":"then (the) testimony","language_name":"english","language_id":38},"transliteration":{"text":"fashahādatu","language_name":"english","language_id":38}},{"id":6662,"position":11,"audio_url":"wbw/024_006_011.mp3","qpc_uthmani_hafs":"أَحَدِهِمۡ","char_type_name":"word","page_number":350,"line_number":11,"text":"ﯘ","translation":{"text":"(of) one of them","language_name":"english","language_id":38},"transliteration":{"text":"aḥadihim","language_name":"english","language_id":38}},{"id":6663,"position":12,"audio_url":"wbw/024_006_012.mp3","qpc_uthmani_hafs":"أَرۡبَعُ","char_type_name":"word","page_number":350,"line_number":11,"text":"ﯙ","translation":{"text":"(is) four","language_name":"english","language_id":38},"transliteration":{"text":"arbaʿu","language_name":"english","language_id":38}},{"id":6664,"position":13,"audio_url":"wbw/024_006_013.mp3","qpc_uthmani_hafs":"شَهَٰدَٰتِۭ","char_type_name":"word","page_number":350,"line_number":11,"text":"ﯚ","translation":{"text":"testimonies","language_name":"english","language_id":38},"transliteration":{"text":"shahādātin","language_name":"english","language_id":38}},{"id":6665,"position":14,"audio_url":"wbw/024_006_014.mp3","qpc_uthmani_hafs":"بِٱللَّهِ","char_type_name":"word","page_number":350,"line_number":11,"text":"ﯛﯜ","translation":{"text":"by Allah","language_name":"english","language_id":38},"transliteration":{"text":"bil-lahi","language_name":"english","language_id":38}},{"id":6667,"position":15,"audio_url":"wbw/024_006_016.mp3","qpc_uthmani_hafs":"إِنَّهُۥ","char_type_name":"word","page_number":350,"line_number":11,"text":"ﯝ","translation":{"text":"that he","language_name":"english","language_id":38},"transliteration":{"text":"innahu","language_name":"english","language_id":38}},{"id":6668,"position":16,"audio_url":"wbw/024_006_017.mp3","qpc_uthmani_hafs":"لَمِنَ","char_type_name":"word","page_number":350,"line_number":11,"text":"ﯞ","translation":{"text":"(is) surely of","language_name":"english","language_id":38},"transliteration":{"text":"lamina","language_name":"english","language_id":38}},{"id":6669,"position":17,"audio_url":"wbw/024_006_018.mp3","qpc_uthmani_hafs":"ٱلصَّٰدِقِينَ","char_type_name":"word","page_number":350,"line_number":11,"text":"ﯟ","translation":{"text":"the truthful","language_name":"english","language_id":38},"transliteration":{"text":"l-ṣādiqīna","language_name":"english","language_id":38}},{"id":6670,"position":18,"audio_url":null,"qpc_uthmani_hafs":"٦","char_type_name":"end","page_number":350,"line_number":11,"text":"ﯠ","translation":{"text":"(6)","language_name":"english","language_id":38},"transliteration":{"text":null,"language_name":"english","language_id":38}}],"translations":[{"id":919226,"resource_id":134,"text":"Dan orang-orang yang menuduh istrinya (berzina), padahal mereka tidak ada mempunyai saksi-saksi selain diri mereka sendiri, maka persaksian orang itu ialah empat kali bersumpah dengan nama Allah; sesungguhnya dia adalah termasuk orang-orang yang benar."}]},{"id":2798,"verse_number":7,"verse_key":"24:7","juz_number":18,"hizb_number":35,"rub_el_hizb_number":140,"ruku_number":301,"manzil_number":4,"sajdah_number":null,"text_uthmani":"وَٱلْخَـٰمِسَةُ أَنَّ لَعْنَتَ ٱللَّهِ عَلَيْهِ إِن كَانَ مِنَ ٱلْكَـٰذِبِينَ","page_number":350,"words":[{"id":8013,"position":1,"audio_url":"wbw/024_007_001.mp3","qpc_uthmani_hafs":"وَٱلۡخَٰمِسَةُ","char_type_name":"word","page_number":350,"line_number":12,"text":"ﯡ","translation":{"text":"And the fifth","language_name":"english","language_id":38},"transliteration":{"text":"wal-khāmisatu","language_name":"english","language_id":38}},{"id":8014,"position":2,"audio_url":"wbw/024_007_002.mp3","qpc_uthmani_hafs":"أَنَّ","char_type_name":"word","page_number":350,"line_number":12,"text":"ﯢ","translation":{"text":"that","language_name":"english","language_id":38},"transliteration":{"text":"anna","language_name":"english","language_id":38}},{"id":8015,"position":3,"audio_url":"wbw/024_007_003.mp3","qpc_uthmani_hafs":"لَعۡنَتَ","char_type_name":"word","page_number":350,"line_number":12,"text":"ﯣ","translation":{"text":"(the) curse of Allah","language_name":"english","language_id":38},"transliteration":{"text":"laʿnata","language_name":"english","language_id":38}},{"id":8016,"position":4,"audio_url":"wbw/024_007_004.mp3","qpc_uthmani_hafs":"ٱللَّهِ","char_type_name":"word","page_number":350,"line_number":12,"text":"ﯤ","translation":{"text":"(the) curse of Allah","language_name":"english","language_id":38},"transliteration":{"text":"l-lahi","language_name":"english","language_id":38}},{"id":8017,"position":5,"audio_url":"wbw/024_007_005.mp3","qpc_uthmani_hafs":"عَلَيۡهِ","char_type_name":"word","page_number":350,"line_number":12,"text":"ﯥ","translation":{"text":"(be) upon him","language_name":"english","language_id":38},"transliteration":{"text":"ʿalayhi","language_name":"english","language_id":38}},{"id":8018,"position":6,"audio_url":"wbw/024_007_006.mp3","qpc_uthmani_hafs":"إِن","char_type_name":"word","page_number":350,"line_number":12,"text":"ﯦ","translation":{"text":"if","language_name":"english","language_id":38},"transliteration":{"text":"in","language_name":"english","language_id":38}},{"id":8019,"position":7,"audio_url":"wbw/024_007_007.mp3","qpc_uthmani_hafs":"كَانَ","char_type_name":"word","page_number":350,"line_number":12,"text":"ﯧ","translation":{"text":"he is","language_name":"english","language_id":38},"transliteration":{"text":"kāna","language_name":"english","language_id":38}},{"id":8020,"position":8,"audio_url":"wbw/024_007_008.mp3","qpc_uthmani_hafs":"مِنَ","char_type_name":"word","page_number":350,"line_number":12,"text":"ﯨ","translation":{"text":"of","language_name":"english","language_id":38},"transliteration":{"text":"mina","language_name":"english","language_id":38}},{"id":8021,"position":9,"audio_url":"wbw/024_007_009.mp3","qpc_uthmani_hafs":"ٱلۡكَٰذِبِينَ","char_type_name":"word","page_number":350,"line_number":12,"text":"ﯩ","translation":{"text":"the liars","language_name":"english","language_id":38},"transliteration":{"text":"l-kādhibīna","language_name":"english","language_id":38}},{"id":8022,"position":10,"audio_url":null,"qpc_uthmani_hafs":"٧","char_type_name":"end","page_number":350,"line_number":12,"text":"ﯪ","translation":{"text":"(7)","language_name":"english","language_id":38},"transliteration":{"text":null,"language_name":"english","language_id":38}}],"translations":[{"id":919227,"resource_id":134,"text":"Dan (sumpah) yang kelima bahwa laknat Allah atasnya, jika dia termasuk orang-orang yang berdusta <sup foot_note=210799>1</sup>."}]},{"id":2799,"verse_number":8,"verse_key":"24:8","juz_number":18,"hizb_number":35,"rub_el_hizb_number":140,"ruku_number":301,"manzil_number":4,"sajdah_number":null,"text_uthmani":"وَيَدْرَؤُا۟ عَنْهَا ٱلْعَذَابَ أَن تَشْهَدَ أَرْبَعَ شَهَـٰدَٰتٍۭ بِٱللَّهِ ۙ إِنَّهُۥ لَمِنَ ٱلْكَـٰذِبِينَ","page_number":350,"words":[{"id":9173,"position":1,"audio_url":"wbw/024_008_001.mp3","qpc_uthmani_hafs":"وَيَدۡرَؤُاْ","char_type_name":"word","page_number":350,"line_number":12,"text":"ﯫ","translation":{"text":"But it would prevent","language_name":"english","language_id":38},"transliteration":{"text":"wayadra-u","language_name":"english","language_id":38}},{"id":9174,"position":2,"audio_url":"wbw/024_008_002.mp3","qpc_uthmani_hafs":"عَنۡهَا","char_type_name":"word","page_number":350,"line_number":13,"text":"ﯬ","translation":{"text":"from her","language_name":"english","language_id":38},"transliteration":{"text":"ʿanhā","language_name":"english","language_id":38}},{"id":9175,"position":3,"audio_url":"wbw/024_008_003.mp3","qpc_uthmani_hafs":"ٱلۡعَذَابَ","char_type_name":"word","page_number":350,"line_number":13,"text":"ﯭ","translation":{"text":"the punishment","language_name":"english","language_id":38},"transliteration":{"text":"l-ʿadhāba","language_name":"english","language_id":38}},{"id":9176,"position":4,"audio_url":"wbw/024_008_004.mp3","qpc_uthmani_hafs":"أَن","char_type_name":"word","page_number":350,"line_number":13,"text":"ﯮ","translation":{"text":"that","language_name":"english","language_id":38},"transliteration":{"text":"an","language_name":"english","language_id":38}},{"id":9177,"position":5,"audio_url":"wbw/024_008_005.mp3","qpc_uthmani_hafs":"تَشۡهَدَ","char_type_name":"word","page_number":350,"line_number":13,"text":"ﯯ","translation":{"text":"she bears witness","language_name":"english","language_id":38},"transliteration":{"text":"tashhada","language_name":"english","language_id":38}},{"id":9178,"position":6,"audio_url":"wbw/024_008_006.mp3","qpc_uthmani_hafs":"أَرۡبَعَ","char_type_name":"word","page_number":350,"line_number":13,"text":"ﯰ","translation":{"text":"four","language_name":"english","language_id":38},"transliteration":{"text":"arbaʿa","language_name":"english","language_id":38}},{"id":9179,"position":7,"audio_url":"wbw/024_008_007.mp3","qpc_uthmani_hafs":"شَهَٰدَٰتِۭ","char_type_name":"word","page_number":350,"line_number":13,"text":"ﯱ","translation":{"text":"testimonies","language_name":"english","language_id":38},"transliteration":{"text":"shahādātin","language_name":"english","language_id":38}},{"id":9180,"position":8,"audio_url":"wbw/024_008_008.mp3","qpc_uthmani_hafs":"بِٱللَّهِ","char_type_name":"word","page_number":350,"line_number":13,"text":"ﯲﯳ","translation":{"text":"by Allah","language_name":"english","language_id":38},"transliteration":{"text":"bil-lahi","language_name":"english","language_id":38}},{"id":9182,"position":9,"audio_url":"wbw/024_008_010.mp3","qpc_uthmani_hafs":"إِنَّهُۥ","char_type_name":"word","page_number":350,"line_number":13,"text":"ﯴ","translation":{"text":"that he","language_name":"english","language_id":38},"transliteration":{"text":"innahu","language_name":"english","language_id":38}},{"id":9183,"position":10,"audio_url":"wbw/024_008_011.mp3","qpc_uthmani_hafs":"لَمِنَ","char_type_name":"word","page_number":350,"line_number":13,"text":"ﯵ","translation":{"text":"(is) surely of","language_name":"english","language_id":38},"transliteration":{"text":"lamina","language_name":"english","language_id":38}},{"id":9184,"position":11,"audio_url":"wbw/024_008_012.mp3","qpc_uthmani_hafs":"ٱلۡكَٰذِبِينَ","char_type_name":"word","page_number":350,"line_number":13,"text":"ﯶ","translation":{"text":"the liars","language_name":"english","language_id":38},"transliteration":{"text":"l-kādhibīna","language_name":"english","language_id":38}},{"id":9185,"position":12,"audio_url":null,"qpc_uthmani_hafs":"٨","char_type_name":"end","page_number":350,"line_number":14,"text":"ﯷ","translation":{"text":"(8)","language_name":"english","language_id":38},"transliteration":{"text":null,"language_name":"english","language_id":38}}],"translations":[{"id":919228,"resource_id":134,"text":"Istrinya itu dihindarkan dari hukuman oleh sumpahnya empat kali atas nama Allah; sesungguhnya suaminya itu benar-benar termasuk orang-orang yang dusta."}]},{"id":2800,"verse_number":9,"verse_key":"24:9","juz_number":18,"hizb_number":35,"rub_el_hizb_number":140,"ruku_number":301,"manzil_number":4,"sajdah_number":null,"text_uthmani":"وَٱلْخَـٰمِسَةَ أَنَّ غَضَبَ ٱللَّهِ عَلَيْهَآ إِن كَانَ مِنَ ٱلصَّـٰدِقِينَ","page_number":350,"words":[{"id":10387,"position":1,"audio_url":"wbw/024_009_001.mp3","qpc_uthmani_hafs":"وَٱلۡخَٰمِسَةَ","char_type_name":"word","page_number":350,"line_number":14,"text":"ﯸ","translation":{"text":"And the fifth","language_name":"english","language_id":38},"transliteration":{"text":"wal-khāmisata","language_name":"english","language_id":38}},{"id":10388,"position":2,"audio_url":"wbw/024_009_002.mp3","qpc_uthmani_hafs":"أَنَّ","char_type_name":"word","page_number":350,"line_number":14,"text":"ﯹ","translation":{"text":"that","language_name":"english","language_id":38},"transliteration":{"text":"anna","language_name":"english","language_id":38}},{"id":10389,"position":3,"audio_url":"wbw/024_009_003.mp3","qpc_uthmani_hafs":"غَضَبَ","char_type_name":"word","page_number":350,"line_number":14,"text":"ﯺ","translation":{"text":"the wrath of Allah","language_name":"english","language_id":38},"transliteration":{"text":"ghaḍaba","language_name":"english","language_id":38}},{"id":10390,"position":4,"audio_url":"wbw/024_009_004.mp3","qpc_uthmani_hafs":"ٱللَّهِ","char_type_name":"word","page_number":350,"line_number":14,"text":"ﯻ","translation":{"text":"the wrath of Allah","language_name":"english","language_id":38},"transliteration":{"text":"l-lahi","language_name":"english","language_id":38}},{"id":10391,"position":5,"audio_url":"wbw/024_009_005.mp3","qpc_uthmani_hafs":"عَلَيۡهَآ","char_type_name":"word","page_number":350,"line_number":14,"text":"ﯼ","translation":{"text":"(be) upon her","language_name":"english","language_id":38},"transliteration":{"text":"ʿalayhā","language_name":"english","language_id":38}},{"id":10392,"position":6,"audio_url":"wbw/024_009_006.mp3","qpc_uthmani_hafs":"إِن","char_type_name":"word","page_number":350,"line_number":14,"text":"ﯽ","translation":{"text":"if","language_name":"english","language_id":38},"transliteration":{"text":"in","language_name":"english","language_id":38}},{"id":10393,"position":7,"audio_url":"wbw/024_009_007.mp3","qpc_uthmani_hafs":"كَانَ","char_type_name":"word","page_number":350,"line_number":14,"text":"ﯾ","translation":{"text":"he is","language_name":"english","language_id":38},"transliteration":{"text":"kāna","language_name":"english","language_id":38}},{"id":10394,"position":8,"audio_url":"wbw/024_009_008.mp3","qpc_uthmani_hafs":"مِنَ","char_type_name":"word","page_number":350,"line_number":14,"text":"ﯿ","translation":{"text":"of","language_name":"english","language_id":38},"transliteration":{"text":"mina","language_name":"english","language_id":38}},{"id":10395,"position":9,"audio_url":"wbw/024_009_009.mp3","qpc_uthmani_hafs":"ٱلصَّٰدِقِينَ","char_type_name":"word","page_number":350,"line_number":14,"text":"ﰀ","translation":{"text":"the truthful","language_name":"english","language_id":38},"transliteration":{"text":"l-ṣādiqīna","language_name":"english","language_id":38}},{"id":10396,"position":10,"audio_url":null,"qpc_uthmani_hafs":"٩","char_type_name":"end","page_number":350,"line_number":14,"text":"ﰁ","translation":{"text":"(9)","language_name":"english","language_id":38},"transliteration":{"text":null,"language_name":"english","language_id":38}}],"translations":[{"id":919229,"resource_id":134,"text":"dan (sumpah) yang kelima bahwa laknat Allah atasnya, jika suaminya itu termasuk orang-orang yang benar."}]},{"id":2801,"verse_number":10,"verse_key":"24:10","juz_number":18,"hizb_number":35,"rub_el_hizb_number":140,"ruku_number":301,"manzil_number":4,"sajdah_number":null,"text_uthmani":"وَلَوْلَا فَضْلُ ٱللَّهِ عَلَيْكُمْ وَرَحْمَتُهُۥ وَأَنَّ ٱللَّهَ تَوَّابٌ حَكِيمٌ","page_number":350,"words":[{"id":11575,"position":1,"audio_url":"wbw/024_010_001.mp3","qpc_uthmani_hafs":"وَلَوۡلَا","char_type_name":"word","page_number":350,"line_number":15,"text":"ﰂ","translation":{"text":"And if not","language_name":"english","language_id":38},"transliteration":{"text":"walawlā","language_name":"english","language_id":38}},{"id":11576,"position":2,"audio_url":"wbw/024_010_002.mp3","qpc_uthmani_hafs":"فَضۡلُ","char_type_name":"word","page_number":350,"line_number":15,"text":"ﰃ","translation":{"text":"(for) the Grace of Allah","language_name":"english","language_id":38},"transliteration":{"text":"faḍlu","language_name":"english","language_id":38}},{"id":11577,"position":3,"audio_url":"wbw/024_010_003.mp3","qpc_uthmani_hafs":"ٱللَّهِ","char_type_name":"word","page_number":350,"line_number":15,"text":"ﰄ","translation":{"text":"(for) the Grace of Allah","language_name":"english","language_id":38},"transliteration":{"text":"l-lahi","language_name":"english","language_id":38}},{"id":11578,"position":4,"audio_url":"wbw/024_010_004.mp3","qpc_uthmani_hafs":"عَلَيۡكُمۡ","char_type_name":"word","page_number":350,"line_number":15,"text":"ﰅ","translation":{"text":"upon you","language_name":"english","language_id":38},"transliteration":{"text":"ʿalaykum","language_name":"english","language_id":38}},{"id":11579,"position":5,"audio_url":"wbw/024_010_005.mp3","qpc_uthmani_hafs":"وَرَحۡمَتُهُۥ","char_type_name":"word","page_number":350,"line_number":15,"text":"ﰆ","translation":{"text":"and His Mercy ","language_name":"english","language_id":38},"transliteration":{"text":"waraḥmatuhu","language_name":"english","language_id":38}},{"id":11580,"position":6,"audio_url":"wbw/024_010_006.mp3","qpc_uthmani_hafs":"وَأَنَّ","char_type_name":"word","page_number":350,"line_number":15,"text":"ﰇ","translation":{"text":"and that","language_name":"english","language_id":38},"transliteration":{"text":"wa-anna","language_name":"english","language_id":38}},{"id":11581,"position":7,"audio_url":"wbw/024_010_007.mp3","qpc_uthmani_hafs":"ٱللَّهَ","char_type_name":"word","page_number":350,"line_number":15,"text":"ﰈ","translation":{"text":"Allah","language_name":"english","language_id":38},"transliteration":{"text":"l-laha","language_name":"english","language_id":38}},{"id":11582,"position":8,"audio_url":"wbw/024_010_008.mp3","qpc_uthmani_hafs":"تَوَّابٌ","char_type_name":"word","page_number":350,"line_number":15,"text":"ﰉ","translation":{"text":"(is) Oft-Returning (to Mercy)","language_name":"english","language_id":38},"transliteration":{"text":"tawwābun","language_name":"english","language_id":38}},{"id":11583,"position":9,"audio_url":"wbw/024_010_009.mp3","qpc_uthmani_hafs":"حَكِيمٌ","char_type_name":"word","page_number":350,"line_number":15,"text":"ﰊ","translation":{"text":"All-Wise","language_name":"english","language_id":38},"transliteration":{"text":"ḥakīmun","language_name":"english","language_id":38}},{"id":11584,"position":10,"audio_url":null,"qpc_uthmani_hafs":"١٠","char_type_name":"end","page_number":350,"line_number":15,"text":"ﰋ","translation":{"text":"(10)","language_name":"english","language_id":38},"transliteration":{"text":null,"language_name":"english","language_id":38}}],"translations":[{"id":919230,"resource_id":134,"text":"Dan andaikata tidak ada karunia Allah dan rahmat-Nya atas dirimu dan (andaikata) Allah bukan Penerima Tobat lagi Maha Bijaksana, (niscaya kamu akan mengalami kesulitan-kesulitan)."}]}],"pagination":{"per_page":50,"current_page":1,"next_page":null,"total_pages":1,"total_records":10}}