{"verses":[{"id":2823,"verse_number":32,"verse_key":"24:32","juz_number":18,"hizb_number":36,"rub_el_hizb_number":141,"ruku_number":304,"manzil_number":4,"sajdah_number":null,"text_uthmani":"وَأَنكِحُوا۟ ٱلْأَيَـٰمَىٰ مِنكُمْ وَٱلصَّـٰلِحِينَ مِنْ عِبَادِكُمْ وَإِمَآئِكُمْ ۚ إِن يَكُونُوا۟ فُقَرَآءَ يُغْنِهِمُ ٱللَّهُ مِن فَضْلِهِۦ ۗ وَٱللَّهُ وَٰسِعٌ عَلِيمٌ","page_number":354,"words":[{"id":34758,"position":1,"audio_url":"wbw/024_032_001.mp3","qpc_uthmani_hafs":"وَأَنكِحُواْ","char_type_name":"word","page_number":354,"line_number":1,"text":"ﭑ","translation":{"text":"And marry","language_name":"english","language_id":38},"transliteration":{"text":"wa-ankiḥū","language_name":"english","language_id":38}},{"id":34759,"position":2,"audio_url":"wbw/024_032_002.mp3","qpc_uthmani_hafs":"ٱلۡأَيَٰمَىٰ","char_type_name":"word","page_number":354,"line_number":1,"text":"ﭒ","translation":{"text":"the single","language_name":"english","language_id":38},"transliteration":{"text":"l-ayāmā","language_name":"english","language_id":38}},{"id":34760,"position":3,"audio_url":"wbw/024_032_003.mp3","qpc_uthmani_hafs":"مِنكُمۡ","char_type_name":"word","page_number":354,"line_number":1,"text":"ﭓ","translation":{"text":"among you","language_name":"english","language_id":38},"transliteration":{"text":"minkum","language_name":"english","language_id":38}},{"id":34761,"position":4,"audio_url":"wbw/024_032_004.mp3","qpc_uthmani_hafs":"وَٱلصَّٰلِحِينَ","char_type_name":"word","page_number":354,"line_number":1,"text":"ﭔ","translation":{"text":"and the righteous","language_name":"english","language_id":38},"transliteration":{"text":"wal-ṣāliḥīna","language_name":"english","language_id":38}},{"id":34762,"position":5,"audio_url":"wbw/024_032_005.mp3","qpc_uthmani_hafs":"مِنۡ","char_type_name":"word","page_number":354,"line_number":1,"text":"ﭕ","translation":{"text":"among","language_name":"english","language_id":38},"transliteration":{"text":"min","language_name":"english","language_id":38}},{"id":34763,"position":6,"audio_url":"wbw/024_032_006.mp3","qpc_uthmani_hafs":"عِبَادِكُمۡ","char_type_name":"word","page_number":354,"line_number":1,"text":"ﭖ","translation":{"text":"your male slaves","language_name":"english","language_id":38},"transliteration":{"text":"ʿibādikum","language_name":"english","language_id":38}},{"id":34764,"position":7,"audio_url":"wbw/024_032_007.mp3","qpc_uthmani_hafs":"وَإِمَآئِكُمۡۚ","char_type_name":"word","page_number":354,"line_number":1,"text":"ﭗﭘ","translation":{"text":"and your female slaves","language_name":"english","language_id":38},"transliteration":{"text":"wa-imāikum","language_name":"english","language_id":38}},{"id":34766,"position":8,"audio_url":"wbw/024_032_009.mp3","qpc_uthmani_hafs":"إِن","char_type_name":"word","page_number":354,"line_number":1,"text":"ﭙ","translation":{"text":"If","language_name":"english","language_id":38},"transliteration":{"text":"in","language_name":"english","language_id":38}},{"id":34767,"position":9,"audio_url":"wbw/024_032_010.mp3","qpc_uthmani_hafs":"يَكُونُواْ","char_type_name":"word","page_number":354,"line_number":2,"text":"ﭚ","translation":{"text":"they are","language_name":"english","language_id":38},"transliteration":{"text":"yakūnū","language_name":"english","language_id":38}},{"id":34768,"position":10,"audio_url":"wbw/024_032_011.mp3","qpc_uthmani_hafs":"فُقَرَآءَ","char_type_name":"word","page_number":354,"line_number":2,"text":"ﭛ","translation":{"text":"poor","language_name":"english","language_id":38},"transliteration":{"text":"fuqarāa","language_name":"english","language_id":38}},{"id":34769,"position":11,"audio_url":"wbw/024_032_012.mp3","qpc_uthmani_hafs":"يُغۡنِهِمُ","char_type_name":"word","page_number":354,"line_number":2,"text":"ﭜ","translation":{"text":"Allah will enrich them","language_name":"english","language_id":38},"transliteration":{"text":"yugh'nihimu","language_name":"english","language_id":38}},{"id":34770,"position":12,"audio_url":"wbw/024_032_013.mp3","qpc_uthmani_hafs":"ٱللَّهُ","char_type_name":"word","page_number":354,"line_number":2,"text":"ﭝ","translation":{"text":"Allah will enrich them","language_name":"english","language_id":38},"transliteration":{"text":"l-lahu","language_name":"english","language_id":38}},{"id":34771,"position":13,"audio_url":"wbw/024_032_014.mp3","qpc_uthmani_hafs":"مِن","char_type_name":"word","page_number":354,"line_number":2,"text":"ﭞ","translation":{"text":"from","language_name":"english","language_id":38},"transliteration":{"text":"min","language_name":"english","language_id":38}},{"id":34772,"position":14,"audio_url":"wbw/024_032_015.mp3","qpc_uthmani_hafs":"فَضۡلِهِۦۗ","char_type_name":"word","page_number":354,"line_number":2,"text":"ﭟﭠ","translation":{"text":"His Bounty","language_name":"english","language_id":38},"transliteration":{"text":"faḍlihi","language_name":"english","language_id":38}},{"id":34774,"position":15,"audio_url":"wbw/024_032_017.mp3","qpc_uthmani_hafs":"وَٱللَّهُ","char_type_name":"word","page_number":354,"line_number":2,"text":"ﭡ","translation":{"text":"And Allah","language_name":"english","language_id":38},"transliteration":{"text":"wal-lahu","language_name":"english","language_id":38}},{"id":34775,"position":16,"audio_url":"wbw/024_032_018.mp3","qpc_uthmani_hafs":"وَٰسِعٌ","char_type_name":"word","page_number":354,"line_number":2,"text":"ﭢ","translation":{"text":"(is) All-Encompassing","language_name":"english","language_id":38},"transliteration":{"text":"wāsiʿun","language_name":"english","language_id":38}},{"id":34776,"position":17,"audio_url":"wbw/024_032_019.mp3","qpc_uthmani_hafs":"عَلِيمٞ","char_type_name":"word","page_number":354,"line_number":2,"text":"ﭣ","translation":{"text":"All-Knowing","language_name":"english","language_id":38},"transliteration":{"text":"ʿalīmun","language_name":"english","language_id":38}},{"id":34777,"position":18,"audio_url":null,"qpc_uthmani_hafs":"٣٢","char_type_name":"end","page_number":354,"line_number":2,"text":"ﭤ","translation":{"text":"(32)","language_name":"english","language_id":38},"transliteration":{"text":null,"language_name":"english","language_id":38}}],"translations":[{"id":919252,"resource_id":134,"text":"Dan kawinkanlah orang-orang yang sedirian <sup foot_note=210804>1</sup> di antara kamu dan orang-orang yang layak (berkawin) dari hamba-hamba sahayamu yang lelaki dan hamba-hamba sahayamu yang perempuan. Jika mereka miskin, Allah akan memampukan mereka dengan karunia-Nya.  Dan Allah Maha luas (pemberian-Nya) lagi Maha Mengetahui."}]},{"id":2824,"verse_number":33,"verse_key":"24:33","juz_number":18,"hizb_number":36,"rub_el_hizb_number":141,"ruku_number":304,"manzil_number":4,"sajdah_number":null,"text_uthmani":"وَلْيَسْتَعْفِفِ ٱلَّذِينَ لَا يَجِدُونَ نِكَاحًا حَتَّىٰ يُغْنِيَهُمُ ٱللَّهُ مِن فَضْلِهِۦ ۗ وَٱلَّذِينَ يَبْتَغُونَ ٱلْكِتَـٰبَ مِمَّا مَلَكَتْ أَيْمَـٰنُكُمْ فَكَاتِبُوهُمْ إِنْ عَلِمْتُمْ فِيهِمْ خَيْرًا ۖ وَءَاتُوهُم مِّن مَّالِ ٱللَّهِ ٱلَّذِىٓ ءَاتَىٰكُمْ ۚ وَلَا تُكْرِهُوا۟ فَتَيَـٰتِكُمْ عَلَى ٱلْبِغَآءِ إِنْ أَرَدْنَ تَحَصُّنًا لِّتَبْتَغُوا۟ عَرَضَ ٱلْحَيَوٰةِ ٱلدُّنْيَا ۚ وَمَن يُكْرِههُّنَّ فَإِنَّ ٱللَّهَ مِنۢ بَعْدِ إِكْرَٰهِهِنَّ غَفُورٌ رَّحِيمٌ","page_number":354,"words":[{"id":35761,"position":1,"audio_url":"wbw/024_033_001.mp3","qpc_uthmani_hafs":"وَلۡيَسۡتَعۡفِفِ","char_type_name":"word","page_number":354,"line_number":3,"text":"ﭥ","translation":{"text":"And let be chaste","language_name":"english","language_id":38},"transliteration":{"text":"walyastaʿfifi","language_name":"english","language_id":38}},{"id":35762,"position":2,"audio_url":"wbw/024_033_002.mp3","qpc_uthmani_hafs":"ٱلَّذِينَ","char_type_name":"word","page_number":354,"line_number":3,"text":"ﭦ","translation":{"text":"those who","language_name":"english","language_id":38},"transliteration":{"text":"alladhīna","language_name":"english","language_id":38}},{"id":35763,"position":3,"audio_url":"wbw/024_033_003.mp3","qpc_uthmani_hafs":"لَا","char_type_name":"word","page_number":354,"line_number":3,"text":"ﭧ","translation":{"text":"(do) not","language_name":"english","language_id":38},"transliteration":{"text":"lā","language_name":"english","language_id":38}},{"id":35764,"position":4,"audio_url":"wbw/024_033_004.mp3","qpc_uthmani_hafs":"يَجِدُونَ","char_type_name":"word","page_number":354,"line_number":3,"text":"ﭨ","translation":{"text":"find","language_name":"english","language_id":38},"transliteration":{"text":"yajidūna","language_name":"english","language_id":38}},{"id":35765,"position":5,"audio_url":"wbw/024_033_005.mp3","qpc_uthmani_hafs":"نِكَاحًا","char_type_name":"word","page_number":354,"line_number":3,"text":"ﭩ","translation":{"text":"(means for) marriage","language_name":"english","language_id":38},"transliteration":{"text":"nikāḥan","language_name":"english","language_id":38}},{"id":35766,"position":6,"audio_url":"wbw/024_033_006.mp3","qpc_uthmani_hafs":"حَتَّىٰ","char_type_name":"word","page_number":354,"line_number":3,"text":"ﭪ","translation":{"text":"until","language_name":"english","language_id":38},"transliteration":{"text":"ḥattā","language_name":"english","language_id":38}},{"id":35767,"position":7,"audio_url":"wbw/024_033_007.mp3","qpc_uthmani_hafs":"يُغۡنِيَهُمُ","char_type_name":"word","page_number":354,"line_number":3,"text":"ﭫ","translation":{"text":"Allah enriches them","language_name":"english","language_id":38},"transliteration":{"text":"yugh'niyahumu","language_name":"english","language_id":38}},{"id":35768,"position":8,"audio_url":"wbw/024_033_008.mp3","qpc_uthmani_hafs":"ٱللَّهُ","char_type_name":"word","page_number":354,"line_number":3,"text":"ﭬ","translation":{"text":"Allah enriches them","language_name":"english","language_id":38},"transliteration":{"text":"l-lahu","language_name":"english","language_id":38}},{"id":35769,"position":9,"audio_url":"wbw/024_033_009.mp3","qpc_uthmani_hafs":"مِن","char_type_name":"word","page_number":354,"line_number":3,"text":"ﭭ","translation":{"text":"from","language_name":"english","language_id":38},"transliteration":{"text":"min","language_name":"english","language_id":38}},{"id":35770,"position":10,"audio_url":"wbw/024_033_010.mp3","qpc_uthmani_hafs":"فَضۡلِهِۦۗ","char_type_name":"word","page_number":354,"line_number":3,"text":"ﭮﭯ","translation":{"text":"His Bounty","language_name":"english","language_id":38},"transliteration":{"text":"faḍlihi","language_name":"english","language_id":38}},{"id":35772,"position":11,"audio_url":"wbw/024_033_012.mp3","qpc_uthmani_hafs":"وَٱلَّذِينَ","char_type_name":"word","page_number":354,"line_number":4,"text":"ﭰ","translation":{"text":"And those who","language_name":"english","language_id":38},"transliteration":{"text":"wa-alladhīna","language_name":"english","language_id":38}},{"id":35773,"position":12,"audio_url":"wbw/024_033_013.mp3","qpc_uthmani_hafs":"يَبۡتَغُونَ","char_type_name":"word","page_number":354,"line_number":4,"text":"ﭱ","translation":{"text":"seek","language_name":"english","language_id":38},"transliteration":{"text":"yabtaghūna","language_name":"english","language_id":38}},{"id":35774,"position":13,"audio_url":"wbw/024_033_014.mp3","qpc_uthmani_hafs":"ٱلۡكِتَٰبَ","char_type_name":"word","page_number":354,"line_number":4,"text":"ﭲ","translation":{"text":"the writing","language_name":"english","language_id":38},"transliteration":{"text":"l-kitāba","language_name":"english","language_id":38}},{"id":35775,"position":14,"audio_url":"wbw/024_033_015.mp3","qpc_uthmani_hafs":"مِمَّا","char_type_name":"word","page_number":354,"line_number":4,"text":"ﭳ","translation":{"text":"from (those) whom","language_name":"english","language_id":38},"transliteration":{"text":"mimmā","language_name":"english","language_id":38}},{"id":35776,"position":15,"audio_url":"wbw/024_033_016.mp3","qpc_uthmani_hafs":"مَلَكَتۡ","char_type_name":"word","page_number":354,"line_number":4,"text":"ﭴ","translation":{"text":"possess","language_name":"english","language_id":38},"transliteration":{"text":"malakat","language_name":"english","language_id":38}},{"id":35777,"position":16,"audio_url":"wbw/024_033_017.mp3","qpc_uthmani_hafs":"أَيۡمَٰنُكُمۡ","char_type_name":"word","page_number":354,"line_number":4,"text":"ﭵ","translation":{"text":"your right hands","language_name":"english","language_id":38},"transliteration":{"text":"aymānukum","language_name":"english","language_id":38}},{"id":35778,"position":17,"audio_url":"wbw/024_033_018.mp3","qpc_uthmani_hafs":"فَكَاتِبُوهُمۡ","char_type_name":"word","page_number":354,"line_number":4,"text":"ﭶ","translation":{"text":"then give them (the) writing","language_name":"english","language_id":38},"transliteration":{"text":"fakātibūhum","language_name":"english","language_id":38}},{"id":35779,"position":18,"audio_url":"wbw/024_033_019.mp3","qpc_uthmani_hafs":"إِنۡ","char_type_name":"word","page_number":354,"line_number":4,"text":"ﭷ","translation":{"text":"if","language_name":"english","language_id":38},"transliteration":{"text":"in","language_name":"english","language_id":38}},{"id":35780,"position":19,"audio_url":"wbw/024_033_020.mp3","qpc_uthmani_hafs":"عَلِمۡتُمۡ","char_type_name":"word","page_number":354,"line_number":5,"text":"ﭸ","translation":{"text":"you know","language_name":"english","language_id":38},"transliteration":{"text":"ʿalim'tum","language_name":"english","language_id":38}},{"id":35781,"position":20,"audio_url":"wbw/024_033_021.mp3","qpc_uthmani_hafs":"فِيهِمۡ","char_type_name":"word","page_number":354,"line_number":5,"text":"ﭹ","translation":{"text":"in them","language_name":"english","language_id":38},"transliteration":{"text":"fīhim","language_name":"english","language_id":38}},{"id":35782,"position":21,"audio_url":"wbw/024_033_022.mp3","qpc_uthmani_hafs":"خَيۡرٗاۖ","char_type_name":"word","page_number":354,"line_number":5,"text":"ﭺﭻ","translation":{"text":"any good","language_name":"english","language_id":38},"transliteration":{"text":"khayran","language_name":"english","language_id":38}},{"id":35784,"position":22,"audio_url":"wbw/024_033_024.mp3","qpc_uthmani_hafs":"وَءَاتُوهُم","char_type_name":"word","page_number":354,"line_number":5,"text":"ﭼ","translation":{"text":"and give them","language_name":"english","language_id":38},"transliteration":{"text":"waātūhum","language_name":"english","language_id":38}},{"id":35785,"position":23,"audio_url":"wbw/024_033_025.mp3","qpc_uthmani_hafs":"مِّن","char_type_name":"word","page_number":354,"line_number":5,"text":"ﭽ","translation":{"text":"from","language_name":"english","language_id":38},"transliteration":{"text":"min","language_name":"english","language_id":38}},{"id":35786,"position":24,"audio_url":"wbw/024_033_026.mp3","qpc_uthmani_hafs":"مَّالِ","char_type_name":"word","page_number":354,"line_number":5,"text":"ﭾ","translation":{"text":"the wealth of Allah","language_name":"english","language_id":38},"transliteration":{"text":"māli","language_name":"english","language_id":38}},{"id":35787,"position":25,"audio_url":"wbw/024_033_027.mp3","qpc_uthmani_hafs":"ٱللَّهِ","char_type_name":"word","page_number":354,"line_number":5,"text":"ﭿ","translation":{"text":"the wealth of Allah","language_name":"english","language_id":38},"transliteration":{"text":"l-lahi","language_name":"english","language_id":38}},{"id":35788,"position":26,"audio_url":"wbw/024_033_028.mp3","qpc_uthmani_hafs":"ٱلَّذِيٓ","char_type_name":"word","page_number":354,"line_number":5,"text":"ﮀ","translation":{"text":"which","language_name":"english","language_id":38},"transliteration":{"text":"alladhī","language_name":"english","language_id":38}},{"id":35789,"position":27,"audio_url":"wbw/024_033_029.mp3","qpc_uthmani_hafs":"ءَاتَىٰكُمۡۚ","char_type_name":"word","page_number":354,"line_number":5,"text":"ﮁﮂ","translation":{"text":"He has given you","language_name":"english","language_id":38},"transliteration":{"text":"ātākum","language_name":"english","language_id":38}},{"id":35791,"position":28,"audio_url":"wbw/024_033_031.mp3","qpc_uthmani_hafs":"وَلَا","char_type_name":"word","page_number":354,"line_number":5,"text":"ﮃ","translation":{"text":"And (do) not","language_name":"english","language_id":38},"transliteration":{"text":"walā","language_name":"english","language_id":38}},{"id":35792,"position":29,"audio_url":"wbw/024_033_032.mp3","qpc_uthmani_hafs":"تُكۡرِهُواْ","char_type_name":"word","page_number":354,"line_number":6,"text":"ﮄ","translation":{"text":"compel","language_name":"english","language_id":38},"transliteration":{"text":"tuk'rihū","language_name":"english","language_id":38}},{"id":35793,"position":30,"audio_url":"wbw/024_033_033.mp3","qpc_uthmani_hafs":"فَتَيَٰتِكُمۡ","char_type_name":"word","page_number":354,"line_number":6,"text":"ﮅ","translation":{"text":"your slave girls","language_name":"english","language_id":38},"transliteration":{"text":"fatayātikum","language_name":"english","language_id":38}},{"id":35794,"position":31,"audio_url":"wbw/024_033_034.mp3","qpc_uthmani_hafs":"عَلَى","char_type_name":"word","page_number":354,"line_number":6,"text":"ﮆ","translation":{"text":"to","language_name":"english","language_id":38},"transliteration":{"text":"ʿalā","language_name":"english","language_id":38}},{"id":35795,"position":32,"audio_url":"wbw/024_033_035.mp3","qpc_uthmani_hafs":"ٱلۡبِغَآءِ","char_type_name":"word","page_number":354,"line_number":6,"text":"ﮇ","translation":{"text":"[the] prostitution","language_name":"english","language_id":38},"transliteration":{"text":"l-bighāi","language_name":"english","language_id":38}},{"id":35796,"position":33,"audio_url":"wbw/024_033_036.mp3","qpc_uthmani_hafs":"إِنۡ","char_type_name":"word","page_number":354,"line_number":6,"text":"ﮈ","translation":{"text":"if","language_name":"english","language_id":38},"transliteration":{"text":"in","language_name":"english","language_id":38}},{"id":35797,"position":34,"audio_url":"wbw/024_033_037.mp3","qpc_uthmani_hafs":"أَرَدۡنَ","char_type_name":"word","page_number":354,"line_number":6,"text":"ﮉ","translation":{"text":"they desire","language_name":"english","language_id":38},"transliteration":{"text":"aradna","language_name":"english","language_id":38}},{"id":35798,"position":35,"audio_url":"wbw/024_033_038.mp3","qpc_uthmani_hafs":"تَحَصُّنٗا","char_type_name":"word","page_number":354,"line_number":6,"text":"ﮊ","translation":{"text":"chastity","language_name":"english","language_id":38},"transliteration":{"text":"taḥaṣṣunan","language_name":"english","language_id":38}},{"id":35799,"position":36,"audio_url":"wbw/024_033_039.mp3","qpc_uthmani_hafs":"لِّتَبۡتَغُواْ","char_type_name":"word","page_number":354,"line_number":6,"text":"ﮋ","translation":{"text":"that you may seek","language_name":"english","language_id":38},"transliteration":{"text":"litabtaghū","language_name":"english","language_id":38}},{"id":35800,"position":37,"audio_url":"wbw/024_033_040.mp3","qpc_uthmani_hafs":"عَرَضَ","char_type_name":"word","page_number":354,"line_number":6,"text":"ﮌ","translation":{"text":"temporary gain","language_name":"english","language_id":38},"transliteration":{"text":"ʿaraḍa","language_name":"english","language_id":38}},{"id":35801,"position":38,"audio_url":"wbw/024_033_041.mp3","qpc_uthmani_hafs":"ٱلۡحَيَوٰةِ","char_type_name":"word","page_number":354,"line_number":6,"text":"ﮍ","translation":{"text":"(of) the life","language_name":"english","language_id":38},"transliteration":{"text":"l-ḥayati","language_name":"english","language_id":38}},{"id":35802,"position":39,"audio_url":"wbw/024_033_042.mp3","qpc_uthmani_hafs":"ٱلدُّنۡيَاۚ","char_type_name":"word","page_number":354,"line_number":7,"text":"ﮎﮏ","translation":{"text":"(of) the world","language_name":"english","language_id":38},"transliteration":{"text":"l-dun'yā","language_name":"english","language_id":38}},{"id":35804,"position":40,"audio_url":"wbw/024_033_044.mp3","qpc_uthmani_hafs":"وَمَن","char_type_name":"word","page_number":354,"line_number":7,"text":"ﮐ","translation":{"text":"And whoever","language_name":"english","language_id":38},"transliteration":{"text":"waman","language_name":"english","language_id":38}},{"id":35805,"position":41,"audio_url":"wbw/024_033_045.mp3","qpc_uthmani_hafs":"يُكۡرِههُّنَّ","char_type_name":"word","page_number":354,"line_number":7,"text":"ﮑ","translation":{"text":"compels them","language_name":"english","language_id":38},"transliteration":{"text":"yuk'rihhunna","language_name":"english","language_id":38}},{"id":35806,"position":42,"audio_url":"wbw/024_033_046.mp3","qpc_uthmani_hafs":"فَإِنَّ","char_type_name":"word","page_number":354,"line_number":7,"text":"ﮒ","translation":{"text":"then indeed","language_name":"english","language_id":38},"transliteration":{"text":"fa-inna","language_name":"english","language_id":38}},{"id":35807,"position":43,"audio_url":"wbw/024_033_047.mp3","qpc_uthmani_hafs":"ٱللَّهَ","char_type_name":"word","page_number":354,"line_number":7,"text":"ﮓ","translation":{"text":"Allah","language_name":"english","language_id":38},"transliteration":{"text":"l-laha","language_name":"english","language_id":38}},{"id":35808,"position":44,"audio_url":"wbw/024_033_048.mp3","qpc_uthmani_hafs":"مِنۢ","char_type_name":"word","page_number":354,"line_number":7,"text":"ﮔ","translation":{"text":"after","language_name":"english","language_id":38},"transliteration":{"text":"min","language_name":"english","language_id":38}},{"id":35809,"position":45,"audio_url":"wbw/024_033_049.mp3","qpc_uthmani_hafs":"بَعۡدِ","char_type_name":"word","page_number":354,"line_number":7,"text":"ﮕ","translation":{"text":"after","language_name":"english","language_id":38},"transliteration":{"text":"baʿdi","language_name":"english","language_id":38}},{"id":35810,"position":46,"audio_url":"wbw/024_033_050.mp3","qpc_uthmani_hafs":"إِكۡرَٰهِهِنَّ","char_type_name":"word","page_number":354,"line_number":7,"text":"ﮖ","translation":{"text":"their compulsion","language_name":"english","language_id":38},"transliteration":{"text":"ik'rāhihinna","language_name":"english","language_id":38}},{"id":35811,"position":47,"audio_url":"wbw/024_033_051.mp3","qpc_uthmani_hafs":"غَفُورٞ","char_type_name":"word","page_number":354,"line_number":7,"text":"ﮗ","translation":{"text":"(is) Oft-Forgiving","language_name":"english","language_id":38},"transliteration":{"text":"ghafūrun","language_name":"english","language_id":38}},{"id":35812,"position":48,"audio_url":"wbw/024_033_052.mp3","qpc_uthmani_hafs":"رَّحِيمٞ","char_type_name":"word","page_number":354,"line_number":7,"text":"ﮘ","translation":{"text":"Most Merciful","language_name":"english","language_id":38},"transliteration":{"text":"raḥīmun","language_name":"english","language_id":38}},{"id":35813,"position":49,"audio_url":null,"qpc_uthmani_hafs":"٣٣","char_type_name":"end","page_number":354,"line_number":8,"text":"ﮙ","translation":{"text":"(33)","language_name":"english","language_id":38},"transliteration":{"text":null,"language_name":"english","language_id":38}}],"translations":[{"id":919253,"resource_id":134,"text":"Dan orang-orang yang tidak mampu kawin, hendaklah menjaga kesucian (diri)nya sehingga Allah memampukan mereka dengan karunia-Nya.  Dan budak-budak yang kamu miliki yang memginginkan perjanjian, hendaklah kamu buat perjanjian dengan mereka <sup foot_note=210805>1</sup>, jika kamu mengetahui ada kebaikan pada mereka dan berikanlah kepada mereka sebagian dari harta Allah yang dikaruniakan-Nya kepadamu <sup foot_note=210806>2</sup>.  Dan janganlah kamu paksa budak-budak wanitamu untuk melakukan pelacuran, sedang mereka sendiri mengingini kesucian karena kamu hendak mencari keuntungan duniawi.  Dan barang siapa yang memaksa mereka, maka sesungguhnya Allah adalah Maha Pengampun lagi Maha Penyayang (kepada mereka) sesudah mereka dipaksa ( itu) <sup foot_note=210807>3</sup>."}]},{"id":2825,"verse_number":34,"verse_key":"24:34","juz_number":18,"hizb_number":36,"rub_el_hizb_number":141,"ruku_number":304,"manzil_number":4,"sajdah_number":null,"text_uthmani":"وَلَقَدْ أَنزَلْنَآ إِلَيْكُمْ ءَايَـٰتٍ مُّبَيِّنَـٰتٍ وَمَثَلًا مِّنَ ٱلَّذِينَ خَلَوْا۟ مِن قَبْلِكُمْ وَمَوْعِظَةً لِّلْمُتَّقِينَ","page_number":354,"words":[{"id":36711,"position":1,"audio_url":"wbw/024_034_001.mp3","qpc_uthmani_hafs":"وَلَقَدۡ","char_type_name":"word","page_number":354,"line_number":8,"text":"ﮚ","translation":{"text":"And verily","language_name":"english","language_id":38},"transliteration":{"text":"walaqad","language_name":"english","language_id":38}},{"id":36712,"position":2,"audio_url":"wbw/024_034_002.mp3","qpc_uthmani_hafs":"أَنزَلۡنَآ","char_type_name":"word","page_number":354,"line_number":8,"text":"ﮛ","translation":{"text":"We have sent down","language_name":"english","language_id":38},"transliteration":{"text":"anzalnā","language_name":"english","language_id":38}},{"id":36713,"position":3,"audio_url":"wbw/024_034_003.mp3","qpc_uthmani_hafs":"إِلَيۡكُمۡ","char_type_name":"word","page_number":354,"line_number":8,"text":"ﮜ","translation":{"text":"to you","language_name":"english","language_id":38},"transliteration":{"text":"ilaykum","language_name":"english","language_id":38}},{"id":36714,"position":4,"audio_url":"wbw/024_034_004.mp3","qpc_uthmani_hafs":"ءَايَٰتٖ","char_type_name":"word","page_number":354,"line_number":8,"text":"ﮝ","translation":{"text":"Verses","language_name":"english","language_id":38},"transliteration":{"text":"āyātin","language_name":"english","language_id":38}},{"id":36715,"position":5,"audio_url":"wbw/024_034_005.mp3","qpc_uthmani_hafs":"مُّبَيِّنَٰتٖ","char_type_name":"word","page_number":354,"line_number":8,"text":"ﮞ","translation":{"text":"clear","language_name":"english","language_id":38},"transliteration":{"text":"mubayyinātin","language_name":"english","language_id":38}},{"id":36716,"position":6,"audio_url":"wbw/024_034_006.mp3","qpc_uthmani_hafs":"وَمَثَلٗا","char_type_name":"word","page_number":354,"line_number":8,"text":"ﮟ","translation":{"text":"and an example","language_name":"english","language_id":38},"transliteration":{"text":"wamathalan","language_name":"english","language_id":38}},{"id":36717,"position":7,"audio_url":"wbw/024_034_007.mp3","qpc_uthmani_hafs":"مِّنَ","char_type_name":"word","page_number":354,"line_number":8,"text":"ﮠ","translation":{"text":"of","language_name":"english","language_id":38},"transliteration":{"text":"mina","language_name":"english","language_id":38}},{"id":36718,"position":8,"audio_url":"wbw/024_034_008.mp3","qpc_uthmani_hafs":"ٱلَّذِينَ","char_type_name":"word","page_number":354,"line_number":8,"text":"ﮡ","translation":{"text":"those who","language_name":"english","language_id":38},"transliteration":{"text":"alladhīna","language_name":"english","language_id":38}},{"id":36719,"position":9,"audio_url":"wbw/024_034_009.mp3","qpc_uthmani_hafs":"خَلَوۡاْ","char_type_name":"word","page_number":354,"line_number":8,"text":"ﮢ","translation":{"text":"passed away","language_name":"english","language_id":38},"transliteration":{"text":"khalaw","language_name":"english","language_id":38}},{"id":36720,"position":10,"audio_url":"wbw/024_034_010.mp3","qpc_uthmani_hafs":"مِن","char_type_name":"word","page_number":354,"line_number":9,"text":"ﮣ","translation":{"text":"before you","language_name":"english","language_id":38},"transliteration":{"text":"min","language_name":"english","language_id":38}},{"id":36721,"position":11,"audio_url":"wbw/024_034_011.mp3","qpc_uthmani_hafs":"قَبۡلِكُمۡ","char_type_name":"word","page_number":354,"line_number":9,"text":"ﮤ","translation":{"text":"before you","language_name":"english","language_id":38},"transliteration":{"text":"qablikum","language_name":"english","language_id":38}},{"id":36722,"position":12,"audio_url":"wbw/024_034_012.mp3","qpc_uthmani_hafs":"وَمَوۡعِظَةٗ","char_type_name":"word","page_number":354,"line_number":9,"text":"ﮥ","translation":{"text":"and an admonition","language_name":"english","language_id":38},"transliteration":{"text":"wamawʿiẓatan","language_name":"english","language_id":38}},{"id":36723,"position":13,"audio_url":"wbw/024_034_013.mp3","qpc_uthmani_hafs":"لِّلۡمُتَّقِينَ","char_type_name":"word","page_number":354,"line_number":9,"text":"ﮦ","translation":{"text":"for those who fear (Allah)","language_name":"english","language_id":38},"transliteration":{"text":"lil'muttaqīna","language_name":"english","language_id":38}},{"id":36724,"position":14,"audio_url":null,"qpc_uthmani_hafs":"٣٤","char_type_name":"end","page_number":354,"line_number":9,"text":"ﮧ","translation":{"text":"(34)","language_name":"english","language_id":38},"transliteration":{"text":null,"language_name":"english","language_id":38}}],"translations":[{"id":919254,"resource_id":134,"text":"Dan sesungguhnya Kami telah menurunkan kepada kamu ayat-ayat yang memberi penerangan dan contoh-contoh dari orang-orang yang terdahulu sebelum kamu dan pelajaran bagi orang-orang yang bertakwa."}]},{"id":2826,"verse_number":35,"verse_key":"24:35","juz_number":18,"hizb_number":36,"rub_el_hizb_number":142,"ruku_number":305,"manzil_number":4,"sajdah_number":null,"text_uthmani":"۞ ٱللَّهُ نُورُ ٱلسَّمَـٰوَٰتِ وَٱلْأَرْضِ ۚ مَثَلُ نُورِهِۦ كَمِشْكَوٰةٍ فِيهَا مِصْبَاحٌ ۖ ٱلْمِصْبَاحُ فِى زُجَاجَةٍ ۖ ٱلزُّجَاجَةُ كَأَنَّهَا كَوْكَبٌ دُرِّىٌّ يُوقَدُ مِن شَجَرَةٍ مُّبَـٰرَكَةٍ زَيْتُونَةٍ لَّا شَرْقِيَّةٍ وَلَا غَرْبِيَّةٍ يَكَادُ زَيْتُهَا يُضِىٓءُ وَلَوْ لَمْ تَمْسَسْهُ نَارٌ ۚ نُّورٌ عَلَىٰ نُورٍ ۗ يَهْدِى ٱللَّهُ لِنُورِهِۦ مَن يَشَآءُ ۚ وَيَضْرِبُ ٱللَّهُ ٱلْأَمْثَـٰلَ لِلنَّاسِ ۗ وَٱللَّهُ بِكُلِّ شَىْءٍ عَلِيمٌ","page_number":354,"words":[{"id":37215,"position":1,"audio_url":"wbw/024_035_002.mp3","qpc_uthmani_hafs":"۞ ٱللَّهُ","char_type_name":"word","page_number":354,"line_number":9,"text":"ﮨ ﮩ","translation":{"text":"Allah","language_name":"english","language_id":38},"transliteration":{"text":"al-lahu","language_name":"english","language_id":38}},{"id":37216,"position":2,"audio_url":"wbw/024_035_003.mp3","qpc_uthmani_hafs":"نُورُ","char_type_name":"word","page_number":354,"line_number":9,"text":"ﮪ","translation":{"text":"(is the) Light","language_name":"english","language_id":38},"transliteration":{"text":"nūru","language_name":"english","language_id":38}},{"id":37217,"position":3,"audio_url":"wbw/024_035_004.mp3","qpc_uthmani_hafs":"ٱلسَّمَٰوَٰتِ","char_type_name":"word","page_number":354,"line_number":9,"text":"ﮫ","translation":{"text":"(of) the heavens","language_name":"english","language_id":38},"transliteration":{"text":"l-samāwāti","language_name":"english","language_id":38}},{"id":37218,"position":4,"audio_url":"wbw/024_035_005.mp3","qpc_uthmani_hafs":"وَٱلۡأَرۡضِۚ","char_type_name":"word","page_number":354,"line_number":10,"text":"ﮬﮭ","translation":{"text":"and the earth","language_name":"english","language_id":38},"transliteration":{"text":"wal-arḍi","language_name":"english","language_id":38}},{"id":37220,"position":5,"audio_url":"wbw/024_035_007.mp3","qpc_uthmani_hafs":"مَثَلُ","char_type_name":"word","page_number":354,"line_number":10,"text":"ﮮ","translation":{"text":"(The) example","language_name":"english","language_id":38},"transliteration":{"text":"mathalu","language_name":"english","language_id":38}},{"id":37221,"position":6,"audio_url":"wbw/024_035_008.mp3","qpc_uthmani_hafs":"نُورِهِۦ","char_type_name":"word","page_number":354,"line_number":10,"text":"ﮯ","translation":{"text":"(of) His Light","language_name":"english","language_id":38},"transliteration":{"text":"nūrihi","language_name":"english","language_id":38}},{"id":37222,"position":7,"audio_url":"wbw/024_035_009.mp3","qpc_uthmani_hafs":"كَمِشۡكَوٰةٖ","char_type_name":"word","page_number":354,"line_number":10,"text":"ﮰ","translation":{"text":"(is) like a niche","language_name":"english","language_id":38},"transliteration":{"text":"kamish'katin","language_name":"english","language_id":38}},{"id":37223,"position":8,"audio_url":"wbw/024_035_010.mp3","qpc_uthmani_hafs":"فِيهَا","char_type_name":"word","page_number":354,"line_number":10,"text":"ﮱ","translation":{"text":"in it","language_name":"english","language_id":38},"transliteration":{"text":"fīhā","language_name":"english","language_id":38}},{"id":37224,"position":9,"audio_url":"wbw/024_035_011.mp3","qpc_uthmani_hafs":"مِصۡبَاحٌۖ","char_type_name":"word","page_number":354,"line_number":10,"text":"ﯓﯔ","translation":{"text":"(is) a lamp","language_name":"english","language_id":38},"transliteration":{"text":"miṣ'bāḥun","language_name":"english","language_id":38}},{"id":37226,"position":10,"audio_url":"wbw/024_035_013.mp3","qpc_uthmani_hafs":"ٱلۡمِصۡبَاحُ","char_type_name":"word","page_number":354,"line_number":10,"text":"ﯕ","translation":{"text":"the lamp","language_name":"english","language_id":38},"transliteration":{"text":"l-miṣ'bāḥu","language_name":"english","language_id":38}},{"id":37227,"position":11,"audio_url":"wbw/024_035_014.mp3","qpc_uthmani_hafs":"فِي","char_type_name":"word","page_number":354,"line_number":10,"text":"ﯖ","translation":{"text":"(is) in","language_name":"english","language_id":38},"transliteration":{"text":"fī","language_name":"english","language_id":38}},{"id":37228,"position":12,"audio_url":"wbw/024_035_015.mp3","qpc_uthmani_hafs":"زُجَاجَةٍۖ","char_type_name":"word","page_number":354,"line_number":10,"text":"ﯗﯘ","translation":{"text":"a glass","language_name":"english","language_id":38},"transliteration":{"text":"zujājatin","language_name":"english","language_id":38}},{"id":37230,"position":13,"audio_url":"wbw/024_035_017.mp3","qpc_uthmani_hafs":"ٱلزُّجَاجَةُ","char_type_name":"word","page_number":354,"line_number":11,"text":"ﯙ","translation":{"text":"the glass","language_name":"english","language_id":38},"transliteration":{"text":"l-zujājatu","language_name":"english","language_id":38}},{"id":37231,"position":14,"audio_url":"wbw/024_035_018.mp3","qpc_uthmani_hafs":"كَأَنَّهَا","char_type_name":"word","page_number":354,"line_number":11,"text":"ﯚ","translation":{"text":"as if it were","language_name":"english","language_id":38},"transliteration":{"text":"ka-annahā","language_name":"english","language_id":38}},{"id":37232,"position":15,"audio_url":"wbw/024_035_019.mp3","qpc_uthmani_hafs":"كَوۡكَبٞ","char_type_name":"word","page_number":354,"line_number":11,"text":"ﯛ","translation":{"text":"a star","language_name":"english","language_id":38},"transliteration":{"text":"kawkabun","language_name":"english","language_id":38}},{"id":37233,"position":16,"audio_url":"wbw/024_035_020.mp3","qpc_uthmani_hafs":"دُرِّيّٞ","char_type_name":"word","page_number":354,"line_number":11,"text":"ﯜ","translation":{"text":"brilliant","language_name":"english","language_id":38},"transliteration":{"text":"durriyyun","language_name":"english","language_id":38}},{"id":37234,"position":17,"audio_url":"wbw/024_035_021.mp3","qpc_uthmani_hafs":"يُوقَدُ","char_type_name":"word","page_number":354,"line_number":11,"text":"ﯝ","translation":{"text":"(which) is lit","language_name":"english","language_id":38},"transliteration":{"text":"yūqadu","language_name":"english","language_id":38}},{"id":37235,"position":18,"audio_url":"wbw/024_035_022.mp3","qpc_uthmani_hafs":"مِن","char_type_name":"word","page_number":354,"line_number":11,"text":"ﯞ","translation":{"text":"from","language_name":"english","language_id":38},"transliteration":{"text":"min","language_name":"english","language_id":38}},{"id":37236,"position":19,"audio_url":"wbw/024_035_023.mp3","qpc_uthmani_hafs":"شَجَرَةٖ","char_type_name":"word","page_number":354,"line_number":11,"text":"ﯟ","translation":{"text":"a tree","language_name":"english","language_id":38},"transliteration":{"text":"shajaratin","language_name":"english","language_id":38}},{"id":37237,"position":20,"audio_url":"wbw/024_035_024.mp3","qpc_uthmani_hafs":"مُّبَٰرَكَةٖ","char_type_name":"word","page_number":354,"line_number":11,"text":"ﯠ","translation":{"text":"blessed ","language_name":"english","language_id":38},"transliteration":{"text":"mubārakatin","language_name":"english","language_id":38}},{"id":37238,"position":21,"audio_url":"wbw/024_035_025.mp3","qpc_uthmani_hafs":"زَيۡتُونَةٖ","char_type_name":"word","page_number":354,"line_number":11,"text":"ﯡ","translation":{"text":"an olive","language_name":"english","language_id":38},"transliteration":{"text":"zaytūnatin","language_name":"english","language_id":38}},{"id":37239,"position":22,"audio_url":"wbw/024_035_026.mp3","qpc_uthmani_hafs":"لَّا","char_type_name":"word","page_number":354,"line_number":12,"text":"ﯢ","translation":{"text":"not","language_name":"english","language_id":38},"transliteration":{"text":"lā","language_name":"english","language_id":38}},{"id":37240,"position":23,"audio_url":"wbw/024_035_027.mp3","qpc_uthmani_hafs":"شَرۡقِيَّةٖ","char_type_name":"word","page_number":354,"line_number":12,"text":"ﯣ","translation":{"text":"(of the) east","language_name":"english","language_id":38},"transliteration":{"text":"sharqiyyatin","language_name":"english","language_id":38}},{"id":37241,"position":24,"audio_url":"wbw/024_035_028.mp3","qpc_uthmani_hafs":"وَلَا","char_type_name":"word","page_number":354,"line_number":12,"text":"ﯤ","translation":{"text":"and not","language_name":"english","language_id":38},"transliteration":{"text":"walā","language_name":"english","language_id":38}},{"id":37242,"position":25,"audio_url":"wbw/024_035_029.mp3","qpc_uthmani_hafs":"غَرۡبِيَّةٖ","char_type_name":"word","page_number":354,"line_number":12,"text":"ﯥ","translation":{"text":"(of the) west","language_name":"english","language_id":38},"transliteration":{"text":"gharbiyyatin","language_name":"english","language_id":38}},{"id":37243,"position":26,"audio_url":"wbw/024_035_030.mp3","qpc_uthmani_hafs":"يَكَادُ","char_type_name":"word","page_number":354,"line_number":12,"text":"ﯦ","translation":{"text":"would almost","language_name":"english","language_id":38},"transliteration":{"text":"yakādu","language_name":"english","language_id":38}},{"id":37244,"position":27,"audio_url":"wbw/024_035_031.mp3","qpc_uthmani_hafs":"زَيۡتُهَا","char_type_name":"word","page_number":354,"line_number":12,"text":"ﯧ","translation":{"text":"its oil","language_name":"english","language_id":38},"transliteration":{"text":"zaytuhā","language_name":"english","language_id":38}},{"id":37245,"position":28,"audio_url":"wbw/024_035_032.mp3","qpc_uthmani_hafs":"يُضِيٓءُ","char_type_name":"word","page_number":354,"line_number":12,"text":"ﯨ","translation":{"text":"glow","language_name":"english","language_id":38},"transliteration":{"text":"yuḍīu","language_name":"english","language_id":38}},{"id":37246,"position":29,"audio_url":"wbw/024_035_033.mp3","qpc_uthmani_hafs":"وَلَوۡ","char_type_name":"word","page_number":354,"line_number":12,"text":"ﯩ","translation":{"text":"even if","language_name":"english","language_id":38},"transliteration":{"text":"walaw","language_name":"english","language_id":38}},{"id":37247,"position":30,"audio_url":"wbw/024_035_034.mp3","qpc_uthmani_hafs":"لَمۡ","char_type_name":"word","page_number":354,"line_number":12,"text":"ﯪ","translation":{"text":"not","language_name":"english","language_id":38},"transliteration":{"text":"lam","language_name":"english","language_id":38}},{"id":37248,"position":31,"audio_url":"wbw/024_035_035.mp3","qpc_uthmani_hafs":"تَمۡسَسۡهُ","char_type_name":"word","page_number":354,"line_number":12,"text":"ﯫ","translation":{"text":"touched it","language_name":"english","language_id":38},"transliteration":{"text":"tamsashu","language_name":"english","language_id":38}},{"id":37249,"position":32,"audio_url":"wbw/024_035_036.mp3","qpc_uthmani_hafs":"نَارٞۚ","char_type_name":"word","page_number":354,"line_number":12,"text":"ﯬﯭ","translation":{"text":"fire","language_name":"english","language_id":38},"transliteration":{"text":"nārun","language_name":"english","language_id":38}},{"id":37251,"position":33,"audio_url":"wbw/024_035_038.mp3","qpc_uthmani_hafs":"نُّورٌ","char_type_name":"word","page_number":354,"line_number":13,"text":"ﯮ","translation":{"text":"Light","language_name":"english","language_id":38},"transliteration":{"text":"nūrun","language_name":"english","language_id":38}},{"id":37252,"position":34,"audio_url":"wbw/024_035_039.mp3","qpc_uthmani_hafs":"عَلَىٰ","char_type_name":"word","page_number":354,"line_number":13,"text":"ﯯ","translation":{"text":"upon","language_name":"english","language_id":38},"transliteration":{"text":"ʿalā","language_name":"english","language_id":38}},{"id":37253,"position":35,"audio_url":"wbw/024_035_040.mp3","qpc_uthmani_hafs":"نُورٖۚ","char_type_name":"word","page_number":354,"line_number":13,"text":"ﯰﯱ","translation":{"text":"Light","language_name":"english","language_id":38},"transliteration":{"text":"nūrin","language_name":"english","language_id":38}},{"id":37255,"position":36,"audio_url":"wbw/024_035_042.mp3","qpc_uthmani_hafs":"يَهۡدِي","char_type_name":"word","page_number":354,"line_number":13,"text":"ﯲ","translation":{"text":"Allah guides","language_name":"english","language_id":38},"transliteration":{"text":"yahdī","language_name":"english","language_id":38}},{"id":37256,"position":37,"audio_url":"wbw/024_035_043.mp3","qpc_uthmani_hafs":"ٱللَّهُ","char_type_name":"word","page_number":354,"line_number":13,"text":"ﯳ","translation":{"text":"Allah guides","language_name":"english","language_id":38},"transliteration":{"text":"l-lahu","language_name":"english","language_id":38}},{"id":37257,"position":38,"audio_url":"wbw/024_035_044.mp3","qpc_uthmani_hafs":"لِنُورِهِۦ","char_type_name":"word","page_number":354,"line_number":13,"text":"ﯴ","translation":{"text":"to His Light","language_name":"english","language_id":38},"transliteration":{"text":"linūrihi","language_name":"english","language_id":38}},{"id":37258,"position":39,"audio_url":"wbw/024_035_045.mp3","qpc_uthmani_hafs":"مَن","char_type_name":"word","page_number":354,"line_number":13,"text":"ﯵ","translation":{"text":"whom","language_name":"english","language_id":38},"transliteration":{"text":"man","language_name":"english","language_id":38}},{"id":37259,"position":40,"audio_url":"wbw/024_035_046.mp3","qpc_uthmani_hafs":"يَشَآءُۚ","char_type_name":"word","page_number":354,"line_number":13,"text":"ﯶﯷ","translation":{"text":"He wills","language_name":"english","language_id":38},"transliteration":{"text":"yashāu","language_name":"english","language_id":38}},{"id":37261,"position":41,"audio_url":"wbw/024_035_048.mp3","qpc_uthmani_hafs":"وَيَضۡرِبُ","char_type_name":"word","page_number":354,"line_number":13,"text":"ﯸ","translation":{"text":"And Allah sets forth","language_name":"english","language_id":38},"transliteration":{"text":"wayaḍribu","language_name":"english","language_id":38}},{"id":37262,"position":42,"audio_url":"wbw/024_035_049.mp3","qpc_uthmani_hafs":"ٱللَّهُ","char_type_name":"word","page_number":354,"line_number":13,"text":"ﯹ","translation":{"text":"And Allah sets forth","language_name":"english","language_id":38},"transliteration":{"text":"l-lahu","language_name":"english","language_id":38}},{"id":37263,"position":43,"audio_url":"wbw/024_035_050.mp3","qpc_uthmani_hafs":"ٱلۡأَمۡثَٰلَ","char_type_name":"word","page_number":354,"line_number":13,"text":"ﯺ","translation":{"text":"the examples","language_name":"english","language_id":38},"transliteration":{"text":"l-amthāla","language_name":"english","language_id":38}},{"id":37264,"position":44,"audio_url":"wbw/024_035_051.mp3","qpc_uthmani_hafs":"لِلنَّاسِۗ","char_type_name":"word","page_number":354,"line_number":14,"text":"ﯻﯼ","translation":{"text":"for the mankind","language_name":"english","language_id":38},"transliteration":{"text":"lilnnāsi","language_name":"english","language_id":38}},{"id":37266,"position":45,"audio_url":"wbw/024_035_053.mp3","qpc_uthmani_hafs":"وَٱللَّهُ","char_type_name":"word","page_number":354,"line_number":14,"text":"ﯽ","translation":{"text":"And Allah","language_name":"english","language_id":38},"transliteration":{"text":"wal-lahu","language_name":"english","language_id":38}},{"id":37267,"position":46,"audio_url":"wbw/024_035_054.mp3","qpc_uthmani_hafs":"بِكُلِّ","char_type_name":"word","page_number":354,"line_number":14,"text":"ﯾ","translation":{"text":"of every","language_name":"english","language_id":38},"transliteration":{"text":"bikulli","language_name":"english","language_id":38}},{"id":37268,"position":47,"audio_url":"wbw/024_035_055.mp3","qpc_uthmani_hafs":"شَيۡءٍ","char_type_name":"word","page_number":354,"line_number":14,"text":"ﯿ","translation":{"text":"thing","language_name":"english","language_id":38},"transliteration":{"text":"shayin","language_name":"english","language_id":38}},{"id":37269,"position":48,"audio_url":"wbw/024_035_056.mp3","qpc_uthmani_hafs":"عَلِيمٞ","char_type_name":"word","page_number":354,"line_number":14,"text":"ﰀ","translation":{"text":"(is) All-Knower","language_name":"english","language_id":38},"transliteration":{"text":"ʿalīmun","language_name":"english","language_id":38}},{"id":37270,"position":49,"audio_url":null,"qpc_uthmani_hafs":"٣٥","char_type_name":"end","page_number":354,"line_number":14,"text":"ﰁ","translation":{"text":"(35)","language_name":"english","language_id":38},"transliteration":{"text":null,"language_name":"english","language_id":38}}],"translations":[{"id":919255,"resource_id":134,"text":"Allah (Pemberi) cahaya (kepada) langit dan bumi.  Perumpamaan cahaya Allah adalah seperti sebuah lubang yang tidak tembus <sup foot_note=210808>1</sup> yang di dalamnya ada pelita besar.  Pelita itu di dalam kaca (dan) kaca itu seakan-akan bintang (yang bercahaya) seperti mutiara yang dinyalakan dengan minyak dari pohon yang banyak berkahnya, (yaitu) pohon zaitun yang tumbuh tidak di sebelah timur (sesuatu) dan tidak pula di sebelah barat(nya) <sup foot_note=210809>2</sup> , yang minyaknya (saja) hampir-hampir menerangi, walaupun tidak disentuh api.  Cahaya di atas cahaya (berlapis-lapis), Allah membimbing kepada cahaya-Nya siapa yang dia kehendaki dan Allah memperbuat perumpamaan-perumpamaan bagi manusia dan Allah Maha Mengetahui segala sesuatu."}]},{"id":2827,"verse_number":36,"verse_key":"24:36","juz_number":18,"hizb_number":36,"rub_el_hizb_number":142,"ruku_number":305,"manzil_number":4,"sajdah_number":null,"text_uthmani":"فِى بُيُوتٍ أَذِنَ ٱللَّهُ أَن تُرْفَعَ وَيُذْكَرَ فِيهَا ٱسْمُهُۥ يُسَبِّحُ لَهُۥ فِيهَا بِٱلْغُدُوِّ وَٱلْـَٔاصَالِ","page_number":354,"words":[{"id":38234,"position":1,"audio_url":"wbw/024_036_001.mp3","qpc_uthmani_hafs":"فِي","char_type_name":"word","page_number":354,"line_number":14,"text":"ﰂ","translation":{"text":"In","language_name":"english","language_id":38},"transliteration":{"text":"fī","language_name":"english","language_id":38}},{"id":38235,"position":2,"audio_url":"wbw/024_036_002.mp3","qpc_uthmani_hafs":"بُيُوتٍ","char_type_name":"word","page_number":354,"line_number":14,"text":"ﰃ","translation":{"text":"houses","language_name":"english","language_id":38},"transliteration":{"text":"buyūtin","language_name":"english","language_id":38}},{"id":38236,"position":3,"audio_url":"wbw/024_036_003.mp3","qpc_uthmani_hafs":"أَذِنَ","char_type_name":"word","page_number":354,"line_number":14,"text":"ﰄ","translation":{"text":"(which) Allah ordered","language_name":"english","language_id":38},"transliteration":{"text":"adhina","language_name":"english","language_id":38}},{"id":38237,"position":4,"audio_url":"wbw/024_036_004.mp3","qpc_uthmani_hafs":"ٱللَّهُ","char_type_name":"word","page_number":354,"line_number":14,"text":"ﰅ","translation":{"text":"(which) Allah ordered","language_name":"english","language_id":38},"transliteration":{"text":"l-lahu","language_name":"english","language_id":38}},{"id":38238,"position":5,"audio_url":"wbw/024_036_005.mp3","qpc_uthmani_hafs":"أَن","char_type_name":"word","page_number":354,"line_number":14,"text":"ﰆ","translation":{"text":"that","language_name":"english","language_id":38},"transliteration":{"text":"an","language_name":"english","language_id":38}},{"id":38239,"position":6,"audio_url":"wbw/024_036_006.mp3","qpc_uthmani_hafs":"تُرۡفَعَ","char_type_name":"word","page_number":354,"line_number":14,"text":"ﰇ","translation":{"text":"they be raised","language_name":"english","language_id":38},"transliteration":{"text":"tur'faʿa","language_name":"english","language_id":38}},{"id":38240,"position":7,"audio_url":"wbw/024_036_007.mp3","qpc_uthmani_hafs":"وَيُذۡكَرَ","char_type_name":"word","page_number":354,"line_number":15,"text":"ﰈ","translation":{"text":"and be mentioned","language_name":"english","language_id":38},"transliteration":{"text":"wayudh'kara","language_name":"english","language_id":38}},{"id":38241,"position":8,"audio_url":"wbw/024_036_008.mp3","qpc_uthmani_hafs":"فِيهَا","char_type_name":"word","page_number":354,"line_number":15,"text":"ﰉ","translation":{"text":"in them","language_name":"english","language_id":38},"transliteration":{"text":"fīhā","language_name":"english","language_id":38}},{"id":38242,"position":9,"audio_url":"wbw/024_036_009.mp3","qpc_uthmani_hafs":"ٱسۡمُهُۥ","char_type_name":"word","page_number":354,"line_number":15,"text":"ﰊ","translation":{"text":"His name","language_name":"english","language_id":38},"transliteration":{"text":"us'muhu","language_name":"english","language_id":38}},{"id":38243,"position":10,"audio_url":"wbw/024_036_010.mp3","qpc_uthmani_hafs":"يُسَبِّحُ","char_type_name":"word","page_number":354,"line_number":15,"text":"ﰋ","translation":{"text":"Glorify","language_name":"english","language_id":38},"transliteration":{"text":"yusabbiḥu","language_name":"english","language_id":38}},{"id":38244,"position":11,"audio_url":"wbw/024_036_011.mp3","qpc_uthmani_hafs":"لَهُۥ","char_type_name":"word","page_number":354,"line_number":15,"text":"ﰌ","translation":{"text":"[to] Him","language_name":"english","language_id":38},"transliteration":{"text":"lahu","language_name":"english","language_id":38}},{"id":38245,"position":12,"audio_url":"wbw/024_036_012.mp3","qpc_uthmani_hafs":"فِيهَا","char_type_name":"word","page_number":354,"line_number":15,"text":"ﰍ","translation":{"text":"in them","language_name":"english","language_id":38},"transliteration":{"text":"fīhā","language_name":"english","language_id":38}},{"id":38246,"position":13,"audio_url":"wbw/024_036_013.mp3","qpc_uthmani_hafs":"بِٱلۡغُدُوِّ","char_type_name":"word","page_number":354,"line_number":15,"text":"ﰎ","translation":{"text":"in the mornings","language_name":"english","language_id":38},"transliteration":{"text":"bil-ghuduwi","language_name":"english","language_id":38}},{"id":38247,"position":14,"audio_url":"wbw/024_036_014.mp3","qpc_uthmani_hafs":"وَٱلۡأٓصَالِ","char_type_name":"word","page_number":354,"line_number":15,"text":"ﰏ","translation":{"text":"and (in) the evenings","language_name":"english","language_id":38},"transliteration":{"text":"wal-āṣāli","language_name":"english","language_id":38}},{"id":38248,"position":15,"audio_url":null,"qpc_uthmani_hafs":"٣٦","char_type_name":"end","page_number":354,"line_number":15,"text":"ﰐ","translation":{"text":"(36)","language_name":"english","language_id":38},"transliteration":{"text":null,"language_name":"english","language_id":38}}],"translations":[{"id":919256,"resource_id":134,"text":"Bertasbih <sup foot_note=210810>1</sup> kepada Allah di masjid-masjid yang telah diperintahkan untuk dimuliakan dan disebut nama-Nya di dalamnya pada waktu pagi dan waktu petang,"}]}],"pagination":{"per_page":50,"current_page":1,"next_page":null,"total_pages":1,"total_records":5}}