{"verses":[{"id":3182,"verse_number":23,"verse_key":"27:23","juz_number":19,"hizb_number":38,"rub_el_hizb_number":151,"ruku_number":328,"manzil_number":5,"sajdah_number":null,"text_uthmani":"إِنِّى وَجَدتُّ ٱمْرَأَةً تَمْلِكُهُمْ وَأُوتِيَتْ مِن كُلِّ شَىْءٍ وَلَهَا عَرْشٌ عَظِيمٌ","page_number":379,"words":[{"id":26124,"position":1,"audio_url":"wbw/027_023_001.mp3","qpc_uthmani_hafs":"إِنِّي","char_type_name":"word","page_number":379,"line_number":1,"text":"ﭑ","translation":{"text":"Indeed, I","language_name":"english","language_id":38},"transliteration":{"text":"innī","language_name":"english","language_id":38}},{"id":26125,"position":2,"audio_url":"wbw/027_023_002.mp3","qpc_uthmani_hafs":"وَجَدتُّ","char_type_name":"word","page_number":379,"line_number":1,"text":"ﭒ","translation":{"text":"found","language_name":"english","language_id":38},"transliteration":{"text":"wajadttu","language_name":"english","language_id":38}},{"id":26126,"position":3,"audio_url":"wbw/027_023_003.mp3","qpc_uthmani_hafs":"ٱمۡرَأَةٗ","char_type_name":"word","page_number":379,"line_number":1,"text":"ﭓ","translation":{"text":"a woman","language_name":"english","language_id":38},"transliteration":{"text":"im'ra-atan","language_name":"english","language_id":38}},{"id":26127,"position":4,"audio_url":"wbw/027_023_004.mp3","qpc_uthmani_hafs":"تَمۡلِكُهُمۡ","char_type_name":"word","page_number":379,"line_number":1,"text":"ﭔ","translation":{"text":"ruling them","language_name":"english","language_id":38},"transliteration":{"text":"tamlikuhum","language_name":"english","language_id":38}},{"id":26128,"position":5,"audio_url":"wbw/027_023_005.mp3","qpc_uthmani_hafs":"وَأُوتِيَتۡ","char_type_name":"word","page_number":379,"line_number":1,"text":"ﭕ","translation":{"text":"and she has been given","language_name":"english","language_id":38},"transliteration":{"text":"waūtiyat","language_name":"english","language_id":38}},{"id":26129,"position":6,"audio_url":"wbw/027_023_006.mp3","qpc_uthmani_hafs":"مِن","char_type_name":"word","page_number":379,"line_number":1,"text":"ﭖ","translation":{"text":"of","language_name":"english","language_id":38},"transliteration":{"text":"min","language_name":"english","language_id":38}},{"id":26130,"position":7,"audio_url":"wbw/027_023_007.mp3","qpc_uthmani_hafs":"كُلِّ","char_type_name":"word","page_number":379,"line_number":1,"text":"ﭗ","translation":{"text":"every","language_name":"english","language_id":38},"transliteration":{"text":"kulli","language_name":"english","language_id":38}},{"id":26131,"position":8,"audio_url":"wbw/027_023_008.mp3","qpc_uthmani_hafs":"شَيۡءٖ","char_type_name":"word","page_number":379,"line_number":1,"text":"ﭘ","translation":{"text":"thing","language_name":"english","language_id":38},"transliteration":{"text":"shayin","language_name":"english","language_id":38}},{"id":26132,"position":9,"audio_url":"wbw/027_023_009.mp3","qpc_uthmani_hafs":"وَلَهَا","char_type_name":"word","page_number":379,"line_number":1,"text":"ﭙ","translation":{"text":"and for her","language_name":"english","language_id":38},"transliteration":{"text":"walahā","language_name":"english","language_id":38}},{"id":26133,"position":10,"audio_url":"wbw/027_023_010.mp3","qpc_uthmani_hafs":"عَرۡشٌ","char_type_name":"word","page_number":379,"line_number":2,"text":"ﭚ","translation":{"text":"(is) a throne","language_name":"english","language_id":38},"transliteration":{"text":"ʿarshun","language_name":"english","language_id":38}},{"id":26134,"position":11,"audio_url":"wbw/027_023_011.mp3","qpc_uthmani_hafs":"عَظِيمٞ","char_type_name":"word","page_number":379,"line_number":2,"text":"ﭛ","translation":{"text":"great","language_name":"english","language_id":38},"transliteration":{"text":"ʿaẓīmun","language_name":"english","language_id":38}},{"id":26135,"position":12,"audio_url":null,"qpc_uthmani_hafs":"٢٣","char_type_name":"end","page_number":379,"line_number":2,"text":"ﭜ","translation":{"text":"(23)","language_name":"english","language_id":38},"transliteration":{"text":null,"language_name":"english","language_id":38}}],"translations":[{"id":919611,"resource_id":134,"text":"Sesungguhnya aku menjumpai seorang wanita <sup foot_note=210864>1</sup> yang memerintah mereka dan dia dianugerahi segala sesuatu serta mempunyai singgasana yang besar."}]},{"id":3183,"verse_number":24,"verse_key":"27:24","juz_number":19,"hizb_number":38,"rub_el_hizb_number":151,"ruku_number":328,"manzil_number":5,"sajdah_number":null,"text_uthmani":"وَجَدتُّهَا وَقَوْمَهَا يَسْجُدُونَ لِلشَّمْسِ مِن دُونِ ٱللَّهِ وَزَيَّنَ لَهُمُ ٱلشَّيْطَـٰنُ أَعْمَـٰلَهُمْ فَصَدَّهُمْ عَنِ ٱلسَّبِيلِ فَهُمْ لَا يَهْتَدُونَ","page_number":379,"words":[{"id":27178,"position":1,"audio_url":"wbw/027_024_001.mp3","qpc_uthmani_hafs":"وَجَدتُّهَا","char_type_name":"word","page_number":379,"line_number":2,"text":"ﭝ","translation":{"text":"And I found her","language_name":"english","language_id":38},"transliteration":{"text":"wajadttuhā","language_name":"english","language_id":38}},{"id":27179,"position":2,"audio_url":"wbw/027_024_002.mp3","qpc_uthmani_hafs":"وَقَوۡمَهَا","char_type_name":"word","page_number":379,"line_number":2,"text":"ﭞ","translation":{"text":"and her people","language_name":"english","language_id":38},"transliteration":{"text":"waqawmahā","language_name":"english","language_id":38}},{"id":27180,"position":3,"audio_url":"wbw/027_024_003.mp3","qpc_uthmani_hafs":"يَسۡجُدُونَ","char_type_name":"word","page_number":379,"line_number":2,"text":"ﭟ","translation":{"text":"prostrating","language_name":"english","language_id":38},"transliteration":{"text":"yasjudūna","language_name":"english","language_id":38}},{"id":27181,"position":4,"audio_url":"wbw/027_024_004.mp3","qpc_uthmani_hafs":"لِلشَّمۡسِ","char_type_name":"word","page_number":379,"line_number":2,"text":"ﭠ","translation":{"text":"to the sun","language_name":"english","language_id":38},"transliteration":{"text":"lilshamsi","language_name":"english","language_id":38}},{"id":27182,"position":5,"audio_url":"wbw/027_024_005.mp3","qpc_uthmani_hafs":"مِن","char_type_name":"word","page_number":379,"line_number":2,"text":"ﭡ","translation":{"text":"instead of Allah","language_name":"english","language_id":38},"transliteration":{"text":"min","language_name":"english","language_id":38}},{"id":27183,"position":6,"audio_url":"wbw/027_024_006.mp3","qpc_uthmani_hafs":"دُونِ","char_type_name":"word","page_number":379,"line_number":3,"text":"ﭢ","translation":{"text":"instead of Allah","language_name":"english","language_id":38},"transliteration":{"text":"dūni","language_name":"english","language_id":38}},{"id":27184,"position":7,"audio_url":"wbw/027_024_007.mp3","qpc_uthmani_hafs":"ٱللَّهِ","char_type_name":"word","page_number":379,"line_number":3,"text":"ﭣ","translation":{"text":"instead of Allah","language_name":"english","language_id":38},"transliteration":{"text":"l-lahi","language_name":"english","language_id":38}},{"id":27185,"position":8,"audio_url":"wbw/027_024_008.mp3","qpc_uthmani_hafs":"وَزَيَّنَ","char_type_name":"word","page_number":379,"line_number":3,"text":"ﭤ","translation":{"text":"and has made fair-seeming","language_name":"english","language_id":38},"transliteration":{"text":"wazayyana","language_name":"english","language_id":38}},{"id":27186,"position":9,"audio_url":"wbw/027_024_009.mp3","qpc_uthmani_hafs":"لَهُمُ","char_type_name":"word","page_number":379,"line_number":3,"text":"ﭥ","translation":{"text":"to them","language_name":"english","language_id":38},"transliteration":{"text":"lahumu","language_name":"english","language_id":38}},{"id":27187,"position":10,"audio_url":"wbw/027_024_010.mp3","qpc_uthmani_hafs":"ٱلشَّيۡطَٰنُ","char_type_name":"word","page_number":379,"line_number":3,"text":"ﭦ","translation":{"text":"the Shaitaan","language_name":"english","language_id":38},"transliteration":{"text":"l-shayṭānu","language_name":"english","language_id":38}},{"id":27188,"position":11,"audio_url":"wbw/027_024_011.mp3","qpc_uthmani_hafs":"أَعۡمَٰلَهُمۡ","char_type_name":"word","page_number":379,"line_number":3,"text":"ﭧ","translation":{"text":"their deeds","language_name":"english","language_id":38},"transliteration":{"text":"aʿmālahum","language_name":"english","language_id":38}},{"id":27189,"position":12,"audio_url":"wbw/027_024_012.mp3","qpc_uthmani_hafs":"فَصَدَّهُمۡ","char_type_name":"word","page_number":379,"line_number":3,"text":"ﭨ","translation":{"text":"and averted them","language_name":"english","language_id":38},"transliteration":{"text":"faṣaddahum","language_name":"english","language_id":38}},{"id":27190,"position":13,"audio_url":"wbw/027_024_013.mp3","qpc_uthmani_hafs":"عَنِ","char_type_name":"word","page_number":379,"line_number":3,"text":"ﭩ","translation":{"text":"from","language_name":"english","language_id":38},"transliteration":{"text":"ʿani","language_name":"english","language_id":38}},{"id":27191,"position":14,"audio_url":"wbw/027_024_014.mp3","qpc_uthmani_hafs":"ٱلسَّبِيلِ","char_type_name":"word","page_number":379,"line_number":3,"text":"ﭪ","translation":{"text":"the Way","language_name":"english","language_id":38},"transliteration":{"text":"l-sabīli","language_name":"english","language_id":38}},{"id":27192,"position":15,"audio_url":"wbw/027_024_015.mp3","qpc_uthmani_hafs":"فَهُمۡ","char_type_name":"word","page_number":379,"line_number":4,"text":"ﭫ","translation":{"text":"so they","language_name":"english","language_id":38},"transliteration":{"text":"fahum","language_name":"english","language_id":38}},{"id":27193,"position":16,"audio_url":"wbw/027_024_016.mp3","qpc_uthmani_hafs":"لَا","char_type_name":"word","page_number":379,"line_number":4,"text":"ﭬ","translation":{"text":"(are) not","language_name":"english","language_id":38},"transliteration":{"text":"lā","language_name":"english","language_id":38}},{"id":27194,"position":17,"audio_url":"wbw/027_024_017.mp3","qpc_uthmani_hafs":"يَهۡتَدُونَ","char_type_name":"word","page_number":379,"line_number":4,"text":"ﭭ","translation":{"text":"guided","language_name":"english","language_id":38},"transliteration":{"text":"yahtadūna","language_name":"english","language_id":38}},{"id":27195,"position":18,"audio_url":null,"qpc_uthmani_hafs":"٢٤","char_type_name":"end","page_number":379,"line_number":4,"text":"ﭮ","translation":{"text":"(24)","language_name":"english","language_id":38},"transliteration":{"text":null,"language_name":"english","language_id":38}}],"translations":[{"id":919612,"resource_id":134,"text":"Aku mendapati dia dan kaumnya menyembah matahari, selain Allah dan setan telah menjadikan mereka memandang indah perbuatan-perbuatan mereka, lalu menghalangi mereka dari jalan (Allah) sehingga mereka tidak dapat petunjuk,"}]},{"id":3184,"verse_number":25,"verse_key":"27:25","juz_number":19,"hizb_number":38,"rub_el_hizb_number":151,"ruku_number":328,"manzil_number":5,"sajdah_number":null,"text_uthmani":"أَلَّا يَسْجُدُوا۟ لِلَّهِ ٱلَّذِى يُخْرِجُ ٱلْخَبْءَ فِى ٱلسَّمَـٰوَٰتِ وَٱلْأَرْضِ وَيَعْلَمُ مَا تُخْفُونَ وَمَا تُعْلِنُونَ","page_number":379,"words":[{"id":28195,"position":1,"audio_url":"wbw/027_025_001.mp3","qpc_uthmani_hafs":"أَلَّاۤ","char_type_name":"word","page_number":379,"line_number":4,"text":"ﭯ","translation":{"text":"That not","language_name":"english","language_id":38},"transliteration":{"text":"allā","language_name":"english","language_id":38}},{"id":28196,"position":2,"audio_url":"wbw/027_025_002.mp3","qpc_uthmani_hafs":"يَسۡجُدُواْۤ","char_type_name":"word","page_number":379,"line_number":4,"text":"ﭰ","translation":{"text":"they prostrate","language_name":"english","language_id":38},"transliteration":{"text":"yasjudū","language_name":"english","language_id":38}},{"id":28197,"position":3,"audio_url":"wbw/027_025_003.mp3","qpc_uthmani_hafs":"لِلَّهِ","char_type_name":"word","page_number":379,"line_number":4,"text":"ﭱ","translation":{"text":"to Allah","language_name":"english","language_id":38},"transliteration":{"text":"lillahi","language_name":"english","language_id":38}},{"id":28198,"position":4,"audio_url":"wbw/027_025_004.mp3","qpc_uthmani_hafs":"ٱلَّذِي","char_type_name":"word","page_number":379,"line_number":4,"text":"ﭲ","translation":{"text":"the One Who","language_name":"english","language_id":38},"transliteration":{"text":"alladhī","language_name":"english","language_id":38}},{"id":28199,"position":5,"audio_url":"wbw/027_025_005.mp3","qpc_uthmani_hafs":"يُخۡرِجُ","char_type_name":"word","page_number":379,"line_number":4,"text":"ﭳ","translation":{"text":"brings forth","language_name":"english","language_id":38},"transliteration":{"text":"yukh'riju","language_name":"english","language_id":38}},{"id":28200,"position":6,"audio_url":"wbw/027_025_006.mp3","qpc_uthmani_hafs":"ٱلۡخَبۡءَ","char_type_name":"word","page_number":379,"line_number":4,"text":"ﭴ","translation":{"text":"the hidden","language_name":"english","language_id":38},"transliteration":{"text":"l-khaba-a","language_name":"english","language_id":38}},{"id":28201,"position":7,"audio_url":"wbw/027_025_007.mp3","qpc_uthmani_hafs":"فِي","char_type_name":"word","page_number":379,"line_number":5,"text":"ﭵ","translation":{"text":"in","language_name":"english","language_id":38},"transliteration":{"text":"fī","language_name":"english","language_id":38}},{"id":28202,"position":8,"audio_url":"wbw/027_025_008.mp3","qpc_uthmani_hafs":"ٱلسَّمَٰوَٰتِ","char_type_name":"word","page_number":379,"line_number":5,"text":"ﭶ","translation":{"text":"the heavens","language_name":"english","language_id":38},"transliteration":{"text":"l-samāwāti","language_name":"english","language_id":38}},{"id":28203,"position":9,"audio_url":"wbw/027_025_009.mp3","qpc_uthmani_hafs":"وَٱلۡأَرۡضِ","char_type_name":"word","page_number":379,"line_number":5,"text":"ﭷ","translation":{"text":"and the earth","language_name":"english","language_id":38},"transliteration":{"text":"wal-arḍi","language_name":"english","language_id":38}},{"id":28204,"position":10,"audio_url":"wbw/027_025_010.mp3","qpc_uthmani_hafs":"وَيَعۡلَمُ","char_type_name":"word","page_number":379,"line_number":5,"text":"ﭸ","translation":{"text":"and knows","language_name":"english","language_id":38},"transliteration":{"text":"wayaʿlamu","language_name":"english","language_id":38}},{"id":28205,"position":11,"audio_url":"wbw/027_025_011.mp3","qpc_uthmani_hafs":"مَا","char_type_name":"word","page_number":379,"line_number":5,"text":"ﭹ","translation":{"text":"what","language_name":"english","language_id":38},"transliteration":{"text":"mā","language_name":"english","language_id":38}},{"id":28206,"position":12,"audio_url":"wbw/027_025_012.mp3","qpc_uthmani_hafs":"تُخۡفُونَ","char_type_name":"word","page_number":379,"line_number":5,"text":"ﭺ","translation":{"text":"you conceal","language_name":"english","language_id":38},"transliteration":{"text":"tukh'fūna","language_name":"english","language_id":38}},{"id":28207,"position":13,"audio_url":"wbw/027_025_013.mp3","qpc_uthmani_hafs":"وَمَا","char_type_name":"word","page_number":379,"line_number":5,"text":"ﭻ","translation":{"text":"and what","language_name":"english","language_id":38},"transliteration":{"text":"wamā","language_name":"english","language_id":38}},{"id":28208,"position":14,"audio_url":"wbw/027_025_014.mp3","qpc_uthmani_hafs":"تُعۡلِنُونَ","char_type_name":"word","page_number":379,"line_number":5,"text":"ﭼ","translation":{"text":"you declare","language_name":"english","language_id":38},"transliteration":{"text":"tuʿ'linūna","language_name":"english","language_id":38}},{"id":28209,"position":15,"audio_url":null,"qpc_uthmani_hafs":"٢٥","char_type_name":"end","page_number":379,"line_number":5,"text":"ﭽ","translation":{"text":"(25)","language_name":"english","language_id":38},"transliteration":{"text":null,"language_name":"english","language_id":38}}],"translations":[{"id":919613,"resource_id":134,"text":"agar mereka tidak menyembah Allah Yang mengeluarkan apa yang terpendam di langit dan di bumi <sup foot_note=210865>1</sup> dan Yang mengetahui apa yang kamu sembunyikan dan apa yang kamu nyatakan."}]},{"id":3185,"verse_number":26,"verse_key":"27:26","juz_number":19,"hizb_number":38,"rub_el_hizb_number":151,"ruku_number":328,"manzil_number":5,"sajdah_number":8,"text_uthmani":"ٱللَّهُ لَآ إِلَـٰهَ إِلَّا هُوَ رَبُّ ٱلْعَرْشِ ٱلْعَظِيمِ ۩","page_number":379,"words":[{"id":29170,"position":1,"audio_url":"wbw/027_026_001.mp3","qpc_uthmani_hafs":"ٱللَّهُ","char_type_name":"word","page_number":379,"line_number":5,"text":"ﭾ","translation":{"text":"Allah","language_name":"english","language_id":38},"transliteration":{"text":"al-lahu","language_name":"english","language_id":38}},{"id":29171,"position":2,"audio_url":"wbw/027_026_002.mp3","qpc_uthmani_hafs":"لَآ","char_type_name":"word","page_number":379,"line_number":6,"text":"ﭿ","translation":{"text":"(there is) no","language_name":"english","language_id":38},"transliteration":{"text":"lā","language_name":"english","language_id":38}},{"id":29172,"position":3,"audio_url":"wbw/027_026_003.mp3","qpc_uthmani_hafs":"إِلَٰهَ","char_type_name":"word","page_number":379,"line_number":6,"text":"ﮀ","translation":{"text":"god","language_name":"english","language_id":38},"transliteration":{"text":"ilāha","language_name":"english","language_id":38}},{"id":29173,"position":4,"audio_url":"wbw/027_026_004.mp3","qpc_uthmani_hafs":"إِلَّا","char_type_name":"word","page_number":379,"line_number":6,"text":"ﮁ","translation":{"text":"but","language_name":"english","language_id":38},"transliteration":{"text":"illā","language_name":"english","language_id":38}},{"id":29174,"position":5,"audio_url":"wbw/027_026_005.mp3","qpc_uthmani_hafs":"هُوَ","char_type_name":"word","page_number":379,"line_number":6,"text":"ﮂ","translation":{"text":"He","language_name":"english","language_id":38},"transliteration":{"text":"huwa","language_name":"english","language_id":38}},{"id":29175,"position":6,"audio_url":"wbw/027_026_006.mp3","qpc_uthmani_hafs":"رَبُّ","char_type_name":"word","page_number":379,"line_number":6,"text":"ﮃ","translation":{"text":"(the) Lord","language_name":"english","language_id":38},"transliteration":{"text":"rabbu","language_name":"english","language_id":38}},{"id":29176,"position":7,"audio_url":"wbw/027_026_007.mp3","qpc_uthmani_hafs":"ٱلۡعَرۡشِ","char_type_name":"word","page_number":379,"line_number":6,"text":"ﮄ","translation":{"text":"(of) the Throne","language_name":"english","language_id":38},"transliteration":{"text":"l-ʿarshi","language_name":"english","language_id":38}},{"id":29177,"position":8,"audio_url":"wbw/027_026_008.mp3","qpc_uthmani_hafs":"ٱلۡعَظِيمِ۩","char_type_name":"word","page_number":379,"line_number":6,"text":"ﮅﮆ","translation":{"text":"the Great","language_name":"english","language_id":38},"transliteration":{"text":"l-ʿaẓīmi","language_name":"english","language_id":38}},{"id":29179,"position":9,"audio_url":"","qpc_uthmani_hafs":"٢٦","char_type_name":"end","page_number":379,"line_number":6,"text":"ﮇ","translation":{"text":"(26)","language_name":"english","language_id":38},"transliteration":{"text":"","language_name":"english","language_id":38}}],"translations":[{"id":919614,"resource_id":134,"text":"Allah, tiada Tuhan (yang berhak disembah) kecuali Dia, Tuhan Yang mempunyai arasy yang besar\"."}]},{"id":3186,"verse_number":27,"verse_key":"27:27","juz_number":19,"hizb_number":38,"rub_el_hizb_number":152,"ruku_number":328,"manzil_number":5,"sajdah_number":null,"text_uthmani":"۞ قَالَ سَنَنظُرُ أَصَدَقْتَ أَمْ كُنتَ مِنَ ٱلْكَـٰذِبِينَ","page_number":379,"words":[{"id":30073,"position":1,"audio_url":"wbw/027_027_002.mp3","qpc_uthmani_hafs":"۞ قَالَ","char_type_name":"word","page_number":379,"line_number":6,"text":"ﮈ ﮉ","translation":{"text":"He said","language_name":"english","language_id":38},"transliteration":{"text":"qāla","language_name":"english","language_id":38}},{"id":30074,"position":2,"audio_url":"wbw/027_027_003.mp3","qpc_uthmani_hafs":"سَنَنظُرُ","char_type_name":"word","page_number":379,"line_number":6,"text":"ﮊ","translation":{"text":"We will see","language_name":"english","language_id":38},"transliteration":{"text":"sananẓuru","language_name":"english","language_id":38}},{"id":30075,"position":3,"audio_url":"wbw/027_027_004.mp3","qpc_uthmani_hafs":"أَصَدَقۡتَ","char_type_name":"word","page_number":379,"line_number":7,"text":"ﮋ","translation":{"text":"whether you speak (the) truth","language_name":"english","language_id":38},"transliteration":{"text":"aṣadaqta","language_name":"english","language_id":38}},{"id":30076,"position":4,"audio_url":"wbw/027_027_005.mp3","qpc_uthmani_hafs":"أَمۡ","char_type_name":"word","page_number":379,"line_number":7,"text":"ﮌ","translation":{"text":"or","language_name":"english","language_id":38},"transliteration":{"text":"am","language_name":"english","language_id":38}},{"id":30077,"position":5,"audio_url":"wbw/027_027_006.mp3","qpc_uthmani_hafs":"كُنتَ","char_type_name":"word","page_number":379,"line_number":7,"text":"ﮍ","translation":{"text":"you are","language_name":"english","language_id":38},"transliteration":{"text":"kunta","language_name":"english","language_id":38}},{"id":30078,"position":6,"audio_url":"wbw/027_027_007.mp3","qpc_uthmani_hafs":"مِنَ","char_type_name":"word","page_number":379,"line_number":7,"text":"ﮎ","translation":{"text":"of","language_name":"english","language_id":38},"transliteration":{"text":"mina","language_name":"english","language_id":38}},{"id":30079,"position":7,"audio_url":"wbw/027_027_008.mp3","qpc_uthmani_hafs":"ٱلۡكَٰذِبِينَ","char_type_name":"word","page_number":379,"line_number":7,"text":"ﮏ","translation":{"text":"the liars","language_name":"english","language_id":38},"transliteration":{"text":"l-kādhibīna","language_name":"english","language_id":38}},{"id":30080,"position":8,"audio_url":null,"qpc_uthmani_hafs":"٢٧","char_type_name":"end","page_number":379,"line_number":7,"text":"ﮐ","translation":{"text":"(27)","language_name":"english","language_id":38},"transliteration":{"text":null,"language_name":"english","language_id":38}}],"translations":[{"id":919615,"resource_id":134,"text":"Berkata Sulaymān, \"Akan kami lihat, apa kamu benar ataukah kamu termasuk orang-orang yang berdusta."}]},{"id":3187,"verse_number":28,"verse_key":"27:28","juz_number":19,"hizb_number":38,"rub_el_hizb_number":152,"ruku_number":328,"manzil_number":5,"sajdah_number":null,"text_uthmani":"ٱذْهَب بِّكِتَـٰبِى هَـٰذَا فَأَلْقِهْ إِلَيْهِمْ ثُمَّ تَوَلَّ عَنْهُمْ فَٱنظُرْ مَاذَا يَرْجِعُونَ","page_number":379,"words":[{"id":31129,"position":1,"audio_url":"wbw/027_028_001.mp3","qpc_uthmani_hafs":"ٱذۡهَب","char_type_name":"word","page_number":379,"line_number":7,"text":"ﮑ","translation":{"text":"Go","language_name":"english","language_id":38},"transliteration":{"text":"idh'hab","language_name":"english","language_id":38}},{"id":31130,"position":2,"audio_url":"wbw/027_028_002.mp3","qpc_uthmani_hafs":"بِّكِتَٰبِي","char_type_name":"word","page_number":379,"line_number":7,"text":"ﮒ","translation":{"text":"with my letter","language_name":"english","language_id":38},"transliteration":{"text":"bikitābī","language_name":"english","language_id":38}},{"id":31131,"position":3,"audio_url":"wbw/027_028_003.mp3","qpc_uthmani_hafs":"هَٰذَا","char_type_name":"word","page_number":379,"line_number":7,"text":"ﮓ","translation":{"text":"this","language_name":"english","language_id":38},"transliteration":{"text":"hādhā","language_name":"english","language_id":38}},{"id":31132,"position":4,"audio_url":"wbw/027_028_004.mp3","qpc_uthmani_hafs":"فَأَلۡقِهۡ","char_type_name":"word","page_number":379,"line_number":8,"text":"ﮔ","translation":{"text":"and deliver it","language_name":"english","language_id":38},"transliteration":{"text":"fa-alqih","language_name":"english","language_id":38}},{"id":31133,"position":5,"audio_url":"wbw/027_028_005.mp3","qpc_uthmani_hafs":"إِلَيۡهِمۡ","char_type_name":"word","page_number":379,"line_number":8,"text":"ﮕ","translation":{"text":"to them","language_name":"english","language_id":38},"transliteration":{"text":"ilayhim","language_name":"english","language_id":38}},{"id":31134,"position":6,"audio_url":"wbw/027_028_006.mp3","qpc_uthmani_hafs":"ثُمَّ","char_type_name":"word","page_number":379,"line_number":8,"text":"ﮖ","translation":{"text":"Then","language_name":"english","language_id":38},"transliteration":{"text":"thumma","language_name":"english","language_id":38}},{"id":31135,"position":7,"audio_url":"wbw/027_028_007.mp3","qpc_uthmani_hafs":"تَوَلَّ","char_type_name":"word","page_number":379,"line_number":8,"text":"ﮗ","translation":{"text":"turn away","language_name":"english","language_id":38},"transliteration":{"text":"tawalla","language_name":"english","language_id":38}},{"id":31136,"position":8,"audio_url":"wbw/027_028_008.mp3","qpc_uthmani_hafs":"عَنۡهُمۡ","char_type_name":"word","page_number":379,"line_number":8,"text":"ﮘ","translation":{"text":"from them","language_name":"english","language_id":38},"transliteration":{"text":"ʿanhum","language_name":"english","language_id":38}},{"id":31137,"position":9,"audio_url":"wbw/027_028_009.mp3","qpc_uthmani_hafs":"فَٱنظُرۡ","char_type_name":"word","page_number":379,"line_number":8,"text":"ﮙ","translation":{"text":"and see","language_name":"english","language_id":38},"transliteration":{"text":"fa-unẓur","language_name":"english","language_id":38}},{"id":31138,"position":10,"audio_url":"wbw/027_028_010.mp3","qpc_uthmani_hafs":"مَاذَا","char_type_name":"word","page_number":379,"line_number":8,"text":"ﮚ","translation":{"text":"what","language_name":"english","language_id":38},"transliteration":{"text":"mādhā","language_name":"english","language_id":38}},{"id":31139,"position":11,"audio_url":"wbw/027_028_011.mp3","qpc_uthmani_hafs":"يَرۡجِعُونَ","char_type_name":"word","page_number":379,"line_number":8,"text":"ﮛ","translation":{"text":"they return","language_name":"english","language_id":38},"transliteration":{"text":"yarjiʿūna","language_name":"english","language_id":38}},{"id":31140,"position":12,"audio_url":null,"qpc_uthmani_hafs":"٢٨","char_type_name":"end","page_number":379,"line_number":8,"text":"ﮜ","translation":{"text":"(28)","language_name":"english","language_id":38},"transliteration":{"text":null,"language_name":"english","language_id":38}}],"translations":[{"id":919616,"resource_id":134,"text":"Pergilah dengan (membawa) suratku ini, lalu jatuhkan kepada mereka, kemudian berpalinglah dari mereka, lalu perhatikanlah apa yang mereka bicarakan\""}]},{"id":3188,"verse_number":29,"verse_key":"27:29","juz_number":19,"hizb_number":38,"rub_el_hizb_number":152,"ruku_number":328,"manzil_number":5,"sajdah_number":null,"text_uthmani":"قَالَتْ يَـٰٓأَيُّهَا ٱلْمَلَؤُا۟ إِنِّىٓ أُلْقِىَ إِلَىَّ كِتَـٰبٌ كَرِيمٌ","page_number":379,"words":[{"id":32119,"position":1,"audio_url":"wbw/027_029_001.mp3","qpc_uthmani_hafs":"قَالَتۡ","char_type_name":"word","page_number":379,"line_number":8,"text":"ﮝ","translation":{"text":"She said","language_name":"english","language_id":38},"transliteration":{"text":"qālat","language_name":"english","language_id":38}},{"id":32120,"position":2,"audio_url":"wbw/027_029_002.mp3","qpc_uthmani_hafs":"يَٰٓأَيُّهَا","char_type_name":"word","page_number":379,"line_number":8,"text":"ﮞ","translation":{"text":"O","language_name":"english","language_id":38},"transliteration":{"text":"yāayyuhā","language_name":"english","language_id":38}},{"id":32121,"position":3,"audio_url":"wbw/027_029_003.mp3","qpc_uthmani_hafs":"ٱلۡمَلَؤُاْ","char_type_name":"word","page_number":379,"line_number":9,"text":"ﮟ","translation":{"text":"chiefs","language_name":"english","language_id":38},"transliteration":{"text":"l-mala-u","language_name":"english","language_id":38}},{"id":32122,"position":4,"audio_url":"wbw/027_029_004.mp3","qpc_uthmani_hafs":"إِنِّيٓ","char_type_name":"word","page_number":379,"line_number":9,"text":"ﮠ","translation":{"text":"Indeed [I]","language_name":"english","language_id":38},"transliteration":{"text":"innī","language_name":"english","language_id":38}},{"id":32123,"position":5,"audio_url":"wbw/027_029_005.mp3","qpc_uthmani_hafs":"أُلۡقِيَ","char_type_name":"word","page_number":379,"line_number":9,"text":"ﮡ","translation":{"text":"is delivered","language_name":"english","language_id":38},"transliteration":{"text":"ul'qiya","language_name":"english","language_id":38}},{"id":32124,"position":6,"audio_url":"wbw/027_029_006.mp3","qpc_uthmani_hafs":"إِلَيَّ","char_type_name":"word","page_number":379,"line_number":9,"text":"ﮢ","translation":{"text":"to me","language_name":"english","language_id":38},"transliteration":{"text":"ilayya","language_name":"english","language_id":38}},{"id":32125,"position":7,"audio_url":"wbw/027_029_007.mp3","qpc_uthmani_hafs":"كِتَٰبٞ","char_type_name":"word","page_number":379,"line_number":9,"text":"ﮣ","translation":{"text":"a letter","language_name":"english","language_id":38},"transliteration":{"text":"kitābun","language_name":"english","language_id":38}},{"id":32126,"position":8,"audio_url":"wbw/027_029_008.mp3","qpc_uthmani_hafs":"كَرِيمٌ","char_type_name":"word","page_number":379,"line_number":9,"text":"ﮤ","translation":{"text":"noble","language_name":"english","language_id":38},"transliteration":{"text":"karīmun","language_name":"english","language_id":38}},{"id":32127,"position":9,"audio_url":null,"qpc_uthmani_hafs":"٢٩","char_type_name":"end","page_number":379,"line_number":9,"text":"ﮥ","translation":{"text":"(29)","language_name":"english","language_id":38},"transliteration":{"text":null,"language_name":"english","language_id":38}}],"translations":[{"id":919617,"resource_id":134,"text":"Berkata ia (Balqis), \"Hai pembesar-pembesar, sesungguhnya telah dijatuhkan kepadaku sebuah surat yang mulia."}]},{"id":3189,"verse_number":30,"verse_key":"27:30","juz_number":19,"hizb_number":38,"rub_el_hizb_number":152,"ruku_number":328,"manzil_number":5,"sajdah_number":null,"text_uthmani":"إِنَّهُۥ مِن سُلَيْمَـٰنَ وَإِنَّهُۥ بِسْمِ ٱللَّهِ ٱلرَّحْمَـٰنِ ٱلرَّحِيمِ","page_number":379,"words":[{"id":32954,"position":1,"audio_url":"wbw/027_030_001.mp3","qpc_uthmani_hafs":"إِنَّهُۥ","char_type_name":"word","page_number":379,"line_number":9,"text":"ﮦ","translation":{"text":"Indeed, it","language_name":"english","language_id":38},"transliteration":{"text":"innahu","language_name":"english","language_id":38}},{"id":32955,"position":2,"audio_url":"wbw/027_030_002.mp3","qpc_uthmani_hafs":"مِن","char_type_name":"word","page_number":379,"line_number":9,"text":"ﮧ","translation":{"text":"(is) from","language_name":"english","language_id":38},"transliteration":{"text":"min","language_name":"english","language_id":38}},{"id":32956,"position":3,"audio_url":"wbw/027_030_003.mp3","qpc_uthmani_hafs":"سُلَيۡمَٰنَ","char_type_name":"word","page_number":379,"line_number":9,"text":"ﮨ","translation":{"text":"Sulaiman","language_name":"english","language_id":38},"transliteration":{"text":"sulaymāna","language_name":"english","language_id":38}},{"id":32957,"position":4,"audio_url":"wbw/027_030_004.mp3","qpc_uthmani_hafs":"وَإِنَّهُۥ","char_type_name":"word","page_number":379,"line_number":9,"text":"ﮩ","translation":{"text":"and indeed it (is)","language_name":"english","language_id":38},"transliteration":{"text":"wa-innahu","language_name":"english","language_id":38}},{"id":32958,"position":5,"audio_url":"wbw/027_030_005.mp3","qpc_uthmani_hafs":"بِسۡمِ","char_type_name":"word","page_number":379,"line_number":9,"text":"ﮪ","translation":{"text":"In the name","language_name":"english","language_id":38},"transliteration":{"text":"bis'mi","language_name":"english","language_id":38}},{"id":32959,"position":6,"audio_url":"wbw/027_030_006.mp3","qpc_uthmani_hafs":"ٱللَّهِ","char_type_name":"word","page_number":379,"line_number":10,"text":"ﮫ","translation":{"text":"(of) Allah","language_name":"english","language_id":38},"transliteration":{"text":"l-lahi","language_name":"english","language_id":38}},{"id":32960,"position":7,"audio_url":"wbw/027_030_007.mp3","qpc_uthmani_hafs":"ٱلرَّحۡمَٰنِ","char_type_name":"word","page_number":379,"line_number":10,"text":"ﮬ","translation":{"text":"the Most Gracious","language_name":"english","language_id":38},"transliteration":{"text":"l-raḥmāni","language_name":"english","language_id":38}},{"id":32961,"position":8,"audio_url":"wbw/027_030_008.mp3","qpc_uthmani_hafs":"ٱلرَّحِيمِ","char_type_name":"word","page_number":379,"line_number":10,"text":"ﮭ","translation":{"text":"the Most Merciful","language_name":"english","language_id":38},"transliteration":{"text":"l-raḥīmi","language_name":"english","language_id":38}},{"id":32962,"position":9,"audio_url":null,"qpc_uthmani_hafs":"٣٠","char_type_name":"end","page_number":379,"line_number":10,"text":"ﮮ","translation":{"text":"(30)","language_name":"english","language_id":38},"transliteration":{"text":null,"language_name":"english","language_id":38}}],"translations":[{"id":919618,"resource_id":134,"text":"Sesungguhnya surat itu dari Sulaymān dan sesungguhnya (isi)nya, \"Dengan menyebut nama Allah Yang Maha Pemurah lagi Maha Penyayang."}]},{"id":3190,"verse_number":31,"verse_key":"27:31","juz_number":19,"hizb_number":38,"rub_el_hizb_number":152,"ruku_number":328,"manzil_number":5,"sajdah_number":null,"text_uthmani":"أَلَّا تَعْلُوا۟ عَلَىَّ وَأْتُونِى مُسْلِمِينَ","page_number":379,"words":[{"id":33866,"position":1,"audio_url":"wbw/027_031_001.mp3","qpc_uthmani_hafs":"أَلَّا","char_type_name":"word","page_number":379,"line_number":10,"text":"ﮯ","translation":{"text":"That not","language_name":"english","language_id":38},"transliteration":{"text":"allā","language_name":"english","language_id":38}},{"id":33867,"position":2,"audio_url":"wbw/027_031_002.mp3","qpc_uthmani_hafs":"تَعۡلُواْ","char_type_name":"word","page_number":379,"line_number":10,"text":"ﮰ","translation":{"text":"exalt yourselves","language_name":"english","language_id":38},"transliteration":{"text":"taʿlū","language_name":"english","language_id":38}},{"id":33868,"position":3,"audio_url":"wbw/027_031_003.mp3","qpc_uthmani_hafs":"عَلَيَّ","char_type_name":"word","page_number":379,"line_number":10,"text":"ﮱ","translation":{"text":"against me","language_name":"english","language_id":38},"transliteration":{"text":"ʿalayya","language_name":"english","language_id":38}},{"id":33869,"position":4,"audio_url":"wbw/027_031_004.mp3","qpc_uthmani_hafs":"وَأۡتُونِي","char_type_name":"word","page_number":379,"line_number":10,"text":"ﯓ","translation":{"text":"but come to me","language_name":"english","language_id":38},"transliteration":{"text":"watūnī","language_name":"english","language_id":38}},{"id":33870,"position":5,"audio_url":"wbw/027_031_005.mp3","qpc_uthmani_hafs":"مُسۡلِمِينَ","char_type_name":"word","page_number":379,"line_number":10,"text":"ﯔ","translation":{"text":"(in) submission","language_name":"english","language_id":38},"transliteration":{"text":"mus'limīna","language_name":"english","language_id":38}},{"id":33871,"position":6,"audio_url":null,"qpc_uthmani_hafs":"٣١","char_type_name":"end","page_number":379,"line_number":10,"text":"ﯕ","translation":{"text":"(31)","language_name":"english","language_id":38},"transliteration":{"text":null,"language_name":"english","language_id":38}}],"translations":[{"id":919619,"resource_id":134,"text":"Bahwa janganlah kamu sekalian berlaku sombong terhadapku dan datanglah kepadaku sebagai orang-orang yang berserah diri\"."}]},{"id":3191,"verse_number":32,"verse_key":"27:32","juz_number":19,"hizb_number":38,"rub_el_hizb_number":152,"ruku_number":329,"manzil_number":5,"sajdah_number":null,"text_uthmani":"قَالَتْ يَـٰٓأَيُّهَا ٱلْمَلَؤُا۟ أَفْتُونِى فِىٓ أَمْرِى مَا كُنتُ قَاطِعَةً أَمْرًا حَتَّىٰ تَشْهَدُونِ","page_number":379,"words":[{"id":34809,"position":1,"audio_url":"wbw/027_032_001.mp3","qpc_uthmani_hafs":"قَالَتۡ","char_type_name":"word","page_number":379,"line_number":11,"text":"ﯖ","translation":{"text":"She said","language_name":"english","language_id":38},"transliteration":{"text":"qālat","language_name":"english","language_id":38}},{"id":34810,"position":2,"audio_url":"wbw/027_032_002.mp3","qpc_uthmani_hafs":"يَٰٓأَيُّهَا","char_type_name":"word","page_number":379,"line_number":11,"text":"ﯗ","translation":{"text":"O","language_name":"english","language_id":38},"transliteration":{"text":"yāayyuhā","language_name":"english","language_id":38}},{"id":34811,"position":3,"audio_url":"wbw/027_032_003.mp3","qpc_uthmani_hafs":"ٱلۡمَلَؤُاْ","char_type_name":"word","page_number":379,"line_number":11,"text":"ﯘ","translation":{"text":"chiefs","language_name":"english","language_id":38},"transliteration":{"text":"l-mala-u","language_name":"english","language_id":38}},{"id":34812,"position":4,"audio_url":"wbw/027_032_004.mp3","qpc_uthmani_hafs":"أَفۡتُونِي","char_type_name":"word","page_number":379,"line_number":11,"text":"ﯙ","translation":{"text":"Advise me","language_name":"english","language_id":38},"transliteration":{"text":"aftūnī","language_name":"english","language_id":38}},{"id":34813,"position":5,"audio_url":"wbw/027_032_005.mp3","qpc_uthmani_hafs":"فِيٓ","char_type_name":"word","page_number":379,"line_number":11,"text":"ﯚ","translation":{"text":"in","language_name":"english","language_id":38},"transliteration":{"text":"fī","language_name":"english","language_id":38}},{"id":34814,"position":6,"audio_url":"wbw/027_032_006.mp3","qpc_uthmani_hafs":"أَمۡرِي","char_type_name":"word","page_number":379,"line_number":11,"text":"ﯛ","translation":{"text":"my affair","language_name":"english","language_id":38},"transliteration":{"text":"amrī","language_name":"english","language_id":38}},{"id":34815,"position":7,"audio_url":"wbw/027_032_007.mp3","qpc_uthmani_hafs":"مَا","char_type_name":"word","page_number":379,"line_number":11,"text":"ﯜ","translation":{"text":"Not","language_name":"english","language_id":38},"transliteration":{"text":"mā","language_name":"english","language_id":38}},{"id":34816,"position":8,"audio_url":"wbw/027_032_008.mp3","qpc_uthmani_hafs":"كُنتُ","char_type_name":"word","page_number":379,"line_number":11,"text":"ﯝ","translation":{"text":"I would be","language_name":"english","language_id":38},"transliteration":{"text":"kuntu","language_name":"english","language_id":38}},{"id":34817,"position":9,"audio_url":"wbw/027_032_009.mp3","qpc_uthmani_hafs":"قَاطِعَةً","char_type_name":"word","page_number":379,"line_number":11,"text":"ﯞ","translation":{"text":"the one to decide","language_name":"english","language_id":38},"transliteration":{"text":"qāṭiʿatan","language_name":"english","language_id":38}},{"id":34818,"position":10,"audio_url":"wbw/027_032_010.mp3","qpc_uthmani_hafs":"أَمۡرًا","char_type_name":"word","page_number":379,"line_number":11,"text":"ﯟ","translation":{"text":"any matter","language_name":"english","language_id":38},"transliteration":{"text":"amran","language_name":"english","language_id":38}},{"id":34819,"position":11,"audio_url":"wbw/027_032_011.mp3","qpc_uthmani_hafs":"حَتَّىٰ","char_type_name":"word","page_number":379,"line_number":11,"text":"ﯠ","translation":{"text":"until","language_name":"english","language_id":38},"transliteration":{"text":"ḥattā","language_name":"english","language_id":38}},{"id":34820,"position":12,"audio_url":"wbw/027_032_012.mp3","qpc_uthmani_hafs":"تَشۡهَدُونِ","char_type_name":"word","page_number":379,"line_number":12,"text":"ﯡ","translation":{"text":"you are present with me","language_name":"english","language_id":38},"transliteration":{"text":"tashhadūni","language_name":"english","language_id":38}},{"id":34821,"position":13,"audio_url":null,"qpc_uthmani_hafs":"٣٢","char_type_name":"end","page_number":379,"line_number":12,"text":"ﯢ","translation":{"text":"(32)","language_name":"english","language_id":38},"transliteration":{"text":null,"language_name":"english","language_id":38}}],"translations":[{"id":919620,"resource_id":134,"text":"Berkata dia (Balqis), \"Hai para pembesar berilah aku pertimbangan dalam urusanku (ini), aku tidak pernah memutuskan sesuatu persoalan sebelum kamu berada dalam majelis(ku)\"."}]},{"id":3192,"verse_number":33,"verse_key":"27:33","juz_number":19,"hizb_number":38,"rub_el_hizb_number":152,"ruku_number":329,"manzil_number":5,"sajdah_number":null,"text_uthmani":"قَالُوا۟ نَحْنُ أُو۟لُوا۟ قُوَّةٍ وَأُو۟لُوا۟ بَأْسٍ شَدِيدٍ وَٱلْأَمْرُ إِلَيْكِ فَٱنظُرِى مَاذَا تَأْمُرِينَ","page_number":379,"words":[{"id":35626,"position":1,"audio_url":"wbw/027_033_001.mp3","qpc_uthmani_hafs":"قَالُواْ","char_type_name":"word","page_number":379,"line_number":12,"text":"ﯣ","translation":{"text":"They said","language_name":"english","language_id":38},"transliteration":{"text":"qālū","language_name":"english","language_id":38}},{"id":35627,"position":2,"audio_url":"wbw/027_033_002.mp3","qpc_uthmani_hafs":"نَحۡنُ","char_type_name":"word","page_number":379,"line_number":12,"text":"ﯤ","translation":{"text":"We","language_name":"english","language_id":38},"transliteration":{"text":"naḥnu","language_name":"english","language_id":38}},{"id":35628,"position":3,"audio_url":"wbw/027_033_003.mp3","qpc_uthmani_hafs":"أُوْلُواْ","char_type_name":"word","page_number":379,"line_number":12,"text":"ﯥ","translation":{"text":"(are) possessors","language_name":"english","language_id":38},"transliteration":{"text":"ulū","language_name":"english","language_id":38}},{"id":35629,"position":4,"audio_url":"wbw/027_033_004.mp3","qpc_uthmani_hafs":"قُوَّةٖ","char_type_name":"word","page_number":379,"line_number":12,"text":"ﯦ","translation":{"text":"(of) strength","language_name":"english","language_id":38},"transliteration":{"text":"quwwatin","language_name":"english","language_id":38}},{"id":35630,"position":5,"audio_url":"wbw/027_033_005.mp3","qpc_uthmani_hafs":"وَأُوْلُواْ","char_type_name":"word","page_number":379,"line_number":12,"text":"ﯧ","translation":{"text":"and possessors","language_name":"english","language_id":38},"transliteration":{"text":"wa-ulū","language_name":"english","language_id":38}},{"id":35631,"position":6,"audio_url":"wbw/027_033_006.mp3","qpc_uthmani_hafs":"بَأۡسٖ","char_type_name":"word","page_number":379,"line_number":12,"text":"ﯨ","translation":{"text":"(of) might","language_name":"english","language_id":38},"transliteration":{"text":"basin","language_name":"english","language_id":38}},{"id":35632,"position":7,"audio_url":"wbw/027_033_007.mp3","qpc_uthmani_hafs":"شَدِيدٖ","char_type_name":"word","page_number":379,"line_number":12,"text":"ﯩ","translation":{"text":"great","language_name":"english","language_id":38},"transliteration":{"text":"shadīdin","language_name":"english","language_id":38}},{"id":35633,"position":8,"audio_url":"wbw/027_033_008.mp3","qpc_uthmani_hafs":"وَٱلۡأَمۡرُ","char_type_name":"word","page_number":379,"line_number":12,"text":"ﯪ","translation":{"text":"and the command","language_name":"english","language_id":38},"transliteration":{"text":"wal-amru","language_name":"english","language_id":38}},{"id":35634,"position":9,"audio_url":"wbw/027_033_009.mp3","qpc_uthmani_hafs":"إِلَيۡكِ","char_type_name":"word","page_number":379,"line_number":12,"text":"ﯫ","translation":{"text":"(is) up to you","language_name":"english","language_id":38},"transliteration":{"text":"ilayki","language_name":"english","language_id":38}},{"id":35635,"position":10,"audio_url":"wbw/027_033_010.mp3","qpc_uthmani_hafs":"فَٱنظُرِي","char_type_name":"word","page_number":379,"line_number":13,"text":"ﯬ","translation":{"text":"so look","language_name":"english","language_id":38},"transliteration":{"text":"fa-unẓurī","language_name":"english","language_id":38}},{"id":35636,"position":11,"audio_url":"wbw/027_033_011.mp3","qpc_uthmani_hafs":"مَاذَا","char_type_name":"word","page_number":379,"line_number":13,"text":"ﯭ","translation":{"text":"what","language_name":"english","language_id":38},"transliteration":{"text":"mādhā","language_name":"english","language_id":38}},{"id":35637,"position":12,"audio_url":"wbw/027_033_012.mp3","qpc_uthmani_hafs":"تَأۡمُرِينَ","char_type_name":"word","page_number":379,"line_number":13,"text":"ﯮ","translation":{"text":"you will command","language_name":"english","language_id":38},"transliteration":{"text":"tamurīna","language_name":"english","language_id":38}},{"id":35638,"position":13,"audio_url":null,"qpc_uthmani_hafs":"٣٣","char_type_name":"end","page_number":379,"line_number":13,"text":"ﯯ","translation":{"text":"(33)","language_name":"english","language_id":38},"transliteration":{"text":null,"language_name":"english","language_id":38}}],"translations":[{"id":919621,"resource_id":134,"text":"Mereka menjawab, \"Kita adalah orang-orang yang memiliki kekuatan dan (juga) memiliki keberanian yang sangat (dalam peperangan) dan keputusan berada di tanganmu; maka pertimbangkanlah apa yang akan kamu perintahkan\"."}]},{"id":3193,"verse_number":34,"verse_key":"27:34","juz_number":19,"hizb_number":38,"rub_el_hizb_number":152,"ruku_number":329,"manzil_number":5,"sajdah_number":null,"text_uthmani":"قَالَتْ إِنَّ ٱلْمُلُوكَ إِذَا دَخَلُوا۟ قَرْيَةً أَفْسَدُوهَا وَجَعَلُوٓا۟ أَعِزَّةَ أَهْلِهَآ أَذِلَّةً ۖ وَكَذَٰلِكَ يَفْعَلُونَ","page_number":379,"words":[{"id":36574,"position":1,"audio_url":"wbw/027_034_001.mp3","qpc_uthmani_hafs":"قَالَتۡ","char_type_name":"word","page_number":379,"line_number":13,"text":"ﯰ","translation":{"text":"She said","language_name":"english","language_id":38},"transliteration":{"text":"qālat","language_name":"english","language_id":38}},{"id":36575,"position":2,"audio_url":"wbw/027_034_002.mp3","qpc_uthmani_hafs":"إِنَّ","char_type_name":"word","page_number":379,"line_number":13,"text":"ﯱ","translation":{"text":"Indeed","language_name":"english","language_id":38},"transliteration":{"text":"inna","language_name":"english","language_id":38}},{"id":36576,"position":3,"audio_url":"wbw/027_034_003.mp3","qpc_uthmani_hafs":"ٱلۡمُلُوكَ","char_type_name":"word","page_number":379,"line_number":13,"text":"ﯲ","translation":{"text":"the kings","language_name":"english","language_id":38},"transliteration":{"text":"l-mulūka","language_name":"english","language_id":38}},{"id":36577,"position":4,"audio_url":"wbw/027_034_004.mp3","qpc_uthmani_hafs":"إِذَا","char_type_name":"word","page_number":379,"line_number":13,"text":"ﯳ","translation":{"text":"when","language_name":"english","language_id":38},"transliteration":{"text":"idhā","language_name":"english","language_id":38}},{"id":36578,"position":5,"audio_url":"wbw/027_034_005.mp3","qpc_uthmani_hafs":"دَخَلُواْ","char_type_name":"word","page_number":379,"line_number":13,"text":"ﯴ","translation":{"text":"they enter","language_name":"english","language_id":38},"transliteration":{"text":"dakhalū","language_name":"english","language_id":38}},{"id":36579,"position":6,"audio_url":"wbw/027_034_006.mp3","qpc_uthmani_hafs":"قَرۡيَةً","char_type_name":"word","page_number":379,"line_number":13,"text":"ﯵ","translation":{"text":"a town","language_name":"english","language_id":38},"transliteration":{"text":"qaryatan","language_name":"english","language_id":38}},{"id":36580,"position":7,"audio_url":"wbw/027_034_007.mp3","qpc_uthmani_hafs":"أَفۡسَدُوهَا","char_type_name":"word","page_number":379,"line_number":14,"text":"ﯶ","translation":{"text":"they ruin it","language_name":"english","language_id":38},"transliteration":{"text":"afsadūhā","language_name":"english","language_id":38}},{"id":36581,"position":8,"audio_url":"wbw/027_034_008.mp3","qpc_uthmani_hafs":"وَجَعَلُوٓاْ","char_type_name":"word","page_number":379,"line_number":14,"text":"ﯷ","translation":{"text":"and make","language_name":"english","language_id":38},"transliteration":{"text":"wajaʿalū","language_name":"english","language_id":38}},{"id":36582,"position":9,"audio_url":"wbw/027_034_009.mp3","qpc_uthmani_hafs":"أَعِزَّةَ","char_type_name":"word","page_number":379,"line_number":14,"text":"ﯸ","translation":{"text":"(the) most honorable","language_name":"english","language_id":38},"transliteration":{"text":"aʿizzata","language_name":"english","language_id":38}},{"id":36583,"position":10,"audio_url":"wbw/027_034_010.mp3","qpc_uthmani_hafs":"أَهۡلِهَآ","char_type_name":"word","page_number":379,"line_number":14,"text":"ﯹ","translation":{"text":"(of) its people","language_name":"english","language_id":38},"transliteration":{"text":"ahlihā","language_name":"english","language_id":38}},{"id":36584,"position":11,"audio_url":"wbw/027_034_011.mp3","qpc_uthmani_hafs":"أَذِلَّةٗۚ","char_type_name":"word","page_number":379,"line_number":14,"text":"ﯺﯻ","translation":{"text":"(the) lowest","language_name":"english","language_id":38},"transliteration":{"text":"adhillatan","language_name":"english","language_id":38}},{"id":36586,"position":12,"audio_url":"wbw/027_034_013.mp3","qpc_uthmani_hafs":"وَكَذَٰلِكَ","char_type_name":"word","page_number":379,"line_number":14,"text":"ﯼ","translation":{"text":"And thus","language_name":"english","language_id":38},"transliteration":{"text":"wakadhālika","language_name":"english","language_id":38}},{"id":36587,"position":13,"audio_url":"wbw/027_034_014.mp3","qpc_uthmani_hafs":"يَفۡعَلُونَ","char_type_name":"word","page_number":379,"line_number":14,"text":"ﯽ","translation":{"text":"they do","language_name":"english","language_id":38},"transliteration":{"text":"yafʿalūna","language_name":"english","language_id":38}},{"id":36588,"position":14,"audio_url":null,"qpc_uthmani_hafs":"٣٤","char_type_name":"end","page_number":379,"line_number":14,"text":"ﯾ","translation":{"text":"(34)","language_name":"english","language_id":38},"transliteration":{"text":null,"language_name":"english","language_id":38}}],"translations":[{"id":919622,"resource_id":134,"text":"Dia berkata, \"Sesungguhnya raja-raja apabila memasuki suatu negeri, niscaya mereka membinasakannya dan menjadikan penduduknya yang mulia jadi hina dan demikian pulalah yang akan mereka perbuat."}]},{"id":3194,"verse_number":35,"verse_key":"27:35","juz_number":19,"hizb_number":38,"rub_el_hizb_number":152,"ruku_number":329,"manzil_number":5,"sajdah_number":null,"text_uthmani":"وَإِنِّى مُرْسِلَةٌ إِلَيْهِم بِهَدِيَّةٍ فَنَاظِرَةٌۢ بِمَ يَرْجِعُ ٱلْمُرْسَلُونَ","page_number":379,"words":[{"id":37425,"position":1,"audio_url":"wbw/027_035_001.mp3","qpc_uthmani_hafs":"وَإِنِّي","char_type_name":"word","page_number":379,"line_number":15,"text":"ﯿ","translation":{"text":"But indeed, I am","language_name":"english","language_id":38},"transliteration":{"text":"wa-innī","language_name":"english","language_id":38}},{"id":37426,"position":2,"audio_url":"wbw/027_035_002.mp3","qpc_uthmani_hafs":"مُرۡسِلَةٌ","char_type_name":"word","page_number":379,"line_number":15,"text":"ﰀ","translation":{"text":"going to send","language_name":"english","language_id":38},"transliteration":{"text":"mur'silatun","language_name":"english","language_id":38}},{"id":37427,"position":3,"audio_url":"wbw/027_035_003.mp3","qpc_uthmani_hafs":"إِلَيۡهِم","char_type_name":"word","page_number":379,"line_number":15,"text":"ﰁ","translation":{"text":"to them","language_name":"english","language_id":38},"transliteration":{"text":"ilayhim","language_name":"english","language_id":38}},{"id":37428,"position":4,"audio_url":"wbw/027_035_004.mp3","qpc_uthmani_hafs":"بِهَدِيَّةٖ","char_type_name":"word","page_number":379,"line_number":15,"text":"ﰂ","translation":{"text":"a gift","language_name":"english","language_id":38},"transliteration":{"text":"bihadiyyatin","language_name":"english","language_id":38}},{"id":37429,"position":5,"audio_url":"wbw/027_035_005.mp3","qpc_uthmani_hafs":"فَنَاظِرَةُۢ","char_type_name":"word","page_number":379,"line_number":15,"text":"ﰃ","translation":{"text":"and see","language_name":"english","language_id":38},"transliteration":{"text":"fanāẓiratun","language_name":"english","language_id":38}},{"id":37430,"position":6,"audio_url":"wbw/027_035_006.mp3","qpc_uthmani_hafs":"بِمَ","char_type_name":"word","page_number":379,"line_number":15,"text":"ﰄ","translation":{"text":"with what","language_name":"english","language_id":38},"transliteration":{"text":"bima","language_name":"english","language_id":38}},{"id":37431,"position":7,"audio_url":"wbw/027_035_007.mp3","qpc_uthmani_hafs":"يَرۡجِعُ","char_type_name":"word","page_number":379,"line_number":15,"text":"ﰅ","translation":{"text":"return","language_name":"english","language_id":38},"transliteration":{"text":"yarjiʿu","language_name":"english","language_id":38}},{"id":37432,"position":8,"audio_url":"wbw/027_035_008.mp3","qpc_uthmani_hafs":"ٱلۡمُرۡسَلُونَ","char_type_name":"word","page_number":379,"line_number":15,"text":"ﰆ","translation":{"text":"the messengers","language_name":"english","language_id":38},"transliteration":{"text":"l-mur'salūna","language_name":"english","language_id":38}},{"id":37433,"position":9,"audio_url":null,"qpc_uthmani_hafs":"٣٥","char_type_name":"end","page_number":379,"line_number":15,"text":"ﰇ","translation":{"text":"(35)","language_name":"english","language_id":38},"transliteration":{"text":null,"language_name":"english","language_id":38}}],"translations":[{"id":919623,"resource_id":134,"text":"Dan sesungguhnya aku akan mengirim utusan kepada mereka dengan (membawa) hadiah dan (aku akan) menunggu apa yang akan dibawa kembali oleh utusan-utusan itu."}]}],"pagination":{"per_page":50,"current_page":1,"next_page":null,"total_pages":1,"total_records":13}}