{"verses":[{"id":3296,"verse_number":44,"verse_key":"28:44","juz_number":20,"hizb_number":39,"rub_el_hizb_number":156,"ruku_number":338,"manzil_number":5,"sajdah_number":null,"text_uthmani":"وَمَا كُنتَ بِجَانِبِ ٱلْغَرْبِىِّ إِذْ قَضَيْنَآ إِلَىٰ مُوسَى ٱلْأَمْرَ وَمَا كُنتَ مِنَ ٱلشَّـٰهِدِينَ","page_number":391,"words":[{"id":44658,"position":1,"audio_url":"wbw/028_044_001.mp3","qpc_uthmani_hafs":"وَمَا","char_type_name":"word","page_number":391,"line_number":1,"text":"ﭑ","translation":{"text":"And not","language_name":"english","language_id":38},"transliteration":{"text":"wamā","language_name":"english","language_id":38}},{"id":44659,"position":2,"audio_url":"wbw/028_044_002.mp3","qpc_uthmani_hafs":"كُنتَ","char_type_name":"word","page_number":391,"line_number":1,"text":"ﭒ","translation":{"text":"you were","language_name":"english","language_id":38},"transliteration":{"text":"kunta","language_name":"english","language_id":38}},{"id":44660,"position":3,"audio_url":"wbw/028_044_003.mp3","qpc_uthmani_hafs":"بِجَانِبِ","char_type_name":"word","page_number":391,"line_number":1,"text":"ﭓ","translation":{"text":"on (the) side","language_name":"english","language_id":38},"transliteration":{"text":"bijānibi","language_name":"english","language_id":38}},{"id":44661,"position":4,"audio_url":"wbw/028_044_004.mp3","qpc_uthmani_hafs":"ٱلۡغَرۡبِيِّ","char_type_name":"word","page_number":391,"line_number":1,"text":"ﭔ","translation":{"text":"western","language_name":"english","language_id":38},"transliteration":{"text":"l-gharbiyi","language_name":"english","language_id":38}},{"id":44662,"position":5,"audio_url":"wbw/028_044_005.mp3","qpc_uthmani_hafs":"إِذۡ","char_type_name":"word","page_number":391,"line_number":1,"text":"ﭕ","translation":{"text":"when","language_name":"english","language_id":38},"transliteration":{"text":"idh","language_name":"english","language_id":38}},{"id":44663,"position":6,"audio_url":"wbw/028_044_006.mp3","qpc_uthmani_hafs":"قَضَيۡنَآ","char_type_name":"word","page_number":391,"line_number":1,"text":"ﭖ","translation":{"text":"We decreed","language_name":"english","language_id":38},"transliteration":{"text":"qaḍaynā","language_name":"english","language_id":38}},{"id":44664,"position":7,"audio_url":"wbw/028_044_007.mp3","qpc_uthmani_hafs":"إِلَىٰ","char_type_name":"word","page_number":391,"line_number":1,"text":"ﭗ","translation":{"text":"to","language_name":"english","language_id":38},"transliteration":{"text":"ilā","language_name":"english","language_id":38}},{"id":44665,"position":8,"audio_url":"wbw/028_044_008.mp3","qpc_uthmani_hafs":"مُوسَى","char_type_name":"word","page_number":391,"line_number":1,"text":"ﭘ","translation":{"text":"Musa","language_name":"english","language_id":38},"transliteration":{"text":"mūsā","language_name":"english","language_id":38}},{"id":44666,"position":9,"audio_url":"wbw/028_044_009.mp3","qpc_uthmani_hafs":"ٱلۡأَمۡرَ","char_type_name":"word","page_number":391,"line_number":1,"text":"ﭙ","translation":{"text":"the Commandment","language_name":"english","language_id":38},"transliteration":{"text":"l-amra","language_name":"english","language_id":38}},{"id":44667,"position":10,"audio_url":"wbw/028_044_010.mp3","qpc_uthmani_hafs":"وَمَا","char_type_name":"word","page_number":391,"line_number":1,"text":"ﭚ","translation":{"text":"and not","language_name":"english","language_id":38},"transliteration":{"text":"wamā","language_name":"english","language_id":38}},{"id":44668,"position":11,"audio_url":"wbw/028_044_011.mp3","qpc_uthmani_hafs":"كُنتَ","char_type_name":"word","page_number":391,"line_number":1,"text":"ﭛ","translation":{"text":"you were","language_name":"english","language_id":38},"transliteration":{"text":"kunta","language_name":"english","language_id":38}},{"id":44669,"position":12,"audio_url":"wbw/028_044_012.mp3","qpc_uthmani_hafs":"مِنَ","char_type_name":"word","page_number":391,"line_number":2,"text":"ﭜ","translation":{"text":"among","language_name":"english","language_id":38},"transliteration":{"text":"mina","language_name":"english","language_id":38}},{"id":44670,"position":13,"audio_url":"wbw/028_044_013.mp3","qpc_uthmani_hafs":"ٱلشَّٰهِدِينَ","char_type_name":"word","page_number":391,"line_number":2,"text":"ﭝ","translation":{"text":"the witnesses","language_name":"english","language_id":38},"transliteration":{"text":"l-shāhidīna","language_name":"english","language_id":38}},{"id":44671,"position":14,"audio_url":null,"qpc_uthmani_hafs":"٤٤","char_type_name":"end","page_number":391,"line_number":2,"text":"ﭞ","translation":{"text":"(44)","language_name":"english","language_id":38},"transliteration":{"text":null,"language_name":"english","language_id":38}}],"translations":[{"id":919725,"resource_id":134,"text":"Dan tidaklah kamu (Muhammad) berada di sisi yang sebelah barat <sup foot_note=210894>1</sup> ketika Kami menyampaikan perintah kepada Musa dan tiada pula kamu termasuk orang-orang yang menyaksikan."}]},{"id":3297,"verse_number":45,"verse_key":"28:45","juz_number":20,"hizb_number":39,"rub_el_hizb_number":156,"ruku_number":338,"manzil_number":5,"sajdah_number":null,"text_uthmani":"وَلَـٰكِنَّآ أَنشَأْنَا قُرُونًا فَتَطَاوَلَ عَلَيْهِمُ ٱلْعُمُرُ ۚ وَمَا كُنتَ ثَاوِيًا فِىٓ أَهْلِ مَدْيَنَ تَتْلُوا۟ عَلَيْهِمْ ءَايَـٰتِنَا وَلَـٰكِنَّا كُنَّا مُرْسِلِينَ","page_number":391,"words":[{"id":45334,"position":1,"audio_url":"wbw/028_045_001.mp3","qpc_uthmani_hafs":"وَلَٰكِنَّآ","char_type_name":"word","page_number":391,"line_number":2,"text":"ﭟ","translation":{"text":"But We","language_name":"english","language_id":38},"transliteration":{"text":"walākinnā","language_name":"english","language_id":38}},{"id":45335,"position":2,"audio_url":"wbw/028_045_002.mp3","qpc_uthmani_hafs":"أَنشَأۡنَا","char_type_name":"word","page_number":391,"line_number":2,"text":"ﭠ","translation":{"text":"[We] produced","language_name":"english","language_id":38},"transliteration":{"text":"anshanā","language_name":"english","language_id":38}},{"id":45336,"position":3,"audio_url":"wbw/028_045_003.mp3","qpc_uthmani_hafs":"قُرُونٗا","char_type_name":"word","page_number":391,"line_number":2,"text":"ﭡ","translation":{"text":"generations","language_name":"english","language_id":38},"transliteration":{"text":"qurūnan","language_name":"english","language_id":38}},{"id":45337,"position":4,"audio_url":"wbw/028_045_004.mp3","qpc_uthmani_hafs":"فَتَطَاوَلَ","char_type_name":"word","page_number":391,"line_number":2,"text":"ﭢ","translation":{"text":"and prolonged","language_name":"english","language_id":38},"transliteration":{"text":"fataṭāwala","language_name":"english","language_id":38}},{"id":45338,"position":5,"audio_url":"wbw/028_045_005.mp3","qpc_uthmani_hafs":"عَلَيۡهِمُ","char_type_name":"word","page_number":391,"line_number":2,"text":"ﭣ","translation":{"text":"for them","language_name":"english","language_id":38},"transliteration":{"text":"ʿalayhimu","language_name":"english","language_id":38}},{"id":45339,"position":6,"audio_url":"wbw/028_045_006.mp3","qpc_uthmani_hafs":"ٱلۡعُمُرُۚ","char_type_name":"word","page_number":391,"line_number":3,"text":"ﭤﭥ","translation":{"text":"the life","language_name":"english","language_id":38},"transliteration":{"text":"l-ʿumuru","language_name":"english","language_id":38}},{"id":45341,"position":7,"audio_url":"wbw/028_045_008.mp3","qpc_uthmani_hafs":"وَمَا","char_type_name":"word","page_number":391,"line_number":3,"text":"ﭦ","translation":{"text":"And not","language_name":"english","language_id":38},"transliteration":{"text":"wamā","language_name":"english","language_id":38}},{"id":45342,"position":8,"audio_url":"wbw/028_045_009.mp3","qpc_uthmani_hafs":"كُنتَ","char_type_name":"word","page_number":391,"line_number":3,"text":"ﭧ","translation":{"text":"you were","language_name":"english","language_id":38},"transliteration":{"text":"kunta","language_name":"english","language_id":38}},{"id":45343,"position":9,"audio_url":"wbw/028_045_010.mp3","qpc_uthmani_hafs":"ثَاوِيٗا","char_type_name":"word","page_number":391,"line_number":3,"text":"ﭨ","translation":{"text":"a dweller","language_name":"english","language_id":38},"transliteration":{"text":"thāwiyan","language_name":"english","language_id":38}},{"id":45344,"position":10,"audio_url":"wbw/028_045_011.mp3","qpc_uthmani_hafs":"فِيٓ","char_type_name":"word","page_number":391,"line_number":3,"text":"ﭩ","translation":{"text":"among","language_name":"english","language_id":38},"transliteration":{"text":"fī","language_name":"english","language_id":38}},{"id":45345,"position":11,"audio_url":"wbw/028_045_012.mp3","qpc_uthmani_hafs":"أَهۡلِ","char_type_name":"word","page_number":391,"line_number":3,"text":"ﭪ","translation":{"text":"(the) people","language_name":"english","language_id":38},"transliteration":{"text":"ahli","language_name":"english","language_id":38}},{"id":45346,"position":12,"audio_url":"wbw/028_045_013.mp3","qpc_uthmani_hafs":"مَدۡيَنَ","char_type_name":"word","page_number":391,"line_number":3,"text":"ﭫ","translation":{"text":"(of) Madyan","language_name":"english","language_id":38},"transliteration":{"text":"madyana","language_name":"english","language_id":38}},{"id":45347,"position":13,"audio_url":"wbw/028_045_014.mp3","qpc_uthmani_hafs":"تَتۡلُواْ","char_type_name":"word","page_number":391,"line_number":3,"text":"ﭬ","translation":{"text":"reciting","language_name":"english","language_id":38},"transliteration":{"text":"tatlū","language_name":"english","language_id":38}},{"id":45348,"position":14,"audio_url":"wbw/028_045_015.mp3","qpc_uthmani_hafs":"عَلَيۡهِمۡ","char_type_name":"word","page_number":391,"line_number":3,"text":"ﭭ","translation":{"text":"to them","language_name":"english","language_id":38},"transliteration":{"text":"ʿalayhim","language_name":"english","language_id":38}},{"id":45349,"position":15,"audio_url":"wbw/028_045_016.mp3","qpc_uthmani_hafs":"ءَايَٰتِنَا","char_type_name":"word","page_number":391,"line_number":4,"text":"ﭮ","translation":{"text":"Our Verses","language_name":"english","language_id":38},"transliteration":{"text":"āyātinā","language_name":"english","language_id":38}},{"id":45350,"position":16,"audio_url":"wbw/028_045_017.mp3","qpc_uthmani_hafs":"وَلَٰكِنَّا","char_type_name":"word","page_number":391,"line_number":4,"text":"ﭯ","translation":{"text":"but We","language_name":"english","language_id":38},"transliteration":{"text":"walākinnā","language_name":"english","language_id":38}},{"id":45351,"position":17,"audio_url":"wbw/028_045_018.mp3","qpc_uthmani_hafs":"كُنَّا","char_type_name":"word","page_number":391,"line_number":4,"text":"ﭰ","translation":{"text":"[We] were","language_name":"english","language_id":38},"transliteration":{"text":"kunnā","language_name":"english","language_id":38}},{"id":45352,"position":18,"audio_url":"wbw/028_045_019.mp3","qpc_uthmani_hafs":"مُرۡسِلِينَ","char_type_name":"word","page_number":391,"line_number":4,"text":"ﭱ","translation":{"text":"the Senders","language_name":"english","language_id":38},"transliteration":{"text":"mur'silīna","language_name":"english","language_id":38}},{"id":45353,"position":19,"audio_url":null,"qpc_uthmani_hafs":"٤٥","char_type_name":"end","page_number":391,"line_number":4,"text":"ﭲ","translation":{"text":"(45)","language_name":"english","language_id":38},"transliteration":{"text":null,"language_name":"english","language_id":38}}],"translations":[{"id":919726,"resource_id":134,"text":"Tetapi Kami telah mengadakan beberapa generasi dan berlalulah atas mereka masa yang panjang dan tiadalah kamu tinggal bersama-sama penduduk Mad-yan dengan membacakan ayat-ayat Kami kepada mereka, tetapi Kami telah mengutus rasul-rasul."}]},{"id":3298,"verse_number":46,"verse_key":"28:46","juz_number":20,"hizb_number":39,"rub_el_hizb_number":156,"ruku_number":338,"manzil_number":5,"sajdah_number":null,"text_uthmani":"وَمَا كُنتَ بِجَانِبِ ٱلطُّورِ إِذْ نَادَيْنَا وَلَـٰكِن رَّحْمَةً مِّن رَّبِّكَ لِتُنذِرَ قَوْمًا مَّآ أَتَىٰهُم مِّن نَّذِيرٍ مِّن قَبْلِكَ لَعَلَّهُمْ يَتَذَكَّرُونَ","page_number":391,"words":[{"id":46074,"position":1,"audio_url":"wbw/028_046_001.mp3","qpc_uthmani_hafs":"وَمَا","char_type_name":"word","page_number":391,"line_number":4,"text":"ﭳ","translation":{"text":"And not","language_name":"english","language_id":38},"transliteration":{"text":"wamā","language_name":"english","language_id":38}},{"id":46075,"position":2,"audio_url":"wbw/028_046_002.mp3","qpc_uthmani_hafs":"كُنتَ","char_type_name":"word","page_number":391,"line_number":4,"text":"ﭴ","translation":{"text":"you were","language_name":"english","language_id":38},"transliteration":{"text":"kunta","language_name":"english","language_id":38}},{"id":46076,"position":3,"audio_url":"wbw/028_046_003.mp3","qpc_uthmani_hafs":"بِجَانِبِ","char_type_name":"word","page_number":391,"line_number":4,"text":"ﭵ","translation":{"text":"at (the) side","language_name":"english","language_id":38},"transliteration":{"text":"bijānibi","language_name":"english","language_id":38}},{"id":46077,"position":4,"audio_url":"wbw/028_046_004.mp3","qpc_uthmani_hafs":"ٱلطُّورِ","char_type_name":"word","page_number":391,"line_number":5,"text":"ﭶ","translation":{"text":"(of) the Tur","language_name":"english","language_id":38},"transliteration":{"text":"l-ṭūri","language_name":"english","language_id":38}},{"id":46078,"position":5,"audio_url":"wbw/028_046_005.mp3","qpc_uthmani_hafs":"إِذۡ","char_type_name":"word","page_number":391,"line_number":5,"text":"ﭷ","translation":{"text":"when","language_name":"english","language_id":38},"transliteration":{"text":"idh","language_name":"english","language_id":38}},{"id":46079,"position":6,"audio_url":"wbw/028_046_006.mp3","qpc_uthmani_hafs":"نَادَيۡنَا","char_type_name":"word","page_number":391,"line_number":5,"text":"ﭸ","translation":{"text":"We called","language_name":"english","language_id":38},"transliteration":{"text":"nādaynā","language_name":"english","language_id":38}},{"id":46080,"position":7,"audio_url":"wbw/028_046_007.mp3","qpc_uthmani_hafs":"وَلَٰكِن","char_type_name":"word","page_number":391,"line_number":5,"text":"ﭹ","translation":{"text":"But","language_name":"english","language_id":38},"transliteration":{"text":"walākin","language_name":"english","language_id":38}},{"id":46081,"position":8,"audio_url":"wbw/028_046_008.mp3","qpc_uthmani_hafs":"رَّحۡمَةٗ","char_type_name":"word","page_number":391,"line_number":5,"text":"ﭺ","translation":{"text":"(as) a mercy","language_name":"english","language_id":38},"transliteration":{"text":"raḥmatan","language_name":"english","language_id":38}},{"id":46082,"position":9,"audio_url":"wbw/028_046_009.mp3","qpc_uthmani_hafs":"مِّن","char_type_name":"word","page_number":391,"line_number":5,"text":"ﭻ","translation":{"text":"from","language_name":"english","language_id":38},"transliteration":{"text":"min","language_name":"english","language_id":38}},{"id":46083,"position":10,"audio_url":"wbw/028_046_010.mp3","qpc_uthmani_hafs":"رَّبِّكَ","char_type_name":"word","page_number":391,"line_number":5,"text":"ﭼ","translation":{"text":"your Lord","language_name":"english","language_id":38},"transliteration":{"text":"rabbika","language_name":"english","language_id":38}},{"id":46084,"position":11,"audio_url":"wbw/028_046_011.mp3","qpc_uthmani_hafs":"لِتُنذِرَ","char_type_name":"word","page_number":391,"line_number":5,"text":"ﭽ","translation":{"text":"so that you warn","language_name":"english","language_id":38},"transliteration":{"text":"litundhira","language_name":"english","language_id":38}},{"id":46085,"position":12,"audio_url":"wbw/028_046_012.mp3","qpc_uthmani_hafs":"قَوۡمٗا","char_type_name":"word","page_number":391,"line_number":5,"text":"ﭾ","translation":{"text":"a people","language_name":"english","language_id":38},"transliteration":{"text":"qawman","language_name":"english","language_id":38}},{"id":46086,"position":13,"audio_url":"wbw/028_046_013.mp3","qpc_uthmani_hafs":"مَّآ","char_type_name":"word","page_number":391,"line_number":6,"text":"ﭿ","translation":{"text":"not","language_name":"english","language_id":38},"transliteration":{"text":"mā","language_name":"english","language_id":38}},{"id":46087,"position":14,"audio_url":"wbw/028_046_014.mp3","qpc_uthmani_hafs":"أَتَىٰهُم","char_type_name":"word","page_number":391,"line_number":6,"text":"ﮀ","translation":{"text":"(had) come to them","language_name":"english","language_id":38},"transliteration":{"text":"atāhum","language_name":"english","language_id":38}},{"id":46088,"position":15,"audio_url":"wbw/028_046_015.mp3","qpc_uthmani_hafs":"مِّن","char_type_name":"word","page_number":391,"line_number":6,"text":"ﮁ","translation":{"text":"any","language_name":"english","language_id":38},"transliteration":{"text":"min","language_name":"english","language_id":38}},{"id":46089,"position":16,"audio_url":"wbw/028_046_016.mp3","qpc_uthmani_hafs":"نَّذِيرٖ","char_type_name":"word","page_number":391,"line_number":6,"text":"ﮂ","translation":{"text":"warner","language_name":"english","language_id":38},"transliteration":{"text":"nadhīrin","language_name":"english","language_id":38}},{"id":46090,"position":17,"audio_url":"wbw/028_046_017.mp3","qpc_uthmani_hafs":"مِّن","char_type_name":"word","page_number":391,"line_number":6,"text":"ﮃ","translation":{"text":"before you","language_name":"english","language_id":38},"transliteration":{"text":"min","language_name":"english","language_id":38}},{"id":46091,"position":18,"audio_url":"wbw/028_046_018.mp3","qpc_uthmani_hafs":"قَبۡلِكَ","char_type_name":"word","page_number":391,"line_number":6,"text":"ﮄ","translation":{"text":"before you","language_name":"english","language_id":38},"transliteration":{"text":"qablika","language_name":"english","language_id":38}},{"id":46092,"position":19,"audio_url":"wbw/028_046_019.mp3","qpc_uthmani_hafs":"لَعَلَّهُمۡ","char_type_name":"word","page_number":391,"line_number":6,"text":"ﮅ","translation":{"text":"so that they may","language_name":"english","language_id":38},"transliteration":{"text":"laʿallahum","language_name":"english","language_id":38}},{"id":46093,"position":20,"audio_url":"wbw/028_046_020.mp3","qpc_uthmani_hafs":"يَتَذَكَّرُونَ","char_type_name":"word","page_number":391,"line_number":6,"text":"ﮆ","translation":{"text":"remember","language_name":"english","language_id":38},"transliteration":{"text":"yatadhakkarūna","language_name":"english","language_id":38}},{"id":46094,"position":21,"audio_url":null,"qpc_uthmani_hafs":"٤٦","char_type_name":"end","page_number":391,"line_number":6,"text":"ﮇ","translation":{"text":"(46)","language_name":"english","language_id":38},"transliteration":{"text":null,"language_name":"english","language_id":38}}],"translations":[{"id":919727,"resource_id":134,"text":"Dan tiadalah kamu berada di dekat Gunung Ṭūr ketika Kami menyeru (Musa), tetapi (Kami beritahukan itu kepadamu) sebagai rahmat dari Tuhan-mu supaya kamu memberi peringatan kepada kaum (Quraisy) yang sekali-kali belum datang kepada mereka pemberi peringatan sebelum kamu agar mereka ingat."}]},{"id":3299,"verse_number":47,"verse_key":"28:47","juz_number":20,"hizb_number":39,"rub_el_hizb_number":156,"ruku_number":338,"manzil_number":5,"sajdah_number":null,"text_uthmani":"وَلَوْلَآ أَن تُصِيبَهُم مُّصِيبَةٌۢ بِمَا قَدَّمَتْ أَيْدِيهِمْ فَيَقُولُوا۟ رَبَّنَا لَوْلَآ أَرْسَلْتَ إِلَيْنَا رَسُولًا فَنَتَّبِعَ ءَايَـٰتِكَ وَنَكُونَ مِنَ ٱلْمُؤْمِنِينَ","page_number":391,"words":[{"id":46976,"position":1,"audio_url":"wbw/028_047_001.mp3","qpc_uthmani_hafs":"وَلَوۡلَآ","char_type_name":"word","page_number":391,"line_number":7,"text":"ﮈ","translation":{"text":"And if not","language_name":"english","language_id":38},"transliteration":{"text":"walawlā","language_name":"english","language_id":38}},{"id":46977,"position":2,"audio_url":"wbw/028_047_002.mp3","qpc_uthmani_hafs":"أَن","char_type_name":"word","page_number":391,"line_number":7,"text":"ﮉ","translation":{"text":"[that]","language_name":"english","language_id":38},"transliteration":{"text":"an","language_name":"english","language_id":38}},{"id":46978,"position":3,"audio_url":"wbw/028_047_003.mp3","qpc_uthmani_hafs":"تُصِيبَهُم","char_type_name":"word","page_number":391,"line_number":7,"text":"ﮊ","translation":{"text":"struck them","language_name":"english","language_id":38},"transliteration":{"text":"tuṣībahum","language_name":"english","language_id":38}},{"id":46979,"position":4,"audio_url":"wbw/028_047_004.mp3","qpc_uthmani_hafs":"مُّصِيبَةُۢ","char_type_name":"word","page_number":391,"line_number":7,"text":"ﮋ","translation":{"text":"a disaster","language_name":"english","language_id":38},"transliteration":{"text":"muṣībatun","language_name":"english","language_id":38}},{"id":46980,"position":5,"audio_url":"wbw/028_047_005.mp3","qpc_uthmani_hafs":"بِمَا","char_type_name":"word","page_number":391,"line_number":7,"text":"ﮌ","translation":{"text":"for what","language_name":"english","language_id":38},"transliteration":{"text":"bimā","language_name":"english","language_id":38}},{"id":46981,"position":6,"audio_url":"wbw/028_047_006.mp3","qpc_uthmani_hafs":"قَدَّمَتۡ","char_type_name":"word","page_number":391,"line_number":7,"text":"ﮍ","translation":{"text":"had sent forth","language_name":"english","language_id":38},"transliteration":{"text":"qaddamat","language_name":"english","language_id":38}},{"id":46982,"position":7,"audio_url":"wbw/028_047_007.mp3","qpc_uthmani_hafs":"أَيۡدِيهِمۡ","char_type_name":"word","page_number":391,"line_number":7,"text":"ﮎ","translation":{"text":"their hands","language_name":"english","language_id":38},"transliteration":{"text":"aydīhim","language_name":"english","language_id":38}},{"id":46983,"position":8,"audio_url":"wbw/028_047_008.mp3","qpc_uthmani_hafs":"فَيَقُولُواْ","char_type_name":"word","page_number":391,"line_number":7,"text":"ﮏ","translation":{"text":"and they would say","language_name":"english","language_id":38},"transliteration":{"text":"fayaqūlū","language_name":"english","language_id":38}},{"id":46984,"position":9,"audio_url":"wbw/028_047_009.mp3","qpc_uthmani_hafs":"رَبَّنَا","char_type_name":"word","page_number":391,"line_number":8,"text":"ﮐ","translation":{"text":"Our Lord","language_name":"english","language_id":38},"transliteration":{"text":"rabbanā","language_name":"english","language_id":38}},{"id":46985,"position":10,"audio_url":"wbw/028_047_010.mp3","qpc_uthmani_hafs":"لَوۡلَآ","char_type_name":"word","page_number":391,"line_number":8,"text":"ﮑ","translation":{"text":"Why not","language_name":"english","language_id":38},"transliteration":{"text":"lawlā","language_name":"english","language_id":38}},{"id":46986,"position":11,"audio_url":"wbw/028_047_011.mp3","qpc_uthmani_hafs":"أَرۡسَلۡتَ","char_type_name":"word","page_number":391,"line_number":8,"text":"ﮒ","translation":{"text":"You sent","language_name":"english","language_id":38},"transliteration":{"text":"arsalta","language_name":"english","language_id":38}},{"id":46987,"position":12,"audio_url":"wbw/028_047_012.mp3","qpc_uthmani_hafs":"إِلَيۡنَا","char_type_name":"word","page_number":391,"line_number":8,"text":"ﮓ","translation":{"text":"to us","language_name":"english","language_id":38},"transliteration":{"text":"ilaynā","language_name":"english","language_id":38}},{"id":46988,"position":13,"audio_url":"wbw/028_047_013.mp3","qpc_uthmani_hafs":"رَسُولٗا","char_type_name":"word","page_number":391,"line_number":8,"text":"ﮔ","translation":{"text":"a Messenger","language_name":"english","language_id":38},"transliteration":{"text":"rasūlan","language_name":"english","language_id":38}},{"id":46989,"position":14,"audio_url":"wbw/028_047_014.mp3","qpc_uthmani_hafs":"فَنَتَّبِعَ","char_type_name":"word","page_number":391,"line_number":8,"text":"ﮕ","translation":{"text":"so we (could have) followed","language_name":"english","language_id":38},"transliteration":{"text":"fanattabiʿa","language_name":"english","language_id":38}},{"id":46990,"position":15,"audio_url":"wbw/028_047_015.mp3","qpc_uthmani_hafs":"ءَايَٰتِكَ","char_type_name":"word","page_number":391,"line_number":8,"text":"ﮖ","translation":{"text":"Your Verses","language_name":"english","language_id":38},"transliteration":{"text":"āyātika","language_name":"english","language_id":38}},{"id":46991,"position":16,"audio_url":"wbw/028_047_016.mp3","qpc_uthmani_hafs":"وَنَكُونَ","char_type_name":"word","page_number":391,"line_number":8,"text":"ﮗ","translation":{"text":"and we (would) have been","language_name":"english","language_id":38},"transliteration":{"text":"wanakūna","language_name":"english","language_id":38}},{"id":46992,"position":17,"audio_url":"wbw/028_047_017.mp3","qpc_uthmani_hafs":"مِنَ","char_type_name":"word","page_number":391,"line_number":9,"text":"ﮘ","translation":{"text":"of","language_name":"english","language_id":38},"transliteration":{"text":"mina","language_name":"english","language_id":38}},{"id":46993,"position":18,"audio_url":"wbw/028_047_018.mp3","qpc_uthmani_hafs":"ٱلۡمُؤۡمِنِينَ","char_type_name":"word","page_number":391,"line_number":9,"text":"ﮙ","translation":{"text":"the believers","language_name":"english","language_id":38},"transliteration":{"text":"l-mu'minīna","language_name":"english","language_id":38}},{"id":46994,"position":19,"audio_url":null,"qpc_uthmani_hafs":"٤٧","char_type_name":"end","page_number":391,"line_number":9,"text":"ﮚ","translation":{"text":"(47)","language_name":"english","language_id":38},"transliteration":{"text":null,"language_name":"english","language_id":38}}],"translations":[{"id":919728,"resource_id":134,"text":"Dan agar mereka tidak mengatakan ketika azab menimpa mereka disebabkan apa yang mereka kerjakan, \"Ya Tuhan kami, mengapa Engkau tidak mengutus seorang rasul kepada kami, lalu kami mengikuti ayat-ayat Engkau dan jadilah kami termasuk orang-orang mukmin\""}]},{"id":3300,"verse_number":48,"verse_key":"28:48","juz_number":20,"hizb_number":39,"rub_el_hizb_number":156,"ruku_number":338,"manzil_number":5,"sajdah_number":null,"text_uthmani":"فَلَمَّا جَآءَهُمُ ٱلْحَقُّ مِنْ عِندِنَا قَالُوا۟ لَوْلَآ أُوتِىَ مِثْلَ مَآ أُوتِىَ مُوسَىٰٓ ۚ أَوَلَمْ يَكْفُرُوا۟ بِمَآ أُوتِىَ مُوسَىٰ مِن قَبْلُ ۖ قَالُوا۟ سِحْرَانِ تَظَـٰهَرَا وَقَالُوٓا۟ إِنَّا بِكُلٍّ كَـٰفِرُونَ","page_number":391,"words":[{"id":47482,"position":1,"audio_url":"wbw/028_048_001.mp3","qpc_uthmani_hafs":"فَلَمَّا","char_type_name":"word","page_number":391,"line_number":9,"text":"ﮛ","translation":{"text":"But when","language_name":"english","language_id":38},"transliteration":{"text":"falammā","language_name":"english","language_id":38}},{"id":47483,"position":2,"audio_url":"wbw/028_048_002.mp3","qpc_uthmani_hafs":"جَآءَهُمُ","char_type_name":"word","page_number":391,"line_number":9,"text":"ﮜ","translation":{"text":"came to them","language_name":"english","language_id":38},"transliteration":{"text":"jāahumu","language_name":"english","language_id":38}},{"id":47484,"position":3,"audio_url":"wbw/028_048_003.mp3","qpc_uthmani_hafs":"ٱلۡحَقُّ","char_type_name":"word","page_number":391,"line_number":9,"text":"ﮝ","translation":{"text":"the truth","language_name":"english","language_id":38},"transliteration":{"text":"l-ḥaqu","language_name":"english","language_id":38}},{"id":47485,"position":4,"audio_url":"wbw/028_048_004.mp3","qpc_uthmani_hafs":"مِنۡ","char_type_name":"word","page_number":391,"line_number":9,"text":"ﮞ","translation":{"text":"from Us","language_name":"english","language_id":38},"transliteration":{"text":"min","language_name":"english","language_id":38}},{"id":47486,"position":5,"audio_url":"wbw/028_048_005.mp3","qpc_uthmani_hafs":"عِندِنَا","char_type_name":"word","page_number":391,"line_number":9,"text":"ﮟ","translation":{"text":"from Us","language_name":"english","language_id":38},"transliteration":{"text":"ʿindinā","language_name":"english","language_id":38}},{"id":47487,"position":6,"audio_url":"wbw/028_048_006.mp3","qpc_uthmani_hafs":"قَالُواْ","char_type_name":"word","page_number":391,"line_number":9,"text":"ﮠ","translation":{"text":"they said","language_name":"english","language_id":38},"transliteration":{"text":"qālū","language_name":"english","language_id":38}},{"id":47488,"position":7,"audio_url":"wbw/028_048_007.mp3","qpc_uthmani_hafs":"لَوۡلَآ","char_type_name":"word","page_number":391,"line_number":10,"text":"ﮡ","translation":{"text":"Why not","language_name":"english","language_id":38},"transliteration":{"text":"lawlā","language_name":"english","language_id":38}},{"id":47489,"position":8,"audio_url":"wbw/028_048_008.mp3","qpc_uthmani_hafs":"أُوتِيَ","char_type_name":"word","page_number":391,"line_number":10,"text":"ﮢ","translation":{"text":"he was given","language_name":"english","language_id":38},"transliteration":{"text":"ūtiya","language_name":"english","language_id":38}},{"id":47490,"position":9,"audio_url":"wbw/028_048_009.mp3","qpc_uthmani_hafs":"مِثۡلَ","char_type_name":"word","page_number":391,"line_number":10,"text":"ﮣ","translation":{"text":"(the) like","language_name":"english","language_id":38},"transliteration":{"text":"mith'la","language_name":"english","language_id":38}},{"id":47491,"position":10,"audio_url":"wbw/028_048_010.mp3","qpc_uthmani_hafs":"مَآ","char_type_name":"word","page_number":391,"line_number":10,"text":"ﮤ","translation":{"text":"(of) what","language_name":"english","language_id":38},"transliteration":{"text":"mā","language_name":"english","language_id":38}},{"id":47492,"position":11,"audio_url":"wbw/028_048_011.mp3","qpc_uthmani_hafs":"أُوتِيَ","char_type_name":"word","page_number":391,"line_number":10,"text":"ﮥ","translation":{"text":"was given","language_name":"english","language_id":38},"transliteration":{"text":"ūtiya","language_name":"english","language_id":38}},{"id":47493,"position":12,"audio_url":"wbw/028_048_012.mp3","qpc_uthmani_hafs":"مُوسَىٰٓۚ","char_type_name":"word","page_number":391,"line_number":10,"text":"ﮦﮧ","translation":{"text":"(to) Musa","language_name":"english","language_id":38},"transliteration":{"text":"mūsā","language_name":"english","language_id":38}},{"id":47495,"position":13,"audio_url":"wbw/028_048_014.mp3","qpc_uthmani_hafs":"أَوَلَمۡ","char_type_name":"word","page_number":391,"line_number":10,"text":"ﮨ","translation":{"text":"Did not","language_name":"english","language_id":38},"transliteration":{"text":"awalam","language_name":"english","language_id":38}},{"id":47496,"position":14,"audio_url":"wbw/028_048_015.mp3","qpc_uthmani_hafs":"يَكۡفُرُواْ","char_type_name":"word","page_number":391,"line_number":10,"text":"ﮩ","translation":{"text":"they disbelieve","language_name":"english","language_id":38},"transliteration":{"text":"yakfurū","language_name":"english","language_id":38}},{"id":47497,"position":15,"audio_url":"wbw/028_048_016.mp3","qpc_uthmani_hafs":"بِمَآ","char_type_name":"word","page_number":391,"line_number":10,"text":"ﮪ","translation":{"text":"in what","language_name":"english","language_id":38},"transliteration":{"text":"bimā","language_name":"english","language_id":38}},{"id":47498,"position":16,"audio_url":"wbw/028_048_017.mp3","qpc_uthmani_hafs":"أُوتِيَ","char_type_name":"word","page_number":391,"line_number":10,"text":"ﮫ","translation":{"text":"was given","language_name":"english","language_id":38},"transliteration":{"text":"ūtiya","language_name":"english","language_id":38}},{"id":47499,"position":17,"audio_url":"wbw/028_048_018.mp3","qpc_uthmani_hafs":"مُوسَىٰ","char_type_name":"word","page_number":391,"line_number":11,"text":"ﮬ","translation":{"text":"(to) Musa","language_name":"english","language_id":38},"transliteration":{"text":"mūsā","language_name":"english","language_id":38}},{"id":47500,"position":18,"audio_url":"wbw/028_048_019.mp3","qpc_uthmani_hafs":"مِن","char_type_name":"word","page_number":391,"line_number":11,"text":"ﮭ","translation":{"text":"before","language_name":"english","language_id":38},"transliteration":{"text":"min","language_name":"english","language_id":38}},{"id":47501,"position":19,"audio_url":"wbw/028_048_020.mp3","qpc_uthmani_hafs":"قَبۡلُۖ","char_type_name":"word","page_number":391,"line_number":11,"text":"ﮮﮯ","translation":{"text":"before","language_name":"english","language_id":38},"transliteration":{"text":"qablu","language_name":"english","language_id":38}},{"id":47503,"position":20,"audio_url":"wbw/028_048_022.mp3","qpc_uthmani_hafs":"قَالُواْ","char_type_name":"word","page_number":391,"line_number":11,"text":"ﮰ","translation":{"text":"They said","language_name":"english","language_id":38},"transliteration":{"text":"qālū","language_name":"english","language_id":38}},{"id":47504,"position":21,"audio_url":"wbw/028_048_023.mp3","qpc_uthmani_hafs":"سِحۡرَانِ","char_type_name":"word","page_number":391,"line_number":11,"text":"ﮱ","translation":{"text":"Two magic (works)","language_name":"english","language_id":38},"transliteration":{"text":"siḥ'rāni","language_name":"english","language_id":38}},{"id":47505,"position":22,"audio_url":"wbw/028_048_024.mp3","qpc_uthmani_hafs":"تَظَٰهَرَا","char_type_name":"word","page_number":391,"line_number":11,"text":"ﯓ","translation":{"text":"supporting each other","language_name":"english","language_id":38},"transliteration":{"text":"taẓāharā","language_name":"english","language_id":38}},{"id":47506,"position":23,"audio_url":"wbw/028_048_025.mp3","qpc_uthmani_hafs":"وَقَالُوٓاْ","char_type_name":"word","page_number":391,"line_number":11,"text":"ﯔ","translation":{"text":"And they said","language_name":"english","language_id":38},"transliteration":{"text":"waqālū","language_name":"english","language_id":38}},{"id":47507,"position":24,"audio_url":"wbw/028_048_026.mp3","qpc_uthmani_hafs":"إِنَّا","char_type_name":"word","page_number":391,"line_number":11,"text":"ﯕ","translation":{"text":"Indeed, we","language_name":"english","language_id":38},"transliteration":{"text":"innā","language_name":"english","language_id":38}},{"id":47508,"position":25,"audio_url":"wbw/028_048_027.mp3","qpc_uthmani_hafs":"بِكُلّٖ","char_type_name":"word","page_number":391,"line_number":11,"text":"ﯖ","translation":{"text":"in all","language_name":"english","language_id":38},"transliteration":{"text":"bikullin","language_name":"english","language_id":38}},{"id":47509,"position":26,"audio_url":"wbw/028_048_028.mp3","qpc_uthmani_hafs":"كَٰفِرُونَ","char_type_name":"word","page_number":391,"line_number":11,"text":"ﯗ","translation":{"text":"(are) disbelievers","language_name":"english","language_id":38},"transliteration":{"text":"kāfirūna","language_name":"english","language_id":38}},{"id":47510,"position":27,"audio_url":null,"qpc_uthmani_hafs":"٤٨","char_type_name":"end","page_number":391,"line_number":12,"text":"ﯘ","translation":{"text":"(48)","language_name":"english","language_id":38},"transliteration":{"text":null,"language_name":"english","language_id":38}}],"translations":[{"id":919729,"resource_id":134,"text":"Maka tatkala datang kepada mereka kebenaran <sup foot_note=210895>1</sup> dari sisi Kami, mereka berkata, \"Mengapakah tidak diberikan kepadanya (Muhammad) seperti yang telah diberikan kepada Musa dahulu?\" Dan bukankah mereka itu telah ingkar (juga) kepada apa yang telah diberikan kepada Musa dahulu? Mereka dahulu telah berkata, \"Musa dan Hārūn  adalah dua ahli sihir yang bantu-membantu\".  Dan mereka (juga) berkata, \"Sesungguhnya, kami tidak mempercayai masing-masing mereka itu\"."}]},{"id":3301,"verse_number":49,"verse_key":"28:49","juz_number":20,"hizb_number":39,"rub_el_hizb_number":156,"ruku_number":338,"manzil_number":5,"sajdah_number":null,"text_uthmani":"قُلْ فَأْتُوا۟ بِكِتَـٰبٍ مِّنْ عِندِ ٱللَّهِ هُوَ أَهْدَىٰ مِنْهُمَآ أَتَّبِعْهُ إِن كُنتُمْ صَـٰدِقِينَ","page_number":391,"words":[{"id":48185,"position":1,"audio_url":"wbw/028_049_001.mp3","qpc_uthmani_hafs":"قُلۡ","char_type_name":"word","page_number":391,"line_number":12,"text":"ﯙ","translation":{"text":"Say","language_name":"english","language_id":38},"transliteration":{"text":"qul","language_name":"english","language_id":38}},{"id":48186,"position":2,"audio_url":"wbw/028_049_002.mp3","qpc_uthmani_hafs":"فَأۡتُواْ","char_type_name":"word","page_number":391,"line_number":12,"text":"ﯚ","translation":{"text":"Then bring","language_name":"english","language_id":38},"transliteration":{"text":"fatū","language_name":"english","language_id":38}},{"id":48187,"position":3,"audio_url":"wbw/028_049_003.mp3","qpc_uthmani_hafs":"بِكِتَٰبٖ","char_type_name":"word","page_number":391,"line_number":12,"text":"ﯛ","translation":{"text":"a Book","language_name":"english","language_id":38},"transliteration":{"text":"bikitābin","language_name":"english","language_id":38}},{"id":48188,"position":4,"audio_url":"wbw/028_049_004.mp3","qpc_uthmani_hafs":"مِّنۡ","char_type_name":"word","page_number":391,"line_number":12,"text":"ﯜ","translation":{"text":"from Allah","language_name":"english","language_id":38},"transliteration":{"text":"min","language_name":"english","language_id":38}},{"id":48189,"position":5,"audio_url":"wbw/028_049_005.mp3","qpc_uthmani_hafs":"عِندِ","char_type_name":"word","page_number":391,"line_number":12,"text":"ﯝ","translation":{"text":"from Allah","language_name":"english","language_id":38},"transliteration":{"text":"ʿindi","language_name":"english","language_id":38}},{"id":48190,"position":6,"audio_url":"wbw/028_049_006.mp3","qpc_uthmani_hafs":"ٱللَّهِ","char_type_name":"word","page_number":391,"line_number":12,"text":"ﯞ","translation":{"text":"from Allah","language_name":"english","language_id":38},"transliteration":{"text":"l-lahi","language_name":"english","language_id":38}},{"id":48191,"position":7,"audio_url":"wbw/028_049_007.mp3","qpc_uthmani_hafs":"هُوَ","char_type_name":"word","page_number":391,"line_number":12,"text":"ﯟ","translation":{"text":"which","language_name":"english","language_id":38},"transliteration":{"text":"huwa","language_name":"english","language_id":38}},{"id":48192,"position":8,"audio_url":"wbw/028_049_008.mp3","qpc_uthmani_hafs":"أَهۡدَىٰ","char_type_name":"word","page_number":391,"line_number":12,"text":"ﯠ","translation":{"text":"(is) a better guide","language_name":"english","language_id":38},"transliteration":{"text":"ahdā","language_name":"english","language_id":38}},{"id":48193,"position":9,"audio_url":"wbw/028_049_009.mp3","qpc_uthmani_hafs":"مِنۡهُمَآ","char_type_name":"word","page_number":391,"line_number":12,"text":"ﯡ","translation":{"text":"than both of them","language_name":"english","language_id":38},"transliteration":{"text":"min'humā","language_name":"english","language_id":38}},{"id":48194,"position":10,"audio_url":"wbw/028_049_010.mp3","qpc_uthmani_hafs":"أَتَّبِعۡهُ","char_type_name":"word","page_number":391,"line_number":12,"text":"ﯢ","translation":{"text":"that I may follow it","language_name":"english","language_id":38},"transliteration":{"text":"attabiʿ'hu","language_name":"english","language_id":38}},{"id":48195,"position":11,"audio_url":"wbw/028_049_011.mp3","qpc_uthmani_hafs":"إِن","char_type_name":"word","page_number":391,"line_number":13,"text":"ﯣ","translation":{"text":"if","language_name":"english","language_id":38},"transliteration":{"text":"in","language_name":"english","language_id":38}},{"id":48196,"position":12,"audio_url":"wbw/028_049_012.mp3","qpc_uthmani_hafs":"كُنتُمۡ","char_type_name":"word","page_number":391,"line_number":13,"text":"ﯤ","translation":{"text":"you are","language_name":"english","language_id":38},"transliteration":{"text":"kuntum","language_name":"english","language_id":38}},{"id":48197,"position":13,"audio_url":"wbw/028_049_013.mp3","qpc_uthmani_hafs":"صَٰدِقِينَ","char_type_name":"word","page_number":391,"line_number":13,"text":"ﯥ","translation":{"text":"truthful","language_name":"english","language_id":38},"transliteration":{"text":"ṣādiqīna","language_name":"english","language_id":38}},{"id":48198,"position":14,"audio_url":null,"qpc_uthmani_hafs":"٤٩","char_type_name":"end","page_number":391,"line_number":13,"text":"ﯦ","translation":{"text":"(49)","language_name":"english","language_id":38},"transliteration":{"text":null,"language_name":"english","language_id":38}}],"translations":[{"id":919730,"resource_id":134,"text":"Katakanlah, \"Datangkanlah olehmu sebuah kitab dari sisi Allah yang kitab itu lebih (dapat) memberi petunjuk daripada keduanya (Taurat dan  Al-Qur`ān) niscaya aku mengikutinya, jika kamu sungguh orang-orang yang benar\"."}]},{"id":3302,"verse_number":50,"verse_key":"28:50","juz_number":20,"hizb_number":39,"rub_el_hizb_number":156,"ruku_number":338,"manzil_number":5,"sajdah_number":null,"text_uthmani":"فَإِن لَّمْ يَسْتَجِيبُوا۟ لَكَ فَٱعْلَمْ أَنَّمَا يَتَّبِعُونَ أَهْوَآءَهُمْ ۚ وَمَنْ أَضَلُّ مِمَّنِ ٱتَّبَعَ هَوَىٰهُ بِغَيْرِ هُدًى مِّنَ ٱللَّهِ ۚ إِنَّ ٱللَّهَ لَا يَهْدِى ٱلْقَوْمَ ٱلظَّـٰلِمِينَ","page_number":391,"words":[{"id":48834,"position":1,"audio_url":"wbw/028_050_001.mp3","qpc_uthmani_hafs":"فَإِن","char_type_name":"word","page_number":391,"line_number":13,"text":"ﯧ","translation":{"text":"But if","language_name":"english","language_id":38},"transliteration":{"text":"fa-in","language_name":"english","language_id":38}},{"id":48835,"position":2,"audio_url":"wbw/028_050_002.mp3","qpc_uthmani_hafs":"لَّمۡ","char_type_name":"word","page_number":391,"line_number":13,"text":"ﯨ","translation":{"text":"not","language_name":"english","language_id":38},"transliteration":{"text":"lam","language_name":"english","language_id":38}},{"id":48836,"position":3,"audio_url":"wbw/028_050_003.mp3","qpc_uthmani_hafs":"يَسۡتَجِيبُواْ","char_type_name":"word","page_number":391,"line_number":13,"text":"ﯩ","translation":{"text":"they respond","language_name":"english","language_id":38},"transliteration":{"text":"yastajībū","language_name":"english","language_id":38}},{"id":48837,"position":4,"audio_url":"wbw/028_050_004.mp3","qpc_uthmani_hafs":"لَكَ","char_type_name":"word","page_number":391,"line_number":13,"text":"ﯪ","translation":{"text":"to you","language_name":"english","language_id":38},"transliteration":{"text":"laka","language_name":"english","language_id":38}},{"id":48838,"position":5,"audio_url":"wbw/028_050_005.mp3","qpc_uthmani_hafs":"فَٱعۡلَمۡ","char_type_name":"word","page_number":391,"line_number":13,"text":"ﯫ","translation":{"text":"then know","language_name":"english","language_id":38},"transliteration":{"text":"fa-iʿ'lam","language_name":"english","language_id":38}},{"id":48839,"position":6,"audio_url":"wbw/028_050_006.mp3","qpc_uthmani_hafs":"أَنَّمَا","char_type_name":"word","page_number":391,"line_number":14,"text":"ﯬ","translation":{"text":"that only","language_name":"english","language_id":38},"transliteration":{"text":"annamā","language_name":"english","language_id":38}},{"id":48840,"position":7,"audio_url":"wbw/028_050_007.mp3","qpc_uthmani_hafs":"يَتَّبِعُونَ","char_type_name":"word","page_number":391,"line_number":14,"text":"ﯭ","translation":{"text":"they follow","language_name":"english","language_id":38},"transliteration":{"text":"yattabiʿūna","language_name":"english","language_id":38}},{"id":48841,"position":8,"audio_url":"wbw/028_050_008.mp3","qpc_uthmani_hafs":"أَهۡوَآءَهُمۡۚ","char_type_name":"word","page_number":391,"line_number":14,"text":"ﯮﯯ","translation":{"text":"their desires","language_name":"english","language_id":38},"transliteration":{"text":"ahwāahum","language_name":"english","language_id":38}},{"id":48843,"position":9,"audio_url":"wbw/028_050_010.mp3","qpc_uthmani_hafs":"وَمَنۡ","char_type_name":"word","page_number":391,"line_number":14,"text":"ﯰ","translation":{"text":"And who","language_name":"english","language_id":38},"transliteration":{"text":"waman","language_name":"english","language_id":38}},{"id":48844,"position":10,"audio_url":"wbw/028_050_011.mp3","qpc_uthmani_hafs":"أَضَلُّ","char_type_name":"word","page_number":391,"line_number":14,"text":"ﯱ","translation":{"text":"(is) more astray","language_name":"english","language_id":38},"transliteration":{"text":"aḍallu","language_name":"english","language_id":38}},{"id":48845,"position":11,"audio_url":"wbw/028_050_012.mp3","qpc_uthmani_hafs":"مِمَّنِ","char_type_name":"word","page_number":391,"line_number":14,"text":"ﯲ","translation":{"text":"than (one) who","language_name":"english","language_id":38},"transliteration":{"text":"mimmani","language_name":"english","language_id":38}},{"id":48846,"position":12,"audio_url":"wbw/028_050_013.mp3","qpc_uthmani_hafs":"ٱتَّبَعَ","char_type_name":"word","page_number":391,"line_number":14,"text":"ﯳ","translation":{"text":"follows","language_name":"english","language_id":38},"transliteration":{"text":"ittabaʿa","language_name":"english","language_id":38}},{"id":48847,"position":13,"audio_url":"wbw/028_050_014.mp3","qpc_uthmani_hafs":"هَوَىٰهُ","char_type_name":"word","page_number":391,"line_number":14,"text":"ﯴ","translation":{"text":"his own desire","language_name":"english","language_id":38},"transliteration":{"text":"hawāhu","language_name":"english","language_id":38}},{"id":48848,"position":14,"audio_url":"wbw/028_050_015.mp3","qpc_uthmani_hafs":"بِغَيۡرِ","char_type_name":"word","page_number":391,"line_number":14,"text":"ﯵ","translation":{"text":"without","language_name":"english","language_id":38},"transliteration":{"text":"bighayri","language_name":"english","language_id":38}},{"id":48849,"position":15,"audio_url":"wbw/028_050_016.mp3","qpc_uthmani_hafs":"هُدٗى","char_type_name":"word","page_number":391,"line_number":15,"text":"ﯶ","translation":{"text":"guidance","language_name":"english","language_id":38},"transliteration":{"text":"hudan","language_name":"english","language_id":38}},{"id":48850,"position":16,"audio_url":"wbw/028_050_017.mp3","qpc_uthmani_hafs":"مِّنَ","char_type_name":"word","page_number":391,"line_number":15,"text":"ﯷ","translation":{"text":"from","language_name":"english","language_id":38},"transliteration":{"text":"mina","language_name":"english","language_id":38}},{"id":48851,"position":17,"audio_url":"wbw/028_050_018.mp3","qpc_uthmani_hafs":"ٱللَّهِۚ","char_type_name":"word","page_number":391,"line_number":15,"text":"ﯸﯹ","translation":{"text":"Allah","language_name":"english","language_id":38},"transliteration":{"text":"l-lahi","language_name":"english","language_id":38}},{"id":48853,"position":18,"audio_url":"wbw/028_050_020.mp3","qpc_uthmani_hafs":"إِنَّ","char_type_name":"word","page_number":391,"line_number":15,"text":"ﯺ","translation":{"text":"Indeed","language_name":"english","language_id":38},"transliteration":{"text":"inna","language_name":"english","language_id":38}},{"id":48854,"position":19,"audio_url":"wbw/028_050_021.mp3","qpc_uthmani_hafs":"ٱللَّهَ","char_type_name":"word","page_number":391,"line_number":15,"text":"ﯻ","translation":{"text":"Allah","language_name":"english","language_id":38},"transliteration":{"text":"l-laha","language_name":"english","language_id":38}},{"id":48855,"position":20,"audio_url":"wbw/028_050_022.mp3","qpc_uthmani_hafs":"لَا","char_type_name":"word","page_number":391,"line_number":15,"text":"ﯼ","translation":{"text":"(does) not","language_name":"english","language_id":38},"transliteration":{"text":"lā","language_name":"english","language_id":38}},{"id":48856,"position":21,"audio_url":"wbw/028_050_023.mp3","qpc_uthmani_hafs":"يَهۡدِي","char_type_name":"word","page_number":391,"line_number":15,"text":"ﯽ","translation":{"text":"guide","language_name":"english","language_id":38},"transliteration":{"text":"yahdī","language_name":"english","language_id":38}},{"id":48857,"position":22,"audio_url":"wbw/028_050_024.mp3","qpc_uthmani_hafs":"ٱلۡقَوۡمَ","char_type_name":"word","page_number":391,"line_number":15,"text":"ﯾ","translation":{"text":"the people ","language_name":"english","language_id":38},"transliteration":{"text":"l-qawma","language_name":"english","language_id":38}},{"id":48858,"position":23,"audio_url":"wbw/028_050_025.mp3","qpc_uthmani_hafs":"ٱلظَّٰلِمِينَ","char_type_name":"word","page_number":391,"line_number":15,"text":"ﯿ","translation":{"text":"the wrongdoers","language_name":"english","language_id":38},"transliteration":{"text":"l-ẓālimīna","language_name":"english","language_id":38}},{"id":48859,"position":24,"audio_url":null,"qpc_uthmani_hafs":"٥٠","char_type_name":"end","page_number":391,"line_number":15,"text":"ﰀ","translation":{"text":"(50)","language_name":"english","language_id":38},"transliteration":{"text":null,"language_name":"english","language_id":38}}],"translations":[{"id":919731,"resource_id":134,"text":"Maka jika mereka tidak menjawab (tantanganmu), ketahuilah bahwa sesungguhnya mereka hanyalah mengikuti hawa nafsu mereka (belaka).  Dan siapakah yang lebih sesat daripada orang yang mengikuti hawa nafsunya dengan tidak mendapat petunjuk dari Allah sedikit pun.  Sesungguhnya Allah tidak memberi petunjuk kepada orang-orang yang zalim."}]}],"pagination":{"per_page":50,"current_page":1,"next_page":null,"total_pages":1,"total_records":7}}