{"verses":[{"id":3425,"verse_number":16,"verse_key":"30:16","juz_number":21,"hizb_number":41,"rub_el_hizb_number":162,"ruku_number":351,"manzil_number":5,"sajdah_number":null,"text_uthmani":"وَأَمَّا ٱلَّذِينَ كَفَرُوا۟ وَكَذَّبُوا۟ بِـَٔايَـٰتِنَا وَلِقَآئِ ٱلْـَٔاخِرَةِ فَأُو۟لَـٰٓئِكَ فِى ٱلْعَذَابِ مُحْضَرُونَ","page_number":406,"words":[{"id":18765,"position":1,"audio_url":"wbw/030_016_001.mp3","qpc_uthmani_hafs":"وَأَمَّا","char_type_name":"word","page_number":406,"line_number":1,"text":"ﭑ","translation":{"text":"But as for","language_name":"english","language_id":38},"transliteration":{"text":"wa-ammā","language_name":"english","language_id":38}},{"id":18766,"position":2,"audio_url":"wbw/030_016_002.mp3","qpc_uthmani_hafs":"ٱلَّذِينَ","char_type_name":"word","page_number":406,"line_number":1,"text":"ﭒ","translation":{"text":"those who","language_name":"english","language_id":38},"transliteration":{"text":"alladhīna","language_name":"english","language_id":38}},{"id":18767,"position":3,"audio_url":"wbw/030_016_003.mp3","qpc_uthmani_hafs":"كَفَرُواْ","char_type_name":"word","page_number":406,"line_number":1,"text":"ﭓ","translation":{"text":"disbelieved","language_name":"english","language_id":38},"transliteration":{"text":"kafarū","language_name":"english","language_id":38}},{"id":18768,"position":4,"audio_url":"wbw/030_016_004.mp3","qpc_uthmani_hafs":"وَكَذَّبُواْ","char_type_name":"word","page_number":406,"line_number":1,"text":"ﭔ","translation":{"text":"and denied","language_name":"english","language_id":38},"transliteration":{"text":"wakadhabū","language_name":"english","language_id":38}},{"id":18769,"position":5,"audio_url":"wbw/030_016_005.mp3","qpc_uthmani_hafs":"بِـَٔايَٰتِنَا","char_type_name":"word","page_number":406,"line_number":1,"text":"ﭕ","translation":{"text":"Our Signs","language_name":"english","language_id":38},"transliteration":{"text":"biāyātinā","language_name":"english","language_id":38}},{"id":18770,"position":6,"audio_url":"wbw/030_016_006.mp3","qpc_uthmani_hafs":"وَلِقَآيِٕ","char_type_name":"word","page_number":406,"line_number":1,"text":"ﭖ","translation":{"text":"and (the) meeting","language_name":"english","language_id":38},"transliteration":{"text":"waliqāi","language_name":"english","language_id":38}},{"id":18771,"position":7,"audio_url":"wbw/030_016_007.mp3","qpc_uthmani_hafs":"ٱلۡأٓخِرَةِ","char_type_name":"word","page_number":406,"line_number":1,"text":"ﭗ","translation":{"text":"(of) the Hereafter","language_name":"english","language_id":38},"transliteration":{"text":"l-ākhirati","language_name":"english","language_id":38}},{"id":18772,"position":8,"audio_url":"wbw/030_016_008.mp3","qpc_uthmani_hafs":"فَأُوْلَٰٓئِكَ","char_type_name":"word","page_number":406,"line_number":1,"text":"ﭘ","translation":{"text":"then those","language_name":"english","language_id":38},"transliteration":{"text":"fa-ulāika","language_name":"english","language_id":38}},{"id":18773,"position":9,"audio_url":"wbw/030_016_009.mp3","qpc_uthmani_hafs":"فِي","char_type_name":"word","page_number":406,"line_number":2,"text":"ﭙ","translation":{"text":"in","language_name":"english","language_id":38},"transliteration":{"text":"fī","language_name":"english","language_id":38}},{"id":18774,"position":10,"audio_url":"wbw/030_016_010.mp3","qpc_uthmani_hafs":"ٱلۡعَذَابِ","char_type_name":"word","page_number":406,"line_number":2,"text":"ﭚ","translation":{"text":"the punishment","language_name":"english","language_id":38},"transliteration":{"text":"l-ʿadhābi","language_name":"english","language_id":38}},{"id":18775,"position":11,"audio_url":"wbw/030_016_011.mp3","qpc_uthmani_hafs":"مُحۡضَرُونَ","char_type_name":"word","page_number":406,"line_number":2,"text":"ﭛ","translation":{"text":"(will be) brought forth","language_name":"english","language_id":38},"transliteration":{"text":"muḥ'ḍarūna","language_name":"english","language_id":38}},{"id":18776,"position":12,"audio_url":null,"qpc_uthmani_hafs":"١٦","char_type_name":"end","page_number":406,"line_number":2,"text":"ﭜ","translation":{"text":"(16)","language_name":"english","language_id":38},"transliteration":{"text":null,"language_name":"english","language_id":38}}],"translations":[{"id":919854,"resource_id":134,"text":"Adapun orang-orang yang kafir dan mendustakan ayat-ayat Kami (Al-Qur`ān) serta (mendustakan) menemui hari akhirat, maka mereka tetap berada di dalam siksaan (neraka)."}]},{"id":3426,"verse_number":17,"verse_key":"30:17","juz_number":21,"hizb_number":41,"rub_el_hizb_number":162,"ruku_number":351,"manzil_number":5,"sajdah_number":null,"text_uthmani":"فَسُبْحَـٰنَ ٱللَّهِ حِينَ تُمْسُونَ وَحِينَ تُصْبِحُونَ","page_number":406,"words":[{"id":19873,"position":1,"audio_url":"wbw/030_017_001.mp3","qpc_uthmani_hafs":"فَسُبۡحَٰنَ","char_type_name":"word","page_number":406,"line_number":2,"text":"ﭝ","translation":{"text":"So glory be to","language_name":"english","language_id":38},"transliteration":{"text":"fasub'ḥāna","language_name":"english","language_id":38}},{"id":19874,"position":2,"audio_url":"wbw/030_017_002.mp3","qpc_uthmani_hafs":"ٱللَّهِ","char_type_name":"word","page_number":406,"line_number":2,"text":"ﭞ","translation":{"text":"Allah","language_name":"english","language_id":38},"transliteration":{"text":"l-lahi","language_name":"english","language_id":38}},{"id":19875,"position":3,"audio_url":"wbw/030_017_003.mp3","qpc_uthmani_hafs":"حِينَ","char_type_name":"word","page_number":406,"line_number":2,"text":"ﭟ","translation":{"text":"when","language_name":"english","language_id":38},"transliteration":{"text":"ḥīna","language_name":"english","language_id":38}},{"id":19876,"position":4,"audio_url":"wbw/030_017_004.mp3","qpc_uthmani_hafs":"تُمۡسُونَ","char_type_name":"word","page_number":406,"line_number":2,"text":"ﭠ","translation":{"text":"you reach the evening","language_name":"english","language_id":38},"transliteration":{"text":"tum'sūna","language_name":"english","language_id":38}},{"id":19877,"position":5,"audio_url":"wbw/030_017_005.mp3","qpc_uthmani_hafs":"وَحِينَ","char_type_name":"word","page_number":406,"line_number":3,"text":"ﭡ","translation":{"text":"and when","language_name":"english","language_id":38},"transliteration":{"text":"waḥīna","language_name":"english","language_id":38}},{"id":19878,"position":6,"audio_url":"wbw/030_017_006.mp3","qpc_uthmani_hafs":"تُصۡبِحُونَ","char_type_name":"word","page_number":406,"line_number":3,"text":"ﭢ","translation":{"text":"you reach the morning","language_name":"english","language_id":38},"transliteration":{"text":"tuṣ'biḥūna","language_name":"english","language_id":38}},{"id":19879,"position":7,"audio_url":null,"qpc_uthmani_hafs":"١٧","char_type_name":"end","page_number":406,"line_number":3,"text":"ﭣ","translation":{"text":"(17)","language_name":"english","language_id":38},"transliteration":{"text":null,"language_name":"english","language_id":38}}],"translations":[{"id":919855,"resource_id":134,"text":"Maka bertasbihlah kepada Allah pada waktu kamu berada pada petang hari dan waktu kamu berada pada waktu subuh,"}]},{"id":3427,"verse_number":18,"verse_key":"30:18","juz_number":21,"hizb_number":41,"rub_el_hizb_number":162,"ruku_number":351,"manzil_number":5,"sajdah_number":null,"text_uthmani":"وَلَهُ ٱلْحَمْدُ فِى ٱلسَّمَـٰوَٰتِ وَٱلْأَرْضِ وَعَشِيًّا وَحِينَ تُظْهِرُونَ","page_number":406,"words":[{"id":20927,"position":1,"audio_url":"wbw/030_018_001.mp3","qpc_uthmani_hafs":"وَلَهُ","char_type_name":"word","page_number":406,"line_number":3,"text":"ﭤ","translation":{"text":"And for Him","language_name":"english","language_id":38},"transliteration":{"text":"walahu","language_name":"english","language_id":38}},{"id":20928,"position":2,"audio_url":"wbw/030_018_002.mp3","qpc_uthmani_hafs":"ٱلۡحَمۡدُ","char_type_name":"word","page_number":406,"line_number":3,"text":"ﭥ","translation":{"text":"(are) all praises","language_name":"english","language_id":38},"transliteration":{"text":"l-ḥamdu","language_name":"english","language_id":38}},{"id":20929,"position":3,"audio_url":"wbw/030_018_003.mp3","qpc_uthmani_hafs":"فِي","char_type_name":"word","page_number":406,"line_number":3,"text":"ﭦ","translation":{"text":"in","language_name":"english","language_id":38},"transliteration":{"text":"fī","language_name":"english","language_id":38}},{"id":20930,"position":4,"audio_url":"wbw/030_018_004.mp3","qpc_uthmani_hafs":"ٱلسَّمَٰوَٰتِ","char_type_name":"word","page_number":406,"line_number":3,"text":"ﭧ","translation":{"text":"the heavens","language_name":"english","language_id":38},"transliteration":{"text":"l-samāwāti","language_name":"english","language_id":38}},{"id":20931,"position":5,"audio_url":"wbw/030_018_005.mp3","qpc_uthmani_hafs":"وَٱلۡأَرۡضِ","char_type_name":"word","page_number":406,"line_number":3,"text":"ﭨ","translation":{"text":"and the earth","language_name":"english","language_id":38},"transliteration":{"text":"wal-arḍi","language_name":"english","language_id":38}},{"id":20932,"position":6,"audio_url":"wbw/030_018_006.mp3","qpc_uthmani_hafs":"وَعَشِيّٗا","char_type_name":"word","page_number":406,"line_number":4,"text":"ﭩ","translation":{"text":"and (at) night","language_name":"english","language_id":38},"transliteration":{"text":"waʿashiyyan","language_name":"english","language_id":38}},{"id":20933,"position":7,"audio_url":"wbw/030_018_007.mp3","qpc_uthmani_hafs":"وَحِينَ","char_type_name":"word","page_number":406,"line_number":4,"text":"ﭪ","translation":{"text":"and when","language_name":"english","language_id":38},"transliteration":{"text":"waḥīna","language_name":"english","language_id":38}},{"id":20934,"position":8,"audio_url":"wbw/030_018_008.mp3","qpc_uthmani_hafs":"تُظۡهِرُونَ","char_type_name":"word","page_number":406,"line_number":4,"text":"ﭫ","translation":{"text":"you are at noon","language_name":"english","language_id":38},"transliteration":{"text":"tuẓ'hirūna","language_name":"english","language_id":38}},{"id":20935,"position":9,"audio_url":null,"qpc_uthmani_hafs":"١٨","char_type_name":"end","page_number":406,"line_number":4,"text":"ﭬ","translation":{"text":"(18)","language_name":"english","language_id":38},"transliteration":{"text":null,"language_name":"english","language_id":38}}],"translations":[{"id":919856,"resource_id":134,"text":"dan bagi-Nya-lah segala puji di langit dan di bumi dan pada waktu kamu berada pada petang hari dan pada waktu kamu berada pada waktu Zuhur <sup foot_note=210936>1</sup>."}]},{"id":3428,"verse_number":19,"verse_key":"30:19","juz_number":21,"hizb_number":41,"rub_el_hizb_number":162,"ruku_number":351,"manzil_number":5,"sajdah_number":null,"text_uthmani":"يُخْرِجُ ٱلْحَىَّ مِنَ ٱلْمَيِّتِ وَيُخْرِجُ ٱلْمَيِّتَ مِنَ ٱلْحَىِّ وَيُحْىِ ٱلْأَرْضَ بَعْدَ مَوْتِهَا ۚ وَكَذَٰلِكَ تُخْرَجُونَ","page_number":406,"words":[{"id":22048,"position":1,"audio_url":"wbw/030_019_001.mp3","qpc_uthmani_hafs":"يُخۡرِجُ","char_type_name":"word","page_number":406,"line_number":4,"text":"ﭭ","translation":{"text":"He brings forth","language_name":"english","language_id":38},"transliteration":{"text":"yukh'riju","language_name":"english","language_id":38}},{"id":22049,"position":2,"audio_url":"wbw/030_019_002.mp3","qpc_uthmani_hafs":"ٱلۡحَيَّ","char_type_name":"word","page_number":406,"line_number":4,"text":"ﭮ","translation":{"text":"the living","language_name":"english","language_id":38},"transliteration":{"text":"l-ḥaya","language_name":"english","language_id":38}},{"id":22050,"position":3,"audio_url":"wbw/030_019_003.mp3","qpc_uthmani_hafs":"مِنَ","char_type_name":"word","page_number":406,"line_number":4,"text":"ﭯ","translation":{"text":"from","language_name":"english","language_id":38},"transliteration":{"text":"mina","language_name":"english","language_id":38}},{"id":22051,"position":4,"audio_url":"wbw/030_019_004.mp3","qpc_uthmani_hafs":"ٱلۡمَيِّتِ","char_type_name":"word","page_number":406,"line_number":4,"text":"ﭰ","translation":{"text":"the dead","language_name":"english","language_id":38},"transliteration":{"text":"l-mayiti","language_name":"english","language_id":38}},{"id":22052,"position":5,"audio_url":"wbw/030_019_005.mp3","qpc_uthmani_hafs":"وَيُخۡرِجُ","char_type_name":"word","page_number":406,"line_number":4,"text":"ﭱ","translation":{"text":"and He brings forth","language_name":"english","language_id":38},"transliteration":{"text":"wayukh'riju","language_name":"english","language_id":38}},{"id":22053,"position":6,"audio_url":"wbw/030_019_006.mp3","qpc_uthmani_hafs":"ٱلۡمَيِّتَ","char_type_name":"word","page_number":406,"line_number":5,"text":"ﭲ","translation":{"text":"the dead","language_name":"english","language_id":38},"transliteration":{"text":"l-mayita","language_name":"english","language_id":38}},{"id":22054,"position":7,"audio_url":"wbw/030_019_007.mp3","qpc_uthmani_hafs":"مِنَ","char_type_name":"word","page_number":406,"line_number":5,"text":"ﭳ","translation":{"text":"from","language_name":"english","language_id":38},"transliteration":{"text":"mina","language_name":"english","language_id":38}},{"id":22055,"position":8,"audio_url":"wbw/030_019_008.mp3","qpc_uthmani_hafs":"ٱلۡحَيِّ","char_type_name":"word","page_number":406,"line_number":5,"text":"ﭴ","translation":{"text":"the living","language_name":"english","language_id":38},"transliteration":{"text":"l-ḥayi","language_name":"english","language_id":38}},{"id":22056,"position":9,"audio_url":"wbw/030_019_009.mp3","qpc_uthmani_hafs":"وَيُحۡيِ","char_type_name":"word","page_number":406,"line_number":5,"text":"ﭵ","translation":{"text":"and He gives life","language_name":"english","language_id":38},"transliteration":{"text":"wayuḥ'yī","language_name":"english","language_id":38}},{"id":22057,"position":10,"audio_url":"wbw/030_019_010.mp3","qpc_uthmani_hafs":"ٱلۡأَرۡضَ","char_type_name":"word","page_number":406,"line_number":5,"text":"ﭶ","translation":{"text":"(to) the earth","language_name":"english","language_id":38},"transliteration":{"text":"l-arḍa","language_name":"english","language_id":38}},{"id":22058,"position":11,"audio_url":"wbw/030_019_011.mp3","qpc_uthmani_hafs":"بَعۡدَ","char_type_name":"word","page_number":406,"line_number":5,"text":"ﭷ","translation":{"text":"after","language_name":"english","language_id":38},"transliteration":{"text":"baʿda","language_name":"english","language_id":38}},{"id":22059,"position":12,"audio_url":"wbw/030_019_012.mp3","qpc_uthmani_hafs":"مَوۡتِهَاۚ","char_type_name":"word","page_number":406,"line_number":5,"text":"ﭸﭹ","translation":{"text":"its death","language_name":"english","language_id":38},"transliteration":{"text":"mawtihā","language_name":"english","language_id":38}},{"id":22061,"position":13,"audio_url":"wbw/030_019_014.mp3","qpc_uthmani_hafs":"وَكَذَٰلِكَ","char_type_name":"word","page_number":406,"line_number":5,"text":"ﭺ","translation":{"text":"and thus","language_name":"english","language_id":38},"transliteration":{"text":"wakadhālika","language_name":"english","language_id":38}},{"id":22062,"position":14,"audio_url":"wbw/030_019_015.mp3","qpc_uthmani_hafs":"تُخۡرَجُونَ","char_type_name":"word","page_number":406,"line_number":5,"text":"ﭻ","translation":{"text":"you will be brought forth","language_name":"english","language_id":38},"transliteration":{"text":"tukh'rajūna","language_name":"english","language_id":38}},{"id":22063,"position":15,"audio_url":null,"qpc_uthmani_hafs":"١٩","char_type_name":"end","page_number":406,"line_number":6,"text":"ﭼ","translation":{"text":"(19)","language_name":"english","language_id":38},"transliteration":{"text":null,"language_name":"english","language_id":38}}],"translations":[{"id":919857,"resource_id":134,"text":"Dia mengeluarkan yang hidup dari yang mati dan mengeluarkan yang mati dari yang hidup dan menghidupkan bumi sesudah matinya. Dan seperti itulah kamu akan dikeluarkan (dari kubur)."}]},{"id":3429,"verse_number":20,"verse_key":"30:20","juz_number":21,"hizb_number":41,"rub_el_hizb_number":162,"ruku_number":352,"manzil_number":5,"sajdah_number":null,"text_uthmani":"وَمِنْ ءَايَـٰتِهِۦٓ أَنْ خَلَقَكُم مِّن تُرَابٍ ثُمَّ إِذَآ أَنتُم بَشَرٌ تَنتَشِرُونَ","page_number":406,"words":[{"id":23106,"position":1,"audio_url":"wbw/030_020_001.mp3","qpc_uthmani_hafs":"وَمِنۡ","char_type_name":"word","page_number":406,"line_number":6,"text":"ﭽ","translation":{"text":"And among","language_name":"english","language_id":38},"transliteration":{"text":"wamin","language_name":"english","language_id":38}},{"id":23107,"position":2,"audio_url":"wbw/030_020_002.mp3","qpc_uthmani_hafs":"ءَايَٰتِهِۦٓ","char_type_name":"word","page_number":406,"line_number":6,"text":"ﭾ","translation":{"text":"His Signs","language_name":"english","language_id":38},"transliteration":{"text":"āyātihi","language_name":"english","language_id":38}},{"id":23108,"position":3,"audio_url":"wbw/030_020_003.mp3","qpc_uthmani_hafs":"أَنۡ","char_type_name":"word","page_number":406,"line_number":6,"text":"ﭿ","translation":{"text":"(is) that","language_name":"english","language_id":38},"transliteration":{"text":"an","language_name":"english","language_id":38}},{"id":23109,"position":4,"audio_url":"wbw/030_020_004.mp3","qpc_uthmani_hafs":"خَلَقَكُم","char_type_name":"word","page_number":406,"line_number":6,"text":"ﮀ","translation":{"text":"He created you","language_name":"english","language_id":38},"transliteration":{"text":"khalaqakum","language_name":"english","language_id":38}},{"id":23110,"position":5,"audio_url":"wbw/030_020_005.mp3","qpc_uthmani_hafs":"مِّن","char_type_name":"word","page_number":406,"line_number":6,"text":"ﮁ","translation":{"text":"from","language_name":"english","language_id":38},"transliteration":{"text":"min","language_name":"english","language_id":38}},{"id":23111,"position":6,"audio_url":"wbw/030_020_006.mp3","qpc_uthmani_hafs":"تُرَابٖ","char_type_name":"word","page_number":406,"line_number":6,"text":"ﮂ","translation":{"text":"dust","language_name":"english","language_id":38},"transliteration":{"text":"turābin","language_name":"english","language_id":38}},{"id":23112,"position":7,"audio_url":"wbw/030_020_007.mp3","qpc_uthmani_hafs":"ثُمَّ","char_type_name":"word","page_number":406,"line_number":6,"text":"ﮃ","translation":{"text":"then","language_name":"english","language_id":38},"transliteration":{"text":"thumma","language_name":"english","language_id":38}},{"id":23113,"position":8,"audio_url":"wbw/030_020_008.mp3","qpc_uthmani_hafs":"إِذَآ","char_type_name":"word","page_number":406,"line_number":6,"text":"ﮄ","translation":{"text":"behold","language_name":"english","language_id":38},"transliteration":{"text":"idhā","language_name":"english","language_id":38}},{"id":23114,"position":9,"audio_url":"wbw/030_020_009.mp3","qpc_uthmani_hafs":"أَنتُم","char_type_name":"word","page_number":406,"line_number":6,"text":"ﮅ","translation":{"text":"You","language_name":"english","language_id":38},"transliteration":{"text":"antum","language_name":"english","language_id":38}},{"id":23115,"position":10,"audio_url":"wbw/030_020_010.mp3","qpc_uthmani_hafs":"بَشَرٞ","char_type_name":"word","page_number":406,"line_number":6,"text":"ﮆ","translation":{"text":"(are) human beings","language_name":"english","language_id":38},"transliteration":{"text":"basharun","language_name":"english","language_id":38}},{"id":23116,"position":11,"audio_url":"wbw/030_020_011.mp3","qpc_uthmani_hafs":"تَنتَشِرُونَ","char_type_name":"word","page_number":406,"line_number":7,"text":"ﮇ","translation":{"text":"dispersing","language_name":"english","language_id":38},"transliteration":{"text":"tantashirūna","language_name":"english","language_id":38}},{"id":23117,"position":12,"audio_url":null,"qpc_uthmani_hafs":"٢٠","char_type_name":"end","page_number":406,"line_number":7,"text":"ﮈ","translation":{"text":"(20)","language_name":"english","language_id":38},"transliteration":{"text":null,"language_name":"english","language_id":38}}],"translations":[{"id":919858,"resource_id":134,"text":"Dan di antara tanda-tanda kekuasaan-Nya ialah Dia menciptakan kamu dari tanah, kemudian tiba-tiba kamu (menjadi) manusia yang berkembang biak."}]},{"id":3430,"verse_number":21,"verse_key":"30:21","juz_number":21,"hizb_number":41,"rub_el_hizb_number":162,"ruku_number":352,"manzil_number":5,"sajdah_number":null,"text_uthmani":"وَمِنْ ءَايَـٰتِهِۦٓ أَنْ خَلَقَ لَكُم مِّنْ أَنفُسِكُمْ أَزْوَٰجًا لِّتَسْكُنُوٓا۟ إِلَيْهَا وَجَعَلَ بَيْنَكُم مَّوَدَّةً وَرَحْمَةً ۚ إِنَّ فِى ذَٰلِكَ لَـَٔايَـٰتٍ لِّقَوْمٍ يَتَفَكَّرُونَ","page_number":406,"words":[{"id":24108,"position":1,"audio_url":"wbw/030_021_001.mp3","qpc_uthmani_hafs":"وَمِنۡ","char_type_name":"word","page_number":406,"line_number":7,"text":"ﮉ","translation":{"text":"And among","language_name":"english","language_id":38},"transliteration":{"text":"wamin","language_name":"english","language_id":38}},{"id":24109,"position":2,"audio_url":"wbw/030_021_002.mp3","qpc_uthmani_hafs":"ءَايَٰتِهِۦٓ","char_type_name":"word","page_number":406,"line_number":7,"text":"ﮊ","translation":{"text":"His Signs","language_name":"english","language_id":38},"transliteration":{"text":"āyātihi","language_name":"english","language_id":38}},{"id":24110,"position":3,"audio_url":"wbw/030_021_003.mp3","qpc_uthmani_hafs":"أَنۡ","char_type_name":"word","page_number":406,"line_number":7,"text":"ﮋ","translation":{"text":"(is) that","language_name":"english","language_id":38},"transliteration":{"text":"an","language_name":"english","language_id":38}},{"id":24111,"position":4,"audio_url":"wbw/030_021_004.mp3","qpc_uthmani_hafs":"خَلَقَ","char_type_name":"word","page_number":406,"line_number":7,"text":"ﮌ","translation":{"text":"He created","language_name":"english","language_id":38},"transliteration":{"text":"khalaqa","language_name":"english","language_id":38}},{"id":24112,"position":5,"audio_url":"wbw/030_021_005.mp3","qpc_uthmani_hafs":"لَكُم","char_type_name":"word","page_number":406,"line_number":7,"text":"ﮍ","translation":{"text":"for you","language_name":"english","language_id":38},"transliteration":{"text":"lakum","language_name":"english","language_id":38}},{"id":24113,"position":6,"audio_url":"wbw/030_021_006.mp3","qpc_uthmani_hafs":"مِّنۡ","char_type_name":"word","page_number":406,"line_number":7,"text":"ﮎ","translation":{"text":"from","language_name":"english","language_id":38},"transliteration":{"text":"min","language_name":"english","language_id":38}},{"id":24114,"position":7,"audio_url":"wbw/030_021_007.mp3","qpc_uthmani_hafs":"أَنفُسِكُمۡ","char_type_name":"word","page_number":406,"line_number":7,"text":"ﮏ","translation":{"text":"yourselves","language_name":"english","language_id":38},"transliteration":{"text":"anfusikum","language_name":"english","language_id":38}},{"id":24115,"position":8,"audio_url":"wbw/030_021_008.mp3","qpc_uthmani_hafs":"أَزۡوَٰجٗا","char_type_name":"word","page_number":406,"line_number":8,"text":"ﮐ","translation":{"text":"mates","language_name":"english","language_id":38},"transliteration":{"text":"azwājan","language_name":"english","language_id":38}},{"id":24116,"position":9,"audio_url":"wbw/030_021_009.mp3","qpc_uthmani_hafs":"لِّتَسۡكُنُوٓاْ","char_type_name":"word","page_number":406,"line_number":8,"text":"ﮑ","translation":{"text":"that you may find tranquility","language_name":"english","language_id":38},"transliteration":{"text":"litaskunū","language_name":"english","language_id":38}},{"id":24117,"position":10,"audio_url":"wbw/030_021_010.mp3","qpc_uthmani_hafs":"إِلَيۡهَا","char_type_name":"word","page_number":406,"line_number":8,"text":"ﮒ","translation":{"text":"in them","language_name":"english","language_id":38},"transliteration":{"text":"ilayhā","language_name":"english","language_id":38}},{"id":24118,"position":11,"audio_url":"wbw/030_021_011.mp3","qpc_uthmani_hafs":"وَجَعَلَ","char_type_name":"word","page_number":406,"line_number":8,"text":"ﮓ","translation":{"text":"and He placed","language_name":"english","language_id":38},"transliteration":{"text":"wajaʿala","language_name":"english","language_id":38}},{"id":24119,"position":12,"audio_url":"wbw/030_021_012.mp3","qpc_uthmani_hafs":"بَيۡنَكُم","char_type_name":"word","page_number":406,"line_number":8,"text":"ﮔ","translation":{"text":"between you","language_name":"english","language_id":38},"transliteration":{"text":"baynakum","language_name":"english","language_id":38}},{"id":24120,"position":13,"audio_url":"wbw/030_021_013.mp3","qpc_uthmani_hafs":"مَّوَدَّةٗ","char_type_name":"word","page_number":406,"line_number":8,"text":"ﮕ","translation":{"text":"love","language_name":"english","language_id":38},"transliteration":{"text":"mawaddatan","language_name":"english","language_id":38}},{"id":24121,"position":14,"audio_url":"wbw/030_021_014.mp3","qpc_uthmani_hafs":"وَرَحۡمَةًۚ","char_type_name":"word","page_number":406,"line_number":8,"text":"ﮖﮗ","translation":{"text":"and mercy","language_name":"english","language_id":38},"transliteration":{"text":"waraḥmatan","language_name":"english","language_id":38}},{"id":24123,"position":15,"audio_url":"wbw/030_021_016.mp3","qpc_uthmani_hafs":"إِنَّ","char_type_name":"word","page_number":406,"line_number":9,"text":"ﮘ","translation":{"text":"Indeed","language_name":"english","language_id":38},"transliteration":{"text":"inna","language_name":"english","language_id":38}},{"id":24124,"position":16,"audio_url":"wbw/030_021_017.mp3","qpc_uthmani_hafs":"فِي","char_type_name":"word","page_number":406,"line_number":9,"text":"ﮙ","translation":{"text":"in","language_name":"english","language_id":38},"transliteration":{"text":"fī","language_name":"english","language_id":38}},{"id":24125,"position":17,"audio_url":"wbw/030_021_018.mp3","qpc_uthmani_hafs":"ذَٰلِكَ","char_type_name":"word","page_number":406,"line_number":9,"text":"ﮚ","translation":{"text":"that","language_name":"english","language_id":38},"transliteration":{"text":"dhālika","language_name":"english","language_id":38}},{"id":24126,"position":18,"audio_url":"wbw/030_021_019.mp3","qpc_uthmani_hafs":"لَأٓيَٰتٖ","char_type_name":"word","page_number":406,"line_number":9,"text":"ﮛ","translation":{"text":"surely (are) Signs","language_name":"english","language_id":38},"transliteration":{"text":"laāyātin","language_name":"english","language_id":38}},{"id":24127,"position":19,"audio_url":"wbw/030_021_020.mp3","qpc_uthmani_hafs":"لِّقَوۡمٖ","char_type_name":"word","page_number":406,"line_number":9,"text":"ﮜ","translation":{"text":"for a people","language_name":"english","language_id":38},"transliteration":{"text":"liqawmin","language_name":"english","language_id":38}},{"id":24128,"position":20,"audio_url":"wbw/030_021_021.mp3","qpc_uthmani_hafs":"يَتَفَكَّرُونَ","char_type_name":"word","page_number":406,"line_number":9,"text":"ﮝ","translation":{"text":"who reflect","language_name":"english","language_id":38},"transliteration":{"text":"yatafakkarūna","language_name":"english","language_id":38}},{"id":24129,"position":21,"audio_url":null,"qpc_uthmani_hafs":"٢١","char_type_name":"end","page_number":406,"line_number":9,"text":"ﮞ","translation":{"text":"(21)","language_name":"english","language_id":38},"transliteration":{"text":null,"language_name":"english","language_id":38}}],"translations":[{"id":919859,"resource_id":134,"text":"Dan di antara tanda-tanda kekuasaan-Nya ialah Dia menciptakan untukmu istri-istri dari jenismu sendiri supaya kamu cenderung dan merasa tenteram kepadanya dan dijadikan-Nya di antaramu rasa kasih dan sayang.  Sesungguhnya pada yang demikian itu benar-benar terdapat tanda-tanda bagi kaum yang berpikir."}]},{"id":3431,"verse_number":22,"verse_key":"30:22","juz_number":21,"hizb_number":41,"rub_el_hizb_number":162,"ruku_number":352,"manzil_number":5,"sajdah_number":null,"text_uthmani":"وَمِنْ ءَايَـٰتِهِۦ خَلْقُ ٱلسَّمَـٰوَٰتِ وَٱلْأَرْضِ وَٱخْتِلَـٰفُ أَلْسِنَتِكُمْ وَأَلْوَٰنِكُمْ ۚ إِنَّ فِى ذَٰلِكَ لَـَٔايَـٰتٍ لِّلْعَـٰلِمِينَ","page_number":406,"words":[{"id":25114,"position":1,"audio_url":"wbw/030_022_001.mp3","qpc_uthmani_hafs":"وَمِنۡ","char_type_name":"word","page_number":406,"line_number":9,"text":"ﮟ","translation":{"text":"And among","language_name":"english","language_id":38},"transliteration":{"text":"wamin","language_name":"english","language_id":38}},{"id":25115,"position":2,"audio_url":"wbw/030_022_002.mp3","qpc_uthmani_hafs":"ءَايَٰتِهِۦ","char_type_name":"word","page_number":406,"line_number":9,"text":"ﮠ","translation":{"text":"His Signs","language_name":"english","language_id":38},"transliteration":{"text":"āyātihi","language_name":"english","language_id":38}},{"id":25116,"position":3,"audio_url":"wbw/030_022_003.mp3","qpc_uthmani_hafs":"خَلۡقُ","char_type_name":"word","page_number":406,"line_number":9,"text":"ﮡ","translation":{"text":"(is the) creation","language_name":"english","language_id":38},"transliteration":{"text":"khalqu","language_name":"english","language_id":38}},{"id":25117,"position":4,"audio_url":"wbw/030_022_004.mp3","qpc_uthmani_hafs":"ٱلسَّمَٰوَٰتِ","char_type_name":"word","page_number":406,"line_number":10,"text":"ﮢ","translation":{"text":"(of) the heavens","language_name":"english","language_id":38},"transliteration":{"text":"l-samāwāti","language_name":"english","language_id":38}},{"id":25118,"position":5,"audio_url":"wbw/030_022_005.mp3","qpc_uthmani_hafs":"وَٱلۡأَرۡضِ","char_type_name":"word","page_number":406,"line_number":10,"text":"ﮣ","translation":{"text":"and the earth","language_name":"english","language_id":38},"transliteration":{"text":"wal-arḍi","language_name":"english","language_id":38}},{"id":25119,"position":6,"audio_url":"wbw/030_022_006.mp3","qpc_uthmani_hafs":"وَٱخۡتِلَٰفُ","char_type_name":"word","page_number":406,"line_number":10,"text":"ﮤ","translation":{"text":"and the diversity","language_name":"english","language_id":38},"transliteration":{"text":"wa-ikh'tilāfu","language_name":"english","language_id":38}},{"id":25120,"position":7,"audio_url":"wbw/030_022_007.mp3","qpc_uthmani_hafs":"أَلۡسِنَتِكُمۡ","char_type_name":"word","page_number":406,"line_number":10,"text":"ﮥ","translation":{"text":"(of) your languages","language_name":"english","language_id":38},"transliteration":{"text":"alsinatikum","language_name":"english","language_id":38}},{"id":25121,"position":8,"audio_url":"wbw/030_022_008.mp3","qpc_uthmani_hafs":"وَأَلۡوَٰنِكُمۡۚ","char_type_name":"word","page_number":406,"line_number":10,"text":"ﮦﮧ","translation":{"text":"and your colors","language_name":"english","language_id":38},"transliteration":{"text":"wa-alwānikum","language_name":"english","language_id":38}},{"id":25123,"position":9,"audio_url":"wbw/030_022_010.mp3","qpc_uthmani_hafs":"إِنَّ","char_type_name":"word","page_number":406,"line_number":10,"text":"ﮨ","translation":{"text":"Indeed","language_name":"english","language_id":38},"transliteration":{"text":"inna","language_name":"english","language_id":38}},{"id":25124,"position":10,"audio_url":"wbw/030_022_011.mp3","qpc_uthmani_hafs":"فِي","char_type_name":"word","page_number":406,"line_number":11,"text":"ﮩ","translation":{"text":"in","language_name":"english","language_id":38},"transliteration":{"text":"fī","language_name":"english","language_id":38}},{"id":25125,"position":11,"audio_url":"wbw/030_022_012.mp3","qpc_uthmani_hafs":"ذَٰلِكَ","char_type_name":"word","page_number":406,"line_number":11,"text":"ﮪ","translation":{"text":"that","language_name":"english","language_id":38},"transliteration":{"text":"dhālika","language_name":"english","language_id":38}},{"id":25126,"position":12,"audio_url":"wbw/030_022_013.mp3","qpc_uthmani_hafs":"لَأٓيَٰتٖ","char_type_name":"word","page_number":406,"line_number":11,"text":"ﮫ","translation":{"text":"surely (are) Signs","language_name":"english","language_id":38},"transliteration":{"text":"laāyātin","language_name":"english","language_id":38}},{"id":25127,"position":13,"audio_url":"wbw/030_022_014.mp3","qpc_uthmani_hafs":"لِّلۡعَٰلِمِينَ","char_type_name":"word","page_number":406,"line_number":11,"text":"ﮬ","translation":{"text":"for those of knowledge","language_name":"english","language_id":38},"transliteration":{"text":"lil'ʿālimīna","language_name":"english","language_id":38}},{"id":25128,"position":14,"audio_url":null,"qpc_uthmani_hafs":"٢٢","char_type_name":"end","page_number":406,"line_number":11,"text":"ﮭ","translation":{"text":"(22)","language_name":"english","language_id":38},"transliteration":{"text":null,"language_name":"english","language_id":38}}],"translations":[{"id":919860,"resource_id":134,"text":"Dan di antara tanda-tanda kekuasaan-Nya ialah menciptakan langit dan bumi dan berlain-lainan bahasamu dan warna kulitmu.  Sesungguhnya pada yang demikan itu benar-benar terdapat tanda-tanda bagi orang-orang yang mengetahui."}]},{"id":3432,"verse_number":23,"verse_key":"30:23","juz_number":21,"hizb_number":41,"rub_el_hizb_number":162,"ruku_number":352,"manzil_number":5,"sajdah_number":null,"text_uthmani":"وَمِنْ ءَايَـٰتِهِۦ مَنَامُكُم بِٱلَّيْلِ وَٱلنَّهَارِ وَٱبْتِغَآؤُكُم مِّن فَضْلِهِۦٓ ۚ إِنَّ فِى ذَٰلِكَ لَـَٔايَـٰتٍ لِّقَوْمٍ يَسْمَعُونَ","page_number":406,"words":[{"id":26230,"position":1,"audio_url":"wbw/030_023_001.mp3","qpc_uthmani_hafs":"وَمِنۡ","char_type_name":"word","page_number":406,"line_number":11,"text":"ﮮ","translation":{"text":"And among","language_name":"english","language_id":38},"transliteration":{"text":"wamin","language_name":"english","language_id":38}},{"id":26231,"position":2,"audio_url":"wbw/030_023_002.mp3","qpc_uthmani_hafs":"ءَايَٰتِهِۦ","char_type_name":"word","page_number":406,"line_number":11,"text":"ﮯ","translation":{"text":"His Signs","language_name":"english","language_id":38},"transliteration":{"text":"āyātihi","language_name":"english","language_id":38}},{"id":26232,"position":3,"audio_url":"wbw/030_023_003.mp3","qpc_uthmani_hafs":"مَنَامُكُم","char_type_name":"word","page_number":406,"line_number":11,"text":"ﮰ","translation":{"text":"(is) your sleep","language_name":"english","language_id":38},"transliteration":{"text":"manāmukum","language_name":"english","language_id":38}},{"id":26233,"position":4,"audio_url":"wbw/030_023_004.mp3","qpc_uthmani_hafs":"بِٱلَّيۡلِ","char_type_name":"word","page_number":406,"line_number":11,"text":"ﮱ","translation":{"text":"by night","language_name":"english","language_id":38},"transliteration":{"text":"bi-al-layli","language_name":"english","language_id":38}},{"id":26234,"position":5,"audio_url":"wbw/030_023_005.mp3","qpc_uthmani_hafs":"وَٱلنَّهَارِ","char_type_name":"word","page_number":406,"line_number":12,"text":"ﯓ","translation":{"text":"and the day","language_name":"english","language_id":38},"transliteration":{"text":"wal-nahāri","language_name":"english","language_id":38}},{"id":26235,"position":6,"audio_url":"wbw/030_023_006.mp3","qpc_uthmani_hafs":"وَٱبۡتِغَآؤُكُم","char_type_name":"word","page_number":406,"line_number":12,"text":"ﯔ","translation":{"text":"[and] your seeking","language_name":"english","language_id":38},"transliteration":{"text":"wa-ib'tighāukum","language_name":"english","language_id":38}},{"id":26236,"position":7,"audio_url":"wbw/030_023_007.mp3","qpc_uthmani_hafs":"مِّن","char_type_name":"word","page_number":406,"line_number":12,"text":"ﯕ","translation":{"text":"of","language_name":"english","language_id":38},"transliteration":{"text":"min","language_name":"english","language_id":38}},{"id":26237,"position":8,"audio_url":"wbw/030_023_008.mp3","qpc_uthmani_hafs":"فَضۡلِهِۦٓۚ","char_type_name":"word","page_number":406,"line_number":12,"text":"ﯖﯗ","translation":{"text":"His Bounty","language_name":"english","language_id":38},"transliteration":{"text":"faḍlihi","language_name":"english","language_id":38}},{"id":26239,"position":9,"audio_url":"wbw/030_023_010.mp3","qpc_uthmani_hafs":"إِنَّ","char_type_name":"word","page_number":406,"line_number":12,"text":"ﯘ","translation":{"text":"Indeed","language_name":"english","language_id":38},"transliteration":{"text":"inna","language_name":"english","language_id":38}},{"id":26240,"position":10,"audio_url":"wbw/030_023_011.mp3","qpc_uthmani_hafs":"فِي","char_type_name":"word","page_number":406,"line_number":12,"text":"ﯙ","translation":{"text":"in","language_name":"english","language_id":38},"transliteration":{"text":"fī","language_name":"english","language_id":38}},{"id":26241,"position":11,"audio_url":"wbw/030_023_012.mp3","qpc_uthmani_hafs":"ذَٰلِكَ","char_type_name":"word","page_number":406,"line_number":12,"text":"ﯚ","translation":{"text":"that","language_name":"english","language_id":38},"transliteration":{"text":"dhālika","language_name":"english","language_id":38}},{"id":26242,"position":12,"audio_url":"wbw/030_023_013.mp3","qpc_uthmani_hafs":"لَأٓيَٰتٖ","char_type_name":"word","page_number":406,"line_number":12,"text":"ﯛ","translation":{"text":"surely (are) Signs","language_name":"english","language_id":38},"transliteration":{"text":"laāyātin","language_name":"english","language_id":38}},{"id":26243,"position":13,"audio_url":"wbw/030_023_014.mp3","qpc_uthmani_hafs":"لِّقَوۡمٖ","char_type_name":"word","page_number":406,"line_number":13,"text":"ﯜ","translation":{"text":"for a people","language_name":"english","language_id":38},"transliteration":{"text":"liqawmin","language_name":"english","language_id":38}},{"id":26244,"position":14,"audio_url":"wbw/030_023_015.mp3","qpc_uthmani_hafs":"يَسۡمَعُونَ","char_type_name":"word","page_number":406,"line_number":13,"text":"ﯝ","translation":{"text":"who listen","language_name":"english","language_id":38},"transliteration":{"text":"yasmaʿūna","language_name":"english","language_id":38}},{"id":26245,"position":15,"audio_url":null,"qpc_uthmani_hafs":"٢٣","char_type_name":"end","page_number":406,"line_number":13,"text":"ﯞ","translation":{"text":"(23)","language_name":"english","language_id":38},"transliteration":{"text":null,"language_name":"english","language_id":38}}],"translations":[{"id":919861,"resource_id":134,"text":"Dan di antara tanda-tanda kekuasaan-Nya ialah tidurmu pada waktu malam dan siang hari dan usahamu mencari sebagian dari karunia-Nya.  Sesungguhnya pada yang demikian itu, benar-benar terdapat tanda-tanda bagi kaum yang mendengarkan."}]},{"id":3433,"verse_number":24,"verse_key":"30:24","juz_number":21,"hizb_number":41,"rub_el_hizb_number":162,"ruku_number":352,"manzil_number":5,"sajdah_number":null,"text_uthmani":"وَمِنْ ءَايَـٰتِهِۦ يُرِيكُمُ ٱلْبَرْقَ خَوْفًا وَطَمَعًا وَيُنَزِّلُ مِنَ ٱلسَّمَآءِ مَآءً فَيُحْىِۦ بِهِ ٱلْأَرْضَ بَعْدَ مَوْتِهَآ ۚ إِنَّ فِى ذَٰلِكَ لَـَٔايَـٰتٍ لِّقَوْمٍ يَعْقِلُونَ","page_number":406,"words":[{"id":27269,"position":1,"audio_url":"wbw/030_024_001.mp3","qpc_uthmani_hafs":"وَمِنۡ","char_type_name":"word","page_number":406,"line_number":13,"text":"ﯟ","translation":{"text":"And among","language_name":"english","language_id":38},"transliteration":{"text":"wamin","language_name":"english","language_id":38}},{"id":27270,"position":2,"audio_url":"wbw/030_024_002.mp3","qpc_uthmani_hafs":"ءَايَٰتِهِۦ","char_type_name":"word","page_number":406,"line_number":13,"text":"ﯠ","translation":{"text":"His Signs","language_name":"english","language_id":38},"transliteration":{"text":"āyātihi","language_name":"english","language_id":38}},{"id":27271,"position":3,"audio_url":"wbw/030_024_003.mp3","qpc_uthmani_hafs":"يُرِيكُمُ","char_type_name":"word","page_number":406,"line_number":13,"text":"ﯡ","translation":{"text":"He shows you","language_name":"english","language_id":38},"transliteration":{"text":"yurīkumu","language_name":"english","language_id":38}},{"id":27272,"position":4,"audio_url":"wbw/030_024_004.mp3","qpc_uthmani_hafs":"ٱلۡبَرۡقَ","char_type_name":"word","page_number":406,"line_number":13,"text":"ﯢ","translation":{"text":"the lightning","language_name":"english","language_id":38},"transliteration":{"text":"l-barqa","language_name":"english","language_id":38}},{"id":27273,"position":5,"audio_url":"wbw/030_024_005.mp3","qpc_uthmani_hafs":"خَوۡفٗا","char_type_name":"word","page_number":406,"line_number":14,"text":"ﯣ","translation":{"text":"(causing) fear","language_name":"english","language_id":38},"transliteration":{"text":"khawfan","language_name":"english","language_id":38}},{"id":27274,"position":6,"audio_url":"wbw/030_024_006.mp3","qpc_uthmani_hafs":"وَطَمَعٗا","char_type_name":"word","page_number":406,"line_number":14,"text":"ﯤ","translation":{"text":"and hope","language_name":"english","language_id":38},"transliteration":{"text":"waṭamaʿan","language_name":"english","language_id":38}},{"id":27275,"position":7,"audio_url":"wbw/030_024_007.mp3","qpc_uthmani_hafs":"وَيُنَزِّلُ","char_type_name":"word","page_number":406,"line_number":14,"text":"ﯥ","translation":{"text":"and He sends down","language_name":"english","language_id":38},"transliteration":{"text":"wayunazzilu","language_name":"english","language_id":38}},{"id":27276,"position":8,"audio_url":"wbw/030_024_008.mp3","qpc_uthmani_hafs":"مِنَ","char_type_name":"word","page_number":406,"line_number":14,"text":"ﯦ","translation":{"text":"from","language_name":"english","language_id":38},"transliteration":{"text":"mina","language_name":"english","language_id":38}},{"id":27277,"position":9,"audio_url":"wbw/030_024_009.mp3","qpc_uthmani_hafs":"ٱلسَّمَآءِ","char_type_name":"word","page_number":406,"line_number":14,"text":"ﯧ","translation":{"text":"the sky","language_name":"english","language_id":38},"transliteration":{"text":"l-samāi","language_name":"english","language_id":38}},{"id":27278,"position":10,"audio_url":"wbw/030_024_010.mp3","qpc_uthmani_hafs":"مَآءٗ","char_type_name":"word","page_number":406,"line_number":14,"text":"ﯨ","translation":{"text":"water","language_name":"english","language_id":38},"transliteration":{"text":"māan","language_name":"english","language_id":38}},{"id":27279,"position":11,"audio_url":"wbw/030_024_011.mp3","qpc_uthmani_hafs":"فَيُحۡيِۦ","char_type_name":"word","page_number":406,"line_number":14,"text":"ﯩ","translation":{"text":"and gives life","language_name":"english","language_id":38},"transliteration":{"text":"fayuḥ'yī","language_name":"english","language_id":38}},{"id":27280,"position":12,"audio_url":"wbw/030_024_012.mp3","qpc_uthmani_hafs":"بِهِ","char_type_name":"word","page_number":406,"line_number":14,"text":"ﯪ","translation":{"text":"therewith","language_name":"english","language_id":38},"transliteration":{"text":"bihi","language_name":"english","language_id":38}},{"id":27281,"position":13,"audio_url":"wbw/030_024_013.mp3","qpc_uthmani_hafs":"ٱلۡأَرۡضَ","char_type_name":"word","page_number":406,"line_number":14,"text":"ﯫ","translation":{"text":"(to) the earth","language_name":"english","language_id":38},"transliteration":{"text":"l-arḍa","language_name":"english","language_id":38}},{"id":27282,"position":14,"audio_url":"wbw/030_024_014.mp3","qpc_uthmani_hafs":"بَعۡدَ","char_type_name":"word","page_number":406,"line_number":15,"text":"ﯬ","translation":{"text":"after","language_name":"english","language_id":38},"transliteration":{"text":"baʿda","language_name":"english","language_id":38}},{"id":27283,"position":15,"audio_url":"wbw/030_024_015.mp3","qpc_uthmani_hafs":"مَوۡتِهَآۚ","char_type_name":"word","page_number":406,"line_number":15,"text":"ﯭﯮ","translation":{"text":"its death","language_name":"english","language_id":38},"transliteration":{"text":"mawtihā","language_name":"english","language_id":38}},{"id":27285,"position":16,"audio_url":"wbw/030_024_017.mp3","qpc_uthmani_hafs":"إِنَّ","char_type_name":"word","page_number":406,"line_number":15,"text":"ﯯ","translation":{"text":"Indeed","language_name":"english","language_id":38},"transliteration":{"text":"inna","language_name":"english","language_id":38}},{"id":27286,"position":17,"audio_url":"wbw/030_024_018.mp3","qpc_uthmani_hafs":"فِي","char_type_name":"word","page_number":406,"line_number":15,"text":"ﯰ","translation":{"text":"in","language_name":"english","language_id":38},"transliteration":{"text":"fī","language_name":"english","language_id":38}},{"id":27287,"position":18,"audio_url":"wbw/030_024_019.mp3","qpc_uthmani_hafs":"ذَٰلِكَ","char_type_name":"word","page_number":406,"line_number":15,"text":"ﯱ","translation":{"text":"that","language_name":"english","language_id":38},"transliteration":{"text":"dhālika","language_name":"english","language_id":38}},{"id":27288,"position":19,"audio_url":"wbw/030_024_020.mp3","qpc_uthmani_hafs":"لَأٓيَٰتٖ","char_type_name":"word","page_number":406,"line_number":15,"text":"ﯲ","translation":{"text":"surely (are) Signs","language_name":"english","language_id":38},"transliteration":{"text":"laāyātin","language_name":"english","language_id":38}},{"id":27289,"position":20,"audio_url":"wbw/030_024_021.mp3","qpc_uthmani_hafs":"لِّقَوۡمٖ","char_type_name":"word","page_number":406,"line_number":15,"text":"ﯳ","translation":{"text":"for a people","language_name":"english","language_id":38},"transliteration":{"text":"liqawmin","language_name":"english","language_id":38}},{"id":27290,"position":21,"audio_url":"wbw/030_024_022.mp3","qpc_uthmani_hafs":"يَعۡقِلُونَ","char_type_name":"word","page_number":406,"line_number":15,"text":"ﯴ","translation":{"text":"who use intellect","language_name":"english","language_id":38},"transliteration":{"text":"yaʿqilūna","language_name":"english","language_id":38}},{"id":27291,"position":22,"audio_url":null,"qpc_uthmani_hafs":"٢٤","char_type_name":"end","page_number":406,"line_number":15,"text":"ﯵ","translation":{"text":"(24)","language_name":"english","language_id":38},"transliteration":{"text":null,"language_name":"english","language_id":38}}],"translations":[{"id":919862,"resource_id":134,"text":"Dan di antara tanda-tanda kekuasaan-Nya, Dia memperlihatkan kepadamu kilat untuk (menimbulkan) ketakutan dan harapan dan Dia menurunkan hujan dari langit, lalu menghidupkan bumi dengan air itu sesudah matinya.  Sesungguhnya pada yang demikian itu, benar-benar terdapat tanda-tanda bagi kaum yang mempergunakan akalnya."}]}],"pagination":{"per_page":50,"current_page":1,"next_page":null,"total_pages":1,"total_records":9}}