{"verses":[{"id":3481,"verse_number":12,"verse_key":"31:12","juz_number":21,"hizb_number":41,"rub_el_hizb_number":164,"ruku_number":357,"manzil_number":5,"sajdah_number":null,"text_uthmani":"وَلَقَدْ ءَاتَيْنَا لُقْمَـٰنَ ٱلْحِكْمَةَ أَنِ ٱشْكُرْ لِلَّهِ ۚ وَمَن يَشْكُرْ فَإِنَّمَا يَشْكُرُ لِنَفْسِهِۦ ۖ وَمَن كَفَرَ فَإِنَّ ٱللَّهَ غَنِىٌّ حَمِيدٌ","page_number":412,"words":[{"id":14433,"position":1,"audio_url":"wbw/031_012_001.mp3","qpc_uthmani_hafs":"وَلَقَدۡ","char_type_name":"word","page_number":412,"line_number":1,"text":"ﭑ","translation":{"text":"And verily","language_name":"english","language_id":38},"transliteration":{"text":"walaqad","language_name":"english","language_id":38}},{"id":14434,"position":2,"audio_url":"wbw/031_012_002.mp3","qpc_uthmani_hafs":"ءَاتَيۡنَا","char_type_name":"word","page_number":412,"line_number":1,"text":"ﭒ","translation":{"text":"We gave","language_name":"english","language_id":38},"transliteration":{"text":"ātaynā","language_name":"english","language_id":38}},{"id":14435,"position":3,"audio_url":"wbw/031_012_003.mp3","qpc_uthmani_hafs":"لُقۡمَٰنَ","char_type_name":"word","page_number":412,"line_number":1,"text":"ﭓ","translation":{"text":"Luqman","language_name":"english","language_id":38},"transliteration":{"text":"luq'māna","language_name":"english","language_id":38}},{"id":14436,"position":4,"audio_url":"wbw/031_012_004.mp3","qpc_uthmani_hafs":"ٱلۡحِكۡمَةَ","char_type_name":"word","page_number":412,"line_number":1,"text":"ﭔ","translation":{"text":"the wisdom","language_name":"english","language_id":38},"transliteration":{"text":"l-ḥik'mata","language_name":"english","language_id":38}},{"id":14437,"position":5,"audio_url":"wbw/031_012_005.mp3","qpc_uthmani_hafs":"أَنِ","char_type_name":"word","page_number":412,"line_number":1,"text":"ﭕ","translation":{"text":"that","language_name":"english","language_id":38},"transliteration":{"text":"ani","language_name":"english","language_id":38}},{"id":14438,"position":6,"audio_url":"wbw/031_012_006.mp3","qpc_uthmani_hafs":"ٱشۡكُرۡ","char_type_name":"word","page_number":412,"line_number":1,"text":"ﭖ","translation":{"text":"Be grateful","language_name":"english","language_id":38},"transliteration":{"text":"ush'kur","language_name":"english","language_id":38}},{"id":14439,"position":7,"audio_url":"wbw/031_012_007.mp3","qpc_uthmani_hafs":"لِلَّهِۚ","char_type_name":"word","page_number":412,"line_number":1,"text":"ﭗﭘ","translation":{"text":"to Allah","language_name":"english","language_id":38},"transliteration":{"text":"lillahi","language_name":"english","language_id":38}},{"id":14441,"position":8,"audio_url":"wbw/031_012_009.mp3","qpc_uthmani_hafs":"وَمَن","char_type_name":"word","page_number":412,"line_number":1,"text":"ﭙ","translation":{"text":"And whoever","language_name":"english","language_id":38},"transliteration":{"text":"waman","language_name":"english","language_id":38}},{"id":14442,"position":9,"audio_url":"wbw/031_012_010.mp3","qpc_uthmani_hafs":"يَشۡكُرۡ","char_type_name":"word","page_number":412,"line_number":1,"text":"ﭚ","translation":{"text":"(is) grateful","language_name":"english","language_id":38},"transliteration":{"text":"yashkur","language_name":"english","language_id":38}},{"id":14443,"position":10,"audio_url":"wbw/031_012_011.mp3","qpc_uthmani_hafs":"فَإِنَّمَا","char_type_name":"word","page_number":412,"line_number":1,"text":"ﭛ","translation":{"text":"then only","language_name":"english","language_id":38},"transliteration":{"text":"fa-innamā","language_name":"english","language_id":38}},{"id":14444,"position":11,"audio_url":"wbw/031_012_012.mp3","qpc_uthmani_hafs":"يَشۡكُرُ","char_type_name":"word","page_number":412,"line_number":2,"text":"ﭜ","translation":{"text":"he is grateful","language_name":"english","language_id":38},"transliteration":{"text":"yashkuru","language_name":"english","language_id":38}},{"id":14445,"position":12,"audio_url":"wbw/031_012_013.mp3","qpc_uthmani_hafs":"لِنَفۡسِهِۦۖ","char_type_name":"word","page_number":412,"line_number":2,"text":"ﭝﭞ","translation":{"text":"for himself","language_name":"english","language_id":38},"transliteration":{"text":"linafsihi","language_name":"english","language_id":38}},{"id":14447,"position":13,"audio_url":"wbw/031_012_015.mp3","qpc_uthmani_hafs":"وَمَن","char_type_name":"word","page_number":412,"line_number":2,"text":"ﭟ","translation":{"text":"And whoever","language_name":"english","language_id":38},"transliteration":{"text":"waman","language_name":"english","language_id":38}},{"id":14448,"position":14,"audio_url":"wbw/031_012_016.mp3","qpc_uthmani_hafs":"كَفَرَ","char_type_name":"word","page_number":412,"line_number":2,"text":"ﭠ","translation":{"text":"(is) ungrateful","language_name":"english","language_id":38},"transliteration":{"text":"kafara","language_name":"english","language_id":38}},{"id":14449,"position":15,"audio_url":"wbw/031_012_017.mp3","qpc_uthmani_hafs":"فَإِنَّ","char_type_name":"word","page_number":412,"line_number":2,"text":"ﭡ","translation":{"text":"then indeed","language_name":"english","language_id":38},"transliteration":{"text":"fa-inna","language_name":"english","language_id":38}},{"id":14450,"position":16,"audio_url":"wbw/031_012_018.mp3","qpc_uthmani_hafs":"ٱللَّهَ","char_type_name":"word","page_number":412,"line_number":2,"text":"ﭢ","translation":{"text":"Allah","language_name":"english","language_id":38},"transliteration":{"text":"l-laha","language_name":"english","language_id":38}},{"id":14451,"position":17,"audio_url":"wbw/031_012_019.mp3","qpc_uthmani_hafs":"غَنِيٌّ","char_type_name":"word","page_number":412,"line_number":2,"text":"ﭣ","translation":{"text":"(is) Free of need","language_name":"english","language_id":38},"transliteration":{"text":"ghaniyyun","language_name":"english","language_id":38}},{"id":14452,"position":18,"audio_url":"wbw/031_012_020.mp3","qpc_uthmani_hafs":"حَمِيدٞ","char_type_name":"word","page_number":412,"line_number":2,"text":"ﭤ","translation":{"text":"Praiseworthy","language_name":"english","language_id":38},"transliteration":{"text":"ḥamīdun","language_name":"english","language_id":38}},{"id":14453,"position":19,"audio_url":null,"qpc_uthmani_hafs":"١٢","char_type_name":"end","page_number":412,"line_number":2,"text":"ﭥ","translation":{"text":"(12)","language_name":"english","language_id":38},"transliteration":{"text":null,"language_name":"english","language_id":38}}],"translations":[{"id":919910,"resource_id":134,"text":"Dan sesungguhnya telah Kami berikan hikmat kepada Luqmān, yaitu, \"Bersyukurlah kepada Allah.  Dan barang siapa yang bersyukur (kepada Allah), maka sesungguhnya ia bersyukur untuk dirinya sendiri dan barang siapa yang tidak bersyukur, maka sesungguhnya Allah Maha Kaya lagi Maha Terpuji\"."}]},{"id":3482,"verse_number":13,"verse_key":"31:13","juz_number":21,"hizb_number":41,"rub_el_hizb_number":164,"ruku_number":357,"manzil_number":5,"sajdah_number":null,"text_uthmani":"وَإِذْ قَالَ لُقْمَـٰنُ لِٱبْنِهِۦ وَهُوَ يَعِظُهُۥ يَـٰبُنَىَّ لَا تُشْرِكْ بِٱللَّهِ ۖ إِنَّ ٱلشِّرْكَ لَظُلْمٌ عَظِيمٌ","page_number":412,"words":[{"id":15534,"position":1,"audio_url":"wbw/031_013_001.mp3","qpc_uthmani_hafs":"وَإِذۡ","char_type_name":"word","page_number":412,"line_number":2,"text":"ﭦ","translation":{"text":"And when","language_name":"english","language_id":38},"transliteration":{"text":"wa-idh","language_name":"english","language_id":38}},{"id":15535,"position":2,"audio_url":"wbw/031_013_002.mp3","qpc_uthmani_hafs":"قَالَ","char_type_name":"word","page_number":412,"line_number":2,"text":"ﭧ","translation":{"text":"said","language_name":"english","language_id":38},"transliteration":{"text":"qāla","language_name":"english","language_id":38}},{"id":15536,"position":3,"audio_url":"wbw/031_013_003.mp3","qpc_uthmani_hafs":"لُقۡمَٰنُ","char_type_name":"word","page_number":412,"line_number":3,"text":"ﭨ","translation":{"text":"Luqman","language_name":"english","language_id":38},"transliteration":{"text":"luq'mānu","language_name":"english","language_id":38}},{"id":15537,"position":4,"audio_url":"wbw/031_013_004.mp3","qpc_uthmani_hafs":"لِٱبۡنِهِۦ","char_type_name":"word","page_number":412,"line_number":3,"text":"ﭩ","translation":{"text":"to his son","language_name":"english","language_id":38},"transliteration":{"text":"li-ib'nihi","language_name":"english","language_id":38}},{"id":15538,"position":5,"audio_url":"wbw/031_013_005.mp3","qpc_uthmani_hafs":"وَهُوَ","char_type_name":"word","page_number":412,"line_number":3,"text":"ﭪ","translation":{"text":"while he","language_name":"english","language_id":38},"transliteration":{"text":"wahuwa","language_name":"english","language_id":38}},{"id":15539,"position":6,"audio_url":"wbw/031_013_006.mp3","qpc_uthmani_hafs":"يَعِظُهُۥ","char_type_name":"word","page_number":412,"line_number":3,"text":"ﭫ","translation":{"text":"(was) instructing him","language_name":"english","language_id":38},"transliteration":{"text":"yaʿiẓuhu","language_name":"english","language_id":38}},{"id":15540,"position":7,"audio_url":"wbw/031_013_007.mp3","qpc_uthmani_hafs":"يَٰبُنَيَّ","char_type_name":"word","page_number":412,"line_number":3,"text":"ﭬ","translation":{"text":"O my son","language_name":"english","language_id":38},"transliteration":{"text":"yābunayya","language_name":"english","language_id":38}},{"id":15541,"position":8,"audio_url":"wbw/031_013_008.mp3","qpc_uthmani_hafs":"لَا","char_type_name":"word","page_number":412,"line_number":3,"text":"ﭭ","translation":{"text":"(Do) not","language_name":"english","language_id":38},"transliteration":{"text":"lā","language_name":"english","language_id":38}},{"id":15542,"position":9,"audio_url":"wbw/031_013_009.mp3","qpc_uthmani_hafs":"تُشۡرِكۡ","char_type_name":"word","page_number":412,"line_number":3,"text":"ﭮ","translation":{"text":"associate partners","language_name":"english","language_id":38},"transliteration":{"text":"tush'rik","language_name":"english","language_id":38}},{"id":15543,"position":10,"audio_url":"wbw/031_013_010.mp3","qpc_uthmani_hafs":"بِٱللَّهِۖ","char_type_name":"word","page_number":412,"line_number":3,"text":"ﭯﭰ","translation":{"text":"with Allah","language_name":"english","language_id":38},"transliteration":{"text":"bil-lahi","language_name":"english","language_id":38}},{"id":15545,"position":11,"audio_url":"wbw/031_013_012.mp3","qpc_uthmani_hafs":"إِنَّ","char_type_name":"word","page_number":412,"line_number":3,"text":"ﭱ","translation":{"text":"Indeed","language_name":"english","language_id":38},"transliteration":{"text":"inna","language_name":"english","language_id":38}},{"id":15546,"position":12,"audio_url":"wbw/031_013_013.mp3","qpc_uthmani_hafs":"ٱلشِّرۡكَ","char_type_name":"word","page_number":412,"line_number":3,"text":"ﭲ","translation":{"text":"associating partners","language_name":"english","language_id":38},"transliteration":{"text":"l-shir'ka","language_name":"english","language_id":38}},{"id":15547,"position":13,"audio_url":"wbw/031_013_014.mp3","qpc_uthmani_hafs":"لَظُلۡمٌ","char_type_name":"word","page_number":412,"line_number":4,"text":"ﭳ","translation":{"text":"(is) surely an injustice","language_name":"english","language_id":38},"transliteration":{"text":"laẓul'mun","language_name":"english","language_id":38}},{"id":15548,"position":14,"audio_url":"wbw/031_013_015.mp3","qpc_uthmani_hafs":"عَظِيمٞ","char_type_name":"word","page_number":412,"line_number":4,"text":"ﭴ","translation":{"text":"great","language_name":"english","language_id":38},"transliteration":{"text":"ʿaẓīmun","language_name":"english","language_id":38}},{"id":15549,"position":15,"audio_url":null,"qpc_uthmani_hafs":"١٣","char_type_name":"end","page_number":412,"line_number":4,"text":"ﭵ","translation":{"text":"(13)","language_name":"english","language_id":38},"transliteration":{"text":null,"language_name":"english","language_id":38}}],"translations":[{"id":919911,"resource_id":134,"text":"Dan (ingatlah) ketika Luqmān berkata kepada anaknya pada waktu ia memberi pelajaran kepadanya, \"Hai anakku, janganlah kamu mempersekutukan Allah, sesungguhnya mempersekutukan (Allah) adalah benar-benar kezaliman yang besar\"."}]},{"id":3483,"verse_number":14,"verse_key":"31:14","juz_number":21,"hizb_number":41,"rub_el_hizb_number":164,"ruku_number":357,"manzil_number":5,"sajdah_number":null,"text_uthmani":"وَوَصَّيْنَا ٱلْإِنسَـٰنَ بِوَٰلِدَيْهِ حَمَلَتْهُ أُمُّهُۥ وَهْنًا عَلَىٰ وَهْنٍ وَفِصَـٰلُهُۥ فِى عَامَيْنِ أَنِ ٱشْكُرْ لِى وَلِوَٰلِدَيْكَ إِلَىَّ ٱلْمَصِيرُ","page_number":412,"words":[{"id":16577,"position":1,"audio_url":"wbw/031_014_001.mp3","qpc_uthmani_hafs":"وَوَصَّيۡنَا","char_type_name":"word","page_number":412,"line_number":4,"text":"ﭶ","translation":{"text":"And We have enjoined","language_name":"english","language_id":38},"transliteration":{"text":"wawaṣṣaynā","language_name":"english","language_id":38}},{"id":16578,"position":2,"audio_url":"wbw/031_014_002.mp3","qpc_uthmani_hafs":"ٱلۡإِنسَٰنَ","char_type_name":"word","page_number":412,"line_number":4,"text":"ﭷ","translation":{"text":"(upon) man","language_name":"english","language_id":38},"transliteration":{"text":"l-insāna","language_name":"english","language_id":38}},{"id":16579,"position":3,"audio_url":"wbw/031_014_003.mp3","qpc_uthmani_hafs":"بِوَٰلِدَيۡهِ","char_type_name":"word","page_number":412,"line_number":4,"text":"ﭸ","translation":{"text":"for his parents ","language_name":"english","language_id":38},"transliteration":{"text":"biwālidayhi","language_name":"english","language_id":38}},{"id":16580,"position":4,"audio_url":"wbw/031_014_004.mp3","qpc_uthmani_hafs":"حَمَلَتۡهُ","char_type_name":"word","page_number":412,"line_number":4,"text":"ﭹ","translation":{"text":"carried him","language_name":"english","language_id":38},"transliteration":{"text":"ḥamalathu","language_name":"english","language_id":38}},{"id":16581,"position":5,"audio_url":"wbw/031_014_005.mp3","qpc_uthmani_hafs":"أُمُّهُۥ","char_type_name":"word","page_number":412,"line_number":4,"text":"ﭺ","translation":{"text":"his mother","language_name":"english","language_id":38},"transliteration":{"text":"ummuhu","language_name":"english","language_id":38}},{"id":16582,"position":6,"audio_url":"wbw/031_014_006.mp3","qpc_uthmani_hafs":"وَهۡنًا","char_type_name":"word","page_number":412,"line_number":5,"text":"ﭻ","translation":{"text":"(in) weakness","language_name":"english","language_id":38},"transliteration":{"text":"wahnan","language_name":"english","language_id":38}},{"id":16583,"position":7,"audio_url":"wbw/031_014_007.mp3","qpc_uthmani_hafs":"عَلَىٰ","char_type_name":"word","page_number":412,"line_number":5,"text":"ﭼ","translation":{"text":"upon","language_name":"english","language_id":38},"transliteration":{"text":"ʿalā","language_name":"english","language_id":38}},{"id":16584,"position":8,"audio_url":"wbw/031_014_008.mp3","qpc_uthmani_hafs":"وَهۡنٖ","char_type_name":"word","page_number":412,"line_number":5,"text":"ﭽ","translation":{"text":"weakness","language_name":"english","language_id":38},"transliteration":{"text":"wahnin","language_name":"english","language_id":38}},{"id":16585,"position":9,"audio_url":"wbw/031_014_009.mp3","qpc_uthmani_hafs":"وَفِصَٰلُهُۥ","char_type_name":"word","page_number":412,"line_number":5,"text":"ﭾ","translation":{"text":"and his weaning","language_name":"english","language_id":38},"transliteration":{"text":"wafiṣāluhu","language_name":"english","language_id":38}},{"id":16586,"position":10,"audio_url":"wbw/031_014_010.mp3","qpc_uthmani_hafs":"فِي","char_type_name":"word","page_number":412,"line_number":5,"text":"ﭿ","translation":{"text":"(is) in","language_name":"english","language_id":38},"transliteration":{"text":"fī","language_name":"english","language_id":38}},{"id":16587,"position":11,"audio_url":"wbw/031_014_011.mp3","qpc_uthmani_hafs":"عَامَيۡنِ","char_type_name":"word","page_number":412,"line_number":5,"text":"ﮀ","translation":{"text":"two years","language_name":"english","language_id":38},"transliteration":{"text":"ʿāmayni","language_name":"english","language_id":38}},{"id":16588,"position":12,"audio_url":"wbw/031_014_012.mp3","qpc_uthmani_hafs":"أَنِ","char_type_name":"word","page_number":412,"line_number":5,"text":"ﮁ","translation":{"text":"that","language_name":"english","language_id":38},"transliteration":{"text":"ani","language_name":"english","language_id":38}},{"id":16589,"position":13,"audio_url":"wbw/031_014_013.mp3","qpc_uthmani_hafs":"ٱشۡكُرۡ","char_type_name":"word","page_number":412,"line_number":5,"text":"ﮂ","translation":{"text":"Be grateful","language_name":"english","language_id":38},"transliteration":{"text":"ush'kur","language_name":"english","language_id":38}},{"id":16590,"position":14,"audio_url":"wbw/031_014_014.mp3","qpc_uthmani_hafs":"لِي","char_type_name":"word","page_number":412,"line_number":5,"text":"ﮃ","translation":{"text":"to Me","language_name":"english","language_id":38},"transliteration":{"text":"lī","language_name":"english","language_id":38}},{"id":16591,"position":15,"audio_url":"wbw/031_014_015.mp3","qpc_uthmani_hafs":"وَلِوَٰلِدَيۡكَ","char_type_name":"word","page_number":412,"line_number":5,"text":"ﮄ","translation":{"text":"and to your parents","language_name":"english","language_id":38},"transliteration":{"text":"waliwālidayka","language_name":"english","language_id":38}},{"id":16592,"position":16,"audio_url":"wbw/031_014_016.mp3","qpc_uthmani_hafs":"إِلَيَّ","char_type_name":"word","page_number":412,"line_number":6,"text":"ﮅ","translation":{"text":"towards Me","language_name":"english","language_id":38},"transliteration":{"text":"ilayya","language_name":"english","language_id":38}},{"id":16593,"position":17,"audio_url":"wbw/031_014_017.mp3","qpc_uthmani_hafs":"ٱلۡمَصِيرُ","char_type_name":"word","page_number":412,"line_number":6,"text":"ﮆ","translation":{"text":"(is) the destination","language_name":"english","language_id":38},"transliteration":{"text":"l-maṣīru","language_name":"english","language_id":38}},{"id":16594,"position":18,"audio_url":null,"qpc_uthmani_hafs":"١٤","char_type_name":"end","page_number":412,"line_number":6,"text":"ﮇ","translation":{"text":"(14)","language_name":"english","language_id":38},"transliteration":{"text":null,"language_name":"english","language_id":38}}],"translations":[{"id":919912,"resource_id":134,"text":"Dan Kami perintahkan kepada manusia (berbuat baik) kepada dua orang ibu-bapanya; ibunya telah mengandungnya dalam keadaan lemah yang bertambah-tambah dan menyapihnya dalam dua tahun <sup foot_note=210949>1</sup>.  Bersyukurlah kepada-Ku dan kepada dua orang ibu bapakmu, hanya kepada-Kulah kembalimu."}]},{"id":3484,"verse_number":15,"verse_key":"31:15","juz_number":21,"hizb_number":41,"rub_el_hizb_number":164,"ruku_number":357,"manzil_number":5,"sajdah_number":null,"text_uthmani":"وَإِن جَـٰهَدَاكَ عَلَىٰٓ أَن تُشْرِكَ بِى مَا لَيْسَ لَكَ بِهِۦ عِلْمٌ فَلَا تُطِعْهُمَا ۖ وَصَاحِبْهُمَا فِى ٱلدُّنْيَا مَعْرُوفًا ۖ وَٱتَّبِعْ سَبِيلَ مَنْ أَنَابَ إِلَىَّ ۚ ثُمَّ إِلَىَّ مَرْجِعُكُمْ فَأُنَبِّئُكُم بِمَا كُنتُمْ تَعْمَلُونَ","page_number":412,"words":[{"id":17765,"position":1,"audio_url":"wbw/031_015_001.mp3","qpc_uthmani_hafs":"وَإِن","char_type_name":"word","page_number":412,"line_number":6,"text":"ﮈ","translation":{"text":"But if","language_name":"english","language_id":38},"transliteration":{"text":"wa-in","language_name":"english","language_id":38}},{"id":17766,"position":2,"audio_url":"wbw/031_015_002.mp3","qpc_uthmani_hafs":"جَٰهَدَاكَ","char_type_name":"word","page_number":412,"line_number":6,"text":"ﮉ","translation":{"text":"they strive against you","language_name":"english","language_id":38},"transliteration":{"text":"jāhadāka","language_name":"english","language_id":38}},{"id":17767,"position":3,"audio_url":"wbw/031_015_003.mp3","qpc_uthmani_hafs":"عَلَىٰٓ","char_type_name":"word","page_number":412,"line_number":6,"text":"ﮊ","translation":{"text":"on","language_name":"english","language_id":38},"transliteration":{"text":"ʿalā","language_name":"english","language_id":38}},{"id":17768,"position":4,"audio_url":"wbw/031_015_004.mp3","qpc_uthmani_hafs":"أَن","char_type_name":"word","page_number":412,"line_number":6,"text":"ﮋ","translation":{"text":"that","language_name":"english","language_id":38},"transliteration":{"text":"an","language_name":"english","language_id":38}},{"id":17769,"position":5,"audio_url":"wbw/031_015_005.mp3","qpc_uthmani_hafs":"تُشۡرِكَ","char_type_name":"word","page_number":412,"line_number":6,"text":"ﮌ","translation":{"text":"you associate partners","language_name":"english","language_id":38},"transliteration":{"text":"tush'rika","language_name":"english","language_id":38}},{"id":17770,"position":6,"audio_url":"wbw/031_015_006.mp3","qpc_uthmani_hafs":"بِي","char_type_name":"word","page_number":412,"line_number":6,"text":"ﮍ","translation":{"text":"with Me","language_name":"english","language_id":38},"transliteration":{"text":"bī","language_name":"english","language_id":38}},{"id":17771,"position":7,"audio_url":"wbw/031_015_007.mp3","qpc_uthmani_hafs":"مَا","char_type_name":"word","page_number":412,"line_number":6,"text":"ﮎ","translation":{"text":"what","language_name":"english","language_id":38},"transliteration":{"text":"mā","language_name":"english","language_id":38}},{"id":17772,"position":8,"audio_url":"wbw/031_015_008.mp3","qpc_uthmani_hafs":"لَيۡسَ","char_type_name":"word","page_number":412,"line_number":6,"text":"ﮏ","translation":{"text":"not","language_name":"english","language_id":38},"transliteration":{"text":"laysa","language_name":"english","language_id":38}},{"id":17773,"position":9,"audio_url":"wbw/031_015_009.mp3","qpc_uthmani_hafs":"لَكَ","char_type_name":"word","page_number":412,"line_number":7,"text":"ﮐ","translation":{"text":"you have","language_name":"english","language_id":38},"transliteration":{"text":"laka","language_name":"english","language_id":38}},{"id":17774,"position":10,"audio_url":"wbw/031_015_010.mp3","qpc_uthmani_hafs":"بِهِۦ","char_type_name":"word","page_number":412,"line_number":7,"text":"ﮑ","translation":{"text":"of it","language_name":"english","language_id":38},"transliteration":{"text":"bihi","language_name":"english","language_id":38}},{"id":17775,"position":11,"audio_url":"wbw/031_015_011.mp3","qpc_uthmani_hafs":"عِلۡمٞ","char_type_name":"word","page_number":412,"line_number":7,"text":"ﮒ","translation":{"text":"any knowledge","language_name":"english","language_id":38},"transliteration":{"text":"ʿil'mun","language_name":"english","language_id":38}},{"id":17776,"position":12,"audio_url":"wbw/031_015_012.mp3","qpc_uthmani_hafs":"فَلَا","char_type_name":"word","page_number":412,"line_number":7,"text":"ﮓ","translation":{"text":"then (do) not","language_name":"english","language_id":38},"transliteration":{"text":"falā","language_name":"english","language_id":38}},{"id":17777,"position":13,"audio_url":"wbw/031_015_013.mp3","qpc_uthmani_hafs":"تُطِعۡهُمَاۖ","char_type_name":"word","page_number":412,"line_number":7,"text":"ﮔﮕ","translation":{"text":"obey both of them","language_name":"english","language_id":38},"transliteration":{"text":"tuṭiʿ'humā","language_name":"english","language_id":38}},{"id":17779,"position":14,"audio_url":"wbw/031_015_015.mp3","qpc_uthmani_hafs":"وَصَاحِبۡهُمَا","char_type_name":"word","page_number":412,"line_number":7,"text":"ﮖ","translation":{"text":"But accompany them","language_name":"english","language_id":38},"transliteration":{"text":"waṣāḥib'humā","language_name":"english","language_id":38}},{"id":17780,"position":15,"audio_url":"wbw/031_015_016.mp3","qpc_uthmani_hafs":"فِي","char_type_name":"word","page_number":412,"line_number":7,"text":"ﮗ","translation":{"text":"in","language_name":"english","language_id":38},"transliteration":{"text":"fī","language_name":"english","language_id":38}},{"id":17781,"position":16,"audio_url":"wbw/031_015_017.mp3","qpc_uthmani_hafs":"ٱلدُّنۡيَا","char_type_name":"word","page_number":412,"line_number":7,"text":"ﮘ","translation":{"text":"the world","language_name":"english","language_id":38},"transliteration":{"text":"l-dun'yā","language_name":"english","language_id":38}},{"id":17782,"position":17,"audio_url":"wbw/031_015_018.mp3","qpc_uthmani_hafs":"مَعۡرُوفٗاۖ","char_type_name":"word","page_number":412,"line_number":7,"text":"ﮙﮚ","translation":{"text":"(with) kindness","language_name":"english","language_id":38},"transliteration":{"text":"maʿrūfan","language_name":"english","language_id":38}},{"id":17784,"position":18,"audio_url":"wbw/031_015_020.mp3","qpc_uthmani_hafs":"وَٱتَّبِعۡ","char_type_name":"word","page_number":412,"line_number":8,"text":"ﮛ","translation":{"text":"and follow","language_name":"english","language_id":38},"transliteration":{"text":"wa-ittabiʿ","language_name":"english","language_id":38}},{"id":17785,"position":19,"audio_url":"wbw/031_015_021.mp3","qpc_uthmani_hafs":"سَبِيلَ","char_type_name":"word","page_number":412,"line_number":8,"text":"ﮜ","translation":{"text":"(the) path","language_name":"english","language_id":38},"transliteration":{"text":"sabīla","language_name":"english","language_id":38}},{"id":17786,"position":20,"audio_url":"wbw/031_015_022.mp3","qpc_uthmani_hafs":"مَنۡ","char_type_name":"word","page_number":412,"line_number":8,"text":"ﮝ","translation":{"text":"(of him) who","language_name":"english","language_id":38},"transliteration":{"text":"man","language_name":"english","language_id":38}},{"id":17787,"position":21,"audio_url":"wbw/031_015_023.mp3","qpc_uthmani_hafs":"أَنَابَ","char_type_name":"word","page_number":412,"line_number":8,"text":"ﮞ","translation":{"text":"turns","language_name":"english","language_id":38},"transliteration":{"text":"anāba","language_name":"english","language_id":38}},{"id":17788,"position":22,"audio_url":"wbw/031_015_024.mp3","qpc_uthmani_hafs":"إِلَيَّۚ","char_type_name":"word","page_number":412,"line_number":8,"text":"ﮟﮠ","translation":{"text":"to Me","language_name":"english","language_id":38},"transliteration":{"text":"ilayya","language_name":"english","language_id":38}},{"id":17790,"position":23,"audio_url":"wbw/031_015_026.mp3","qpc_uthmani_hafs":"ثُمَّ","char_type_name":"word","page_number":412,"line_number":8,"text":"ﮡ","translation":{"text":"Then","language_name":"english","language_id":38},"transliteration":{"text":"thumma","language_name":"english","language_id":38}},{"id":17791,"position":24,"audio_url":"wbw/031_015_027.mp3","qpc_uthmani_hafs":"إِلَيَّ","char_type_name":"word","page_number":412,"line_number":8,"text":"ﮢ","translation":{"text":"towards Me","language_name":"english","language_id":38},"transliteration":{"text":"ilayya","language_name":"english","language_id":38}},{"id":17792,"position":25,"audio_url":"wbw/031_015_028.mp3","qpc_uthmani_hafs":"مَرۡجِعُكُمۡ","char_type_name":"word","page_number":412,"line_number":8,"text":"ﮣ","translation":{"text":"(is) your return","language_name":"english","language_id":38},"transliteration":{"text":"marjiʿukum","language_name":"english","language_id":38}},{"id":17793,"position":26,"audio_url":"wbw/031_015_029.mp3","qpc_uthmani_hafs":"فَأُنَبِّئُكُم","char_type_name":"word","page_number":412,"line_number":8,"text":"ﮤ","translation":{"text":"then I will inform you","language_name":"english","language_id":38},"transliteration":{"text":"fa-unabbi-ukum","language_name":"english","language_id":38}},{"id":17794,"position":27,"audio_url":"wbw/031_015_030.mp3","qpc_uthmani_hafs":"بِمَا","char_type_name":"word","page_number":412,"line_number":9,"text":"ﮥ","translation":{"text":"of what","language_name":"english","language_id":38},"transliteration":{"text":"bimā","language_name":"english","language_id":38}},{"id":17795,"position":28,"audio_url":"wbw/031_015_031.mp3","qpc_uthmani_hafs":"كُنتُمۡ","char_type_name":"word","page_number":412,"line_number":9,"text":"ﮦ","translation":{"text":"you used (to)","language_name":"english","language_id":38},"transliteration":{"text":"kuntum","language_name":"english","language_id":38}},{"id":17796,"position":29,"audio_url":"wbw/031_015_032.mp3","qpc_uthmani_hafs":"تَعۡمَلُونَ","char_type_name":"word","page_number":412,"line_number":9,"text":"ﮧ","translation":{"text":"do","language_name":"english","language_id":38},"transliteration":{"text":"taʿmalūna","language_name":"english","language_id":38}},{"id":17797,"position":30,"audio_url":null,"qpc_uthmani_hafs":"١٥","char_type_name":"end","page_number":412,"line_number":9,"text":"ﮨ","translation":{"text":"(15)","language_name":"english","language_id":38},"transliteration":{"text":null,"language_name":"english","language_id":38}}],"translations":[{"id":919913,"resource_id":134,"text":"Dan jika keduanya memaksamu untuk mempersekutukan dengan Aku sesuatu yang tidak ada pengetahuanmu tentang itu, maka janganlah kamu mengikuti keduanya dan pergaulilah keduanya dengan baik dan ikutilah jalan orang yang kembali kepada-Ku, kemudian hanya kepada-Kulah kembalimu, maka Kuberitakan kepadamu apa yang telah kamu kerjakan."}]},{"id":3485,"verse_number":16,"verse_key":"31:16","juz_number":21,"hizb_number":41,"rub_el_hizb_number":164,"ruku_number":357,"manzil_number":5,"sajdah_number":null,"text_uthmani":"يَـٰبُنَىَّ إِنَّهَآ إِن تَكُ مِثْقَالَ حَبَّةٍ مِّنْ خَرْدَلٍ فَتَكُن فِى صَخْرَةٍ أَوْ فِى ٱلسَّمَـٰوَٰتِ أَوْ فِى ٱلْأَرْضِ يَأْتِ بِهَا ٱللَّهُ ۚ إِنَّ ٱللَّهَ لَطِيفٌ خَبِيرٌ","page_number":412,"words":[{"id":18780,"position":1,"audio_url":"wbw/031_016_001.mp3","qpc_uthmani_hafs":"يَٰبُنَيَّ","char_type_name":"word","page_number":412,"line_number":9,"text":"ﮩ","translation":{"text":"O my son","language_name":"english","language_id":38},"transliteration":{"text":"yābunayya","language_name":"english","language_id":38}},{"id":18781,"position":2,"audio_url":"wbw/031_016_002.mp3","qpc_uthmani_hafs":"إِنَّهَآ","char_type_name":"word","page_number":412,"line_number":9,"text":"ﮪ","translation":{"text":"Indeed it","language_name":"english","language_id":38},"transliteration":{"text":"innahā","language_name":"english","language_id":38}},{"id":18782,"position":3,"audio_url":"wbw/031_016_003.mp3","qpc_uthmani_hafs":"إِن","char_type_name":"word","page_number":412,"line_number":9,"text":"ﮫ","translation":{"text":"if","language_name":"english","language_id":38},"transliteration":{"text":"in","language_name":"english","language_id":38}},{"id":18783,"position":4,"audio_url":"wbw/031_016_004.mp3","qpc_uthmani_hafs":"تَكُ","char_type_name":"word","page_number":412,"line_number":9,"text":"ﮬ","translation":{"text":"it be","language_name":"english","language_id":38},"transliteration":{"text":"taku","language_name":"english","language_id":38}},{"id":18784,"position":5,"audio_url":"wbw/031_016_005.mp3","qpc_uthmani_hafs":"مِثۡقَالَ","char_type_name":"word","page_number":412,"line_number":9,"text":"ﮭ","translation":{"text":"(the) weight","language_name":"english","language_id":38},"transliteration":{"text":"mith'qāla","language_name":"english","language_id":38}},{"id":18785,"position":6,"audio_url":"wbw/031_016_006.mp3","qpc_uthmani_hafs":"حَبَّةٖ","char_type_name":"word","page_number":412,"line_number":9,"text":"ﮮ","translation":{"text":"(of) a grain","language_name":"english","language_id":38},"transliteration":{"text":"ḥabbatin","language_name":"english","language_id":38}},{"id":18786,"position":7,"audio_url":"wbw/031_016_007.mp3","qpc_uthmani_hafs":"مِّنۡ","char_type_name":"word","page_number":412,"line_number":9,"text":"ﮯ","translation":{"text":"of","language_name":"english","language_id":38},"transliteration":{"text":"min","language_name":"english","language_id":38}},{"id":18787,"position":8,"audio_url":"wbw/031_016_008.mp3","qpc_uthmani_hafs":"خَرۡدَلٖ","char_type_name":"word","page_number":412,"line_number":10,"text":"ﮰ","translation":{"text":"a mustard seed","language_name":"english","language_id":38},"transliteration":{"text":"khardalin","language_name":"english","language_id":38}},{"id":18788,"position":9,"audio_url":"wbw/031_016_009.mp3","qpc_uthmani_hafs":"فَتَكُن","char_type_name":"word","page_number":412,"line_number":10,"text":"ﮱ","translation":{"text":"and it be","language_name":"english","language_id":38},"transliteration":{"text":"fatakun","language_name":"english","language_id":38}},{"id":18789,"position":10,"audio_url":"wbw/031_016_010.mp3","qpc_uthmani_hafs":"فِي","char_type_name":"word","page_number":412,"line_number":10,"text":"ﯓ","translation":{"text":"in","language_name":"english","language_id":38},"transliteration":{"text":"fī","language_name":"english","language_id":38}},{"id":18790,"position":11,"audio_url":"wbw/031_016_011.mp3","qpc_uthmani_hafs":"صَخۡرَةٍ","char_type_name":"word","page_number":412,"line_number":10,"text":"ﯔ","translation":{"text":"a rock","language_name":"english","language_id":38},"transliteration":{"text":"ṣakhratin","language_name":"english","language_id":38}},{"id":18791,"position":12,"audio_url":"wbw/031_016_012.mp3","qpc_uthmani_hafs":"أَوۡ","char_type_name":"word","page_number":412,"line_number":10,"text":"ﯕ","translation":{"text":"or","language_name":"english","language_id":38},"transliteration":{"text":"aw","language_name":"english","language_id":38}},{"id":18792,"position":13,"audio_url":"wbw/031_016_013.mp3","qpc_uthmani_hafs":"فِي","char_type_name":"word","page_number":412,"line_number":10,"text":"ﯖ","translation":{"text":"in","language_name":"english","language_id":38},"transliteration":{"text":"fī","language_name":"english","language_id":38}},{"id":18793,"position":14,"audio_url":"wbw/031_016_014.mp3","qpc_uthmani_hafs":"ٱلسَّمَٰوَٰتِ","char_type_name":"word","page_number":412,"line_number":10,"text":"ﯗ","translation":{"text":"the heavens","language_name":"english","language_id":38},"transliteration":{"text":"l-samāwāti","language_name":"english","language_id":38}},{"id":18794,"position":15,"audio_url":"wbw/031_016_015.mp3","qpc_uthmani_hafs":"أَوۡ","char_type_name":"word","page_number":412,"line_number":10,"text":"ﯘ","translation":{"text":"or","language_name":"english","language_id":38},"transliteration":{"text":"aw","language_name":"english","language_id":38}},{"id":18795,"position":16,"audio_url":"wbw/031_016_016.mp3","qpc_uthmani_hafs":"فِي","char_type_name":"word","page_number":412,"line_number":10,"text":"ﯙ","translation":{"text":"in","language_name":"english","language_id":38},"transliteration":{"text":"fī","language_name":"english","language_id":38}},{"id":18796,"position":17,"audio_url":"wbw/031_016_017.mp3","qpc_uthmani_hafs":"ٱلۡأَرۡضِ","char_type_name":"word","page_number":412,"line_number":10,"text":"ﯚ","translation":{"text":"the earth","language_name":"english","language_id":38},"transliteration":{"text":"l-arḍi","language_name":"english","language_id":38}},{"id":18797,"position":18,"audio_url":"wbw/031_016_018.mp3","qpc_uthmani_hafs":"يَأۡتِ","char_type_name":"word","page_number":412,"line_number":10,"text":"ﯛ","translation":{"text":"Allah will bring it forth","language_name":"english","language_id":38},"transliteration":{"text":"yati","language_name":"english","language_id":38}},{"id":18798,"position":19,"audio_url":"wbw/031_016_019.mp3","qpc_uthmani_hafs":"بِهَا","char_type_name":"word","page_number":412,"line_number":11,"text":"ﯜ","translation":{"text":"Allah will bring it forth","language_name":"english","language_id":38},"transliteration":{"text":"bihā","language_name":"english","language_id":38}},{"id":18799,"position":20,"audio_url":"wbw/031_016_020.mp3","qpc_uthmani_hafs":"ٱللَّهُۚ","char_type_name":"word","page_number":412,"line_number":11,"text":"ﯝﯞ","translation":{"text":"Allah will bring it forth","language_name":"english","language_id":38},"transliteration":{"text":"l-lahu","language_name":"english","language_id":38}},{"id":18801,"position":21,"audio_url":"wbw/031_016_022.mp3","qpc_uthmani_hafs":"إِنَّ","char_type_name":"word","page_number":412,"line_number":11,"text":"ﯟ","translation":{"text":"Indeed","language_name":"english","language_id":38},"transliteration":{"text":"inna","language_name":"english","language_id":38}},{"id":18802,"position":22,"audio_url":"wbw/031_016_023.mp3","qpc_uthmani_hafs":"ٱللَّهَ","char_type_name":"word","page_number":412,"line_number":11,"text":"ﯠ","translation":{"text":"Allah","language_name":"english","language_id":38},"transliteration":{"text":"l-laha","language_name":"english","language_id":38}},{"id":18803,"position":23,"audio_url":"wbw/031_016_024.mp3","qpc_uthmani_hafs":"لَطِيفٌ","char_type_name":"word","page_number":412,"line_number":11,"text":"ﯡ","translation":{"text":"(is) All-Subtle","language_name":"english","language_id":38},"transliteration":{"text":"laṭīfun","language_name":"english","language_id":38}},{"id":18804,"position":24,"audio_url":"wbw/031_016_025.mp3","qpc_uthmani_hafs":"خَبِيرٞ","char_type_name":"word","page_number":412,"line_number":11,"text":"ﯢ","translation":{"text":"All-Aware","language_name":"english","language_id":38},"transliteration":{"text":"khabīrun","language_name":"english","language_id":38}},{"id":18805,"position":25,"audio_url":null,"qpc_uthmani_hafs":"١٦","char_type_name":"end","page_number":412,"line_number":11,"text":"ﯣ","translation":{"text":"(16)","language_name":"english","language_id":38},"transliteration":{"text":null,"language_name":"english","language_id":38}}],"translations":[{"id":919914,"resource_id":134,"text":"(Luqmān berkata), \"Hai anakku, sesungguhnya jika ada (sesuatu perbuatan) seberat biji sawi dan berada dalam batu atau di langit atau di dalam bumi, niscaya Allah akan mendatangkannya (membalasinya).  Sesungguhnya Allah Maha Halus <sup foot_note=210950>1</sup> lagi Maha Mengetahui."}]},{"id":3486,"verse_number":17,"verse_key":"31:17","juz_number":21,"hizb_number":41,"rub_el_hizb_number":164,"ruku_number":357,"manzil_number":5,"sajdah_number":null,"text_uthmani":"يَـٰبُنَىَّ أَقِمِ ٱلصَّلَوٰةَ وَأْمُرْ بِٱلْمَعْرُوفِ وَٱنْهَ عَنِ ٱلْمُنكَرِ وَٱصْبِرْ عَلَىٰ مَآ أَصَابَكَ ۖ إِنَّ ذَٰلِكَ مِنْ عَزْمِ ٱلْأُمُورِ","page_number":412,"words":[{"id":19880,"position":1,"audio_url":"wbw/031_017_001.mp3","qpc_uthmani_hafs":"يَٰبُنَيَّ","char_type_name":"word","page_number":412,"line_number":11,"text":"ﯤ","translation":{"text":"O my son","language_name":"english","language_id":38},"transliteration":{"text":"yābunayya","language_name":"english","language_id":38}},{"id":19881,"position":2,"audio_url":"wbw/031_017_002.mp3","qpc_uthmani_hafs":"أَقِمِ","char_type_name":"word","page_number":412,"line_number":11,"text":"ﯥ","translation":{"text":"Establish","language_name":"english","language_id":38},"transliteration":{"text":"aqimi","language_name":"english","language_id":38}},{"id":19882,"position":3,"audio_url":"wbw/031_017_003.mp3","qpc_uthmani_hafs":"ٱلصَّلَوٰةَ","char_type_name":"word","page_number":412,"line_number":11,"text":"ﯦ","translation":{"text":"the prayer","language_name":"english","language_id":38},"transliteration":{"text":"l-ṣalata","language_name":"english","language_id":38}},{"id":19883,"position":4,"audio_url":"wbw/031_017_004.mp3","qpc_uthmani_hafs":"وَأۡمُرۡ","char_type_name":"word","page_number":412,"line_number":11,"text":"ﯧ","translation":{"text":"and enjoin","language_name":"english","language_id":38},"transliteration":{"text":"wamur","language_name":"english","language_id":38}},{"id":19884,"position":5,"audio_url":"wbw/031_017_005.mp3","qpc_uthmani_hafs":"بِٱلۡمَعۡرُوفِ","char_type_name":"word","page_number":412,"line_number":12,"text":"ﯨ","translation":{"text":"[with] the right","language_name":"english","language_id":38},"transliteration":{"text":"bil-maʿrūfi","language_name":"english","language_id":38}},{"id":19885,"position":6,"audio_url":"wbw/031_017_006.mp3","qpc_uthmani_hafs":"وَٱنۡهَ","char_type_name":"word","page_number":412,"line_number":12,"text":"ﯩ","translation":{"text":"and forbid","language_name":"english","language_id":38},"transliteration":{"text":"wa-in'ha","language_name":"english","language_id":38}},{"id":19886,"position":7,"audio_url":"wbw/031_017_007.mp3","qpc_uthmani_hafs":"عَنِ","char_type_name":"word","page_number":412,"line_number":12,"text":"ﯪ","translation":{"text":"from","language_name":"english","language_id":38},"transliteration":{"text":"ʿani","language_name":"english","language_id":38}},{"id":19887,"position":8,"audio_url":"wbw/031_017_008.mp3","qpc_uthmani_hafs":"ٱلۡمُنكَرِ","char_type_name":"word","page_number":412,"line_number":12,"text":"ﯫ","translation":{"text":"the wrong","language_name":"english","language_id":38},"transliteration":{"text":"l-munkari","language_name":"english","language_id":38}},{"id":19888,"position":9,"audio_url":"wbw/031_017_009.mp3","qpc_uthmani_hafs":"وَٱصۡبِرۡ","char_type_name":"word","page_number":412,"line_number":12,"text":"ﯬ","translation":{"text":"and be patient","language_name":"english","language_id":38},"transliteration":{"text":"wa-iṣ'bir","language_name":"english","language_id":38}},{"id":19889,"position":10,"audio_url":"wbw/031_017_010.mp3","qpc_uthmani_hafs":"عَلَىٰ","char_type_name":"word","page_number":412,"line_number":12,"text":"ﯭ","translation":{"text":"over","language_name":"english","language_id":38},"transliteration":{"text":"ʿalā","language_name":"english","language_id":38}},{"id":19890,"position":11,"audio_url":"wbw/031_017_011.mp3","qpc_uthmani_hafs":"مَآ","char_type_name":"word","page_number":412,"line_number":12,"text":"ﯮ","translation":{"text":"what","language_name":"english","language_id":38},"transliteration":{"text":"mā","language_name":"english","language_id":38}},{"id":19891,"position":12,"audio_url":"wbw/031_017_012.mp3","qpc_uthmani_hafs":"أَصَابَكَۖ","char_type_name":"word","page_number":412,"line_number":12,"text":"ﯯﯰ","translation":{"text":"befalls you","language_name":"english","language_id":38},"transliteration":{"text":"aṣābaka","language_name":"english","language_id":38}},{"id":19893,"position":13,"audio_url":"wbw/031_017_014.mp3","qpc_uthmani_hafs":"إِنَّ","char_type_name":"word","page_number":412,"line_number":12,"text":"ﯱ","translation":{"text":"Indeed","language_name":"english","language_id":38},"transliteration":{"text":"inna","language_name":"english","language_id":38}},{"id":19894,"position":14,"audio_url":"wbw/031_017_015.mp3","qpc_uthmani_hafs":"ذَٰلِكَ","char_type_name":"word","page_number":412,"line_number":12,"text":"ﯲ","translation":{"text":"that","language_name":"english","language_id":38},"transliteration":{"text":"dhālika","language_name":"english","language_id":38}},{"id":19895,"position":15,"audio_url":"wbw/031_017_016.mp3","qpc_uthmani_hafs":"مِنۡ","char_type_name":"word","page_number":412,"line_number":13,"text":"ﯳ","translation":{"text":"(is) of","language_name":"english","language_id":38},"transliteration":{"text":"min","language_name":"english","language_id":38}},{"id":19896,"position":16,"audio_url":"wbw/031_017_017.mp3","qpc_uthmani_hafs":"عَزۡمِ","char_type_name":"word","page_number":412,"line_number":13,"text":"ﯴ","translation":{"text":"the matters requiring determination","language_name":"english","language_id":38},"transliteration":{"text":"ʿazmi","language_name":"english","language_id":38}},{"id":19897,"position":17,"audio_url":"wbw/031_017_018.mp3","qpc_uthmani_hafs":"ٱلۡأُمُورِ","char_type_name":"word","page_number":412,"line_number":13,"text":"ﯵ","translation":{"text":"the matters requiring determination","language_name":"english","language_id":38},"transliteration":{"text":"l-umūri","language_name":"english","language_id":38}},{"id":19898,"position":18,"audio_url":null,"qpc_uthmani_hafs":"١٧","char_type_name":"end","page_number":412,"line_number":13,"text":"ﯶ","translation":{"text":"(17)","language_name":"english","language_id":38},"transliteration":{"text":null,"language_name":"english","language_id":38}}],"translations":[{"id":919915,"resource_id":134,"text":"Hai anakku, dirikanlah salat dan suruhlah (manusia) mengerjakan yang baik dan cegahlah (mereka) dari perbuatan yang mungkar dan bersabarlah terhadap apa yang menimpa kamu.  Sesungguhnya yang demikian itu termasuk hal-hal yang diwajibkan (oleh Allah)."}]},{"id":3487,"verse_number":18,"verse_key":"31:18","juz_number":21,"hizb_number":41,"rub_el_hizb_number":164,"ruku_number":357,"manzil_number":5,"sajdah_number":null,"text_uthmani":"وَلَا تُصَعِّرْ خَدَّكَ لِلنَّاسِ وَلَا تَمْشِ فِى ٱلْأَرْضِ مَرَحًا ۖ إِنَّ ٱللَّهَ لَا يُحِبُّ كُلَّ مُخْتَالٍ فَخُورٍ","page_number":412,"words":[{"id":20936,"position":1,"audio_url":"wbw/031_018_001.mp3","qpc_uthmani_hafs":"وَلَا","char_type_name":"word","page_number":412,"line_number":13,"text":"ﯷ","translation":{"text":"And (do) not","language_name":"english","language_id":38},"transliteration":{"text":"walā","language_name":"english","language_id":38}},{"id":20937,"position":2,"audio_url":"wbw/031_018_002.mp3","qpc_uthmani_hafs":"تُصَعِّرۡ","char_type_name":"word","page_number":412,"line_number":13,"text":"ﯸ","translation":{"text":"turn","language_name":"english","language_id":38},"transliteration":{"text":"tuṣaʿʿir","language_name":"english","language_id":38}},{"id":20938,"position":3,"audio_url":"wbw/031_018_003.mp3","qpc_uthmani_hafs":"خَدَّكَ","char_type_name":"word","page_number":412,"line_number":13,"text":"ﯹ","translation":{"text":"your cheek","language_name":"english","language_id":38},"transliteration":{"text":"khaddaka","language_name":"english","language_id":38}},{"id":20939,"position":4,"audio_url":"wbw/031_018_004.mp3","qpc_uthmani_hafs":"لِلنَّاسِ","char_type_name":"word","page_number":412,"line_number":13,"text":"ﯺ","translation":{"text":"from men","language_name":"english","language_id":38},"transliteration":{"text":"lilnnāsi","language_name":"english","language_id":38}},{"id":20940,"position":5,"audio_url":"wbw/031_018_005.mp3","qpc_uthmani_hafs":"وَلَا","char_type_name":"word","page_number":412,"line_number":13,"text":"ﯻ","translation":{"text":"and (do) not","language_name":"english","language_id":38},"transliteration":{"text":"walā","language_name":"english","language_id":38}},{"id":20941,"position":6,"audio_url":"wbw/031_018_006.mp3","qpc_uthmani_hafs":"تَمۡشِ","char_type_name":"word","page_number":412,"line_number":13,"text":"ﯼ","translation":{"text":"walk","language_name":"english","language_id":38},"transliteration":{"text":"tamshi","language_name":"english","language_id":38}},{"id":20942,"position":7,"audio_url":"wbw/031_018_007.mp3","qpc_uthmani_hafs":"فِي","char_type_name":"word","page_number":412,"line_number":13,"text":"ﯽ","translation":{"text":"in","language_name":"english","language_id":38},"transliteration":{"text":"fī","language_name":"english","language_id":38}},{"id":20943,"position":8,"audio_url":"wbw/031_018_008.mp3","qpc_uthmani_hafs":"ٱلۡأَرۡضِ","char_type_name":"word","page_number":412,"line_number":13,"text":"ﯾ","translation":{"text":"the earth","language_name":"english","language_id":38},"transliteration":{"text":"l-arḍi","language_name":"english","language_id":38}},{"id":20944,"position":9,"audio_url":"wbw/031_018_009.mp3","qpc_uthmani_hafs":"مَرَحًاۖ","char_type_name":"word","page_number":412,"line_number":14,"text":"ﯿﰀ","translation":{"text":"exultantly","language_name":"english","language_id":38},"transliteration":{"text":"maraḥan","language_name":"english","language_id":38}},{"id":20946,"position":10,"audio_url":"wbw/031_018_011.mp3","qpc_uthmani_hafs":"إِنَّ","char_type_name":"word","page_number":412,"line_number":14,"text":"ﰁ","translation":{"text":"Indeed","language_name":"english","language_id":38},"transliteration":{"text":"inna","language_name":"english","language_id":38}},{"id":20947,"position":11,"audio_url":"wbw/031_018_012.mp3","qpc_uthmani_hafs":"ٱللَّهَ","char_type_name":"word","page_number":412,"line_number":14,"text":"ﰂ","translation":{"text":"Allah","language_name":"english","language_id":38},"transliteration":{"text":"l-laha","language_name":"english","language_id":38}},{"id":20948,"position":12,"audio_url":"wbw/031_018_013.mp3","qpc_uthmani_hafs":"لَا","char_type_name":"word","page_number":412,"line_number":14,"text":"ﰃ","translation":{"text":"(does) not","language_name":"english","language_id":38},"transliteration":{"text":"lā","language_name":"english","language_id":38}},{"id":20949,"position":13,"audio_url":"wbw/031_018_014.mp3","qpc_uthmani_hafs":"يُحِبُّ","char_type_name":"word","page_number":412,"line_number":14,"text":"ﰄ","translation":{"text":"like","language_name":"english","language_id":38},"transliteration":{"text":"yuḥibbu","language_name":"english","language_id":38}},{"id":20950,"position":14,"audio_url":"wbw/031_018_015.mp3","qpc_uthmani_hafs":"كُلَّ","char_type_name":"word","page_number":412,"line_number":14,"text":"ﰅ","translation":{"text":"every","language_name":"english","language_id":38},"transliteration":{"text":"kulla","language_name":"english","language_id":38}},{"id":20951,"position":15,"audio_url":"wbw/031_018_016.mp3","qpc_uthmani_hafs":"مُخۡتَالٖ","char_type_name":"word","page_number":412,"line_number":14,"text":"ﰆ","translation":{"text":"self-conceited","language_name":"english","language_id":38},"transliteration":{"text":"mukh'tālin","language_name":"english","language_id":38}},{"id":20952,"position":16,"audio_url":"wbw/031_018_017.mp3","qpc_uthmani_hafs":"فَخُورٖ","char_type_name":"word","page_number":412,"line_number":14,"text":"ﰇ","translation":{"text":"boaster","language_name":"english","language_id":38},"transliteration":{"text":"fakhūrin","language_name":"english","language_id":38}},{"id":20953,"position":17,"audio_url":null,"qpc_uthmani_hafs":"١٨","char_type_name":"end","page_number":412,"line_number":14,"text":"ﰈ","translation":{"text":"(18)","language_name":"english","language_id":38},"transliteration":{"text":null,"language_name":"english","language_id":38}}],"translations":[{"id":919916,"resource_id":134,"text":"Dan janganlah kamu memalingkan mukamu dari manusia (karena sombong) dan janganlah kamu berjalan di muka bumi dengan angkuh.  Sesungguhnya Allah tidak menyukai orang-orang yang sombong lagi membanggakan diri."}]},{"id":3488,"verse_number":19,"verse_key":"31:19","juz_number":21,"hizb_number":41,"rub_el_hizb_number":164,"ruku_number":357,"manzil_number":5,"sajdah_number":null,"text_uthmani":"وَٱقْصِدْ فِى مَشْيِكَ وَٱغْضُضْ مِن صَوْتِكَ ۚ إِنَّ أَنكَرَ ٱلْأَصْوَٰتِ لَصَوْتُ ٱلْحَمِيرِ","page_number":412,"words":[{"id":22071,"position":1,"audio_url":"wbw/031_019_001.mp3","qpc_uthmani_hafs":"وَٱقۡصِدۡ","char_type_name":"word","page_number":412,"line_number":14,"text":"ﰉ","translation":{"text":"And be moderate","language_name":"english","language_id":38},"transliteration":{"text":"wa-iq'ṣid","language_name":"english","language_id":38}},{"id":22072,"position":2,"audio_url":"wbw/031_019_002.mp3","qpc_uthmani_hafs":"فِي","char_type_name":"word","page_number":412,"line_number":14,"text":"ﰊ","translation":{"text":"in","language_name":"english","language_id":38},"transliteration":{"text":"fī","language_name":"english","language_id":38}},{"id":22073,"position":3,"audio_url":"wbw/031_019_003.mp3","qpc_uthmani_hafs":"مَشۡيِكَ","char_type_name":"word","page_number":412,"line_number":14,"text":"ﰋ","translation":{"text":"your pace","language_name":"english","language_id":38},"transliteration":{"text":"mashyika","language_name":"english","language_id":38}},{"id":22074,"position":4,"audio_url":"wbw/031_019_004.mp3","qpc_uthmani_hafs":"وَٱغۡضُضۡ","char_type_name":"word","page_number":412,"line_number":15,"text":"ﰌ","translation":{"text":"and lower","language_name":"english","language_id":38},"transliteration":{"text":"wa-ugh'ḍuḍ","language_name":"english","language_id":38}},{"id":22075,"position":5,"audio_url":"wbw/031_019_005.mp3","qpc_uthmani_hafs":"مِن","char_type_name":"word","page_number":412,"line_number":15,"text":"ﰍ","translation":{"text":"[of]","language_name":"english","language_id":38},"transliteration":{"text":"min","language_name":"english","language_id":38}},{"id":22076,"position":6,"audio_url":"wbw/031_019_006.mp3","qpc_uthmani_hafs":"صَوۡتِكَۚ","char_type_name":"word","page_number":412,"line_number":15,"text":"ﰎﰏ","translation":{"text":"your voice","language_name":"english","language_id":38},"transliteration":{"text":"ṣawtika","language_name":"english","language_id":38}},{"id":22078,"position":7,"audio_url":"wbw/031_019_008.mp3","qpc_uthmani_hafs":"إِنَّ","char_type_name":"word","page_number":412,"line_number":15,"text":"ﰐ","translation":{"text":"Indeed","language_name":"english","language_id":38},"transliteration":{"text":"inna","language_name":"english","language_id":38}},{"id":22079,"position":8,"audio_url":"wbw/031_019_009.mp3","qpc_uthmani_hafs":"أَنكَرَ","char_type_name":"word","page_number":412,"line_number":15,"text":"ﰑ","translation":{"text":"(the) harshest","language_name":"english","language_id":38},"transliteration":{"text":"ankara","language_name":"english","language_id":38}},{"id":22080,"position":9,"audio_url":"wbw/031_019_010.mp3","qpc_uthmani_hafs":"ٱلۡأَصۡوَٰتِ","char_type_name":"word","page_number":412,"line_number":15,"text":"ﰒ","translation":{"text":"(of all) sounds","language_name":"english","language_id":38},"transliteration":{"text":"l-aṣwāti","language_name":"english","language_id":38}},{"id":22081,"position":10,"audio_url":"wbw/031_019_011.mp3","qpc_uthmani_hafs":"لَصَوۡتُ","char_type_name":"word","page_number":412,"line_number":15,"text":"ﰓ","translation":{"text":"(is) surely (the) voice","language_name":"english","language_id":38},"transliteration":{"text":"laṣawtu","language_name":"english","language_id":38}},{"id":22082,"position":11,"audio_url":"wbw/031_019_012.mp3","qpc_uthmani_hafs":"ٱلۡحَمِيرِ","char_type_name":"word","page_number":412,"line_number":15,"text":"ﰔ","translation":{"text":"(of) the donkeys","language_name":"english","language_id":38},"transliteration":{"text":"l-ḥamīri","language_name":"english","language_id":38}},{"id":22083,"position":12,"audio_url":null,"qpc_uthmani_hafs":"١٩","char_type_name":"end","page_number":412,"line_number":15,"text":"ﰕ","translation":{"text":"(19)","language_name":"english","language_id":38},"transliteration":{"text":null,"language_name":"english","language_id":38}}],"translations":[{"id":919917,"resource_id":134,"text":"Dan sederhanalah kamu dalam berjalan <sup foot_note=210951>1</sup> dan lunakkanlah suaramu.  Sesungguhnya seburuk-buruk suara ialah suara keledai."}]}],"pagination":{"per_page":50,"current_page":1,"next_page":null,"total_pages":1,"total_records":8}}