{"verses":[{"id":3638,"verse_number":32,"verse_key":"34:32","juz_number":22,"hizb_number":44,"rub_el_hizb_number":173,"ruku_number":375,"manzil_number":5,"sajdah_number":null,"text_uthmani":"قَالَ ٱلَّذِينَ ٱسْتَكْبَرُوا۟ لِلَّذِينَ ٱسْتُضْعِفُوٓا۟ أَنَحْنُ صَدَدْنَـٰكُمْ عَنِ ٱلْهُدَىٰ بَعْدَ إِذْ جَآءَكُم ۖ بَلْ كُنتُم مُّجْرِمِينَ","page_number":432,"words":[{"id":35063,"position":1,"audio_url":"wbw/034_032_001.mp3","qpc_uthmani_hafs":"قَالَ","char_type_name":"word","page_number":432,"line_number":1,"text":"ﭑ","translation":{"text":"Will say","language_name":"english","language_id":38},"transliteration":{"text":"qāla","language_name":"english","language_id":38}},{"id":35064,"position":2,"audio_url":"wbw/034_032_002.mp3","qpc_uthmani_hafs":"ٱلَّذِينَ","char_type_name":"word","page_number":432,"line_number":1,"text":"ﭒ","translation":{"text":"those who","language_name":"english","language_id":38},"transliteration":{"text":"alladhīna","language_name":"english","language_id":38}},{"id":35065,"position":3,"audio_url":"wbw/034_032_003.mp3","qpc_uthmani_hafs":"ٱسۡتَكۡبَرُواْ","char_type_name":"word","page_number":432,"line_number":1,"text":"ﭓ","translation":{"text":"were arrogant","language_name":"english","language_id":38},"transliteration":{"text":"is'takbarū","language_name":"english","language_id":38}},{"id":35066,"position":4,"audio_url":"wbw/034_032_004.mp3","qpc_uthmani_hafs":"لِلَّذِينَ","char_type_name":"word","page_number":432,"line_number":1,"text":"ﭔ","translation":{"text":"to those","language_name":"english","language_id":38},"transliteration":{"text":"lilladhīna","language_name":"english","language_id":38}},{"id":35067,"position":5,"audio_url":"wbw/034_032_005.mp3","qpc_uthmani_hafs":"ٱسۡتُضۡعِفُوٓاْ","char_type_name":"word","page_number":432,"line_number":1,"text":"ﭕ","translation":{"text":"who were oppressed","language_name":"english","language_id":38},"transliteration":{"text":"us'tuḍ'ʿifū","language_name":"english","language_id":38}},{"id":35068,"position":6,"audio_url":"wbw/034_032_006.mp3","qpc_uthmani_hafs":"أَنَحۡنُ","char_type_name":"word","page_number":432,"line_number":1,"text":"ﭖ","translation":{"text":"Did we","language_name":"english","language_id":38},"transliteration":{"text":"anaḥnu","language_name":"english","language_id":38}},{"id":35069,"position":7,"audio_url":"wbw/034_032_007.mp3","qpc_uthmani_hafs":"صَدَدۡنَٰكُمۡ","char_type_name":"word","page_number":432,"line_number":1,"text":"ﭗ","translation":{"text":"avert you","language_name":"english","language_id":38},"transliteration":{"text":"ṣadadnākum","language_name":"english","language_id":38}},{"id":35070,"position":8,"audio_url":"wbw/034_032_008.mp3","qpc_uthmani_hafs":"عَنِ","char_type_name":"word","page_number":432,"line_number":2,"text":"ﭘ","translation":{"text":"from","language_name":"english","language_id":38},"transliteration":{"text":"ʿani","language_name":"english","language_id":38}},{"id":35071,"position":9,"audio_url":"wbw/034_032_009.mp3","qpc_uthmani_hafs":"ٱلۡهُدَىٰ","char_type_name":"word","page_number":432,"line_number":2,"text":"ﭙ","translation":{"text":"the guidance","language_name":"english","language_id":38},"transliteration":{"text":"l-hudā","language_name":"english","language_id":38}},{"id":35072,"position":10,"audio_url":"wbw/034_032_010.mp3","qpc_uthmani_hafs":"بَعۡدَ","char_type_name":"word","page_number":432,"line_number":2,"text":"ﭚ","translation":{"text":"after","language_name":"english","language_id":38},"transliteration":{"text":"baʿda","language_name":"english","language_id":38}},{"id":35073,"position":11,"audio_url":"wbw/034_032_011.mp3","qpc_uthmani_hafs":"إِذۡ","char_type_name":"word","page_number":432,"line_number":2,"text":"ﭛ","translation":{"text":"when","language_name":"english","language_id":38},"transliteration":{"text":"idh","language_name":"english","language_id":38}},{"id":35074,"position":12,"audio_url":"wbw/034_032_012.mp3","qpc_uthmani_hafs":"جَآءَكُمۖ","char_type_name":"word","page_number":432,"line_number":2,"text":"ﭜﭝ","translation":{"text":"it had come to you","language_name":"english","language_id":38},"transliteration":{"text":"jāakum","language_name":"english","language_id":38}},{"id":35076,"position":13,"audio_url":"wbw/034_032_014.mp3","qpc_uthmani_hafs":"بَلۡ","char_type_name":"word","page_number":432,"line_number":2,"text":"ﭞ","translation":{"text":"Nay","language_name":"english","language_id":38},"transliteration":{"text":"bal","language_name":"english","language_id":38}},{"id":35077,"position":14,"audio_url":"wbw/034_032_015.mp3","qpc_uthmani_hafs":"كُنتُم","char_type_name":"word","page_number":432,"line_number":2,"text":"ﭟ","translation":{"text":"you were","language_name":"english","language_id":38},"transliteration":{"text":"kuntum","language_name":"english","language_id":38}},{"id":35078,"position":15,"audio_url":"wbw/034_032_016.mp3","qpc_uthmani_hafs":"مُّجۡرِمِينَ","char_type_name":"word","page_number":432,"line_number":2,"text":"ﭠ","translation":{"text":"criminals","language_name":"english","language_id":38},"transliteration":{"text":"muj'rimīna","language_name":"english","language_id":38}},{"id":35079,"position":16,"audio_url":null,"qpc_uthmani_hafs":"٣٢","char_type_name":"end","page_number":432,"line_number":2,"text":"ﭡ","translation":{"text":"(32)","language_name":"english","language_id":38},"transliteration":{"text":null,"language_name":"english","language_id":38}}],"translations":[{"id":920067,"resource_id":134,"text":"Orang-orang yang menyombongkan diri berkata kepada orang-orang yang dianggap lemah, \"Kamikah yang telah menghalangi kamu dari petunjuk sesudah petunjuk itu datang kepadamu? (Tidak), sebenarnya kamu sendirilah orang-orang yang berdosa\"."}]},{"id":3639,"verse_number":33,"verse_key":"34:33","juz_number":22,"hizb_number":44,"rub_el_hizb_number":173,"ruku_number":375,"manzil_number":5,"sajdah_number":null,"text_uthmani":"وَقَالَ ٱلَّذِينَ ٱسْتُضْعِفُوا۟ لِلَّذِينَ ٱسْتَكْبَرُوا۟ بَلْ مَكْرُ ٱلَّيْلِ وَٱلنَّهَارِ إِذْ تَأْمُرُونَنَآ أَن نَّكْفُرَ بِٱللَّهِ وَنَجْعَلَ لَهُۥٓ أَندَادًا ۚ وَأَسَرُّوا۟ ٱلنَّدَامَةَ لَمَّا رَأَوُا۟ ٱلْعَذَابَ وَجَعَلْنَا ٱلْأَغْلَـٰلَ فِىٓ أَعْنَاقِ ٱلَّذِينَ كَفَرُوا۟ ۚ هَلْ يُجْزَوْنَ إِلَّا مَا كَانُوا۟ يَعْمَلُونَ","page_number":432,"words":[{"id":35908,"position":1,"audio_url":"wbw/034_033_001.mp3","qpc_uthmani_hafs":"وَقَالَ","char_type_name":"word","page_number":432,"line_number":2,"text":"ﭢ","translation":{"text":"And will say","language_name":"english","language_id":38},"transliteration":{"text":"waqāla","language_name":"english","language_id":38}},{"id":35909,"position":2,"audio_url":"wbw/034_033_002.mp3","qpc_uthmani_hafs":"ٱلَّذِينَ","char_type_name":"word","page_number":432,"line_number":2,"text":"ﭣ","translation":{"text":"those who","language_name":"english","language_id":38},"transliteration":{"text":"alladhīna","language_name":"english","language_id":38}},{"id":35910,"position":3,"audio_url":"wbw/034_033_003.mp3","qpc_uthmani_hafs":"ٱسۡتُضۡعِفُواْ","char_type_name":"word","page_number":432,"line_number":3,"text":"ﭤ","translation":{"text":"were oppressed","language_name":"english","language_id":38},"transliteration":{"text":"us'tuḍ'ʿifū","language_name":"english","language_id":38}},{"id":35911,"position":4,"audio_url":"wbw/034_033_004.mp3","qpc_uthmani_hafs":"لِلَّذِينَ","char_type_name":"word","page_number":432,"line_number":3,"text":"ﭥ","translation":{"text":"to those who","language_name":"english","language_id":38},"transliteration":{"text":"lilladhīna","language_name":"english","language_id":38}},{"id":35912,"position":5,"audio_url":"wbw/034_033_005.mp3","qpc_uthmani_hafs":"ٱسۡتَكۡبَرُواْ","char_type_name":"word","page_number":432,"line_number":3,"text":"ﭦ","translation":{"text":"were arrogant","language_name":"english","language_id":38},"transliteration":{"text":"is'takbarū","language_name":"english","language_id":38}},{"id":35913,"position":6,"audio_url":"wbw/034_033_006.mp3","qpc_uthmani_hafs":"بَلۡ","char_type_name":"word","page_number":432,"line_number":3,"text":"ﭧ","translation":{"text":"Nay","language_name":"english","language_id":38},"transliteration":{"text":"bal","language_name":"english","language_id":38}},{"id":35914,"position":7,"audio_url":"wbw/034_033_007.mp3","qpc_uthmani_hafs":"مَكۡرُ","char_type_name":"word","page_number":432,"line_number":3,"text":"ﭨ","translation":{"text":"(it was) a plot","language_name":"english","language_id":38},"transliteration":{"text":"makru","language_name":"english","language_id":38}},{"id":35915,"position":8,"audio_url":"wbw/034_033_008.mp3","qpc_uthmani_hafs":"ٱلَّيۡلِ","char_type_name":"word","page_number":432,"line_number":3,"text":"ﭩ","translation":{"text":"(by) night","language_name":"english","language_id":38},"transliteration":{"text":"al-layli","language_name":"english","language_id":38}},{"id":35916,"position":9,"audio_url":"wbw/034_033_009.mp3","qpc_uthmani_hafs":"وَٱلنَّهَارِ","char_type_name":"word","page_number":432,"line_number":3,"text":"ﭪ","translation":{"text":"and (by) day","language_name":"english","language_id":38},"transliteration":{"text":"wal-nahāri","language_name":"english","language_id":38}},{"id":35917,"position":10,"audio_url":"wbw/034_033_010.mp3","qpc_uthmani_hafs":"إِذۡ","char_type_name":"word","page_number":432,"line_number":3,"text":"ﭫ","translation":{"text":"when","language_name":"english","language_id":38},"transliteration":{"text":"idh","language_name":"english","language_id":38}},{"id":35918,"position":11,"audio_url":"wbw/034_033_011.mp3","qpc_uthmani_hafs":"تَأۡمُرُونَنَآ","char_type_name":"word","page_number":432,"line_number":4,"text":"ﭬ","translation":{"text":"you were ordering us","language_name":"english","language_id":38},"transliteration":{"text":"tamurūnanā","language_name":"english","language_id":38}},{"id":35919,"position":12,"audio_url":"wbw/034_033_012.mp3","qpc_uthmani_hafs":"أَن","char_type_name":"word","page_number":432,"line_number":4,"text":"ﭭ","translation":{"text":"that","language_name":"english","language_id":38},"transliteration":{"text":"an","language_name":"english","language_id":38}},{"id":35920,"position":13,"audio_url":"wbw/034_033_013.mp3","qpc_uthmani_hafs":"نَّكۡفُرَ","char_type_name":"word","page_number":432,"line_number":4,"text":"ﭮ","translation":{"text":"we disbelieve","language_name":"english","language_id":38},"transliteration":{"text":"nakfura","language_name":"english","language_id":38}},{"id":35921,"position":14,"audio_url":"wbw/034_033_014.mp3","qpc_uthmani_hafs":"بِٱللَّهِ","char_type_name":"word","page_number":432,"line_number":4,"text":"ﭯ","translation":{"text":"in Allah","language_name":"english","language_id":38},"transliteration":{"text":"bil-lahi","language_name":"english","language_id":38}},{"id":35922,"position":15,"audio_url":"wbw/034_033_015.mp3","qpc_uthmani_hafs":"وَنَجۡعَلَ","char_type_name":"word","page_number":432,"line_number":4,"text":"ﭰ","translation":{"text":"and we set up","language_name":"english","language_id":38},"transliteration":{"text":"wanajʿala","language_name":"english","language_id":38}},{"id":35923,"position":16,"audio_url":"wbw/034_033_016.mp3","qpc_uthmani_hafs":"لَهُۥٓ","char_type_name":"word","page_number":432,"line_number":4,"text":"ﭱ","translation":{"text":"for Him","language_name":"english","language_id":38},"transliteration":{"text":"lahu","language_name":"english","language_id":38}},{"id":35924,"position":17,"audio_url":"wbw/034_033_017.mp3","qpc_uthmani_hafs":"أَندَادٗاۚ","char_type_name":"word","page_number":432,"line_number":4,"text":"ﭲﭳ","translation":{"text":"equals","language_name":"english","language_id":38},"transliteration":{"text":"andādan","language_name":"english","language_id":38}},{"id":35926,"position":18,"audio_url":"wbw/034_033_019.mp3","qpc_uthmani_hafs":"وَأَسَرُّواْ","char_type_name":"word","page_number":432,"line_number":4,"text":"ﭴ","translation":{"text":"But they will conceal","language_name":"english","language_id":38},"transliteration":{"text":"wa-asarrū","language_name":"english","language_id":38}},{"id":35927,"position":19,"audio_url":"wbw/034_033_020.mp3","qpc_uthmani_hafs":"ٱلنَّدَامَةَ","char_type_name":"word","page_number":432,"line_number":4,"text":"ﭵ","translation":{"text":"the regret","language_name":"english","language_id":38},"transliteration":{"text":"l-nadāmata","language_name":"english","language_id":38}},{"id":35928,"position":20,"audio_url":"wbw/034_033_021.mp3","qpc_uthmani_hafs":"لَمَّا","char_type_name":"word","page_number":432,"line_number":5,"text":"ﭶ","translation":{"text":"when","language_name":"english","language_id":38},"transliteration":{"text":"lammā","language_name":"english","language_id":38}},{"id":35929,"position":21,"audio_url":"wbw/034_033_022.mp3","qpc_uthmani_hafs":"رَأَوُاْ","char_type_name":"word","page_number":432,"line_number":5,"text":"ﭷ","translation":{"text":"they see","language_name":"english","language_id":38},"transliteration":{"text":"ra-awū","language_name":"english","language_id":38}},{"id":35930,"position":22,"audio_url":"wbw/034_033_023.mp3","qpc_uthmani_hafs":"ٱلۡعَذَابَۚ","char_type_name":"word","page_number":432,"line_number":5,"text":"ﭸ","translation":{"text":"the punishment","language_name":"english","language_id":38},"transliteration":{"text":"l-ʿadhāba","language_name":"english","language_id":38}},{"id":35931,"position":23,"audio_url":"wbw/034_033_024.mp3","qpc_uthmani_hafs":"وَجَعَلۡنَا","char_type_name":"word","page_number":432,"line_number":5,"text":"ﭹ","translation":{"text":"And We will put","language_name":"english","language_id":38},"transliteration":{"text":"wajaʿalnā","language_name":"english","language_id":38}},{"id":35932,"position":24,"audio_url":"wbw/034_033_025.mp3","qpc_uthmani_hafs":"ٱلۡأَغۡلَٰلَ","char_type_name":"word","page_number":432,"line_number":5,"text":"ﭺ","translation":{"text":"shackles","language_name":"english","language_id":38},"transliteration":{"text":"l-aghlāla","language_name":"english","language_id":38}},{"id":35933,"position":25,"audio_url":"wbw/034_033_026.mp3","qpc_uthmani_hafs":"فِيٓ","char_type_name":"word","page_number":432,"line_number":5,"text":"ﭻ","translation":{"text":"on","language_name":"english","language_id":38},"transliteration":{"text":"fī","language_name":"english","language_id":38}},{"id":35934,"position":26,"audio_url":"wbw/034_033_027.mp3","qpc_uthmani_hafs":"أَعۡنَاقِ","char_type_name":"word","page_number":432,"line_number":5,"text":"ﭼ","translation":{"text":"(the) necks","language_name":"english","language_id":38},"transliteration":{"text":"aʿnāqi","language_name":"english","language_id":38}},{"id":35935,"position":27,"audio_url":"wbw/034_033_028.mp3","qpc_uthmani_hafs":"ٱلَّذِينَ","char_type_name":"word","page_number":432,"line_number":5,"text":"ﭽ","translation":{"text":"(of) those who","language_name":"english","language_id":38},"transliteration":{"text":"alladhīna","language_name":"english","language_id":38}},{"id":35936,"position":28,"audio_url":"wbw/034_033_029.mp3","qpc_uthmani_hafs":"كَفَرُواْۖ","char_type_name":"word","page_number":432,"line_number":5,"text":"ﭾﭿ","translation":{"text":"disbelieved","language_name":"english","language_id":38},"transliteration":{"text":"kafarū","language_name":"english","language_id":38}},{"id":35938,"position":29,"audio_url":"wbw/034_033_031.mp3","qpc_uthmani_hafs":"هَلۡ","char_type_name":"word","page_number":432,"line_number":6,"text":"ﮀ","translation":{"text":"Will","language_name":"english","language_id":38},"transliteration":{"text":"hal","language_name":"english","language_id":38}},{"id":35939,"position":30,"audio_url":"wbw/034_033_032.mp3","qpc_uthmani_hafs":"يُجۡزَوۡنَ","char_type_name":"word","page_number":432,"line_number":6,"text":"ﮁ","translation":{"text":"they be recompensed","language_name":"english","language_id":38},"transliteration":{"text":"yuj'zawna","language_name":"english","language_id":38}},{"id":35940,"position":31,"audio_url":"wbw/034_033_033.mp3","qpc_uthmani_hafs":"إِلَّا","char_type_name":"word","page_number":432,"line_number":6,"text":"ﮂ","translation":{"text":"except","language_name":"english","language_id":38},"transliteration":{"text":"illā","language_name":"english","language_id":38}},{"id":35941,"position":32,"audio_url":"wbw/034_033_034.mp3","qpc_uthmani_hafs":"مَا","char_type_name":"word","page_number":432,"line_number":6,"text":"ﮃ","translation":{"text":"(for) what","language_name":"english","language_id":38},"transliteration":{"text":"mā","language_name":"english","language_id":38}},{"id":35942,"position":33,"audio_url":"wbw/034_033_035.mp3","qpc_uthmani_hafs":"كَانُواْ","char_type_name":"word","page_number":432,"line_number":6,"text":"ﮄ","translation":{"text":"they used to","language_name":"english","language_id":38},"transliteration":{"text":"kānū","language_name":"english","language_id":38}},{"id":35943,"position":34,"audio_url":"wbw/034_033_036.mp3","qpc_uthmani_hafs":"يَعۡمَلُونَ","char_type_name":"word","page_number":432,"line_number":6,"text":"ﮅ","translation":{"text":"do","language_name":"english","language_id":38},"transliteration":{"text":"yaʿmalūna","language_name":"english","language_id":38}},{"id":35944,"position":35,"audio_url":null,"qpc_uthmani_hafs":"٣٣","char_type_name":"end","page_number":432,"line_number":6,"text":"ﮆ","translation":{"text":"(33)","language_name":"english","language_id":38},"transliteration":{"text":null,"language_name":"english","language_id":38}}],"translations":[{"id":920068,"resource_id":134,"text":"Dan orang-orang yang dianggap lemah berkata kepada orang-orang yang menyombongkan diri, \"(Tidak), sebenarnya tipu daya(mu) pada waktu malam dan siang (yang menghalangi kami) ketika kamu menyeru kami supaya kami kafir kepada Allah dan menjadikan sekutu-sekutu bagi-Nya\".  Kedua belah pihak menyatakan penyesalan, tatkala mereka melihat azab.  Dan kami pasang belenggu di leher orang-orang yang kafir.  Mereka tidak dibalas, melainkan dengan apa yang telah mereka kerjakan."}]},{"id":3640,"verse_number":34,"verse_key":"34:34","juz_number":22,"hizb_number":44,"rub_el_hizb_number":173,"ruku_number":375,"manzil_number":5,"sajdah_number":null,"text_uthmani":"وَمَآ أَرْسَلْنَا فِى قَرْيَةٍ مِّن نَّذِيرٍ إِلَّا قَالَ مُتْرَفُوهَآ إِنَّا بِمَآ أُرْسِلْتُم بِهِۦ كَـٰفِرُونَ","page_number":432,"words":[{"id":36808,"position":1,"audio_url":"wbw/034_034_001.mp3","qpc_uthmani_hafs":"وَمَآ","char_type_name":"word","page_number":432,"line_number":6,"text":"ﮇ","translation":{"text":"And not","language_name":"english","language_id":38},"transliteration":{"text":"wamā","language_name":"english","language_id":38}},{"id":36809,"position":2,"audio_url":"wbw/034_034_002.mp3","qpc_uthmani_hafs":"أَرۡسَلۡنَا","char_type_name":"word","page_number":432,"line_number":6,"text":"ﮈ","translation":{"text":"We sent","language_name":"english","language_id":38},"transliteration":{"text":"arsalnā","language_name":"english","language_id":38}},{"id":36810,"position":3,"audio_url":"wbw/034_034_003.mp3","qpc_uthmani_hafs":"فِي","char_type_name":"word","page_number":432,"line_number":6,"text":"ﮉ","translation":{"text":"to","language_name":"english","language_id":38},"transliteration":{"text":"fī","language_name":"english","language_id":38}},{"id":36811,"position":4,"audio_url":"wbw/034_034_004.mp3","qpc_uthmani_hafs":"قَرۡيَةٖ","char_type_name":"word","page_number":432,"line_number":6,"text":"ﮊ","translation":{"text":"a town","language_name":"english","language_id":38},"transliteration":{"text":"qaryatin","language_name":"english","language_id":38}},{"id":36812,"position":5,"audio_url":"wbw/034_034_005.mp3","qpc_uthmani_hafs":"مِّن","char_type_name":"word","page_number":432,"line_number":7,"text":"ﮋ","translation":{"text":"any","language_name":"english","language_id":38},"transliteration":{"text":"min","language_name":"english","language_id":38}},{"id":36813,"position":6,"audio_url":"wbw/034_034_006.mp3","qpc_uthmani_hafs":"نَّذِيرٍ","char_type_name":"word","page_number":432,"line_number":7,"text":"ﮌ","translation":{"text":"warner","language_name":"english","language_id":38},"transliteration":{"text":"nadhīrin","language_name":"english","language_id":38}},{"id":36814,"position":7,"audio_url":"wbw/034_034_007.mp3","qpc_uthmani_hafs":"إِلَّا","char_type_name":"word","page_number":432,"line_number":7,"text":"ﮍ","translation":{"text":"but","language_name":"english","language_id":38},"transliteration":{"text":"illā","language_name":"english","language_id":38}},{"id":36815,"position":8,"audio_url":"wbw/034_034_008.mp3","qpc_uthmani_hafs":"قَالَ","char_type_name":"word","page_number":432,"line_number":7,"text":"ﮎ","translation":{"text":"said","language_name":"english","language_id":38},"transliteration":{"text":"qāla","language_name":"english","language_id":38}},{"id":36816,"position":9,"audio_url":"wbw/034_034_009.mp3","qpc_uthmani_hafs":"مُتۡرَفُوهَآ","char_type_name":"word","page_number":432,"line_number":7,"text":"ﮏ","translation":{"text":"its wealthy ones","language_name":"english","language_id":38},"transliteration":{"text":"mut'rafūhā","language_name":"english","language_id":38}},{"id":36817,"position":10,"audio_url":"wbw/034_034_010.mp3","qpc_uthmani_hafs":"إِنَّا","char_type_name":"word","page_number":432,"line_number":7,"text":"ﮐ","translation":{"text":"Indeed we","language_name":"english","language_id":38},"transliteration":{"text":"innā","language_name":"english","language_id":38}},{"id":36818,"position":11,"audio_url":"wbw/034_034_011.mp3","qpc_uthmani_hafs":"بِمَآ","char_type_name":"word","page_number":432,"line_number":7,"text":"ﮑ","translation":{"text":"in what","language_name":"english","language_id":38},"transliteration":{"text":"bimā","language_name":"english","language_id":38}},{"id":36819,"position":12,"audio_url":"wbw/034_034_012.mp3","qpc_uthmani_hafs":"أُرۡسِلۡتُم","char_type_name":"word","page_number":432,"line_number":7,"text":"ﮒ","translation":{"text":"you have been sent","language_name":"english","language_id":38},"transliteration":{"text":"ur'sil'tum","language_name":"english","language_id":38}},{"id":36820,"position":13,"audio_url":"wbw/034_034_013.mp3","qpc_uthmani_hafs":"بِهِۦ","char_type_name":"word","page_number":432,"line_number":7,"text":"ﮓ","translation":{"text":"with","language_name":"english","language_id":38},"transliteration":{"text":"bihi","language_name":"english","language_id":38}},{"id":36821,"position":14,"audio_url":"wbw/034_034_014.mp3","qpc_uthmani_hafs":"كَٰفِرُونَ","char_type_name":"word","page_number":432,"line_number":7,"text":"ﮔ","translation":{"text":"(are) disbelievers","language_name":"english","language_id":38},"transliteration":{"text":"kāfirūna","language_name":"english","language_id":38}},{"id":36822,"position":15,"audio_url":null,"qpc_uthmani_hafs":"٣٤","char_type_name":"end","page_number":432,"line_number":7,"text":"ﮕ","translation":{"text":"(34)","language_name":"english","language_id":38},"transliteration":{"text":null,"language_name":"english","language_id":38}}],"translations":[{"id":920069,"resource_id":134,"text":"Dan Kami tidak mengutus kepada suatu negeri seorang pemberi peringatan pun, melainkan orang-orang yang hidup mewah di negeri itu berkata, \"Sesungguhnya kami mengingkari apa yang kamu diutus untuk menyampaikannya\"."}]},{"id":3641,"verse_number":35,"verse_key":"34:35","juz_number":22,"hizb_number":44,"rub_el_hizb_number":173,"ruku_number":375,"manzil_number":5,"sajdah_number":null,"text_uthmani":"وَقَالُوا۟ نَحْنُ أَكْثَرُ أَمْوَٰلًا وَأَوْلَـٰدًا وَمَا نَحْنُ بِمُعَذَّبِينَ","page_number":432,"words":[{"id":37168,"position":1,"audio_url":"wbw/034_035_001.mp3","qpc_uthmani_hafs":"وَقَالُواْ","char_type_name":"word","page_number":432,"line_number":8,"text":"ﮖ","translation":{"text":"And they say","language_name":"english","language_id":38},"transliteration":{"text":"waqālū","language_name":"english","language_id":38}},{"id":37169,"position":2,"audio_url":"wbw/034_035_002.mp3","qpc_uthmani_hafs":"نَحۡنُ","char_type_name":"word","page_number":432,"line_number":8,"text":"ﮗ","translation":{"text":"We","language_name":"english","language_id":38},"transliteration":{"text":"naḥnu","language_name":"english","language_id":38}},{"id":37170,"position":3,"audio_url":"wbw/034_035_003.mp3","qpc_uthmani_hafs":"أَكۡثَرُ","char_type_name":"word","page_number":432,"line_number":8,"text":"ﮘ","translation":{"text":"(have) more","language_name":"english","language_id":38},"transliteration":{"text":"aktharu","language_name":"english","language_id":38}},{"id":37171,"position":4,"audio_url":"wbw/034_035_004.mp3","qpc_uthmani_hafs":"أَمۡوَٰلٗا","char_type_name":"word","page_number":432,"line_number":8,"text":"ﮙ","translation":{"text":"wealth","language_name":"english","language_id":38},"transliteration":{"text":"amwālan","language_name":"english","language_id":38}},{"id":37172,"position":5,"audio_url":"wbw/034_035_005.mp3","qpc_uthmani_hafs":"وَأَوۡلَٰدٗا","char_type_name":"word","page_number":432,"line_number":8,"text":"ﮚ","translation":{"text":"and children","language_name":"english","language_id":38},"transliteration":{"text":"wa-awlādan","language_name":"english","language_id":38}},{"id":37173,"position":6,"audio_url":"wbw/034_035_006.mp3","qpc_uthmani_hafs":"وَمَا","char_type_name":"word","page_number":432,"line_number":8,"text":"ﮛ","translation":{"text":"and not","language_name":"english","language_id":38},"transliteration":{"text":"wamā","language_name":"english","language_id":38}},{"id":37174,"position":7,"audio_url":"wbw/034_035_007.mp3","qpc_uthmani_hafs":"نَحۡنُ","char_type_name":"word","page_number":432,"line_number":8,"text":"ﮜ","translation":{"text":"we","language_name":"english","language_id":38},"transliteration":{"text":"naḥnu","language_name":"english","language_id":38}},{"id":37175,"position":8,"audio_url":"wbw/034_035_008.mp3","qpc_uthmani_hafs":"بِمُعَذَّبِينَ","char_type_name":"word","page_number":432,"line_number":8,"text":"ﮝ","translation":{"text":"will be punished","language_name":"english","language_id":38},"transliteration":{"text":"bimuʿadhabīna","language_name":"english","language_id":38}},{"id":37176,"position":9,"audio_url":null,"qpc_uthmani_hafs":"٣٥","char_type_name":"end","page_number":432,"line_number":8,"text":"ﮞ","translation":{"text":"(35)","language_name":"english","language_id":38},"transliteration":{"text":null,"language_name":"english","language_id":38}}],"translations":[{"id":920070,"resource_id":134,"text":"Dan mereka berkata, \"Kami lebih banyak mempunyai harta dan anak-anak (daripada kamu) dan kami sekali-kali tidak akan diazab <sup foot_note=211010>1</sup>."}]},{"id":3642,"verse_number":36,"verse_key":"34:36","juz_number":22,"hizb_number":44,"rub_el_hizb_number":173,"ruku_number":375,"manzil_number":5,"sajdah_number":null,"text_uthmani":"قُلْ إِنَّ رَبِّى يَبْسُطُ ٱلرِّزْقَ لِمَن يَشَآءُ وَيَقْدِرُ وَلَـٰكِنَّ أَكْثَرَ ٱلنَّاسِ لَا يَعْلَمُونَ","page_number":432,"words":[{"id":38493,"position":1,"audio_url":"wbw/034_036_001.mp3","qpc_uthmani_hafs":"قُلۡ","char_type_name":"word","page_number":432,"line_number":9,"text":"ﮟ","translation":{"text":"Say","language_name":"english","language_id":38},"transliteration":{"text":"qul","language_name":"english","language_id":38}},{"id":38494,"position":2,"audio_url":"wbw/034_036_002.mp3","qpc_uthmani_hafs":"إِنَّ","char_type_name":"word","page_number":432,"line_number":9,"text":"ﮠ","translation":{"text":"Indeed","language_name":"english","language_id":38},"transliteration":{"text":"inna","language_name":"english","language_id":38}},{"id":38495,"position":3,"audio_url":"wbw/034_036_003.mp3","qpc_uthmani_hafs":"رَبِّي","char_type_name":"word","page_number":432,"line_number":9,"text":"ﮡ","translation":{"text":"my Lord","language_name":"english","language_id":38},"transliteration":{"text":"rabbī","language_name":"english","language_id":38}},{"id":38496,"position":4,"audio_url":"wbw/034_036_004.mp3","qpc_uthmani_hafs":"يَبۡسُطُ","char_type_name":"word","page_number":432,"line_number":9,"text":"ﮢ","translation":{"text":"extends","language_name":"english","language_id":38},"transliteration":{"text":"yabsuṭu","language_name":"english","language_id":38}},{"id":38497,"position":5,"audio_url":"wbw/034_036_005.mp3","qpc_uthmani_hafs":"ٱلرِّزۡقَ","char_type_name":"word","page_number":432,"line_number":9,"text":"ﮣ","translation":{"text":"the provision","language_name":"english","language_id":38},"transliteration":{"text":"l-riz'qa","language_name":"english","language_id":38}},{"id":38498,"position":6,"audio_url":"wbw/034_036_006.mp3","qpc_uthmani_hafs":"لِمَن","char_type_name":"word","page_number":432,"line_number":9,"text":"ﮤ","translation":{"text":"for whom","language_name":"english","language_id":38},"transliteration":{"text":"liman","language_name":"english","language_id":38}},{"id":38499,"position":7,"audio_url":"wbw/034_036_007.mp3","qpc_uthmani_hafs":"يَشَآءُ","char_type_name":"word","page_number":432,"line_number":9,"text":"ﮥ","translation":{"text":"He wills","language_name":"english","language_id":38},"transliteration":{"text":"yashāu","language_name":"english","language_id":38}},{"id":38500,"position":8,"audio_url":"wbw/034_036_008.mp3","qpc_uthmani_hafs":"وَيَقۡدِرُ","char_type_name":"word","page_number":432,"line_number":9,"text":"ﮦ","translation":{"text":"and restricts","language_name":"english","language_id":38},"transliteration":{"text":"wayaqdiru","language_name":"english","language_id":38}},{"id":38501,"position":9,"audio_url":"wbw/034_036_009.mp3","qpc_uthmani_hafs":"وَلَٰكِنَّ","char_type_name":"word","page_number":432,"line_number":9,"text":"ﮧ","translation":{"text":"but","language_name":"english","language_id":38},"transliteration":{"text":"walākinna","language_name":"english","language_id":38}},{"id":38502,"position":10,"audio_url":"wbw/034_036_010.mp3","qpc_uthmani_hafs":"أَكۡثَرَ","char_type_name":"word","page_number":432,"line_number":9,"text":"ﮨ","translation":{"text":"most","language_name":"english","language_id":38},"transliteration":{"text":"akthara","language_name":"english","language_id":38}},{"id":38503,"position":11,"audio_url":"wbw/034_036_011.mp3","qpc_uthmani_hafs":"ٱلنَّاسِ","char_type_name":"word","page_number":432,"line_number":9,"text":"ﮩ","translation":{"text":"[the] people","language_name":"english","language_id":38},"transliteration":{"text":"l-nāsi","language_name":"english","language_id":38}},{"id":38504,"position":12,"audio_url":"wbw/034_036_012.mp3","qpc_uthmani_hafs":"لَا","char_type_name":"word","page_number":432,"line_number":10,"text":"ﮪ","translation":{"text":"(do) not","language_name":"english","language_id":38},"transliteration":{"text":"lā","language_name":"english","language_id":38}},{"id":38505,"position":13,"audio_url":"wbw/034_036_013.mp3","qpc_uthmani_hafs":"يَعۡلَمُونَ","char_type_name":"word","page_number":432,"line_number":10,"text":"ﮫ","translation":{"text":"know","language_name":"english","language_id":38},"transliteration":{"text":"yaʿlamūna","language_name":"english","language_id":38}},{"id":38506,"position":14,"audio_url":null,"qpc_uthmani_hafs":"٣٦","char_type_name":"end","page_number":432,"line_number":10,"text":"ﮬ","translation":{"text":"(36)","language_name":"english","language_id":38},"transliteration":{"text":null,"language_name":"english","language_id":38}}],"translations":[{"id":920071,"resource_id":134,"text":"Katakanlah, \"Sesungguhnya Tuhan-ku melapangkan rezeki bagi siapa yang dikehendaki-Nya dan menyempitkan (bagi siapa yang dikehendaki-Nya), akan tetapi kebanyakan manusia tidak mengetahui\"."}]},{"id":3643,"verse_number":37,"verse_key":"34:37","juz_number":22,"hizb_number":44,"rub_el_hizb_number":173,"ruku_number":376,"manzil_number":5,"sajdah_number":null,"text_uthmani":"وَمَآ أَمْوَٰلُكُمْ وَلَآ أَوْلَـٰدُكُم بِٱلَّتِى تُقَرِّبُكُمْ عِندَنَا زُلْفَىٰٓ إِلَّا مَنْ ءَامَنَ وَعَمِلَ صَـٰلِحًا فَأُو۟لَـٰٓئِكَ لَهُمْ جَزَآءُ ٱلضِّعْفِ بِمَا عَمِلُوا۟ وَهُمْ فِى ٱلْغُرُفَـٰتِ ءَامِنُونَ","page_number":432,"words":[{"id":39326,"position":1,"audio_url":"wbw/034_037_001.mp3","qpc_uthmani_hafs":"وَمَآ","char_type_name":"word","page_number":432,"line_number":10,"text":"ﮭ","translation":{"text":"And not","language_name":"english","language_id":38},"transliteration":{"text":"wamā","language_name":"english","language_id":38}},{"id":39327,"position":2,"audio_url":"wbw/034_037_002.mp3","qpc_uthmani_hafs":"أَمۡوَٰلُكُمۡ","char_type_name":"word","page_number":432,"line_number":10,"text":"ﮮ","translation":{"text":"your wealth","language_name":"english","language_id":38},"transliteration":{"text":"amwālukum","language_name":"english","language_id":38}},{"id":39328,"position":3,"audio_url":"wbw/034_037_003.mp3","qpc_uthmani_hafs":"وَلَآ","char_type_name":"word","page_number":432,"line_number":10,"text":"ﮯ","translation":{"text":"and not","language_name":"english","language_id":38},"transliteration":{"text":"walā","language_name":"english","language_id":38}},{"id":39329,"position":4,"audio_url":"wbw/034_037_004.mp3","qpc_uthmani_hafs":"أَوۡلَٰدُكُم","char_type_name":"word","page_number":432,"line_number":10,"text":"ﮰ","translation":{"text":"your children","language_name":"english","language_id":38},"transliteration":{"text":"awlādukum","language_name":"english","language_id":38}},{"id":39330,"position":5,"audio_url":"wbw/034_037_005.mp3","qpc_uthmani_hafs":"بِٱلَّتِي","char_type_name":"word","page_number":432,"line_number":10,"text":"ﮱ","translation":{"text":"[that]","language_name":"english","language_id":38},"transliteration":{"text":"bi-allatī","language_name":"english","language_id":38}},{"id":39331,"position":6,"audio_url":"wbw/034_037_006.mp3","qpc_uthmani_hafs":"تُقَرِّبُكُمۡ","char_type_name":"word","page_number":432,"line_number":10,"text":"ﯓ","translation":{"text":"will bring you close","language_name":"english","language_id":38},"transliteration":{"text":"tuqarribukum","language_name":"english","language_id":38}},{"id":39332,"position":7,"audio_url":"wbw/034_037_007.mp3","qpc_uthmani_hafs":"عِندَنَا","char_type_name":"word","page_number":432,"line_number":10,"text":"ﯔ","translation":{"text":"to Us","language_name":"english","language_id":38},"transliteration":{"text":"ʿindanā","language_name":"english","language_id":38}},{"id":39333,"position":8,"audio_url":"wbw/034_037_008.mp3","qpc_uthmani_hafs":"زُلۡفَىٰٓ","char_type_name":"word","page_number":432,"line_number":11,"text":"ﯕ","translation":{"text":"(in) position","language_name":"english","language_id":38},"transliteration":{"text":"zul'fā","language_name":"english","language_id":38}},{"id":39334,"position":9,"audio_url":"wbw/034_037_009.mp3","qpc_uthmani_hafs":"إِلَّا","char_type_name":"word","page_number":432,"line_number":11,"text":"ﯖ","translation":{"text":"but","language_name":"english","language_id":38},"transliteration":{"text":"illā","language_name":"english","language_id":38}},{"id":39335,"position":10,"audio_url":"wbw/034_037_010.mp3","qpc_uthmani_hafs":"مَنۡ","char_type_name":"word","page_number":432,"line_number":11,"text":"ﯗ","translation":{"text":"whoever","language_name":"english","language_id":38},"transliteration":{"text":"man","language_name":"english","language_id":38}},{"id":39336,"position":11,"audio_url":"wbw/034_037_011.mp3","qpc_uthmani_hafs":"ءَامَنَ","char_type_name":"word","page_number":432,"line_number":11,"text":"ﯘ","translation":{"text":"believes","language_name":"english","language_id":38},"transliteration":{"text":"āmana","language_name":"english","language_id":38}},{"id":39337,"position":12,"audio_url":"wbw/034_037_012.mp3","qpc_uthmani_hafs":"وَعَمِلَ","char_type_name":"word","page_number":432,"line_number":11,"text":"ﯙ","translation":{"text":"and does","language_name":"english","language_id":38},"transliteration":{"text":"waʿamila","language_name":"english","language_id":38}},{"id":39338,"position":13,"audio_url":"wbw/034_037_013.mp3","qpc_uthmani_hafs":"صَٰلِحٗا","char_type_name":"word","page_number":432,"line_number":11,"text":"ﯚ","translation":{"text":"righteousness","language_name":"english","language_id":38},"transliteration":{"text":"ṣāliḥan","language_name":"english","language_id":38}},{"id":39339,"position":14,"audio_url":"wbw/034_037_014.mp3","qpc_uthmani_hafs":"فَأُوْلَٰٓئِكَ","char_type_name":"word","page_number":432,"line_number":11,"text":"ﯛ","translation":{"text":"then those","language_name":"english","language_id":38},"transliteration":{"text":"fa-ulāika","language_name":"english","language_id":38}},{"id":39340,"position":15,"audio_url":"wbw/034_037_015.mp3","qpc_uthmani_hafs":"لَهُمۡ","char_type_name":"word","page_number":432,"line_number":11,"text":"ﯜ","translation":{"text":"for them","language_name":"english","language_id":38},"transliteration":{"text":"lahum","language_name":"english","language_id":38}},{"id":39341,"position":16,"audio_url":"wbw/034_037_016.mp3","qpc_uthmani_hafs":"جَزَآءُ","char_type_name":"word","page_number":432,"line_number":11,"text":"ﯝ","translation":{"text":"(will be) reward","language_name":"english","language_id":38},"transliteration":{"text":"jazāu","language_name":"english","language_id":38}},{"id":39342,"position":17,"audio_url":"wbw/034_037_017.mp3","qpc_uthmani_hafs":"ٱلضِّعۡفِ","char_type_name":"word","page_number":432,"line_number":11,"text":"ﯞ","translation":{"text":"two-fold","language_name":"english","language_id":38},"transliteration":{"text":"l-ḍiʿ'fi","language_name":"english","language_id":38}},{"id":39343,"position":18,"audio_url":"wbw/034_037_018.mp3","qpc_uthmani_hafs":"بِمَا","char_type_name":"word","page_number":432,"line_number":12,"text":"ﯟ","translation":{"text":"for what","language_name":"english","language_id":38},"transliteration":{"text":"bimā","language_name":"english","language_id":38}},{"id":39344,"position":19,"audio_url":"wbw/034_037_019.mp3","qpc_uthmani_hafs":"عَمِلُواْ","char_type_name":"word","page_number":432,"line_number":12,"text":"ﯠ","translation":{"text":"they did","language_name":"english","language_id":38},"transliteration":{"text":"ʿamilū","language_name":"english","language_id":38}},{"id":39345,"position":20,"audio_url":"wbw/034_037_020.mp3","qpc_uthmani_hafs":"وَهُمۡ","char_type_name":"word","page_number":432,"line_number":12,"text":"ﯡ","translation":{"text":"and they","language_name":"english","language_id":38},"transliteration":{"text":"wahum","language_name":"english","language_id":38}},{"id":39346,"position":21,"audio_url":"wbw/034_037_021.mp3","qpc_uthmani_hafs":"فِي","char_type_name":"word","page_number":432,"line_number":12,"text":"ﯢ","translation":{"text":"(will be) in","language_name":"english","language_id":38},"transliteration":{"text":"fī","language_name":"english","language_id":38}},{"id":39347,"position":22,"audio_url":"wbw/034_037_022.mp3","qpc_uthmani_hafs":"ٱلۡغُرُفَٰتِ","char_type_name":"word","page_number":432,"line_number":12,"text":"ﯣ","translation":{"text":"the high dwellings","language_name":"english","language_id":38},"transliteration":{"text":"l-ghurufāti","language_name":"english","language_id":38}},{"id":39348,"position":23,"audio_url":"wbw/034_037_023.mp3","qpc_uthmani_hafs":"ءَامِنُونَ","char_type_name":"word","page_number":432,"line_number":12,"text":"ﯤ","translation":{"text":"secure","language_name":"english","language_id":38},"transliteration":{"text":"āminūna","language_name":"english","language_id":38}},{"id":39349,"position":24,"audio_url":null,"qpc_uthmani_hafs":"٣٧","char_type_name":"end","page_number":432,"line_number":12,"text":"ﯥ","translation":{"text":"(37)","language_name":"english","language_id":38},"transliteration":{"text":null,"language_name":"english","language_id":38}}],"translations":[{"id":920072,"resource_id":134,"text":"Dan sekali-kali bukanlah harta dan bukan (pula) anak-anak kamu yang mendekatkan kamu kepada Kami sedikit pun, tetapi orang-orang yang beriman dan mengerjakan amal-amal saleh, mereka itulah yang memperoleh balasan yang berlipat ganda disebabkan apa yang telah mereka kerjakan dan mereka aman sentosa di tempat-tempat yang tinggi (dalam surga)."}]},{"id":3644,"verse_number":38,"verse_key":"34:38","juz_number":22,"hizb_number":44,"rub_el_hizb_number":173,"ruku_number":376,"manzil_number":5,"sajdah_number":null,"text_uthmani":"وَٱلَّذِينَ يَسْعَوْنَ فِىٓ ءَايَـٰتِنَا مُعَـٰجِزِينَ أُو۟لَـٰٓئِكَ فِى ٱلْعَذَابِ مُحْضَرُونَ","page_number":432,"words":[{"id":40185,"position":1,"audio_url":"wbw/034_038_001.mp3","qpc_uthmani_hafs":"وَٱلَّذِينَ","char_type_name":"word","page_number":432,"line_number":12,"text":"ﯦ","translation":{"text":"And those who","language_name":"english","language_id":38},"transliteration":{"text":"wa-alladhīna","language_name":"english","language_id":38}},{"id":40186,"position":2,"audio_url":"wbw/034_038_002.mp3","qpc_uthmani_hafs":"يَسۡعَوۡنَ","char_type_name":"word","page_number":432,"line_number":12,"text":"ﯧ","translation":{"text":"strive","language_name":"english","language_id":38},"transliteration":{"text":"yasʿawna","language_name":"english","language_id":38}},{"id":40187,"position":3,"audio_url":"wbw/034_038_003.mp3","qpc_uthmani_hafs":"فِيٓ","char_type_name":"word","page_number":432,"line_number":12,"text":"ﯨ","translation":{"text":"against","language_name":"english","language_id":38},"transliteration":{"text":"fī","language_name":"english","language_id":38}},{"id":40188,"position":4,"audio_url":"wbw/034_038_004.mp3","qpc_uthmani_hafs":"ءَايَٰتِنَا","char_type_name":"word","page_number":432,"line_number":13,"text":"ﯩ","translation":{"text":"Our Verses","language_name":"english","language_id":38},"transliteration":{"text":"āyātinā","language_name":"english","language_id":38}},{"id":40189,"position":5,"audio_url":"wbw/034_038_005.mp3","qpc_uthmani_hafs":"مُعَٰجِزِينَ","char_type_name":"word","page_number":432,"line_number":13,"text":"ﯪ","translation":{"text":"(to) cause failure","language_name":"english","language_id":38},"transliteration":{"text":"muʿājizīna","language_name":"english","language_id":38}},{"id":40190,"position":6,"audio_url":"wbw/034_038_006.mp3","qpc_uthmani_hafs":"أُوْلَٰٓئِكَ","char_type_name":"word","page_number":432,"line_number":13,"text":"ﯫ","translation":{"text":"those","language_name":"english","language_id":38},"transliteration":{"text":"ulāika","language_name":"english","language_id":38}},{"id":40191,"position":7,"audio_url":"wbw/034_038_007.mp3","qpc_uthmani_hafs":"فِي","char_type_name":"word","page_number":432,"line_number":13,"text":"ﯬ","translation":{"text":"into","language_name":"english","language_id":38},"transliteration":{"text":"fī","language_name":"english","language_id":38}},{"id":40192,"position":8,"audio_url":"wbw/034_038_008.mp3","qpc_uthmani_hafs":"ٱلۡعَذَابِ","char_type_name":"word","page_number":432,"line_number":13,"text":"ﯭ","translation":{"text":"the punishment","language_name":"english","language_id":38},"transliteration":{"text":"l-ʿadhābi","language_name":"english","language_id":38}},{"id":40193,"position":9,"audio_url":"wbw/034_038_009.mp3","qpc_uthmani_hafs":"مُحۡضَرُونَ","char_type_name":"word","page_number":432,"line_number":13,"text":"ﯮ","translation":{"text":"(will be) brought","language_name":"english","language_id":38},"transliteration":{"text":"muḥ'ḍarūna","language_name":"english","language_id":38}},{"id":40194,"position":10,"audio_url":null,"qpc_uthmani_hafs":"٣٨","char_type_name":"end","page_number":432,"line_number":13,"text":"ﯯ","translation":{"text":"(38)","language_name":"english","language_id":38},"transliteration":{"text":null,"language_name":"english","language_id":38}}],"translations":[{"id":920073,"resource_id":134,"text":"Dan orang-orang yang berusaha (menentang) ayat-ayat Kami dengan anggapan untuk dapat melemahkan (menggagalkan azab Kami), mereka itu dimasukkan ke dalam azab."}]},{"id":3645,"verse_number":39,"verse_key":"34:39","juz_number":22,"hizb_number":44,"rub_el_hizb_number":173,"ruku_number":376,"manzil_number":5,"sajdah_number":null,"text_uthmani":"قُلْ إِنَّ رَبِّى يَبْسُطُ ٱلرِّزْقَ لِمَن يَشَآءُ مِنْ عِبَادِهِۦ وَيَقْدِرُ لَهُۥ ۚ وَمَآ أَنفَقْتُم مِّن شَىْءٍ فَهُوَ يُخْلِفُهُۥ ۖ وَهُوَ خَيْرُ ٱلرَّٰزِقِينَ","page_number":432,"words":[{"id":40471,"position":1,"audio_url":"wbw/034_039_001.mp3","qpc_uthmani_hafs":"قُلۡ","char_type_name":"word","page_number":432,"line_number":13,"text":"ﯰ","translation":{"text":"Say","language_name":"english","language_id":38},"transliteration":{"text":"qul","language_name":"english","language_id":38}},{"id":40472,"position":2,"audio_url":"wbw/034_039_002.mp3","qpc_uthmani_hafs":"إِنَّ","char_type_name":"word","page_number":432,"line_number":14,"text":"ﯱ","translation":{"text":"Indeed","language_name":"english","language_id":38},"transliteration":{"text":"inna","language_name":"english","language_id":38}},{"id":40473,"position":3,"audio_url":"wbw/034_039_003.mp3","qpc_uthmani_hafs":"رَبِّي","char_type_name":"word","page_number":432,"line_number":14,"text":"ﯲ","translation":{"text":"my Lord","language_name":"english","language_id":38},"transliteration":{"text":"rabbī","language_name":"english","language_id":38}},{"id":40474,"position":4,"audio_url":"wbw/034_039_004.mp3","qpc_uthmani_hafs":"يَبۡسُطُ","char_type_name":"word","page_number":432,"line_number":14,"text":"ﯳ","translation":{"text":"extends","language_name":"english","language_id":38},"transliteration":{"text":"yabsuṭu","language_name":"english","language_id":38}},{"id":40475,"position":5,"audio_url":"wbw/034_039_005.mp3","qpc_uthmani_hafs":"ٱلرِّزۡقَ","char_type_name":"word","page_number":432,"line_number":14,"text":"ﯴ","translation":{"text":"the provision","language_name":"english","language_id":38},"transliteration":{"text":"l-riz'qa","language_name":"english","language_id":38}},{"id":40476,"position":6,"audio_url":"wbw/034_039_006.mp3","qpc_uthmani_hafs":"لِمَن","char_type_name":"word","page_number":432,"line_number":14,"text":"ﯵ","translation":{"text":"for whom","language_name":"english","language_id":38},"transliteration":{"text":"liman","language_name":"english","language_id":38}},{"id":40477,"position":7,"audio_url":"wbw/034_039_007.mp3","qpc_uthmani_hafs":"يَشَآءُ","char_type_name":"word","page_number":432,"line_number":14,"text":"ﯶ","translation":{"text":"He wills","language_name":"english","language_id":38},"transliteration":{"text":"yashāu","language_name":"english","language_id":38}},{"id":40478,"position":8,"audio_url":"wbw/034_039_008.mp3","qpc_uthmani_hafs":"مِنۡ","char_type_name":"word","page_number":432,"line_number":14,"text":"ﯷ","translation":{"text":"of","language_name":"english","language_id":38},"transliteration":{"text":"min","language_name":"english","language_id":38}},{"id":40479,"position":9,"audio_url":"wbw/034_039_009.mp3","qpc_uthmani_hafs":"عِبَادِهِۦ","char_type_name":"word","page_number":432,"line_number":14,"text":"ﯸ","translation":{"text":"His slaves","language_name":"english","language_id":38},"transliteration":{"text":"ʿibādihi","language_name":"english","language_id":38}},{"id":40480,"position":10,"audio_url":"wbw/034_039_010.mp3","qpc_uthmani_hafs":"وَيَقۡدِرُ","char_type_name":"word","page_number":432,"line_number":14,"text":"ﯹ","translation":{"text":"and restricts","language_name":"english","language_id":38},"transliteration":{"text":"wayaqdiru","language_name":"english","language_id":38}},{"id":40481,"position":11,"audio_url":"wbw/034_039_011.mp3","qpc_uthmani_hafs":"لَهُۥۚ","char_type_name":"word","page_number":432,"line_number":14,"text":"ﯺﯻ","translation":{"text":"for him","language_name":"english","language_id":38},"transliteration":{"text":"lahu","language_name":"english","language_id":38}},{"id":40483,"position":12,"audio_url":"wbw/034_039_013.mp3","qpc_uthmani_hafs":"وَمَآ","char_type_name":"word","page_number":432,"line_number":14,"text":"ﯼ","translation":{"text":"But what","language_name":"english","language_id":38},"transliteration":{"text":"wamā","language_name":"english","language_id":38}},{"id":40484,"position":13,"audio_url":"wbw/034_039_014.mp3","qpc_uthmani_hafs":"أَنفَقۡتُم","char_type_name":"word","page_number":432,"line_number":15,"text":"ﯽ","translation":{"text":"you spend","language_name":"english","language_id":38},"transliteration":{"text":"anfaqtum","language_name":"english","language_id":38}},{"id":40485,"position":14,"audio_url":"wbw/034_039_015.mp3","qpc_uthmani_hafs":"مِّن","char_type_name":"word","page_number":432,"line_number":15,"text":"ﯾ","translation":{"text":"of","language_name":"english","language_id":38},"transliteration":{"text":"min","language_name":"english","language_id":38}},{"id":40486,"position":15,"audio_url":"wbw/034_039_016.mp3","qpc_uthmani_hafs":"شَيۡءٖ","char_type_name":"word","page_number":432,"line_number":15,"text":"ﯿ","translation":{"text":"anything","language_name":"english","language_id":38},"transliteration":{"text":"shayin","language_name":"english","language_id":38}},{"id":40487,"position":16,"audio_url":"wbw/034_039_017.mp3","qpc_uthmani_hafs":"فَهُوَ","char_type_name":"word","page_number":432,"line_number":15,"text":"ﰀ","translation":{"text":"then He","language_name":"english","language_id":38},"transliteration":{"text":"fahuwa","language_name":"english","language_id":38}},{"id":40488,"position":17,"audio_url":"wbw/034_039_018.mp3","qpc_uthmani_hafs":"يُخۡلِفُهُۥۖ","char_type_name":"word","page_number":432,"line_number":15,"text":"ﰁﰂ","translation":{"text":"will compensate it","language_name":"english","language_id":38},"transliteration":{"text":"yukh'lifuhu","language_name":"english","language_id":38}},{"id":40490,"position":18,"audio_url":"wbw/034_039_020.mp3","qpc_uthmani_hafs":"وَهُوَ","char_type_name":"word","page_number":432,"line_number":15,"text":"ﰃ","translation":{"text":"and He","language_name":"english","language_id":38},"transliteration":{"text":"wahuwa","language_name":"english","language_id":38}},{"id":40491,"position":19,"audio_url":"wbw/034_039_021.mp3","qpc_uthmani_hafs":"خَيۡرُ","char_type_name":"word","page_number":432,"line_number":15,"text":"ﰄ","translation":{"text":"(is the) Best","language_name":"english","language_id":38},"transliteration":{"text":"khayru","language_name":"english","language_id":38}},{"id":40492,"position":20,"audio_url":"wbw/034_039_022.mp3","qpc_uthmani_hafs":"ٱلرَّٰزِقِينَ","char_type_name":"word","page_number":432,"line_number":15,"text":"ﰅ","translation":{"text":"(of) the Providers","language_name":"english","language_id":38},"transliteration":{"text":"l-rāziqīna","language_name":"english","language_id":38}},{"id":40493,"position":21,"audio_url":null,"qpc_uthmani_hafs":"٣٩","char_type_name":"end","page_number":432,"line_number":15,"text":"ﰆ","translation":{"text":"(39)","language_name":"english","language_id":38},"transliteration":{"text":null,"language_name":"english","language_id":38}}],"translations":[{"id":920074,"resource_id":134,"text":"Katakanlah, \"Sesungguhnya Tuhan-ku melapangkan rezeki bagi siapa yang dikehendaki-Nya di antara hamba-hamba-Nya dan menyempitkan bagi (siapa yang dikehendaki-Nya)\".  Dan barang apa saja yang kamu nafkahkan, maka Allah akan menggantinya dan Dia-lah Pemberi rezeki yang sebaik-baiknya."}]}],"pagination":{"per_page":50,"current_page":1,"next_page":null,"total_pages":1,"total_records":8}}