{"verses":[{"id":3718,"verse_number":13,"verse_key":"36:13","juz_number":22,"hizb_number":44,"rub_el_hizb_number":176,"ruku_number":384,"manzil_number":5,"sajdah_number":null,"text_uthmani":"وَٱضْرِبْ لَهُم مَّثَلًا أَصْحَـٰبَ ٱلْقَرْيَةِ إِذْ جَآءَهَا ٱلْمُرْسَلُونَ","page_number":441,"words":[{"id":15686,"position":1,"audio_url":"wbw/036_013_001.mp3","qpc_uthmani_hafs":"وَٱضۡرِبۡ","char_type_name":"word","page_number":441,"line_number":1,"text":"ﭑ","translation":{"text":"And set forth","language_name":"english","language_id":38},"transliteration":{"text":"wa-iḍ'rib","language_name":"english","language_id":38}},{"id":15687,"position":2,"audio_url":"wbw/036_013_002.mp3","qpc_uthmani_hafs":"لَهُم","char_type_name":"word","page_number":441,"line_number":1,"text":"ﭒ","translation":{"text":"to them","language_name":"english","language_id":38},"transliteration":{"text":"lahum","language_name":"english","language_id":38}},{"id":15688,"position":3,"audio_url":"wbw/036_013_003.mp3","qpc_uthmani_hafs":"مَّثَلًا","char_type_name":"word","page_number":441,"line_number":1,"text":"ﭓ","translation":{"text":"an example","language_name":"english","language_id":38},"transliteration":{"text":"mathalan","language_name":"english","language_id":38}},{"id":15689,"position":4,"audio_url":"wbw/036_013_004.mp3","qpc_uthmani_hafs":"أَصۡحَٰبَ","char_type_name":"word","page_number":441,"line_number":1,"text":"ﭔ","translation":{"text":"(of the) companions","language_name":"english","language_id":38},"transliteration":{"text":"aṣḥāba","language_name":"english","language_id":38}},{"id":15690,"position":5,"audio_url":"wbw/036_013_005.mp3","qpc_uthmani_hafs":"ٱلۡقَرۡيَةِ","char_type_name":"word","page_number":441,"line_number":1,"text":"ﭕ","translation":{"text":"(of) the city","language_name":"english","language_id":38},"transliteration":{"text":"l-qaryati","language_name":"english","language_id":38}},{"id":15691,"position":6,"audio_url":"wbw/036_013_006.mp3","qpc_uthmani_hafs":"إِذۡ","char_type_name":"word","page_number":441,"line_number":1,"text":"ﭖ","translation":{"text":"when","language_name":"english","language_id":38},"transliteration":{"text":"idh","language_name":"english","language_id":38}},{"id":15692,"position":7,"audio_url":"wbw/036_013_007.mp3","qpc_uthmani_hafs":"جَآءَهَا","char_type_name":"word","page_number":441,"line_number":1,"text":"ﭗ","translation":{"text":"came to it","language_name":"english","language_id":38},"transliteration":{"text":"jāahā","language_name":"english","language_id":38}},{"id":15693,"position":8,"audio_url":"wbw/036_013_008.mp3","qpc_uthmani_hafs":"ٱلۡمُرۡسَلُونَ","char_type_name":"word","page_number":441,"line_number":1,"text":"ﭘ","translation":{"text":"the Messengers","language_name":"english","language_id":38},"transliteration":{"text":"l-mur'salūna","language_name":"english","language_id":38}},{"id":15694,"position":9,"audio_url":null,"qpc_uthmani_hafs":"١٣","char_type_name":"end","page_number":441,"line_number":1,"text":"ﭙ","translation":{"text":"(13)","language_name":"english","language_id":38},"transliteration":{"text":null,"language_name":"english","language_id":38}}],"translations":[{"id":920147,"resource_id":134,"text":"Dan buatlah bagi mereka suatu perumpamaan, yaitu penduduk suatu negeri ketika utusan-utusan datang kepada mereka."}]},{"id":3719,"verse_number":14,"verse_key":"36:14","juz_number":22,"hizb_number":44,"rub_el_hizb_number":176,"ruku_number":384,"manzil_number":5,"sajdah_number":null,"text_uthmani":"إِذْ أَرْسَلْنَآ إِلَيْهِمُ ٱثْنَيْنِ فَكَذَّبُوهُمَا فَعَزَّزْنَا بِثَالِثٍ فَقَالُوٓا۟ إِنَّآ إِلَيْكُم مُّرْسَلُونَ","page_number":441,"words":[{"id":16734,"position":1,"audio_url":"wbw/036_014_001.mp3","qpc_uthmani_hafs":"إِذۡ","char_type_name":"word","page_number":441,"line_number":2,"text":"ﭚ","translation":{"text":"When","language_name":"english","language_id":38},"transliteration":{"text":"idh","language_name":"english","language_id":38}},{"id":16735,"position":2,"audio_url":"wbw/036_014_002.mp3","qpc_uthmani_hafs":"أَرۡسَلۡنَآ","char_type_name":"word","page_number":441,"line_number":2,"text":"ﭛ","translation":{"text":"We sent","language_name":"english","language_id":38},"transliteration":{"text":"arsalnā","language_name":"english","language_id":38}},{"id":16736,"position":3,"audio_url":"wbw/036_014_003.mp3","qpc_uthmani_hafs":"إِلَيۡهِمُ","char_type_name":"word","page_number":441,"line_number":2,"text":"ﭜ","translation":{"text":"to them","language_name":"english","language_id":38},"transliteration":{"text":"ilayhimu","language_name":"english","language_id":38}},{"id":16737,"position":4,"audio_url":"wbw/036_014_004.mp3","qpc_uthmani_hafs":"ٱثۡنَيۡنِ","char_type_name":"word","page_number":441,"line_number":2,"text":"ﭝ","translation":{"text":"two (Messengers)","language_name":"english","language_id":38},"transliteration":{"text":"ith'nayni","language_name":"english","language_id":38}},{"id":16738,"position":5,"audio_url":"wbw/036_014_005.mp3","qpc_uthmani_hafs":"فَكَذَّبُوهُمَا","char_type_name":"word","page_number":441,"line_number":2,"text":"ﭞ","translation":{"text":"but they denied both of them","language_name":"english","language_id":38},"transliteration":{"text":"fakadhabūhumā","language_name":"english","language_id":38}},{"id":16739,"position":6,"audio_url":"wbw/036_014_006.mp3","qpc_uthmani_hafs":"فَعَزَّزۡنَا","char_type_name":"word","page_number":441,"line_number":2,"text":"ﭟ","translation":{"text":"so We strengthened them","language_name":"english","language_id":38},"transliteration":{"text":"faʿazzaznā","language_name":"english","language_id":38}},{"id":16740,"position":7,"audio_url":"wbw/036_014_007.mp3","qpc_uthmani_hafs":"بِثَالِثٖ","char_type_name":"word","page_number":441,"line_number":2,"text":"ﭠ","translation":{"text":"with a third","language_name":"english","language_id":38},"transliteration":{"text":"bithālithin","language_name":"english","language_id":38}},{"id":16741,"position":8,"audio_url":"wbw/036_014_008.mp3","qpc_uthmani_hafs":"فَقَالُوٓاْ","char_type_name":"word","page_number":441,"line_number":2,"text":"ﭡ","translation":{"text":"and they said","language_name":"english","language_id":38},"transliteration":{"text":"faqālū","language_name":"english","language_id":38}},{"id":16742,"position":9,"audio_url":"wbw/036_014_009.mp3","qpc_uthmani_hafs":"إِنَّآ","char_type_name":"word","page_number":441,"line_number":2,"text":"ﭢ","translation":{"text":"Indeed, We","language_name":"english","language_id":38},"transliteration":{"text":"innā","language_name":"english","language_id":38}},{"id":16743,"position":10,"audio_url":"wbw/036_014_010.mp3","qpc_uthmani_hafs":"إِلَيۡكُم","char_type_name":"word","page_number":441,"line_number":3,"text":"ﭣ","translation":{"text":"to you","language_name":"english","language_id":38},"transliteration":{"text":"ilaykum","language_name":"english","language_id":38}},{"id":16744,"position":11,"audio_url":"wbw/036_014_011.mp3","qpc_uthmani_hafs":"مُّرۡسَلُونَ","char_type_name":"word","page_number":441,"line_number":3,"text":"ﭤ","translation":{"text":"(are) Messengers","language_name":"english","language_id":38},"transliteration":{"text":"mur'salūna","language_name":"english","language_id":38}},{"id":16745,"position":12,"audio_url":null,"qpc_uthmani_hafs":"١٤","char_type_name":"end","page_number":441,"line_number":3,"text":"ﭥ","translation":{"text":"(14)","language_name":"english","language_id":38},"transliteration":{"text":null,"language_name":"english","language_id":38}}],"translations":[{"id":920148,"resource_id":134,"text":"(yaitu) ketika Kami mengutus kepada mereka dua orang utusan, lalu mereka mendustakan keduanya, kemudian Kami kuatkan dengan (utusan) yang ketiga, maka ketiga utusan itu berkata, \"Sesungguhnya kami adalah orang-orang diutus kepadamu\"."}]},{"id":3720,"verse_number":15,"verse_key":"36:15","juz_number":22,"hizb_number":44,"rub_el_hizb_number":176,"ruku_number":384,"manzil_number":5,"sajdah_number":null,"text_uthmani":"قَالُوا۟ مَآ أَنتُمْ إِلَّا بَشَرٌ مِّثْلُنَا وَمَآ أَنزَلَ ٱلرَّحْمَـٰنُ مِن شَىْءٍ إِنْ أَنتُمْ إِلَّا تَكْذِبُونَ","page_number":441,"words":[{"id":17907,"position":1,"audio_url":"wbw/036_015_001.mp3","qpc_uthmani_hafs":"قَالُواْ","char_type_name":"word","page_number":441,"line_number":3,"text":"ﭦ","translation":{"text":"They said","language_name":"english","language_id":38},"transliteration":{"text":"qālū","language_name":"english","language_id":38}},{"id":17908,"position":2,"audio_url":"wbw/036_015_002.mp3","qpc_uthmani_hafs":"مَآ","char_type_name":"word","page_number":441,"line_number":3,"text":"ﭧ","translation":{"text":"Not","language_name":"english","language_id":38},"transliteration":{"text":"mā","language_name":"english","language_id":38}},{"id":17909,"position":3,"audio_url":"wbw/036_015_003.mp3","qpc_uthmani_hafs":"أَنتُمۡ","char_type_name":"word","page_number":441,"line_number":3,"text":"ﭨ","translation":{"text":"you","language_name":"english","language_id":38},"transliteration":{"text":"antum","language_name":"english","language_id":38}},{"id":17910,"position":4,"audio_url":"wbw/036_015_004.mp3","qpc_uthmani_hafs":"إِلَّا","char_type_name":"word","page_number":441,"line_number":3,"text":"ﭩ","translation":{"text":"(are) but","language_name":"english","language_id":38},"transliteration":{"text":"illā","language_name":"english","language_id":38}},{"id":17911,"position":5,"audio_url":"wbw/036_015_005.mp3","qpc_uthmani_hafs":"بَشَرٞ","char_type_name":"word","page_number":441,"line_number":3,"text":"ﭪ","translation":{"text":"human beings","language_name":"english","language_id":38},"transliteration":{"text":"basharun","language_name":"english","language_id":38}},{"id":17912,"position":6,"audio_url":"wbw/036_015_006.mp3","qpc_uthmani_hafs":"مِّثۡلُنَا","char_type_name":"word","page_number":441,"line_number":3,"text":"ﭫ","translation":{"text":"like us","language_name":"english","language_id":38},"transliteration":{"text":"mith'lunā","language_name":"english","language_id":38}},{"id":17913,"position":7,"audio_url":"wbw/036_015_007.mp3","qpc_uthmani_hafs":"وَمَآ","char_type_name":"word","page_number":441,"line_number":3,"text":"ﭬ","translation":{"text":"and not","language_name":"english","language_id":38},"transliteration":{"text":"wamā","language_name":"english","language_id":38}},{"id":17914,"position":8,"audio_url":"wbw/036_015_008.mp3","qpc_uthmani_hafs":"أَنزَلَ","char_type_name":"word","page_number":441,"line_number":3,"text":"ﭭ","translation":{"text":"has revealed","language_name":"english","language_id":38},"transliteration":{"text":"anzala","language_name":"english","language_id":38}},{"id":17915,"position":9,"audio_url":"wbw/036_015_009.mp3","qpc_uthmani_hafs":"ٱلرَّحۡمَٰنُ","char_type_name":"word","page_number":441,"line_number":4,"text":"ﭮ","translation":{"text":"the Most Gracious","language_name":"english","language_id":38},"transliteration":{"text":"l-raḥmānu","language_name":"english","language_id":38}},{"id":17916,"position":10,"audio_url":"wbw/036_015_010.mp3","qpc_uthmani_hafs":"مِن","char_type_name":"word","page_number":441,"line_number":4,"text":"ﭯ","translation":{"text":"any","language_name":"english","language_id":38},"transliteration":{"text":"min","language_name":"english","language_id":38}},{"id":17917,"position":11,"audio_url":"wbw/036_015_011.mp3","qpc_uthmani_hafs":"شَيۡءٍ","char_type_name":"word","page_number":441,"line_number":4,"text":"ﭰ","translation":{"text":"thing","language_name":"english","language_id":38},"transliteration":{"text":"shayin","language_name":"english","language_id":38}},{"id":17918,"position":12,"audio_url":"wbw/036_015_012.mp3","qpc_uthmani_hafs":"إِنۡ","char_type_name":"word","page_number":441,"line_number":4,"text":"ﭱ","translation":{"text":"Not","language_name":"english","language_id":38},"transliteration":{"text":"in","language_name":"english","language_id":38}},{"id":17919,"position":13,"audio_url":"wbw/036_015_013.mp3","qpc_uthmani_hafs":"أَنتُمۡ","char_type_name":"word","page_number":441,"line_number":4,"text":"ﭲ","translation":{"text":"you","language_name":"english","language_id":38},"transliteration":{"text":"antum","language_name":"english","language_id":38}},{"id":17920,"position":14,"audio_url":"wbw/036_015_014.mp3","qpc_uthmani_hafs":"إِلَّا","char_type_name":"word","page_number":441,"line_number":4,"text":"ﭳ","translation":{"text":"(are) but","language_name":"english","language_id":38},"transliteration":{"text":"illā","language_name":"english","language_id":38}},{"id":17921,"position":15,"audio_url":"wbw/036_015_015.mp3","qpc_uthmani_hafs":"تَكۡذِبُونَ","char_type_name":"word","page_number":441,"line_number":4,"text":"ﭴ","translation":{"text":"lying","language_name":"english","language_id":38},"transliteration":{"text":"takdhibūna","language_name":"english","language_id":38}},{"id":17922,"position":16,"audio_url":null,"qpc_uthmani_hafs":"١٥","char_type_name":"end","page_number":441,"line_number":4,"text":"ﭵ","translation":{"text":"(15)","language_name":"english","language_id":38},"transliteration":{"text":null,"language_name":"english","language_id":38}}],"translations":[{"id":920149,"resource_id":134,"text":"Mereka menjawab, \"Kamu tidak lain hanyalah manusia seperti kami dan Allah Yang Maha Pemurah tidak menurunkan sesuatu pun; kamu tidak lain hanyalah pendusta belaka\"."}]},{"id":3721,"verse_number":16,"verse_key":"36:16","juz_number":22,"hizb_number":44,"rub_el_hizb_number":176,"ruku_number":384,"manzil_number":5,"sajdah_number":null,"text_uthmani":"قَالُوا۟ رَبُّنَا يَعْلَمُ إِنَّآ إِلَيْكُمْ لَمُرْسَلُونَ","page_number":441,"words":[{"id":18930,"position":1,"audio_url":"wbw/036_016_001.mp3","qpc_uthmani_hafs":"قَالُواْ","char_type_name":"word","page_number":441,"line_number":4,"text":"ﭶ","translation":{"text":"They said","language_name":"english","language_id":38},"transliteration":{"text":"qālū","language_name":"english","language_id":38}},{"id":18931,"position":2,"audio_url":"wbw/036_016_002.mp3","qpc_uthmani_hafs":"رَبُّنَا","char_type_name":"word","page_number":441,"line_number":4,"text":"ﭷ","translation":{"text":"Our Lord","language_name":"english","language_id":38},"transliteration":{"text":"rabbunā","language_name":"english","language_id":38}},{"id":18932,"position":3,"audio_url":"wbw/036_016_003.mp3","qpc_uthmani_hafs":"يَعۡلَمُ","char_type_name":"word","page_number":441,"line_number":4,"text":"ﭸ","translation":{"text":"knows","language_name":"english","language_id":38},"transliteration":{"text":"yaʿlamu","language_name":"english","language_id":38}},{"id":18933,"position":4,"audio_url":"wbw/036_016_004.mp3","qpc_uthmani_hafs":"إِنَّآ","char_type_name":"word","page_number":441,"line_number":4,"text":"ﭹ","translation":{"text":"that we","language_name":"english","language_id":38},"transliteration":{"text":"innā","language_name":"english","language_id":38}},{"id":18934,"position":5,"audio_url":"wbw/036_016_005.mp3","qpc_uthmani_hafs":"إِلَيۡكُمۡ","char_type_name":"word","page_number":441,"line_number":5,"text":"ﭺ","translation":{"text":"to you","language_name":"english","language_id":38},"transliteration":{"text":"ilaykum","language_name":"english","language_id":38}},{"id":18935,"position":6,"audio_url":"wbw/036_016_006.mp3","qpc_uthmani_hafs":"لَمُرۡسَلُونَ","char_type_name":"word","page_number":441,"line_number":5,"text":"ﭻ","translation":{"text":"(are) surely Messengers","language_name":"english","language_id":38},"transliteration":{"text":"lamur'salūna","language_name":"english","language_id":38}},{"id":18936,"position":7,"audio_url":null,"qpc_uthmani_hafs":"١٦","char_type_name":"end","page_number":441,"line_number":5,"text":"ﭼ","translation":{"text":"(16)","language_name":"english","language_id":38},"transliteration":{"text":null,"language_name":"english","language_id":38}}],"translations":[{"id":920150,"resource_id":134,"text":"Mereka berkata, \"Tuhan kami mengetahui bahwa sesungguhnya kami adalah orang yang diutus kepada kamu\"."}]},{"id":3722,"verse_number":17,"verse_key":"36:17","juz_number":22,"hizb_number":44,"rub_el_hizb_number":176,"ruku_number":384,"manzil_number":5,"sajdah_number":null,"text_uthmani":"وَمَا عَلَيْنَآ إِلَّا ٱلْبَلَـٰغُ ٱلْمُبِينُ","page_number":441,"words":[{"id":20037,"position":1,"audio_url":"wbw/036_017_001.mp3","qpc_uthmani_hafs":"وَمَا","char_type_name":"word","page_number":441,"line_number":5,"text":"ﭽ","translation":{"text":"And not","language_name":"english","language_id":38},"transliteration":{"text":"wamā","language_name":"english","language_id":38}},{"id":20038,"position":2,"audio_url":"wbw/036_017_002.mp3","qpc_uthmani_hafs":"عَلَيۡنَآ","char_type_name":"word","page_number":441,"line_number":5,"text":"ﭾ","translation":{"text":"(is) on us","language_name":"english","language_id":38},"transliteration":{"text":"ʿalaynā","language_name":"english","language_id":38}},{"id":20039,"position":3,"audio_url":"wbw/036_017_003.mp3","qpc_uthmani_hafs":"إِلَّا","char_type_name":"word","page_number":441,"line_number":5,"text":"ﭿ","translation":{"text":"except","language_name":"english","language_id":38},"transliteration":{"text":"illā","language_name":"english","language_id":38}},{"id":20040,"position":4,"audio_url":"wbw/036_017_004.mp3","qpc_uthmani_hafs":"ٱلۡبَلَٰغُ","char_type_name":"word","page_number":441,"line_number":5,"text":"ﮀ","translation":{"text":"the conveyance","language_name":"english","language_id":38},"transliteration":{"text":"l-balāghu","language_name":"english","language_id":38}},{"id":20041,"position":5,"audio_url":"wbw/036_017_005.mp3","qpc_uthmani_hafs":"ٱلۡمُبِينُ","char_type_name":"word","page_number":441,"line_number":5,"text":"ﮁ","translation":{"text":"clear","language_name":"english","language_id":38},"transliteration":{"text":"l-mubīnu","language_name":"english","language_id":38}},{"id":20042,"position":6,"audio_url":null,"qpc_uthmani_hafs":"١٧","char_type_name":"end","page_number":441,"line_number":5,"text":"ﮂ","translation":{"text":"(17)","language_name":"english","language_id":38},"transliteration":{"text":null,"language_name":"english","language_id":38}}],"translations":[{"id":920151,"resource_id":134,"text":"Dan kewajiban kami tidak lain hanyalah menyampaikan (perintah Allah) dengan jelas\"."}]},{"id":3723,"verse_number":18,"verse_key":"36:18","juz_number":22,"hizb_number":44,"rub_el_hizb_number":176,"ruku_number":384,"manzil_number":5,"sajdah_number":null,"text_uthmani":"قَالُوٓا۟ إِنَّا تَطَيَّرْنَا بِكُمْ ۖ لَئِن لَّمْ تَنتَهُوا۟ لَنَرْجُمَنَّكُمْ وَلَيَمَسَّنَّكُم مِّنَّا عَذَابٌ أَلِيمٌ","page_number":441,"words":[{"id":21108,"position":1,"audio_url":"wbw/036_018_001.mp3","qpc_uthmani_hafs":"قَالُوٓاْ","char_type_name":"word","page_number":441,"line_number":6,"text":"ﮃ","translation":{"text":"They said","language_name":"english","language_id":38},"transliteration":{"text":"qālū","language_name":"english","language_id":38}},{"id":21109,"position":2,"audio_url":"wbw/036_018_002.mp3","qpc_uthmani_hafs":"إِنَّا","char_type_name":"word","page_number":441,"line_number":6,"text":"ﮄ","translation":{"text":"Indeed, we","language_name":"english","language_id":38},"transliteration":{"text":"innā","language_name":"english","language_id":38}},{"id":21110,"position":3,"audio_url":"wbw/036_018_003.mp3","qpc_uthmani_hafs":"تَطَيَّرۡنَا","char_type_name":"word","page_number":441,"line_number":6,"text":"ﮅ","translation":{"text":"[we] see an evil omen","language_name":"english","language_id":38},"transliteration":{"text":"taṭayyarnā","language_name":"english","language_id":38}},{"id":21111,"position":4,"audio_url":"wbw/036_018_004.mp3","qpc_uthmani_hafs":"بِكُمۡۖ","char_type_name":"word","page_number":441,"line_number":6,"text":"ﮆﮇ","translation":{"text":"from you","language_name":"english","language_id":38},"transliteration":{"text":"bikum","language_name":"english","language_id":38}},{"id":21113,"position":5,"audio_url":"wbw/036_018_006.mp3","qpc_uthmani_hafs":"لَئِن","char_type_name":"word","page_number":441,"line_number":6,"text":"ﮈ","translation":{"text":"If","language_name":"english","language_id":38},"transliteration":{"text":"la-in","language_name":"english","language_id":38}},{"id":21114,"position":6,"audio_url":"wbw/036_018_007.mp3","qpc_uthmani_hafs":"لَّمۡ","char_type_name":"word","page_number":441,"line_number":6,"text":"ﮉ","translation":{"text":"not","language_name":"english","language_id":38},"transliteration":{"text":"lam","language_name":"english","language_id":38}},{"id":21115,"position":7,"audio_url":"wbw/036_018_008.mp3","qpc_uthmani_hafs":"تَنتَهُواْ","char_type_name":"word","page_number":441,"line_number":6,"text":"ﮊ","translation":{"text":"you desist","language_name":"english","language_id":38},"transliteration":{"text":"tantahū","language_name":"english","language_id":38}},{"id":21116,"position":8,"audio_url":"wbw/036_018_009.mp3","qpc_uthmani_hafs":"لَنَرۡجُمَنَّكُمۡ","char_type_name":"word","page_number":441,"line_number":6,"text":"ﮋ","translation":{"text":"surely, we will stone you","language_name":"english","language_id":38},"transliteration":{"text":"lanarjumannakum","language_name":"english","language_id":38}},{"id":21117,"position":9,"audio_url":"wbw/036_018_010.mp3","qpc_uthmani_hafs":"وَلَيَمَسَّنَّكُم","char_type_name":"word","page_number":441,"line_number":6,"text":"ﮌ","translation":{"text":"and surely will touch you","language_name":"english","language_id":38},"transliteration":{"text":"walayamassannakum","language_name":"english","language_id":38}},{"id":21118,"position":10,"audio_url":"wbw/036_018_011.mp3","qpc_uthmani_hafs":"مِّنَّا","char_type_name":"word","page_number":441,"line_number":7,"text":"ﮍ","translation":{"text":"from us","language_name":"english","language_id":38},"transliteration":{"text":"minnā","language_name":"english","language_id":38}},{"id":21119,"position":11,"audio_url":"wbw/036_018_012.mp3","qpc_uthmani_hafs":"عَذَابٌ","char_type_name":"word","page_number":441,"line_number":7,"text":"ﮎ","translation":{"text":"a punishment","language_name":"english","language_id":38},"transliteration":{"text":"ʿadhābun","language_name":"english","language_id":38}},{"id":21120,"position":12,"audio_url":"wbw/036_018_013.mp3","qpc_uthmani_hafs":"أَلِيمٞ","char_type_name":"word","page_number":441,"line_number":7,"text":"ﮏ","translation":{"text":"painful","language_name":"english","language_id":38},"transliteration":{"text":"alīmun","language_name":"english","language_id":38}},{"id":21121,"position":13,"audio_url":null,"qpc_uthmani_hafs":"١٨","char_type_name":"end","page_number":441,"line_number":7,"text":"ﮐ","translation":{"text":"(18)","language_name":"english","language_id":38},"transliteration":{"text":null,"language_name":"english","language_id":38}}],"translations":[{"id":920152,"resource_id":134,"text":"Mereka menjawab, \"Sesungguhnya kami bernasib malang karena kamu; sesungguhnya jika kamu tidak berhenti (menyeru kami), niscaya kami akan merajam kamu dan kamu pasti akan mendapat siksa yang pedih dari kami\"."}]},{"id":3724,"verse_number":19,"verse_key":"36:19","juz_number":22,"hizb_number":44,"rub_el_hizb_number":176,"ruku_number":384,"manzil_number":5,"sajdah_number":null,"text_uthmani":"قَالُوا۟ طَـٰٓئِرُكُم مَّعَكُمْ ۚ أَئِن ذُكِّرْتُم ۚ بَلْ أَنتُمْ قَوْمٌ مُّسْرِفُونَ","page_number":441,"words":[{"id":22231,"position":1,"audio_url":"wbw/036_019_001.mp3","qpc_uthmani_hafs":"قَالُواْ","char_type_name":"word","page_number":441,"line_number":7,"text":"ﮑ","translation":{"text":"They said","language_name":"english","language_id":38},"transliteration":{"text":"qālū","language_name":"english","language_id":38}},{"id":22232,"position":2,"audio_url":"wbw/036_019_002.mp3","qpc_uthmani_hafs":"طَٰٓئِرُكُم","char_type_name":"word","page_number":441,"line_number":7,"text":"ﮒ","translation":{"text":"Your evil omen","language_name":"english","language_id":38},"transliteration":{"text":"ṭāirukum","language_name":"english","language_id":38}},{"id":22233,"position":3,"audio_url":"wbw/036_019_003.mp3","qpc_uthmani_hafs":"مَّعَكُمۡ","char_type_name":"word","page_number":441,"line_number":7,"text":"ﮓﮔ","translation":{"text":"(be) with you","language_name":"english","language_id":38},"transliteration":{"text":"maʿakum","language_name":"english","language_id":38}},{"id":22235,"position":4,"audio_url":"wbw/036_019_005.mp3","qpc_uthmani_hafs":"أَئِن","char_type_name":"word","page_number":441,"line_number":7,"text":"ﮕ","translation":{"text":"Is it because","language_name":"english","language_id":38},"transliteration":{"text":"a-in","language_name":"english","language_id":38}},{"id":22236,"position":5,"audio_url":"wbw/036_019_006.mp3","qpc_uthmani_hafs":"ذُكِّرۡتُمۚ","char_type_name":"word","page_number":441,"line_number":7,"text":"ﮖﮗ","translation":{"text":"you are admonished","language_name":"english","language_id":38},"transliteration":{"text":"dhukkir'tum","language_name":"english","language_id":38}},{"id":22238,"position":6,"audio_url":"wbw/036_019_008.mp3","qpc_uthmani_hafs":"بَلۡ","char_type_name":"word","page_number":441,"line_number":8,"text":"ﮘ","translation":{"text":"Nay","language_name":"english","language_id":38},"transliteration":{"text":"bal","language_name":"english","language_id":38}},{"id":22239,"position":7,"audio_url":"wbw/036_019_009.mp3","qpc_uthmani_hafs":"أَنتُمۡ","char_type_name":"word","page_number":441,"line_number":8,"text":"ﮙ","translation":{"text":"you","language_name":"english","language_id":38},"transliteration":{"text":"antum","language_name":"english","language_id":38}},{"id":22240,"position":8,"audio_url":"wbw/036_019_010.mp3","qpc_uthmani_hafs":"قَوۡمٞ","char_type_name":"word","page_number":441,"line_number":8,"text":"ﮚ","translation":{"text":"(are) a people","language_name":"english","language_id":38},"transliteration":{"text":"qawmun","language_name":"english","language_id":38}},{"id":22241,"position":9,"audio_url":"wbw/036_019_011.mp3","qpc_uthmani_hafs":"مُّسۡرِفُونَ","char_type_name":"word","page_number":441,"line_number":8,"text":"ﮛ","translation":{"text":"transgressing","language_name":"english","language_id":38},"transliteration":{"text":"mus'rifūna","language_name":"english","language_id":38}},{"id":22242,"position":10,"audio_url":null,"qpc_uthmani_hafs":"١٩","char_type_name":"end","page_number":441,"line_number":8,"text":"ﮜ","translation":{"text":"(19)","language_name":"english","language_id":38},"transliteration":{"text":null,"language_name":"english","language_id":38}}],"translations":[{"id":920153,"resource_id":134,"text":"Utusan-utusan itu berkata, \"Kemalangan kamu itu adalah karena kamu sendiri.  Apakah jika kamu diberi peringatan (kamu mengancam kami)? Sebenarnya, kamu adalah kaum yang melampui batas\"."}]},{"id":3725,"verse_number":20,"verse_key":"36:20","juz_number":22,"hizb_number":44,"rub_el_hizb_number":176,"ruku_number":384,"manzil_number":5,"sajdah_number":null,"text_uthmani":"وَجَآءَ مِنْ أَقْصَا ٱلْمَدِينَةِ رَجُلٌ يَسْعَىٰ قَالَ يَـٰقَوْمِ ٱتَّبِعُوا۟ ٱلْمُرْسَلِينَ","page_number":441,"words":[{"id":23253,"position":1,"audio_url":"wbw/036_020_001.mp3","qpc_uthmani_hafs":"وَجَآءَ","char_type_name":"word","page_number":441,"line_number":8,"text":"ﮝ","translation":{"text":"And came","language_name":"english","language_id":38},"transliteration":{"text":"wajāa","language_name":"english","language_id":38}},{"id":23254,"position":2,"audio_url":"wbw/036_020_002.mp3","qpc_uthmani_hafs":"مِنۡ","char_type_name":"word","page_number":441,"line_number":8,"text":"ﮞ","translation":{"text":"from","language_name":"english","language_id":38},"transliteration":{"text":"min","language_name":"english","language_id":38}},{"id":23255,"position":3,"audio_url":"wbw/036_020_003.mp3","qpc_uthmani_hafs":"أَقۡصَا","char_type_name":"word","page_number":441,"line_number":8,"text":"ﮟ","translation":{"text":"(the) farthest end","language_name":"english","language_id":38},"transliteration":{"text":"aqṣā","language_name":"english","language_id":38}},{"id":23256,"position":4,"audio_url":"wbw/036_020_004.mp3","qpc_uthmani_hafs":"ٱلۡمَدِينَةِ","char_type_name":"word","page_number":441,"line_number":8,"text":"ﮠ","translation":{"text":"(of) the city","language_name":"english","language_id":38},"transliteration":{"text":"l-madīnati","language_name":"english","language_id":38}},{"id":23257,"position":5,"audio_url":"wbw/036_020_005.mp3","qpc_uthmani_hafs":"رَجُلٞ","char_type_name":"word","page_number":441,"line_number":8,"text":"ﮡ","translation":{"text":"a man","language_name":"english","language_id":38},"transliteration":{"text":"rajulun","language_name":"english","language_id":38}},{"id":23258,"position":6,"audio_url":"wbw/036_020_006.mp3","qpc_uthmani_hafs":"يَسۡعَىٰ","char_type_name":"word","page_number":441,"line_number":9,"text":"ﮢ","translation":{"text":"running","language_name":"english","language_id":38},"transliteration":{"text":"yasʿā","language_name":"english","language_id":38}},{"id":23259,"position":7,"audio_url":"wbw/036_020_007.mp3","qpc_uthmani_hafs":"قَالَ","char_type_name":"word","page_number":441,"line_number":9,"text":"ﮣ","translation":{"text":"He said","language_name":"english","language_id":38},"transliteration":{"text":"qāla","language_name":"english","language_id":38}},{"id":23260,"position":8,"audio_url":"wbw/036_020_008.mp3","qpc_uthmani_hafs":"يَٰقَوۡمِ","char_type_name":"word","page_number":441,"line_number":9,"text":"ﮤ","translation":{"text":"O my People","language_name":"english","language_id":38},"transliteration":{"text":"yāqawmi","language_name":"english","language_id":38}},{"id":23261,"position":9,"audio_url":"wbw/036_020_009.mp3","qpc_uthmani_hafs":"ٱتَّبِعُواْ","char_type_name":"word","page_number":441,"line_number":9,"text":"ﮥ","translation":{"text":"Follow","language_name":"english","language_id":38},"transliteration":{"text":"ittabiʿū","language_name":"english","language_id":38}},{"id":23262,"position":10,"audio_url":"wbw/036_020_010.mp3","qpc_uthmani_hafs":"ٱلۡمُرۡسَلِينَ","char_type_name":"word","page_number":441,"line_number":9,"text":"ﮦ","translation":{"text":"the Messengers","language_name":"english","language_id":38},"transliteration":{"text":"l-mur'salīna","language_name":"english","language_id":38}},{"id":23263,"position":11,"audio_url":null,"qpc_uthmani_hafs":"٢٠","char_type_name":"end","page_number":441,"line_number":9,"text":"ﮧ","translation":{"text":"(20)","language_name":"english","language_id":38},"transliteration":{"text":null,"language_name":"english","language_id":38}}],"translations":[{"id":920154,"resource_id":134,"text":"Dan datanglah dari ujung kota, seorang laki-laki (Habib AnNajjar) dengan bergegas-gegas ia berkata, \"Hai kaumku, ikutilah utusan-utusan itu\"."}]},{"id":3726,"verse_number":21,"verse_key":"36:21","juz_number":22,"hizb_number":44,"rub_el_hizb_number":176,"ruku_number":384,"manzil_number":5,"sajdah_number":null,"text_uthmani":"ٱتَّبِعُوا۟ مَن لَّا يَسْـَٔلُكُمْ أَجْرًا وَهُم مُّهْتَدُونَ","page_number":441,"words":[{"id":24321,"position":1,"audio_url":"wbw/036_021_001.mp3","qpc_uthmani_hafs":"ٱتَّبِعُواْ","char_type_name":"word","page_number":441,"line_number":9,"text":"ﮨ","translation":{"text":"Follow","language_name":"english","language_id":38},"transliteration":{"text":"ittabiʿū","language_name":"english","language_id":38}},{"id":24322,"position":2,"audio_url":"wbw/036_021_002.mp3","qpc_uthmani_hafs":"مَن","char_type_name":"word","page_number":441,"line_number":9,"text":"ﮩ","translation":{"text":"(those) who","language_name":"english","language_id":38},"transliteration":{"text":"man","language_name":"english","language_id":38}},{"id":24323,"position":3,"audio_url":"wbw/036_021_003.mp3","qpc_uthmani_hafs":"لَّا","char_type_name":"word","page_number":441,"line_number":10,"text":"ﮪ","translation":{"text":"(do) not","language_name":"english","language_id":38},"transliteration":{"text":"lā","language_name":"english","language_id":38}},{"id":24324,"position":4,"audio_url":"wbw/036_021_004.mp3","qpc_uthmani_hafs":"يَسۡـَٔلُكُمۡ","char_type_name":"word","page_number":441,"line_number":10,"text":"ﮫ","translation":{"text":"ask (of) you","language_name":"english","language_id":38},"transliteration":{"text":"yasalukum","language_name":"english","language_id":38}},{"id":24325,"position":5,"audio_url":"wbw/036_021_005.mp3","qpc_uthmani_hafs":"أَجۡرٗا","char_type_name":"word","page_number":441,"line_number":10,"text":"ﮬ","translation":{"text":"any payment","language_name":"english","language_id":38},"transliteration":{"text":"ajran","language_name":"english","language_id":38}},{"id":24326,"position":6,"audio_url":"wbw/036_021_006.mp3","qpc_uthmani_hafs":"وَهُم","char_type_name":"word","page_number":441,"line_number":10,"text":"ﮭ","translation":{"text":"and they","language_name":"english","language_id":38},"transliteration":{"text":"wahum","language_name":"english","language_id":38}},{"id":24327,"position":7,"audio_url":"wbw/036_021_007.mp3","qpc_uthmani_hafs":"مُّهۡتَدُونَ","char_type_name":"word","page_number":441,"line_number":10,"text":"ﮮ","translation":{"text":"(are) rightly guided","language_name":"english","language_id":38},"transliteration":{"text":"muh'tadūna","language_name":"english","language_id":38}},{"id":24328,"position":8,"audio_url":null,"qpc_uthmani_hafs":"٢١","char_type_name":"end","page_number":441,"line_number":10,"text":"ﮯ","translation":{"text":"(21)","language_name":"english","language_id":38},"transliteration":{"text":null,"language_name":"english","language_id":38}}],"translations":[{"id":920155,"resource_id":134,"text":"Ikutilah orang yang tiada minta balasan kepadamu dan mereka adalah orang-orang yang mendapat petunjuk."}]},{"id":3727,"verse_number":22,"verse_key":"36:22","juz_number":22,"hizb_number":44,"rub_el_hizb_number":176,"ruku_number":384,"manzil_number":5,"sajdah_number":null,"text_uthmani":"وَمَا لِىَ لَآ أَعْبُدُ ٱلَّذِى فَطَرَنِى وَإِلَيْهِ تُرْجَعُونَ","page_number":441,"words":[{"id":25346,"position":1,"audio_url":"wbw/036_022_001.mp3","qpc_uthmani_hafs":"وَمَا","char_type_name":"word","page_number":441,"line_number":10,"text":"ﮰ","translation":{"text":"And what","language_name":"english","language_id":38},"transliteration":{"text":"wamā","language_name":"english","language_id":38}},{"id":25347,"position":2,"audio_url":"wbw/036_022_002.mp3","qpc_uthmani_hafs":"لِيَ","char_type_name":"word","page_number":441,"line_number":10,"text":"ﮱ","translation":{"text":"(is) for me","language_name":"english","language_id":38},"transliteration":{"text":"liya","language_name":"english","language_id":38}},{"id":25348,"position":3,"audio_url":"wbw/036_022_003.mp3","qpc_uthmani_hafs":"لَآ","char_type_name":"word","page_number":441,"line_number":10,"text":"ﯓ","translation":{"text":"(that) not","language_name":"english","language_id":38},"transliteration":{"text":"lā","language_name":"english","language_id":38}},{"id":25349,"position":4,"audio_url":"wbw/036_022_004.mp3","qpc_uthmani_hafs":"أَعۡبُدُ","char_type_name":"word","page_number":441,"line_number":10,"text":"ﯔ","translation":{"text":"I worship","language_name":"english","language_id":38},"transliteration":{"text":"aʿbudu","language_name":"english","language_id":38}},{"id":25350,"position":5,"audio_url":"wbw/036_022_005.mp3","qpc_uthmani_hafs":"ٱلَّذِي","char_type_name":"word","page_number":441,"line_number":10,"text":"ﯕ","translation":{"text":"the One Who","language_name":"english","language_id":38},"transliteration":{"text":"alladhī","language_name":"english","language_id":38}},{"id":25351,"position":6,"audio_url":"wbw/036_022_006.mp3","qpc_uthmani_hafs":"فَطَرَنِي","char_type_name":"word","page_number":441,"line_number":11,"text":"ﯖ","translation":{"text":"created me","language_name":"english","language_id":38},"transliteration":{"text":"faṭaranī","language_name":"english","language_id":38}},{"id":25352,"position":7,"audio_url":"wbw/036_022_007.mp3","qpc_uthmani_hafs":"وَإِلَيۡهِ","char_type_name":"word","page_number":441,"line_number":11,"text":"ﯗ","translation":{"text":"and to Whom","language_name":"english","language_id":38},"transliteration":{"text":"wa-ilayhi","language_name":"english","language_id":38}},{"id":25353,"position":8,"audio_url":"wbw/036_022_008.mp3","qpc_uthmani_hafs":"تُرۡجَعُونَ","char_type_name":"word","page_number":441,"line_number":11,"text":"ﯘ","translation":{"text":"you will be returned","language_name":"english","language_id":38},"transliteration":{"text":"tur'jaʿūna","language_name":"english","language_id":38}},{"id":25354,"position":9,"audio_url":"","qpc_uthmani_hafs":"٢٢","char_type_name":"end","page_number":441,"line_number":11,"text":"ﯙ","translation":{"text":"(22)","language_name":"english","language_id":38},"transliteration":{"text":"","language_name":"english","language_id":38}}],"translations":[{"id":920156,"resource_id":134,"text":"Mengapa aku tidak menyembah (Tuhan) yang telah menciptakanku dan yang hanya kepada-Nya-lah kamu (semua) akan dikembalikan?"}]},{"id":3728,"verse_number":23,"verse_key":"36:23","juz_number":22,"hizb_number":44,"rub_el_hizb_number":176,"ruku_number":384,"manzil_number":5,"sajdah_number":null,"text_uthmani":"ءَأَتَّخِذُ مِن دُونِهِۦٓ ءَالِهَةً إِن يُرِدْنِ ٱلرَّحْمَـٰنُ بِضُرٍّ لَّا تُغْنِ عَنِّى شَفَـٰعَتُهُمْ شَيْـًٔا وَلَا يُنقِذُونِ","page_number":441,"words":[{"id":26387,"position":1,"audio_url":"wbw/036_023_001.mp3","qpc_uthmani_hafs":"ءَأَتَّخِذُ","char_type_name":"word","page_number":441,"line_number":11,"text":"ﯚ","translation":{"text":"Should I take","language_name":"english","language_id":38},"transliteration":{"text":"a-attakhidhu","language_name":"english","language_id":38}},{"id":26388,"position":2,"audio_url":"wbw/036_023_002.mp3","qpc_uthmani_hafs":"مِن","char_type_name":"word","page_number":441,"line_number":11,"text":"ﯛ","translation":{"text":"besides Him","language_name":"english","language_id":38},"transliteration":{"text":"min","language_name":"english","language_id":38}},{"id":26389,"position":3,"audio_url":"wbw/036_023_003.mp3","qpc_uthmani_hafs":"دُونِهِۦٓ","char_type_name":"word","page_number":441,"line_number":11,"text":"ﯜ","translation":{"text":"besides Him","language_name":"english","language_id":38},"transliteration":{"text":"dūnihi","language_name":"english","language_id":38}},{"id":26390,"position":4,"audio_url":"wbw/036_023_004.mp3","qpc_uthmani_hafs":"ءَالِهَةً","char_type_name":"word","page_number":441,"line_number":11,"text":"ﯝ","translation":{"text":"gods","language_name":"english","language_id":38},"transliteration":{"text":"ālihatan","language_name":"english","language_id":38}},{"id":26391,"position":5,"audio_url":"wbw/036_023_005.mp3","qpc_uthmani_hafs":"إِن","char_type_name":"word","page_number":441,"line_number":11,"text":"ﯞ","translation":{"text":"If","language_name":"english","language_id":38},"transliteration":{"text":"in","language_name":"english","language_id":38}},{"id":26392,"position":6,"audio_url":"wbw/036_023_006.mp3","qpc_uthmani_hafs":"يُرِدۡنِ","char_type_name":"word","page_number":441,"line_number":12,"text":"ﯟ","translation":{"text":"intends for me","language_name":"english","language_id":38},"transliteration":{"text":"yurid'ni","language_name":"english","language_id":38}},{"id":26393,"position":7,"audio_url":"wbw/036_023_007.mp3","qpc_uthmani_hafs":"ٱلرَّحۡمَٰنُ","char_type_name":"word","page_number":441,"line_number":12,"text":"ﯠ","translation":{"text":"the Most Gracious","language_name":"english","language_id":38},"transliteration":{"text":"l-raḥmānu","language_name":"english","language_id":38}},{"id":26394,"position":8,"audio_url":"wbw/036_023_008.mp3","qpc_uthmani_hafs":"بِضُرّٖ","char_type_name":"word","page_number":441,"line_number":12,"text":"ﯡ","translation":{"text":"any harm","language_name":"english","language_id":38},"transliteration":{"text":"biḍurrin","language_name":"english","language_id":38}},{"id":26395,"position":9,"audio_url":"wbw/036_023_009.mp3","qpc_uthmani_hafs":"لَّا","char_type_name":"word","page_number":441,"line_number":12,"text":"ﯢ","translation":{"text":"not","language_name":"english","language_id":38},"transliteration":{"text":"lā","language_name":"english","language_id":38}},{"id":26396,"position":10,"audio_url":"wbw/036_023_010.mp3","qpc_uthmani_hafs":"تُغۡنِ","char_type_name":"word","page_number":441,"line_number":12,"text":"ﯣ","translation":{"text":"will avail","language_name":"english","language_id":38},"transliteration":{"text":"tugh'ni","language_name":"english","language_id":38}},{"id":26397,"position":11,"audio_url":"wbw/036_023_011.mp3","qpc_uthmani_hafs":"عَنِّي","char_type_name":"word","page_number":441,"line_number":12,"text":"ﯤ","translation":{"text":"[from] me","language_name":"english","language_id":38},"transliteration":{"text":"ʿannī","language_name":"english","language_id":38}},{"id":26398,"position":12,"audio_url":"wbw/036_023_012.mp3","qpc_uthmani_hafs":"شَفَٰعَتُهُمۡ","char_type_name":"word","page_number":441,"line_number":12,"text":"ﯥ","translation":{"text":"their intercession","language_name":"english","language_id":38},"transliteration":{"text":"shafāʿatuhum","language_name":"english","language_id":38}},{"id":26399,"position":13,"audio_url":"wbw/036_023_013.mp3","qpc_uthmani_hafs":"شَيۡـٔٗا","char_type_name":"word","page_number":441,"line_number":12,"text":"ﯦ","translation":{"text":"(in) anything","language_name":"english","language_id":38},"transliteration":{"text":"shayan","language_name":"english","language_id":38}},{"id":26400,"position":14,"audio_url":"wbw/036_023_014.mp3","qpc_uthmani_hafs":"وَلَا","char_type_name":"word","page_number":441,"line_number":12,"text":"ﯧ","translation":{"text":"and not","language_name":"english","language_id":38},"transliteration":{"text":"walā","language_name":"english","language_id":38}},{"id":26401,"position":15,"audio_url":"wbw/036_023_015.mp3","qpc_uthmani_hafs":"يُنقِذُونِ","char_type_name":"word","page_number":441,"line_number":13,"text":"ﯨ","translation":{"text":"they (can) save me","language_name":"english","language_id":38},"transliteration":{"text":"yunqidhūni","language_name":"english","language_id":38}},{"id":26402,"position":16,"audio_url":null,"qpc_uthmani_hafs":"٢٣","char_type_name":"end","page_number":441,"line_number":13,"text":"ﯩ","translation":{"text":"(23)","language_name":"english","language_id":38},"transliteration":{"text":null,"language_name":"english","language_id":38}}],"translations":[{"id":920157,"resource_id":134,"text":"Mengapa aku akan menyembah tuhan-tuhan selain-Nya, jika (Allah) Yang Maha Pemurah menghendaki kemudaratan terhadapku, niscaya syafaat mereka tidak memberi manfaat sedikit pun bagi diriku dan mereka tidak (pula) dapat menyelamatkanku?"}]},{"id":3729,"verse_number":24,"verse_key":"36:24","juz_number":22,"hizb_number":44,"rub_el_hizb_number":176,"ruku_number":384,"manzil_number":5,"sajdah_number":null,"text_uthmani":"إِنِّىٓ إِذًا لَّفِى ضَلَـٰلٍ مُّبِينٍ","page_number":441,"words":[{"id":27408,"position":1,"audio_url":"wbw/036_024_001.mp3","qpc_uthmani_hafs":"إِنِّيٓ","char_type_name":"word","page_number":441,"line_number":13,"text":"ﯪ","translation":{"text":"Indeed, I","language_name":"english","language_id":38},"transliteration":{"text":"innī","language_name":"english","language_id":38}},{"id":27409,"position":2,"audio_url":"wbw/036_024_002.mp3","qpc_uthmani_hafs":"إِذٗا","char_type_name":"word","page_number":441,"line_number":13,"text":"ﯫ","translation":{"text":"then","language_name":"english","language_id":38},"transliteration":{"text":"idhan","language_name":"english","language_id":38}},{"id":27410,"position":3,"audio_url":"wbw/036_024_003.mp3","qpc_uthmani_hafs":"لَّفِي","char_type_name":"word","page_number":441,"line_number":13,"text":"ﯬ","translation":{"text":"surely would be in","language_name":"english","language_id":38},"transliteration":{"text":"lafī","language_name":"english","language_id":38}},{"id":27411,"position":4,"audio_url":"wbw/036_024_004.mp3","qpc_uthmani_hafs":"ضَلَٰلٖ","char_type_name":"word","page_number":441,"line_number":13,"text":"ﯭ","translation":{"text":"an error","language_name":"english","language_id":38},"transliteration":{"text":"ḍalālin","language_name":"english","language_id":38}},{"id":27412,"position":5,"audio_url":"wbw/036_024_005.mp3","qpc_uthmani_hafs":"مُّبِينٍ","char_type_name":"word","page_number":441,"line_number":13,"text":"ﯮ","translation":{"text":"clear","language_name":"english","language_id":38},"transliteration":{"text":"mubīnin","language_name":"english","language_id":38}},{"id":27413,"position":6,"audio_url":null,"qpc_uthmani_hafs":"٢٤","char_type_name":"end","page_number":441,"line_number":13,"text":"ﯯ","translation":{"text":"(24)","language_name":"english","language_id":38},"transliteration":{"text":null,"language_name":"english","language_id":38}}],"translations":[{"id":920158,"resource_id":134,"text":"Sesungguhnya, aku kalau begitu pasti berada dalam kesesatan yang nyata."}]},{"id":3730,"verse_number":25,"verse_key":"36:25","juz_number":22,"hizb_number":44,"rub_el_hizb_number":176,"ruku_number":384,"manzil_number":5,"sajdah_number":null,"text_uthmani":"إِنِّىٓ ءَامَنتُ بِرَبِّكُمْ فَٱسْمَعُونِ","page_number":441,"words":[{"id":28473,"position":1,"audio_url":"wbw/036_025_001.mp3","qpc_uthmani_hafs":"إِنِّيٓ","char_type_name":"word","page_number":441,"line_number":13,"text":"ﯰ","translation":{"text":"Indeed, I","language_name":"english","language_id":38},"transliteration":{"text":"innī","language_name":"english","language_id":38}},{"id":28474,"position":2,"audio_url":"wbw/036_025_002.mp3","qpc_uthmani_hafs":"ءَامَنتُ","char_type_name":"word","page_number":441,"line_number":13,"text":"ﯱ","translation":{"text":"[I] have believed","language_name":"english","language_id":38},"transliteration":{"text":"āmantu","language_name":"english","language_id":38}},{"id":28475,"position":3,"audio_url":"wbw/036_025_003.mp3","qpc_uthmani_hafs":"بِرَبِّكُمۡ","char_type_name":"word","page_number":441,"line_number":14,"text":"ﯲ","translation":{"text":"in your Lord","language_name":"english","language_id":38},"transliteration":{"text":"birabbikum","language_name":"english","language_id":38}},{"id":28476,"position":4,"audio_url":"wbw/036_025_004.mp3","qpc_uthmani_hafs":"فَٱسۡمَعُونِ","char_type_name":"word","page_number":441,"line_number":14,"text":"ﯳ","translation":{"text":"so listen to me","language_name":"english","language_id":38},"transliteration":{"text":"fa-is'maʿūni","language_name":"english","language_id":38}},{"id":28477,"position":5,"audio_url":null,"qpc_uthmani_hafs":"٢٥","char_type_name":"end","page_number":441,"line_number":14,"text":"ﯴ","translation":{"text":"(25)","language_name":"english","language_id":38},"transliteration":{"text":null,"language_name":"english","language_id":38}}],"translations":[{"id":920159,"resource_id":134,"text":"Sesungguhnya, aku telah beriman kepada Tuhan-mu, maka dengarkanlah (pengakuan keimanan)ku."}]},{"id":3731,"verse_number":26,"verse_key":"36:26","juz_number":22,"hizb_number":44,"rub_el_hizb_number":176,"ruku_number":384,"manzil_number":5,"sajdah_number":null,"text_uthmani":"قِيلَ ٱدْخُلِ ٱلْجَنَّةَ ۖ قَالَ يَـٰلَيْتَ قَوْمِى يَعْلَمُونَ","page_number":441,"words":[{"id":29381,"position":1,"audio_url":"wbw/036_026_001.mp3","qpc_uthmani_hafs":"قِيلَ","char_type_name":"word","page_number":441,"line_number":14,"text":"ﯵ","translation":{"text":"It was said","language_name":"english","language_id":38},"transliteration":{"text":"qīla","language_name":"english","language_id":38}},{"id":29382,"position":2,"audio_url":"wbw/036_026_002.mp3","qpc_uthmani_hafs":"ٱدۡخُلِ","char_type_name":"word","page_number":441,"line_number":14,"text":"ﯶ","translation":{"text":"Enter","language_name":"english","language_id":38},"transliteration":{"text":"ud'khuli","language_name":"english","language_id":38}},{"id":29383,"position":3,"audio_url":"wbw/036_026_003.mp3","qpc_uthmani_hafs":"ٱلۡجَنَّةَۖ","char_type_name":"word","page_number":441,"line_number":14,"text":"ﯷﯸ","translation":{"text":"Paradise","language_name":"english","language_id":38},"transliteration":{"text":"l-janata","language_name":"english","language_id":38}},{"id":29385,"position":4,"audio_url":"wbw/036_026_005.mp3","qpc_uthmani_hafs":"قَالَ","char_type_name":"word","page_number":441,"line_number":14,"text":"ﯹ","translation":{"text":"He said","language_name":"english","language_id":38},"transliteration":{"text":"qāla","language_name":"english","language_id":38}},{"id":29386,"position":5,"audio_url":"wbw/036_026_006.mp3","qpc_uthmani_hafs":"يَٰلَيۡتَ","char_type_name":"word","page_number":441,"line_number":14,"text":"ﯺ","translation":{"text":"I wish","language_name":"english","language_id":38},"transliteration":{"text":"yālayta","language_name":"english","language_id":38}},{"id":29387,"position":6,"audio_url":"wbw/036_026_007.mp3","qpc_uthmani_hafs":"قَوۡمِي","char_type_name":"word","page_number":441,"line_number":14,"text":"ﯻ","translation":{"text":"my people","language_name":"english","language_id":38},"transliteration":{"text":"qawmī","language_name":"english","language_id":38}},{"id":29388,"position":7,"audio_url":"wbw/036_026_008.mp3","qpc_uthmani_hafs":"يَعۡلَمُونَ","char_type_name":"word","page_number":441,"line_number":15,"text":"ﯼ","translation":{"text":"knew","language_name":"english","language_id":38},"transliteration":{"text":"yaʿlamūna","language_name":"english","language_id":38}},{"id":29389,"position":8,"audio_url":null,"qpc_uthmani_hafs":"٢٦","char_type_name":"end","page_number":441,"line_number":15,"text":"ﯽ","translation":{"text":"(26)","language_name":"english","language_id":38},"transliteration":{"text":null,"language_name":"english","language_id":38}}],"translations":[{"id":920160,"resource_id":134,"text":"Dikatakan (kepadanya), \"Masuklah ke surga <sup foot_note=211034>1</sup>\".  Ia berkata, \"Alangkah baiknya sekiranya kaumku mengetahui."}]},{"id":3732,"verse_number":27,"verse_key":"36:27","juz_number":22,"hizb_number":44,"rub_el_hizb_number":176,"ruku_number":384,"manzil_number":5,"sajdah_number":null,"text_uthmani":"بِمَا غَفَرَ لِى رَبِّى وَجَعَلَنِى مِنَ ٱلْمُكْرَمِينَ","page_number":441,"words":[{"id":30371,"position":1,"audio_url":"wbw/036_027_001.mp3","qpc_uthmani_hafs":"بِمَا","char_type_name":"word","page_number":441,"line_number":15,"text":"ﯾ","translation":{"text":"Of how","language_name":"english","language_id":38},"transliteration":{"text":"bimā","language_name":"english","language_id":38}},{"id":30372,"position":2,"audio_url":"wbw/036_027_002.mp3","qpc_uthmani_hafs":"غَفَرَ","char_type_name":"word","page_number":441,"line_number":15,"text":"ﯿ","translation":{"text":"has forgiven","language_name":"english","language_id":38},"transliteration":{"text":"ghafara","language_name":"english","language_id":38}},{"id":30373,"position":3,"audio_url":"wbw/036_027_003.mp3","qpc_uthmani_hafs":"لِي","char_type_name":"word","page_number":441,"line_number":15,"text":"ﰀ","translation":{"text":"me","language_name":"english","language_id":38},"transliteration":{"text":"lī","language_name":"english","language_id":38}},{"id":30374,"position":4,"audio_url":"wbw/036_027_004.mp3","qpc_uthmani_hafs":"رَبِّي","char_type_name":"word","page_number":441,"line_number":15,"text":"ﰁ","translation":{"text":"my Lord","language_name":"english","language_id":38},"transliteration":{"text":"rabbī","language_name":"english","language_id":38}},{"id":30375,"position":5,"audio_url":"wbw/036_027_005.mp3","qpc_uthmani_hafs":"وَجَعَلَنِي","char_type_name":"word","page_number":441,"line_number":15,"text":"ﰂ","translation":{"text":"and placed me","language_name":"english","language_id":38},"transliteration":{"text":"wajaʿalanī","language_name":"english","language_id":38}},{"id":30376,"position":6,"audio_url":"wbw/036_027_006.mp3","qpc_uthmani_hafs":"مِنَ","char_type_name":"word","page_number":441,"line_number":15,"text":"ﰃ","translation":{"text":"among","language_name":"english","language_id":38},"transliteration":{"text":"mina","language_name":"english","language_id":38}},{"id":30377,"position":7,"audio_url":"wbw/036_027_007.mp3","qpc_uthmani_hafs":"ٱلۡمُكۡرَمِينَ","char_type_name":"word","page_number":441,"line_number":15,"text":"ﰄ","translation":{"text":"the honored ones","language_name":"english","language_id":38},"transliteration":{"text":"l-muk'ramīna","language_name":"english","language_id":38}},{"id":30378,"position":8,"audio_url":null,"qpc_uthmani_hafs":"٢٧","char_type_name":"end","page_number":441,"line_number":15,"text":"ﰅ","translation":{"text":"(27)","language_name":"english","language_id":38},"transliteration":{"text":null,"language_name":"english","language_id":38}}],"translations":[{"id":920161,"resource_id":134,"text":"Apa yang menyebabkan Tuhanku memberi ampun kepadaku dan menjadikan aku termasuk orang-orang yang dimuliakan\"."}]}],"pagination":{"per_page":50,"current_page":1,"next_page":null,"total_pages":1,"total_records":15}}