{"verses":[{"id":3865,"verse_number":77,"verse_key":"37:77","juz_number":23,"hizb_number":45,"rub_el_hizb_number":179,"ruku_number":390,"manzil_number":6,"sajdah_number":null,"text_uthmani":"وَجَعَلْنَا ذُرِّيَّتَهُۥ هُمُ ٱلْبَاقِينَ","page_number":449,"words":[{"id":63163,"position":1,"audio_url":"wbw/037_077_001.mp3","qpc_uthmani_hafs":"وَجَعَلۡنَا","char_type_name":"word","page_number":449,"line_number":1,"text":"ﭑ","translation":{"text":"And We made","language_name":"english","language_id":38},"transliteration":{"text":"wajaʿalnā","language_name":"english","language_id":38}},{"id":63164,"position":2,"audio_url":"wbw/037_077_002.mp3","qpc_uthmani_hafs":"ذُرِّيَّتَهُۥ","char_type_name":"word","page_number":449,"line_number":1,"text":"ﭒ","translation":{"text":"his offspring","language_name":"english","language_id":38},"transliteration":{"text":"dhurriyyatahu","language_name":"english","language_id":38}},{"id":63165,"position":3,"audio_url":"wbw/037_077_003.mp3","qpc_uthmani_hafs":"هُمُ","char_type_name":"word","page_number":449,"line_number":1,"text":"ﭓ","translation":{"text":"[they]","language_name":"english","language_id":38},"transliteration":{"text":"humu","language_name":"english","language_id":38}},{"id":63166,"position":4,"audio_url":"wbw/037_077_004.mp3","qpc_uthmani_hafs":"ٱلۡبَاقِينَ","char_type_name":"word","page_number":449,"line_number":1,"text":"ﭔ","translation":{"text":"the survivors","language_name":"english","language_id":38},"transliteration":{"text":"l-bāqīna","language_name":"english","language_id":38}},{"id":63167,"position":5,"audio_url":null,"qpc_uthmani_hafs":"٧٧","char_type_name":"end","page_number":449,"line_number":1,"text":"ﭕ","translation":{"text":"(77)","language_name":"english","language_id":38},"transliteration":{"text":null,"language_name":"english","language_id":38}}],"translations":[{"id":920294,"resource_id":134,"text":"Dan Kami jadikan anak cucunya orang-orang yang melanjutkan keturunan."}]},{"id":3866,"verse_number":78,"verse_key":"37:78","juz_number":23,"hizb_number":45,"rub_el_hizb_number":179,"ruku_number":390,"manzil_number":6,"sajdah_number":null,"text_uthmani":"وَتَرَكْنَا عَلَيْهِ فِى ٱلْـَٔاخِرِينَ","page_number":449,"words":[{"id":63683,"position":1,"audio_url":"wbw/037_078_001.mp3","qpc_uthmani_hafs":"وَتَرَكۡنَا","char_type_name":"word","page_number":449,"line_number":1,"text":"ﭖ","translation":{"text":"And We left","language_name":"english","language_id":38},"transliteration":{"text":"wataraknā","language_name":"english","language_id":38}},{"id":63684,"position":2,"audio_url":"wbw/037_078_002.mp3","qpc_uthmani_hafs":"عَلَيۡهِ","char_type_name":"word","page_number":449,"line_number":1,"text":"ﭗ","translation":{"text":"for him","language_name":"english","language_id":38},"transliteration":{"text":"ʿalayhi","language_name":"english","language_id":38}},{"id":63685,"position":3,"audio_url":"wbw/037_078_003.mp3","qpc_uthmani_hafs":"فِي","char_type_name":"word","page_number":449,"line_number":1,"text":"ﭘ","translation":{"text":"among","language_name":"english","language_id":38},"transliteration":{"text":"fī","language_name":"english","language_id":38}},{"id":63686,"position":4,"audio_url":"wbw/037_078_004.mp3","qpc_uthmani_hafs":"ٱلۡأٓخِرِينَ","char_type_name":"word","page_number":449,"line_number":1,"text":"ﭙ","translation":{"text":"the later generations","language_name":"english","language_id":38},"transliteration":{"text":"l-ākhirīna","language_name":"english","language_id":38}},{"id":63687,"position":5,"audio_url":null,"qpc_uthmani_hafs":"٧٨","char_type_name":"end","page_number":449,"line_number":1,"text":"ﭚ","translation":{"text":"(78)","language_name":"english","language_id":38},"transliteration":{"text":null,"language_name":"english","language_id":38}}],"translations":[{"id":920295,"resource_id":134,"text":"Dan Kami abadikan untuk Nūḥ itu (pujian yang baik) di kalangan orang-orang yang datang kemudian;"}]},{"id":3867,"verse_number":79,"verse_key":"37:79","juz_number":23,"hizb_number":45,"rub_el_hizb_number":179,"ruku_number":390,"manzil_number":6,"sajdah_number":null,"text_uthmani":"سَلَـٰمٌ عَلَىٰ نُوحٍ فِى ٱلْعَـٰلَمِينَ","page_number":449,"words":[{"id":63744,"position":1,"audio_url":"wbw/037_079_001.mp3","qpc_uthmani_hafs":"سَلَٰمٌ","char_type_name":"word","page_number":449,"line_number":1,"text":"ﭛ","translation":{"text":"Peace be","language_name":"english","language_id":38},"transliteration":{"text":"salāmun","language_name":"english","language_id":38}},{"id":63745,"position":2,"audio_url":"wbw/037_079_002.mp3","qpc_uthmani_hafs":"عَلَىٰ","char_type_name":"word","page_number":449,"line_number":2,"text":"ﭜ","translation":{"text":"upon","language_name":"english","language_id":38},"transliteration":{"text":"ʿalā","language_name":"english","language_id":38}},{"id":63746,"position":3,"audio_url":"wbw/037_079_003.mp3","qpc_uthmani_hafs":"نُوحٖ","char_type_name":"word","page_number":449,"line_number":2,"text":"ﭝ","translation":{"text":"Nuh","language_name":"english","language_id":38},"transliteration":{"text":"nūḥin","language_name":"english","language_id":38}},{"id":63747,"position":4,"audio_url":"wbw/037_079_004.mp3","qpc_uthmani_hafs":"فِي","char_type_name":"word","page_number":449,"line_number":2,"text":"ﭞ","translation":{"text":"among","language_name":"english","language_id":38},"transliteration":{"text":"fī","language_name":"english","language_id":38}},{"id":63748,"position":5,"audio_url":"wbw/037_079_005.mp3","qpc_uthmani_hafs":"ٱلۡعَٰلَمِينَ","char_type_name":"word","page_number":449,"line_number":2,"text":"ﭟ","translation":{"text":"the worlds","language_name":"english","language_id":38},"transliteration":{"text":"l-ʿālamīna","language_name":"english","language_id":38}},{"id":63749,"position":6,"audio_url":null,"qpc_uthmani_hafs":"٧٩","char_type_name":"end","page_number":449,"line_number":2,"text":"ﭠ","translation":{"text":"(79)","language_name":"english","language_id":38},"transliteration":{"text":null,"language_name":"english","language_id":38}}],"translations":[{"id":920296,"resource_id":134,"text":"\"Kesejahteraan dilimpahkan atas Nūḥ di seluruh alam\"."}]},{"id":3868,"verse_number":80,"verse_key":"37:80","juz_number":23,"hizb_number":45,"rub_el_hizb_number":179,"ruku_number":390,"manzil_number":6,"sajdah_number":null,"text_uthmani":"إِنَّا كَذَٰلِكَ نَجْزِى ٱلْمُحْسِنِينَ","page_number":449,"words":[{"id":64162,"position":1,"audio_url":"wbw/037_080_001.mp3","qpc_uthmani_hafs":"إِنَّا","char_type_name":"word","page_number":449,"line_number":2,"text":"ﭡ","translation":{"text":"Indeed, We","language_name":"english","language_id":38},"transliteration":{"text":"innā","language_name":"english","language_id":38}},{"id":64163,"position":2,"audio_url":"wbw/037_080_002.mp3","qpc_uthmani_hafs":"كَذَٰلِكَ","char_type_name":"word","page_number":449,"line_number":2,"text":"ﭢ","translation":{"text":"thus","language_name":"english","language_id":38},"transliteration":{"text":"kadhālika","language_name":"english","language_id":38}},{"id":64164,"position":3,"audio_url":"wbw/037_080_003.mp3","qpc_uthmani_hafs":"نَجۡزِي","char_type_name":"word","page_number":449,"line_number":2,"text":"ﭣ","translation":{"text":"[We] reward","language_name":"english","language_id":38},"transliteration":{"text":"najzī","language_name":"english","language_id":38}},{"id":64165,"position":4,"audio_url":"wbw/037_080_004.mp3","qpc_uthmani_hafs":"ٱلۡمُحۡسِنِينَ","char_type_name":"word","page_number":449,"line_number":2,"text":"ﭤ","translation":{"text":"the good-doers","language_name":"english","language_id":38},"transliteration":{"text":"l-muḥ'sinīna","language_name":"english","language_id":38}},{"id":64166,"position":5,"audio_url":null,"qpc_uthmani_hafs":"٨٠","char_type_name":"end","page_number":449,"line_number":2,"text":"ﭥ","translation":{"text":"(80)","language_name":"english","language_id":38},"transliteration":{"text":null,"language_name":"english","language_id":38}}],"translations":[{"id":920297,"resource_id":134,"text":"Sesungguhnya demikianlah, Kami memberi balasan kepada orang-orang yang berbuat baik."}]},{"id":3869,"verse_number":81,"verse_key":"37:81","juz_number":23,"hizb_number":45,"rub_el_hizb_number":179,"ruku_number":390,"manzil_number":6,"sajdah_number":null,"text_uthmani":"إِنَّهُۥ مِنْ عِبَادِنَا ٱلْمُؤْمِنِينَ","page_number":449,"words":[{"id":64867,"position":1,"audio_url":"wbw/037_081_001.mp3","qpc_uthmani_hafs":"إِنَّهُۥ","char_type_name":"word","page_number":449,"line_number":2,"text":"ﭦ","translation":{"text":"Indeed, he","language_name":"english","language_id":38},"transliteration":{"text":"innahu","language_name":"english","language_id":38}},{"id":64868,"position":2,"audio_url":"wbw/037_081_002.mp3","qpc_uthmani_hafs":"مِنۡ","char_type_name":"word","page_number":449,"line_number":2,"text":"ﭧ","translation":{"text":"(was) of","language_name":"english","language_id":38},"transliteration":{"text":"min","language_name":"english","language_id":38}},{"id":64869,"position":3,"audio_url":"wbw/037_081_003.mp3","qpc_uthmani_hafs":"عِبَادِنَا","char_type_name":"word","page_number":449,"line_number":3,"text":"ﭨ","translation":{"text":"Our slaves","language_name":"english","language_id":38},"transliteration":{"text":"ʿibādinā","language_name":"english","language_id":38}},{"id":64870,"position":4,"audio_url":"wbw/037_081_004.mp3","qpc_uthmani_hafs":"ٱلۡمُؤۡمِنِينَ","char_type_name":"word","page_number":449,"line_number":3,"text":"ﭩ","translation":{"text":"believing","language_name":"english","language_id":38},"transliteration":{"text":"l-mu'minīna","language_name":"english","language_id":38}},{"id":64871,"position":5,"audio_url":null,"qpc_uthmani_hafs":"٨١","char_type_name":"end","page_number":449,"line_number":3,"text":"ﭪ","translation":{"text":"(81)","language_name":"english","language_id":38},"transliteration":{"text":null,"language_name":"english","language_id":38}}],"translations":[{"id":920298,"resource_id":134,"text":"Sesungguhnya dia termasuk di antara hamba-hamba Kami yang beriman."}]},{"id":3870,"verse_number":82,"verse_key":"37:82","juz_number":23,"hizb_number":45,"rub_el_hizb_number":179,"ruku_number":390,"manzil_number":6,"sajdah_number":null,"text_uthmani":"ثُمَّ أَغْرَقْنَا ٱلْـَٔاخَرِينَ","page_number":449,"words":[{"id":65037,"position":1,"audio_url":"wbw/037_082_001.mp3","qpc_uthmani_hafs":"ثُمَّ","char_type_name":"word","page_number":449,"line_number":3,"text":"ﭫ","translation":{"text":"Then","language_name":"english","language_id":38},"transliteration":{"text":"thumma","language_name":"english","language_id":38}},{"id":65038,"position":2,"audio_url":"wbw/037_082_002.mp3","qpc_uthmani_hafs":"أَغۡرَقۡنَا","char_type_name":"word","page_number":449,"line_number":3,"text":"ﭬ","translation":{"text":"We drowned","language_name":"english","language_id":38},"transliteration":{"text":"aghraqnā","language_name":"english","language_id":38}},{"id":65039,"position":3,"audio_url":"wbw/037_082_003.mp3","qpc_uthmani_hafs":"ٱلۡأٓخَرِينَ","char_type_name":"word","page_number":449,"line_number":3,"text":"ﭭ","translation":{"text":"the others","language_name":"english","language_id":38},"transliteration":{"text":"l-ākharīna","language_name":"english","language_id":38}},{"id":65040,"position":4,"audio_url":null,"qpc_uthmani_hafs":"٨٢","char_type_name":"end","page_number":449,"line_number":3,"text":"ﭮ","translation":{"text":"(82)","language_name":"english","language_id":38},"transliteration":{"text":null,"language_name":"english","language_id":38}}],"translations":[{"id":920299,"resource_id":134,"text":"Kemudian, Kami tenggelamkan orang-orang yang lain."}]},{"id":3871,"verse_number":83,"verse_key":"37:83","juz_number":23,"hizb_number":45,"rub_el_hizb_number":180,"ruku_number":390,"manzil_number":6,"sajdah_number":null,"text_uthmani":"۞ وَإِنَّ مِن شِيعَتِهِۦ لَإِبْرَٰهِيمَ","page_number":449,"words":[{"id":65354,"position":1,"audio_url":"wbw/037_083_002.mp3","qpc_uthmani_hafs":"۞ وَإِنَّ","char_type_name":"word","page_number":449,"line_number":3,"text":"ﭯ ﭰ","translation":{"text":"And indeed","language_name":"english","language_id":38},"transliteration":{"text":"wa-inna","language_name":"english","language_id":38}},{"id":65355,"position":2,"audio_url":"wbw/037_083_003.mp3","qpc_uthmani_hafs":"مِن","char_type_name":"word","page_number":449,"line_number":3,"text":"ﭱ","translation":{"text":"among","language_name":"english","language_id":38},"transliteration":{"text":"min","language_name":"english","language_id":38}},{"id":65356,"position":3,"audio_url":"wbw/037_083_004.mp3","qpc_uthmani_hafs":"شِيعَتِهِۦ","char_type_name":"word","page_number":449,"line_number":4,"text":"ﭲ","translation":{"text":"his kind","language_name":"english","language_id":38},"transliteration":{"text":"shīʿatihi","language_name":"english","language_id":38}},{"id":65357,"position":4,"audio_url":"wbw/037_083_005.mp3","qpc_uthmani_hafs":"لَإِبۡرَٰهِيمَ","char_type_name":"word","page_number":449,"line_number":4,"text":"ﭳ","translation":{"text":"(was) surely Ibrahim","language_name":"english","language_id":38},"transliteration":{"text":"la-ib'rāhīma","language_name":"english","language_id":38}},{"id":65358,"position":5,"audio_url":null,"qpc_uthmani_hafs":"٨٣","char_type_name":"end","page_number":449,"line_number":4,"text":"ﭴ","translation":{"text":"(83)","language_name":"english","language_id":38},"transliteration":{"text":null,"language_name":"english","language_id":38}}],"translations":[{"id":920300,"resource_id":134,"text":"Dan sesungguhnya Ibrāhīm benar-benar termasuk golongannya (Nūḥ) <sup foot_note=211047>1</sup>."}]},{"id":3872,"verse_number":84,"verse_key":"37:84","juz_number":23,"hizb_number":45,"rub_el_hizb_number":180,"ruku_number":390,"manzil_number":6,"sajdah_number":null,"text_uthmani":"إِذْ جَآءَ رَبَّهُۥ بِقَلْبٍ سَلِيمٍ","page_number":449,"words":[{"id":65615,"position":1,"audio_url":"wbw/037_084_001.mp3","qpc_uthmani_hafs":"إِذۡ","char_type_name":"word","page_number":449,"line_number":4,"text":"ﭵ","translation":{"text":"When","language_name":"english","language_id":38},"transliteration":{"text":"idh","language_name":"english","language_id":38}},{"id":65616,"position":2,"audio_url":"wbw/037_084_002.mp3","qpc_uthmani_hafs":"جَآءَ","char_type_name":"word","page_number":449,"line_number":4,"text":"ﭶ","translation":{"text":"he came","language_name":"english","language_id":38},"transliteration":{"text":"jāa","language_name":"english","language_id":38}},{"id":65617,"position":3,"audio_url":"wbw/037_084_003.mp3","qpc_uthmani_hafs":"رَبَّهُۥ","char_type_name":"word","page_number":449,"line_number":4,"text":"ﭷ","translation":{"text":"(to) his Lord","language_name":"english","language_id":38},"transliteration":{"text":"rabbahu","language_name":"english","language_id":38}},{"id":65618,"position":4,"audio_url":"wbw/037_084_004.mp3","qpc_uthmani_hafs":"بِقَلۡبٖ","char_type_name":"word","page_number":449,"line_number":4,"text":"ﭸ","translation":{"text":"with a heart","language_name":"english","language_id":38},"transliteration":{"text":"biqalbin","language_name":"english","language_id":38}},{"id":65619,"position":5,"audio_url":"wbw/037_084_005.mp3","qpc_uthmani_hafs":"سَلِيمٍ","char_type_name":"word","page_number":449,"line_number":4,"text":"ﭹ","translation":{"text":"sound","language_name":"english","language_id":38},"transliteration":{"text":"salīmin","language_name":"english","language_id":38}},{"id":65620,"position":6,"audio_url":null,"qpc_uthmani_hafs":"٨٤","char_type_name":"end","page_number":449,"line_number":4,"text":"ﭺ","translation":{"text":"(84)","language_name":"english","language_id":38},"transliteration":{"text":null,"language_name":"english","language_id":38}}],"translations":[{"id":920301,"resource_id":134,"text":"(lngatlah) ketika ia datang kepada Tuhan-nya dengan hati yang suci<sup foot_note=211048>1</sup>."}]},{"id":3873,"verse_number":85,"verse_key":"37:85","juz_number":23,"hizb_number":45,"rub_el_hizb_number":180,"ruku_number":390,"manzil_number":6,"sajdah_number":null,"text_uthmani":"إِذْ قَالَ لِأَبِيهِ وَقَوْمِهِۦ مَاذَا تَعْبُدُونَ","page_number":449,"words":[{"id":66335,"position":1,"audio_url":"wbw/037_085_001.mp3","qpc_uthmani_hafs":"إِذۡ","char_type_name":"word","page_number":449,"line_number":4,"text":"ﭻ","translation":{"text":"When","language_name":"english","language_id":38},"transliteration":{"text":"idh","language_name":"english","language_id":38}},{"id":66336,"position":2,"audio_url":"wbw/037_085_002.mp3","qpc_uthmani_hafs":"قَالَ","char_type_name":"word","page_number":449,"line_number":4,"text":"ﭼ","translation":{"text":"he said","language_name":"english","language_id":38},"transliteration":{"text":"qāla","language_name":"english","language_id":38}},{"id":66337,"position":3,"audio_url":"wbw/037_085_003.mp3","qpc_uthmani_hafs":"لِأَبِيهِ","char_type_name":"word","page_number":449,"line_number":5,"text":"ﭽ","translation":{"text":"to his father","language_name":"english","language_id":38},"transliteration":{"text":"li-abīhi","language_name":"english","language_id":38}},{"id":66338,"position":4,"audio_url":"wbw/037_085_004.mp3","qpc_uthmani_hafs":"وَقَوۡمِهِۦ","char_type_name":"word","page_number":449,"line_number":5,"text":"ﭾ","translation":{"text":"and his people","language_name":"english","language_id":38},"transliteration":{"text":"waqawmihi","language_name":"english","language_id":38}},{"id":66339,"position":5,"audio_url":"wbw/037_085_005.mp3","qpc_uthmani_hafs":"مَاذَا","char_type_name":"word","page_number":449,"line_number":5,"text":"ﭿ","translation":{"text":"What is it","language_name":"english","language_id":38},"transliteration":{"text":"mādhā","language_name":"english","language_id":38}},{"id":66340,"position":6,"audio_url":"wbw/037_085_006.mp3","qpc_uthmani_hafs":"تَعۡبُدُونَ","char_type_name":"word","page_number":449,"line_number":5,"text":"ﮀ","translation":{"text":"you worship","language_name":"english","language_id":38},"transliteration":{"text":"taʿbudūna","language_name":"english","language_id":38}},{"id":66341,"position":7,"audio_url":null,"qpc_uthmani_hafs":"٨٥","char_type_name":"end","page_number":449,"line_number":5,"text":"ﮁ","translation":{"text":"(85)","language_name":"english","language_id":38},"transliteration":{"text":null,"language_name":"english","language_id":38}}],"translations":[{"id":920302,"resource_id":134,"text":"(Ingatlah) ketika ia berkata kepada bapaknya dan kaumnya, \"Apakah yang kamu sembah itu?"}]},{"id":3874,"verse_number":86,"verse_key":"37:86","juz_number":23,"hizb_number":45,"rub_el_hizb_number":180,"ruku_number":390,"manzil_number":6,"sajdah_number":null,"text_uthmani":"أَئِفْكًا ءَالِهَةً دُونَ ٱللَّهِ تُرِيدُونَ","page_number":449,"words":[{"id":66426,"position":1,"audio_url":"wbw/037_086_001.mp3","qpc_uthmani_hafs":"أَئِفۡكًا","char_type_name":"word","page_number":449,"line_number":5,"text":"ﮂ","translation":{"text":"Is it falsehood ","language_name":"english","language_id":38},"transliteration":{"text":"a-if'kan","language_name":"english","language_id":38}},{"id":66427,"position":2,"audio_url":"wbw/037_086_002.mp3","qpc_uthmani_hafs":"ءَالِهَةٗ","char_type_name":"word","page_number":449,"line_number":5,"text":"ﮃ","translation":{"text":"gods","language_name":"english","language_id":38},"transliteration":{"text":"ālihatan","language_name":"english","language_id":38}},{"id":66428,"position":3,"audio_url":"wbw/037_086_003.mp3","qpc_uthmani_hafs":"دُونَ","char_type_name":"word","page_number":449,"line_number":5,"text":"ﮄ","translation":{"text":"other than","language_name":"english","language_id":38},"transliteration":{"text":"dūna","language_name":"english","language_id":38}},{"id":66429,"position":4,"audio_url":"wbw/037_086_004.mp3","qpc_uthmani_hafs":"ٱللَّهِ","char_type_name":"word","page_number":449,"line_number":5,"text":"ﮅ","translation":{"text":"Allah ","language_name":"english","language_id":38},"transliteration":{"text":"l-lahi","language_name":"english","language_id":38}},{"id":66430,"position":5,"audio_url":"wbw/037_086_005.mp3","qpc_uthmani_hafs":"تُرِيدُونَ","char_type_name":"word","page_number":449,"line_number":5,"text":"ﮆ","translation":{"text":"(that) you desire","language_name":"english","language_id":38},"transliteration":{"text":"turīdūna","language_name":"english","language_id":38}},{"id":66431,"position":6,"audio_url":null,"qpc_uthmani_hafs":"٨٦","char_type_name":"end","page_number":449,"line_number":6,"text":"ﮇ","translation":{"text":"(86)","language_name":"english","language_id":38},"transliteration":{"text":null,"language_name":"english","language_id":38}}],"translations":[{"id":920303,"resource_id":134,"text":"Apakah kamu menghendaki sembahan-sembahan selain Allah dengan jalan berbohong?"}]},{"id":3875,"verse_number":87,"verse_key":"37:87","juz_number":23,"hizb_number":45,"rub_el_hizb_number":180,"ruku_number":390,"manzil_number":6,"sajdah_number":null,"text_uthmani":"فَمَا ظَنُّكُم بِرَبِّ ٱلْعَـٰلَمِينَ","page_number":449,"words":[{"id":66746,"position":1,"audio_url":"wbw/037_087_001.mp3","qpc_uthmani_hafs":"فَمَا","char_type_name":"word","page_number":449,"line_number":6,"text":"ﮈ","translation":{"text":"Then what","language_name":"english","language_id":38},"transliteration":{"text":"famā","language_name":"english","language_id":38}},{"id":66747,"position":2,"audio_url":"wbw/037_087_002.mp3","qpc_uthmani_hafs":"ظَنُّكُم","char_type_name":"word","page_number":449,"line_number":6,"text":"ﮉ","translation":{"text":"(do) you think","language_name":"english","language_id":38},"transliteration":{"text":"ẓannukum","language_name":"english","language_id":38}},{"id":66748,"position":3,"audio_url":"wbw/037_087_003.mp3","qpc_uthmani_hafs":"بِرَبِّ","char_type_name":"word","page_number":449,"line_number":6,"text":"ﮊ","translation":{"text":"about (the) Lord","language_name":"english","language_id":38},"transliteration":{"text":"birabbi","language_name":"english","language_id":38}},{"id":66749,"position":4,"audio_url":"wbw/037_087_004.mp3","qpc_uthmani_hafs":"ٱلۡعَٰلَمِينَ","char_type_name":"word","page_number":449,"line_number":6,"text":"ﮋ","translation":{"text":"(of) the worlds","language_name":"english","language_id":38},"transliteration":{"text":"l-ʿālamīna","language_name":"english","language_id":38}},{"id":66750,"position":5,"audio_url":null,"qpc_uthmani_hafs":"٨٧","char_type_name":"end","page_number":449,"line_number":6,"text":"ﮌ","translation":{"text":"(87)","language_name":"english","language_id":38},"transliteration":{"text":null,"language_name":"english","language_id":38}}],"translations":[{"id":920304,"resource_id":134,"text":"Maka apakah anggapanmu terhadap Tuhan semesta alam?\""}]},{"id":3876,"verse_number":88,"verse_key":"37:88","juz_number":23,"hizb_number":45,"rub_el_hizb_number":180,"ruku_number":390,"manzil_number":6,"sajdah_number":null,"text_uthmani":"فَنَظَرَ نَظْرَةً فِى ٱلنُّجُومِ","page_number":449,"words":[{"id":67395,"position":1,"audio_url":"wbw/037_088_001.mp3","qpc_uthmani_hafs":"فَنَظَرَ","char_type_name":"word","page_number":449,"line_number":6,"text":"ﮍ","translation":{"text":"Then he glanced","language_name":"english","language_id":38},"transliteration":{"text":"fanaẓara","language_name":"english","language_id":38}},{"id":67396,"position":2,"audio_url":"wbw/037_088_002.mp3","qpc_uthmani_hafs":"نَظۡرَةٗ","char_type_name":"word","page_number":449,"line_number":6,"text":"ﮎ","translation":{"text":"a glance","language_name":"english","language_id":38},"transliteration":{"text":"naẓratan","language_name":"english","language_id":38}},{"id":67397,"position":3,"audio_url":"wbw/037_088_003.mp3","qpc_uthmani_hafs":"فِي","char_type_name":"word","page_number":449,"line_number":6,"text":"ﮏ","translation":{"text":"at","language_name":"english","language_id":38},"transliteration":{"text":"fī","language_name":"english","language_id":38}},{"id":67398,"position":4,"audio_url":"wbw/037_088_004.mp3","qpc_uthmani_hafs":"ٱلنُّجُومِ","char_type_name":"word","page_number":449,"line_number":6,"text":"ﮐ","translation":{"text":"the stars","language_name":"english","language_id":38},"transliteration":{"text":"l-nujūmi","language_name":"english","language_id":38}},{"id":67399,"position":5,"audio_url":null,"qpc_uthmani_hafs":"٨٨","char_type_name":"end","page_number":449,"line_number":6,"text":"ﮑ","translation":{"text":"(88)","language_name":"english","language_id":38},"transliteration":{"text":null,"language_name":"english","language_id":38}}],"translations":[{"id":920305,"resource_id":134,"text":"Lalu, ia memandang sekali pandang ke bintang-bintang."}]},{"id":3877,"verse_number":89,"verse_key":"37:89","juz_number":23,"hizb_number":45,"rub_el_hizb_number":180,"ruku_number":390,"manzil_number":6,"sajdah_number":null,"text_uthmani":"فَقَالَ إِنِّى سَقِيمٌ","page_number":449,"words":[{"id":67558,"position":1,"audio_url":"wbw/037_089_001.mp3","qpc_uthmani_hafs":"فَقَالَ","char_type_name":"word","page_number":449,"line_number":7,"text":"ﮒ","translation":{"text":"And he said","language_name":"english","language_id":38},"transliteration":{"text":"faqāla","language_name":"english","language_id":38}},{"id":67559,"position":2,"audio_url":"wbw/037_089_002.mp3","qpc_uthmani_hafs":"إِنِّي","char_type_name":"word","page_number":449,"line_number":7,"text":"ﮓ","translation":{"text":"Indeed, I am","language_name":"english","language_id":38},"transliteration":{"text":"innī","language_name":"english","language_id":38}},{"id":67560,"position":3,"audio_url":"wbw/037_089_003.mp3","qpc_uthmani_hafs":"سَقِيمٞ","char_type_name":"word","page_number":449,"line_number":7,"text":"ﮔ","translation":{"text":"sick","language_name":"english","language_id":38},"transliteration":{"text":"saqīmun","language_name":"english","language_id":38}},{"id":67561,"position":4,"audio_url":null,"qpc_uthmani_hafs":"٨٩","char_type_name":"end","page_number":449,"line_number":7,"text":"ﮕ","translation":{"text":"(89)","language_name":"english","language_id":38},"transliteration":{"text":null,"language_name":"english","language_id":38}}],"translations":[{"id":920306,"resource_id":134,"text":"Kemudian, ia berkata, \"Sesungguhnya aku sakit\"."}]},{"id":3878,"verse_number":90,"verse_key":"37:90","juz_number":23,"hizb_number":45,"rub_el_hizb_number":180,"ruku_number":390,"manzil_number":6,"sajdah_number":null,"text_uthmani":"فَتَوَلَّوْا۟ عَنْهُ مُدْبِرِينَ","page_number":449,"words":[{"id":68093,"position":1,"audio_url":"wbw/037_090_001.mp3","qpc_uthmani_hafs":"فَتَوَلَّوۡاْ","char_type_name":"word","page_number":449,"line_number":7,"text":"ﮖ","translation":{"text":"So they turned away","language_name":"english","language_id":38},"transliteration":{"text":"fatawallaw","language_name":"english","language_id":38}},{"id":68094,"position":2,"audio_url":"wbw/037_090_002.mp3","qpc_uthmani_hafs":"عَنۡهُ","char_type_name":"word","page_number":449,"line_number":7,"text":"ﮗ","translation":{"text":"from him","language_name":"english","language_id":38},"transliteration":{"text":"ʿanhu","language_name":"english","language_id":38}},{"id":68095,"position":3,"audio_url":"wbw/037_090_003.mp3","qpc_uthmani_hafs":"مُدۡبِرِينَ","char_type_name":"word","page_number":449,"line_number":7,"text":"ﮘ","translation":{"text":"departing","language_name":"english","language_id":38},"transliteration":{"text":"mud'birīna","language_name":"english","language_id":38}},{"id":68096,"position":4,"audio_url":null,"qpc_uthmani_hafs":"٩٠","char_type_name":"end","page_number":449,"line_number":7,"text":"ﮙ","translation":{"text":"(90)","language_name":"english","language_id":38},"transliteration":{"text":null,"language_name":"english","language_id":38}}],"translations":[{"id":920307,"resource_id":134,"text":"Lalu, mereka berpaling darinya dengan membelakang."}]},{"id":3879,"verse_number":91,"verse_key":"37:91","juz_number":23,"hizb_number":45,"rub_el_hizb_number":180,"ruku_number":390,"manzil_number":6,"sajdah_number":null,"text_uthmani":"فَرَاغَ إِلَىٰٓ ءَالِهَتِهِمْ فَقَالَ أَلَا تَأْكُلُونَ","page_number":449,"words":[{"id":68563,"position":1,"audio_url":"wbw/037_091_001.mp3","qpc_uthmani_hafs":"فَرَاغَ","char_type_name":"word","page_number":449,"line_number":7,"text":"ﮚ","translation":{"text":"Then he turned","language_name":"english","language_id":38},"transliteration":{"text":"farāgha","language_name":"english","language_id":38}},{"id":68564,"position":2,"audio_url":"wbw/037_091_002.mp3","qpc_uthmani_hafs":"إِلَىٰٓ","char_type_name":"word","page_number":449,"line_number":7,"text":"ﮛ","translation":{"text":"to","language_name":"english","language_id":38},"transliteration":{"text":"ilā","language_name":"english","language_id":38}},{"id":68565,"position":3,"audio_url":"wbw/037_091_003.mp3","qpc_uthmani_hafs":"ءَالِهَتِهِمۡ","char_type_name":"word","page_number":449,"line_number":7,"text":"ﮜ","translation":{"text":"their gods","language_name":"english","language_id":38},"transliteration":{"text":"ālihatihim","language_name":"english","language_id":38}},{"id":68566,"position":4,"audio_url":"wbw/037_091_004.mp3","qpc_uthmani_hafs":"فَقَالَ","char_type_name":"word","page_number":449,"line_number":8,"text":"ﮝ","translation":{"text":"and said","language_name":"english","language_id":38},"transliteration":{"text":"faqāla","language_name":"english","language_id":38}},{"id":68567,"position":5,"audio_url":"wbw/037_091_005.mp3","qpc_uthmani_hafs":"أَلَا","char_type_name":"word","page_number":449,"line_number":8,"text":"ﮞ","translation":{"text":"Do not","language_name":"english","language_id":38},"transliteration":{"text":"alā","language_name":"english","language_id":38}},{"id":68568,"position":6,"audio_url":"wbw/037_091_006.mp3","qpc_uthmani_hafs":"تَأۡكُلُونَ","char_type_name":"word","page_number":449,"line_number":8,"text":"ﮟ","translation":{"text":"you eat","language_name":"english","language_id":38},"transliteration":{"text":"takulūna","language_name":"english","language_id":38}},{"id":68569,"position":7,"audio_url":null,"qpc_uthmani_hafs":"٩١","char_type_name":"end","page_number":449,"line_number":8,"text":"ﮠ","translation":{"text":"(91)","language_name":"english","language_id":38},"transliteration":{"text":null,"language_name":"english","language_id":38}}],"translations":[{"id":920308,"resource_id":134,"text":"Kemudian, ia pergi dengan diam-diam kepada berhala-berhala mereka, lalu ia berkata, \"Apakah kamu tidak makan <sup foot_note=211049>1</sup>?"}]},{"id":3880,"verse_number":92,"verse_key":"37:92","juz_number":23,"hizb_number":45,"rub_el_hizb_number":180,"ruku_number":390,"manzil_number":6,"sajdah_number":null,"text_uthmani":"مَا لَكُمْ لَا تَنطِقُونَ","page_number":449,"words":[{"id":68613,"position":1,"audio_url":"wbw/037_092_001.mp3","qpc_uthmani_hafs":"مَا","char_type_name":"word","page_number":449,"line_number":8,"text":"ﮡ","translation":{"text":"What (is)","language_name":"english","language_id":38},"transliteration":{"text":"mā","language_name":"english","language_id":38}},{"id":68614,"position":2,"audio_url":"wbw/037_092_002.mp3","qpc_uthmani_hafs":"لَكُمۡ","char_type_name":"word","page_number":449,"line_number":8,"text":"ﮢ","translation":{"text":"for you","language_name":"english","language_id":38},"transliteration":{"text":"lakum","language_name":"english","language_id":38}},{"id":68615,"position":3,"audio_url":"wbw/037_092_003.mp3","qpc_uthmani_hafs":"لَا","char_type_name":"word","page_number":449,"line_number":8,"text":"ﮣ","translation":{"text":"not","language_name":"english","language_id":38},"transliteration":{"text":"lā","language_name":"english","language_id":38}},{"id":68616,"position":4,"audio_url":"wbw/037_092_004.mp3","qpc_uthmani_hafs":"تَنطِقُونَ","char_type_name":"word","page_number":449,"line_number":8,"text":"ﮤ","translation":{"text":"you speak","language_name":"english","language_id":38},"transliteration":{"text":"tanṭiqūna","language_name":"english","language_id":38}},{"id":68617,"position":5,"audio_url":null,"qpc_uthmani_hafs":"٩٢","char_type_name":"end","page_number":449,"line_number":8,"text":"ﮥ","translation":{"text":"(92)","language_name":"english","language_id":38},"transliteration":{"text":null,"language_name":"english","language_id":38}}],"translations":[{"id":920309,"resource_id":134,"text":"Mengapa kamu tidak menjawab?\""}]},{"id":3881,"verse_number":93,"verse_key":"37:93","juz_number":23,"hizb_number":45,"rub_el_hizb_number":180,"ruku_number":390,"manzil_number":6,"sajdah_number":null,"text_uthmani":"فَرَاغَ عَلَيْهِمْ ضَرْبًۢا بِٱلْيَمِينِ","page_number":449,"words":[{"id":68938,"position":1,"audio_url":"wbw/037_093_001.mp3","qpc_uthmani_hafs":"فَرَاغَ","char_type_name":"word","page_number":449,"line_number":8,"text":"ﮦ","translation":{"text":"Then he turned","language_name":"english","language_id":38},"transliteration":{"text":"farāgha","language_name":"english","language_id":38}},{"id":68939,"position":2,"audio_url":"wbw/037_093_002.mp3","qpc_uthmani_hafs":"عَلَيۡهِمۡ","char_type_name":"word","page_number":449,"line_number":8,"text":"ﮧ","translation":{"text":"upon them","language_name":"english","language_id":38},"transliteration":{"text":"ʿalayhim","language_name":"english","language_id":38}},{"id":68940,"position":3,"audio_url":"wbw/037_093_003.mp3","qpc_uthmani_hafs":"ضَرۡبَۢا","char_type_name":"word","page_number":449,"line_number":8,"text":"ﮨ","translation":{"text":"striking","language_name":"english","language_id":38},"transliteration":{"text":"ḍarban","language_name":"english","language_id":38}},{"id":68941,"position":4,"audio_url":"wbw/037_093_004.mp3","qpc_uthmani_hafs":"بِٱلۡيَمِينِ","char_type_name":"word","page_number":449,"line_number":9,"text":"ﮩ","translation":{"text":"with the right hand","language_name":"english","language_id":38},"transliteration":{"text":"bil-yamīni","language_name":"english","language_id":38}},{"id":68942,"position":5,"audio_url":null,"qpc_uthmani_hafs":"٩٣","char_type_name":"end","page_number":449,"line_number":9,"text":"ﮪ","translation":{"text":"(93)","language_name":"english","language_id":38},"transliteration":{"text":null,"language_name":"english","language_id":38}}],"translations":[{"id":920310,"resource_id":134,"text":"Lalu, dihadapinya berhala-berhala itu sambil memukulnya dengan tangan kanannya (dengan kuat)."}]},{"id":3882,"verse_number":94,"verse_key":"37:94","juz_number":23,"hizb_number":45,"rub_el_hizb_number":180,"ruku_number":390,"manzil_number":6,"sajdah_number":null,"text_uthmani":"فَأَقْبَلُوٓا۟ إِلَيْهِ يَزِفُّونَ","page_number":449,"words":[{"id":69660,"position":1,"audio_url":"wbw/037_094_001.mp3","qpc_uthmani_hafs":"فَأَقۡبَلُوٓاْ","char_type_name":"word","page_number":449,"line_number":9,"text":"ﮫ","translation":{"text":"Then they advanced","language_name":"english","language_id":38},"transliteration":{"text":"fa-aqbalū","language_name":"english","language_id":38}},{"id":69661,"position":2,"audio_url":"wbw/037_094_002.mp3","qpc_uthmani_hafs":"إِلَيۡهِ","char_type_name":"word","page_number":449,"line_number":9,"text":"ﮬ","translation":{"text":"towards him","language_name":"english","language_id":38},"transliteration":{"text":"ilayhi","language_name":"english","language_id":38}},{"id":69662,"position":3,"audio_url":"wbw/037_094_003.mp3","qpc_uthmani_hafs":"يَزِفُّونَ","char_type_name":"word","page_number":449,"line_number":9,"text":"ﮭ","translation":{"text":"hastening","language_name":"english","language_id":38},"transliteration":{"text":"yaziffūna","language_name":"english","language_id":38}},{"id":69663,"position":4,"audio_url":null,"qpc_uthmani_hafs":"٩٤","char_type_name":"end","page_number":449,"line_number":9,"text":"ﮮ","translation":{"text":"(94)","language_name":"english","language_id":38},"transliteration":{"text":null,"language_name":"english","language_id":38}}],"translations":[{"id":920311,"resource_id":134,"text":"Kemudian, kaumnya datang kepadanya dengan bergegas."}]},{"id":3883,"verse_number":95,"verse_key":"37:95","juz_number":23,"hizb_number":45,"rub_el_hizb_number":180,"ruku_number":390,"manzil_number":6,"sajdah_number":null,"text_uthmani":"قَالَ أَتَعْبُدُونَ مَا تَنْحِتُونَ","page_number":449,"words":[{"id":69958,"position":1,"audio_url":"wbw/037_095_001.mp3","qpc_uthmani_hafs":"قَالَ","char_type_name":"word","page_number":449,"line_number":9,"text":"ﮯ","translation":{"text":"He said","language_name":"english","language_id":38},"transliteration":{"text":"qāla","language_name":"english","language_id":38}},{"id":69959,"position":2,"audio_url":"wbw/037_095_002.mp3","qpc_uthmani_hafs":"أَتَعۡبُدُونَ","char_type_name":"word","page_number":449,"line_number":9,"text":"ﮰ","translation":{"text":"Do you worship","language_name":"english","language_id":38},"transliteration":{"text":"ataʿbudūna","language_name":"english","language_id":38}},{"id":69960,"position":3,"audio_url":"wbw/037_095_003.mp3","qpc_uthmani_hafs":"مَا","char_type_name":"word","page_number":449,"line_number":9,"text":"ﮱ","translation":{"text":"what","language_name":"english","language_id":38},"transliteration":{"text":"mā","language_name":"english","language_id":38}},{"id":69961,"position":4,"audio_url":"wbw/037_095_004.mp3","qpc_uthmani_hafs":"تَنۡحِتُونَ","char_type_name":"word","page_number":449,"line_number":9,"text":"ﯓ","translation":{"text":"you carve","language_name":"english","language_id":38},"transliteration":{"text":"tanḥitūna","language_name":"english","language_id":38}},{"id":69962,"position":5,"audio_url":null,"qpc_uthmani_hafs":"٩٥","char_type_name":"end","page_number":449,"line_number":10,"text":"ﯔ","translation":{"text":"(95)","language_name":"english","language_id":38},"transliteration":{"text":null,"language_name":"english","language_id":38}}],"translations":[{"id":920312,"resource_id":134,"text":"Ibrāhīm berkata, \"Apakah kamu menyembah patung-patung yang kamu pahat itu?"}]},{"id":3884,"verse_number":96,"verse_key":"37:96","juz_number":23,"hizb_number":45,"rub_el_hizb_number":180,"ruku_number":390,"manzil_number":6,"sajdah_number":null,"text_uthmani":"وَٱللَّهُ خَلَقَكُمْ وَمَا تَعْمَلُونَ","page_number":449,"words":[{"id":69988,"position":1,"audio_url":"wbw/037_096_001.mp3","qpc_uthmani_hafs":"وَٱللَّهُ","char_type_name":"word","page_number":449,"line_number":10,"text":"ﯕ","translation":{"text":"While Allah","language_name":"english","language_id":38},"transliteration":{"text":"wal-lahu","language_name":"english","language_id":38}},{"id":69989,"position":2,"audio_url":"wbw/037_096_002.mp3","qpc_uthmani_hafs":"خَلَقَكُمۡ","char_type_name":"word","page_number":449,"line_number":10,"text":"ﯖ","translation":{"text":"created you","language_name":"english","language_id":38},"transliteration":{"text":"khalaqakum","language_name":"english","language_id":38}},{"id":69990,"position":3,"audio_url":"wbw/037_096_003.mp3","qpc_uthmani_hafs":"وَمَا","char_type_name":"word","page_number":449,"line_number":10,"text":"ﯗ","translation":{"text":"and what","language_name":"english","language_id":38},"transliteration":{"text":"wamā","language_name":"english","language_id":38}},{"id":69991,"position":4,"audio_url":"wbw/037_096_004.mp3","qpc_uthmani_hafs":"تَعۡمَلُونَ","char_type_name":"word","page_number":449,"line_number":10,"text":"ﯘ","translation":{"text":"you make","language_name":"english","language_id":38},"transliteration":{"text":"taʿmalūna","language_name":"english","language_id":38}},{"id":69992,"position":5,"audio_url":null,"qpc_uthmani_hafs":"٩٦","char_type_name":"end","page_number":449,"line_number":10,"text":"ﯙ","translation":{"text":"(96)","language_name":"english","language_id":38},"transliteration":{"text":null,"language_name":"english","language_id":38}}],"translations":[{"id":920313,"resource_id":134,"text":"Padahal Allah-lah yang menciptakan kamu dan apa yang kamu perbuat itu\"."}]},{"id":3885,"verse_number":97,"verse_key":"37:97","juz_number":23,"hizb_number":45,"rub_el_hizb_number":180,"ruku_number":390,"manzil_number":6,"sajdah_number":null,"text_uthmani":"قَالُوا۟ ٱبْنُوا۟ لَهُۥ بُنْيَـٰنًا فَأَلْقُوهُ فِى ٱلْجَحِيمِ","page_number":449,"words":[{"id":70571,"position":1,"audio_url":"wbw/037_097_001.mp3","qpc_uthmani_hafs":"قَالُواْ","char_type_name":"word","page_number":449,"line_number":10,"text":"ﯚ","translation":{"text":"They said","language_name":"english","language_id":38},"transliteration":{"text":"qālū","language_name":"english","language_id":38}},{"id":70572,"position":2,"audio_url":"wbw/037_097_002.mp3","qpc_uthmani_hafs":"ٱبۡنُواْ","char_type_name":"word","page_number":449,"line_number":10,"text":"ﯛ","translation":{"text":"Build","language_name":"english","language_id":38},"transliteration":{"text":"ib'nū","language_name":"english","language_id":38}},{"id":70573,"position":3,"audio_url":"wbw/037_097_003.mp3","qpc_uthmani_hafs":"لَهُۥ","char_type_name":"word","page_number":449,"line_number":10,"text":"ﯜ","translation":{"text":"for him","language_name":"english","language_id":38},"transliteration":{"text":"lahu","language_name":"english","language_id":38}},{"id":70574,"position":4,"audio_url":"wbw/037_097_004.mp3","qpc_uthmani_hafs":"بُنۡيَٰنٗا","char_type_name":"word","page_number":449,"line_number":10,"text":"ﯝ","translation":{"text":"a structure","language_name":"english","language_id":38},"transliteration":{"text":"bun'yānan","language_name":"english","language_id":38}},{"id":70575,"position":5,"audio_url":"wbw/037_097_005.mp3","qpc_uthmani_hafs":"فَأَلۡقُوهُ","char_type_name":"word","page_number":449,"line_number":10,"text":"ﯞ","translation":{"text":"and throw him","language_name":"english","language_id":38},"transliteration":{"text":"fa-alqūhu","language_name":"english","language_id":38}},{"id":70576,"position":6,"audio_url":"wbw/037_097_006.mp3","qpc_uthmani_hafs":"فِي","char_type_name":"word","page_number":449,"line_number":11,"text":"ﯟ","translation":{"text":"into","language_name":"english","language_id":38},"transliteration":{"text":"fī","language_name":"english","language_id":38}},{"id":70577,"position":7,"audio_url":"wbw/037_097_007.mp3","qpc_uthmani_hafs":"ٱلۡجَحِيمِ","char_type_name":"word","page_number":449,"line_number":11,"text":"ﯠ","translation":{"text":"the blazing Fire","language_name":"english","language_id":38},"transliteration":{"text":"l-jaḥīmi","language_name":"english","language_id":38}},{"id":70578,"position":8,"audio_url":null,"qpc_uthmani_hafs":"٩٧","char_type_name":"end","page_number":449,"line_number":11,"text":"ﯡ","translation":{"text":"(97)","language_name":"english","language_id":38},"transliteration":{"text":null,"language_name":"english","language_id":38}}],"translations":[{"id":920314,"resource_id":134,"text":"Mereka berkata, \"Dirikanlah suatu bangunan untuk (membakar) Ibrāhīm, lalu lemparkanlah dia ke dalam api yang menyala-nyala itu\"."}]},{"id":3886,"verse_number":98,"verse_key":"37:98","juz_number":23,"hizb_number":45,"rub_el_hizb_number":180,"ruku_number":390,"manzil_number":6,"sajdah_number":null,"text_uthmani":"فَأَرَادُوا۟ بِهِۦ كَيْدًا فَجَعَلْنَـٰهُمُ ٱلْأَسْفَلِينَ","page_number":449,"words":[{"id":70821,"position":1,"audio_url":"wbw/037_098_001.mp3","qpc_uthmani_hafs":"فَأَرَادُواْ","char_type_name":"word","page_number":449,"line_number":11,"text":"ﯢ","translation":{"text":"And they intended","language_name":"english","language_id":38},"transliteration":{"text":"fa-arādū","language_name":"english","language_id":38}},{"id":70822,"position":2,"audio_url":"wbw/037_098_002.mp3","qpc_uthmani_hafs":"بِهِۦ","char_type_name":"word","page_number":449,"line_number":11,"text":"ﯣ","translation":{"text":"for him","language_name":"english","language_id":38},"transliteration":{"text":"bihi","language_name":"english","language_id":38}},{"id":70823,"position":3,"audio_url":"wbw/037_098_003.mp3","qpc_uthmani_hafs":"كَيۡدٗا","char_type_name":"word","page_number":449,"line_number":11,"text":"ﯤ","translation":{"text":"a plot","language_name":"english","language_id":38},"transliteration":{"text":"kaydan","language_name":"english","language_id":38}},{"id":70824,"position":4,"audio_url":"wbw/037_098_004.mp3","qpc_uthmani_hafs":"فَجَعَلۡنَٰهُمُ","char_type_name":"word","page_number":449,"line_number":11,"text":"ﯥ","translation":{"text":"but We made them","language_name":"english","language_id":38},"transliteration":{"text":"fajaʿalnāhumu","language_name":"english","language_id":38}},{"id":70825,"position":5,"audio_url":"wbw/037_098_005.mp3","qpc_uthmani_hafs":"ٱلۡأَسۡفَلِينَ","char_type_name":"word","page_number":449,"line_number":11,"text":"ﯦ","translation":{"text":"the lowest","language_name":"english","language_id":38},"transliteration":{"text":"l-asfalīna","language_name":"english","language_id":38}},{"id":70826,"position":6,"audio_url":null,"qpc_uthmani_hafs":"٩٨","char_type_name":"end","page_number":449,"line_number":11,"text":"ﯧ","translation":{"text":"(98)","language_name":"english","language_id":38},"transliteration":{"text":null,"language_name":"english","language_id":38}}],"translations":[{"id":920315,"resource_id":134,"text":"Mereka hendak melakukan tipu muslihat kepadanya, maka Kami jadikan mereka orang-orang yang hina <sup foot_note=211050>1</sup>."}]},{"id":3887,"verse_number":99,"verse_key":"37:99","juz_number":23,"hizb_number":45,"rub_el_hizb_number":180,"ruku_number":390,"manzil_number":6,"sajdah_number":null,"text_uthmani":"وَقَالَ إِنِّى ذَاهِبٌ إِلَىٰ رَبِّى سَيَهْدِينِ","page_number":449,"words":[{"id":70842,"position":1,"audio_url":"wbw/037_099_001.mp3","qpc_uthmani_hafs":"وَقَالَ","char_type_name":"word","page_number":449,"line_number":12,"text":"ﯨ","translation":{"text":"And he said","language_name":"english","language_id":38},"transliteration":{"text":"waqāla","language_name":"english","language_id":38}},{"id":70843,"position":2,"audio_url":"wbw/037_099_002.mp3","qpc_uthmani_hafs":"إِنِّي","char_type_name":"word","page_number":449,"line_number":12,"text":"ﯩ","translation":{"text":"Indeed, I am","language_name":"english","language_id":38},"transliteration":{"text":"innī","language_name":"english","language_id":38}},{"id":70844,"position":3,"audio_url":"wbw/037_099_003.mp3","qpc_uthmani_hafs":"ذَاهِبٌ","char_type_name":"word","page_number":449,"line_number":12,"text":"ﯪ","translation":{"text":"going","language_name":"english","language_id":38},"transliteration":{"text":"dhāhibun","language_name":"english","language_id":38}},{"id":70845,"position":4,"audio_url":"wbw/037_099_004.mp3","qpc_uthmani_hafs":"إِلَىٰ","char_type_name":"word","page_number":449,"line_number":12,"text":"ﯫ","translation":{"text":"to","language_name":"english","language_id":38},"transliteration":{"text":"ilā","language_name":"english","language_id":38}},{"id":70846,"position":5,"audio_url":"wbw/037_099_005.mp3","qpc_uthmani_hafs":"رَبِّي","char_type_name":"word","page_number":449,"line_number":12,"text":"ﯬ","translation":{"text":"my Lord","language_name":"english","language_id":38},"transliteration":{"text":"rabbī","language_name":"english","language_id":38}},{"id":70847,"position":6,"audio_url":"wbw/037_099_006.mp3","qpc_uthmani_hafs":"سَيَهۡدِينِ","char_type_name":"word","page_number":449,"line_number":12,"text":"ﯭ","translation":{"text":"He will guide me","language_name":"english","language_id":38},"transliteration":{"text":"sayahdīni","language_name":"english","language_id":38}},{"id":70848,"position":7,"audio_url":null,"qpc_uthmani_hafs":"٩٩","char_type_name":"end","page_number":449,"line_number":12,"text":"ﯮ","translation":{"text":"(99)","language_name":"english","language_id":38},"transliteration":{"text":null,"language_name":"english","language_id":38}}],"translations":[{"id":920316,"resource_id":134,"text":"Dan Ibrāhīm berkata, \"Sesungguhnya aku pergi menghadap kepada Tuhan-ku dan Dia akan memberi petunjuk kepadaku <sup foot_note=211051>1</sup>."}]},{"id":3888,"verse_number":100,"verse_key":"37:100","juz_number":23,"hizb_number":45,"rub_el_hizb_number":180,"ruku_number":390,"manzil_number":6,"sajdah_number":null,"text_uthmani":"رَبِّ هَبْ لِى مِنَ ٱلصَّـٰلِحِينَ","page_number":449,"words":[{"id":71188,"position":1,"audio_url":"wbw/037_100_001.mp3","qpc_uthmani_hafs":"رَبِّ","char_type_name":"word","page_number":449,"line_number":12,"text":"ﯯ","translation":{"text":"My Lord","language_name":"english","language_id":38},"transliteration":{"text":"rabbi","language_name":"english","language_id":38}},{"id":71189,"position":2,"audio_url":"wbw/037_100_002.mp3","qpc_uthmani_hafs":"هَبۡ","char_type_name":"word","page_number":449,"line_number":12,"text":"ﯰ","translation":{"text":"grant","language_name":"english","language_id":38},"transliteration":{"text":"hab","language_name":"english","language_id":38}},{"id":71190,"position":3,"audio_url":"wbw/037_100_003.mp3","qpc_uthmani_hafs":"لِي","char_type_name":"word","page_number":449,"line_number":12,"text":"ﯱ","translation":{"text":"me","language_name":"english","language_id":38},"transliteration":{"text":"lī","language_name":"english","language_id":38}},{"id":71191,"position":4,"audio_url":"wbw/037_100_004.mp3","qpc_uthmani_hafs":"مِنَ","char_type_name":"word","page_number":449,"line_number":12,"text":"ﯲ","translation":{"text":"of","language_name":"english","language_id":38},"transliteration":{"text":"mina","language_name":"english","language_id":38}},{"id":71192,"position":5,"audio_url":"wbw/037_100_005.mp3","qpc_uthmani_hafs":"ٱلصَّٰلِحِينَ","char_type_name":"word","page_number":449,"line_number":12,"text":"ﯳ","translation":{"text":"the righteous","language_name":"english","language_id":38},"transliteration":{"text":"l-ṣāliḥīna","language_name":"english","language_id":38}},{"id":71193,"position":6,"audio_url":null,"qpc_uthmani_hafs":"١٠٠","char_type_name":"end","page_number":449,"line_number":13,"text":"ﯴ","translation":{"text":"(100)","language_name":"english","language_id":38},"transliteration":{"text":null,"language_name":"english","language_id":38}}],"translations":[{"id":920317,"resource_id":134,"text":"Ya Tuhan-ku, anugerahkanlah kepadaku (seorang anak) yang termasuk orang-orang yang saleh."}]},{"id":3889,"verse_number":101,"verse_key":"37:101","juz_number":23,"hizb_number":45,"rub_el_hizb_number":180,"ruku_number":390,"manzil_number":6,"sajdah_number":null,"text_uthmani":"فَبَشَّرْنَـٰهُ بِغُلَـٰمٍ حَلِيمٍ","page_number":449,"words":[{"id":71751,"position":1,"audio_url":"wbw/037_101_001.mp3","qpc_uthmani_hafs":"فَبَشَّرۡنَٰهُ","char_type_name":"word","page_number":449,"line_number":13,"text":"ﯵ","translation":{"text":"So We gave him the glad tidings","language_name":"english","language_id":38},"transliteration":{"text":"fabasharnāhu","language_name":"english","language_id":38}},{"id":71752,"position":2,"audio_url":"wbw/037_101_002.mp3","qpc_uthmani_hafs":"بِغُلَٰمٍ","char_type_name":"word","page_number":449,"line_number":13,"text":"ﯶ","translation":{"text":"of a boy","language_name":"english","language_id":38},"transliteration":{"text":"bighulāmin","language_name":"english","language_id":38}},{"id":71753,"position":3,"audio_url":"wbw/037_101_003.mp3","qpc_uthmani_hafs":"حَلِيمٖ","char_type_name":"word","page_number":449,"line_number":13,"text":"ﯷ","translation":{"text":"forbearing","language_name":"english","language_id":38},"transliteration":{"text":"ḥalīmin","language_name":"english","language_id":38}},{"id":71754,"position":4,"audio_url":null,"qpc_uthmani_hafs":"١٠١","char_type_name":"end","page_number":449,"line_number":13,"text":"ﯸ","translation":{"text":"(101)","language_name":"english","language_id":38},"transliteration":{"text":null,"language_name":"english","language_id":38}}],"translations":[{"id":920318,"resource_id":134,"text":"Maka Kami beri dia kabar gembira dengan seorang anak yang amat sabar <sup foot_note=211052>1</sup> ."}]},{"id":3890,"verse_number":102,"verse_key":"37:102","juz_number":23,"hizb_number":45,"rub_el_hizb_number":180,"ruku_number":390,"manzil_number":6,"sajdah_number":null,"text_uthmani":"فَلَمَّا بَلَغَ مَعَهُ ٱلسَّعْىَ قَالَ يَـٰبُنَىَّ إِنِّىٓ أَرَىٰ فِى ٱلْمَنَامِ أَنِّىٓ أَذْبَحُكَ فَٱنظُرْ مَاذَا تَرَىٰ ۚ قَالَ يَـٰٓأَبَتِ ٱفْعَلْ مَا تُؤْمَرُ ۖ سَتَجِدُنِىٓ إِن شَآءَ ٱللَّهُ مِنَ ٱلصَّـٰبِرِينَ","page_number":449,"words":[{"id":72104,"position":1,"audio_url":"wbw/037_102_001.mp3","qpc_uthmani_hafs":"فَلَمَّا","char_type_name":"word","page_number":449,"line_number":13,"text":"ﯹ","translation":{"text":"Then when","language_name":"english","language_id":38},"transliteration":{"text":"falammā","language_name":"english","language_id":38}},{"id":72105,"position":2,"audio_url":"wbw/037_102_002.mp3","qpc_uthmani_hafs":"بَلَغَ","char_type_name":"word","page_number":449,"line_number":13,"text":"ﯺ","translation":{"text":"he reached","language_name":"english","language_id":38},"transliteration":{"text":"balagha","language_name":"english","language_id":38}},{"id":72106,"position":3,"audio_url":"wbw/037_102_003.mp3","qpc_uthmani_hafs":"مَعَهُ","char_type_name":"word","page_number":449,"line_number":13,"text":"ﯻ","translation":{"text":"the (age of) working with him","language_name":"english","language_id":38},"transliteration":{"text":"maʿahu","language_name":"english","language_id":38}},{"id":72107,"position":4,"audio_url":"wbw/037_102_004.mp3","qpc_uthmani_hafs":"ٱلسَّعۡيَ","char_type_name":"word","page_number":449,"line_number":13,"text":"ﯼ","translation":{"text":"the (age of) working with him","language_name":"english","language_id":38},"transliteration":{"text":"l-saʿya","language_name":"english","language_id":38}},{"id":72108,"position":5,"audio_url":"wbw/037_102_005.mp3","qpc_uthmani_hafs":"قَالَ","char_type_name":"word","page_number":449,"line_number":13,"text":"ﯽ","translation":{"text":"he said","language_name":"english","language_id":38},"transliteration":{"text":"qāla","language_name":"english","language_id":38}},{"id":72109,"position":6,"audio_url":"wbw/037_102_006.mp3","qpc_uthmani_hafs":"يَٰبُنَيَّ","char_type_name":"word","page_number":449,"line_number":14,"text":"ﯾ","translation":{"text":"O my son","language_name":"english","language_id":38},"transliteration":{"text":"yābunayya","language_name":"english","language_id":38}},{"id":72110,"position":7,"audio_url":"wbw/037_102_007.mp3","qpc_uthmani_hafs":"إِنِّيٓ","char_type_name":"word","page_number":449,"line_number":14,"text":"ﯿ","translation":{"text":"Indeed, I","language_name":"english","language_id":38},"transliteration":{"text":"innī","language_name":"english","language_id":38}},{"id":72111,"position":8,"audio_url":"wbw/037_102_008.mp3","qpc_uthmani_hafs":"أَرَىٰ","char_type_name":"word","page_number":449,"line_number":14,"text":"ﰀ","translation":{"text":"have seen","language_name":"english","language_id":38},"transliteration":{"text":"arā","language_name":"english","language_id":38}},{"id":72112,"position":9,"audio_url":"wbw/037_102_009.mp3","qpc_uthmani_hafs":"فِي","char_type_name":"word","page_number":449,"line_number":14,"text":"ﰁ","translation":{"text":"in","language_name":"english","language_id":38},"transliteration":{"text":"fī","language_name":"english","language_id":38}},{"id":72113,"position":10,"audio_url":"wbw/037_102_010.mp3","qpc_uthmani_hafs":"ٱلۡمَنَامِ","char_type_name":"word","page_number":449,"line_number":14,"text":"ﰂ","translation":{"text":"the dream","language_name":"english","language_id":38},"transliteration":{"text":"l-manāmi","language_name":"english","language_id":38}},{"id":72114,"position":11,"audio_url":"wbw/037_102_011.mp3","qpc_uthmani_hafs":"أَنِّيٓ","char_type_name":"word","page_number":449,"line_number":14,"text":"ﰃ","translation":{"text":"that I am","language_name":"english","language_id":38},"transliteration":{"text":"annī","language_name":"english","language_id":38}},{"id":72115,"position":12,"audio_url":"wbw/037_102_012.mp3","qpc_uthmani_hafs":"أَذۡبَحُكَ","char_type_name":"word","page_number":449,"line_number":14,"text":"ﰄ","translation":{"text":"sacrificing you","language_name":"english","language_id":38},"transliteration":{"text":"adhbaḥuka","language_name":"english","language_id":38}},{"id":72116,"position":13,"audio_url":"wbw/037_102_013.mp3","qpc_uthmani_hafs":"فَٱنظُرۡ","char_type_name":"word","page_number":449,"line_number":14,"text":"ﰅ","translation":{"text":"so look","language_name":"english","language_id":38},"transliteration":{"text":"fa-unẓur","language_name":"english","language_id":38}},{"id":72117,"position":14,"audio_url":"wbw/037_102_014.mp3","qpc_uthmani_hafs":"مَاذَا","char_type_name":"word","page_number":449,"line_number":14,"text":"ﰆ","translation":{"text":"what","language_name":"english","language_id":38},"transliteration":{"text":"mādhā","language_name":"english","language_id":38}},{"id":72118,"position":15,"audio_url":"wbw/037_102_015.mp3","qpc_uthmani_hafs":"تَرَىٰۚ","char_type_name":"word","page_number":449,"line_number":14,"text":"ﰇﰈ","translation":{"text":"you see","language_name":"english","language_id":38},"transliteration":{"text":"tarā","language_name":"english","language_id":38}},{"id":72120,"position":16,"audio_url":"wbw/037_102_017.mp3","qpc_uthmani_hafs":"قَالَ","char_type_name":"word","page_number":449,"line_number":14,"text":"ﰉ","translation":{"text":"He said","language_name":"english","language_id":38},"transliteration":{"text":"qāla","language_name":"english","language_id":38}},{"id":72121,"position":17,"audio_url":"wbw/037_102_018.mp3","qpc_uthmani_hafs":"يَٰٓأَبَتِ","char_type_name":"word","page_number":449,"line_number":15,"text":"ﰊ","translation":{"text":"O my father","language_name":"english","language_id":38},"transliteration":{"text":"yāabati","language_name":"english","language_id":38}},{"id":72122,"position":18,"audio_url":"wbw/037_102_019.mp3","qpc_uthmani_hafs":"ٱفۡعَلۡ","char_type_name":"word","page_number":449,"line_number":15,"text":"ﰋ","translation":{"text":"Do","language_name":"english","language_id":38},"transliteration":{"text":"if'ʿal","language_name":"english","language_id":38}},{"id":72123,"position":19,"audio_url":"wbw/037_102_020.mp3","qpc_uthmani_hafs":"مَا","char_type_name":"word","page_number":449,"line_number":15,"text":"ﰌ","translation":{"text":"what","language_name":"english","language_id":38},"transliteration":{"text":"mā","language_name":"english","language_id":38}},{"id":72124,"position":20,"audio_url":"wbw/037_102_021.mp3","qpc_uthmani_hafs":"تُؤۡمَرُۖ","char_type_name":"word","page_number":449,"line_number":15,"text":"ﰍﰎ","translation":{"text":"you are commanded","language_name":"english","language_id":38},"transliteration":{"text":"tu'maru","language_name":"english","language_id":38}},{"id":72126,"position":21,"audio_url":"wbw/037_102_023.mp3","qpc_uthmani_hafs":"سَتَجِدُنِيٓ","char_type_name":"word","page_number":449,"line_number":15,"text":"ﰏ","translation":{"text":"You will find me","language_name":"english","language_id":38},"transliteration":{"text":"satajidunī","language_name":"english","language_id":38}},{"id":72127,"position":22,"audio_url":"wbw/037_102_024.mp3","qpc_uthmani_hafs":"إِن","char_type_name":"word","page_number":449,"line_number":15,"text":"ﰐ","translation":{"text":"if","language_name":"english","language_id":38},"transliteration":{"text":"in","language_name":"english","language_id":38}},{"id":72128,"position":23,"audio_url":"wbw/037_102_025.mp3","qpc_uthmani_hafs":"شَآءَ","char_type_name":"word","page_number":449,"line_number":15,"text":"ﰑ","translation":{"text":"Allah wills","language_name":"english","language_id":38},"transliteration":{"text":"shāa","language_name":"english","language_id":38}},{"id":72129,"position":24,"audio_url":"wbw/037_102_026.mp3","qpc_uthmani_hafs":"ٱللَّهُ","char_type_name":"word","page_number":449,"line_number":15,"text":"ﰒ","translation":{"text":"Allah wills","language_name":"english","language_id":38},"transliteration":{"text":"l-lahu","language_name":"english","language_id":38}},{"id":72130,"position":25,"audio_url":"wbw/037_102_027.mp3","qpc_uthmani_hafs":"مِنَ","char_type_name":"word","page_number":449,"line_number":15,"text":"ﰓ","translation":{"text":"of","language_name":"english","language_id":38},"transliteration":{"text":"mina","language_name":"english","language_id":38}},{"id":72131,"position":26,"audio_url":"wbw/037_102_028.mp3","qpc_uthmani_hafs":"ٱلصَّٰبِرِينَ","char_type_name":"word","page_number":449,"line_number":15,"text":"ﰔ","translation":{"text":"the patient ones","language_name":"english","language_id":38},"transliteration":{"text":"l-ṣābirīna","language_name":"english","language_id":38}},{"id":72132,"position":27,"audio_url":null,"qpc_uthmani_hafs":"١٠٢","char_type_name":"end","page_number":449,"line_number":15,"text":"ﰕ","translation":{"text":"(102)","language_name":"english","language_id":38},"transliteration":{"text":null,"language_name":"english","language_id":38}}],"translations":[{"id":920319,"resource_id":134,"text":"Maka tatkala anak itu sampai (pada umur sanggup) berusaha bersama-sama Ibrāhīm, Ibrāhīm berkata, \"Hai anakku sesungguhnya aku melihat dalam mimpi bahwa aku menyembelihmu.  Maka pikirkanlah apa pendapatmu!\" Ia menjawab, \"Hai bapakku, kerjakanlah apa yang diperintahkan kepadamu; insya Allah kamu akan mendapatiku termasuk orang-orang yang sabar\"."}]}],"pagination":{"per_page":50,"current_page":1,"next_page":null,"total_pages":1,"total_records":26}}