{"verses":[{"id":4106,"verse_number":48,"verse_key":"39:48","juz_number":24,"hizb_number":47,"rub_el_hizb_number":185,"ruku_number":402,"manzil_number":6,"sajdah_number":null,"text_uthmani":"وَبَدَا لَهُمْ سَيِّـَٔاتُ مَا كَسَبُوا۟ وَحَاقَ بِهِم مَّا كَانُوا۟ بِهِۦ يَسْتَهْزِءُونَ","page_number":464,"words":[{"id":47016,"position":1,"audio_url":"wbw/039_048_001.mp3","qpc_uthmani_hafs":"وَبَدَا","char_type_name":"word","page_number":464,"line_number":1,"text":"ﭑ","translation":{"text":"And will become apparent","language_name":"english","language_id":38},"transliteration":{"text":"wabadā","language_name":"english","language_id":38}},{"id":47017,"position":2,"audio_url":"wbw/039_048_002.mp3","qpc_uthmani_hafs":"لَهُمۡ","char_type_name":"word","page_number":464,"line_number":1,"text":"ﭒ","translation":{"text":"to them","language_name":"english","language_id":38},"transliteration":{"text":"lahum","language_name":"english","language_id":38}},{"id":47018,"position":3,"audio_url":"wbw/039_048_003.mp3","qpc_uthmani_hafs":"سَيِّـَٔاتُ","char_type_name":"word","page_number":464,"line_number":1,"text":"ﭓ","translation":{"text":"(the) evils","language_name":"english","language_id":38},"transliteration":{"text":"sayyiātu","language_name":"english","language_id":38}},{"id":47019,"position":4,"audio_url":"wbw/039_048_004.mp3","qpc_uthmani_hafs":"مَا","char_type_name":"word","page_number":464,"line_number":1,"text":"ﭔ","translation":{"text":"(of) what","language_name":"english","language_id":38},"transliteration":{"text":"mā","language_name":"english","language_id":38}},{"id":47020,"position":5,"audio_url":"wbw/039_048_005.mp3","qpc_uthmani_hafs":"كَسَبُواْ","char_type_name":"word","page_number":464,"line_number":1,"text":"ﭕ","translation":{"text":"they earned","language_name":"english","language_id":38},"transliteration":{"text":"kasabū","language_name":"english","language_id":38}},{"id":47021,"position":6,"audio_url":"wbw/039_048_006.mp3","qpc_uthmani_hafs":"وَحَاقَ","char_type_name":"word","page_number":464,"line_number":1,"text":"ﭖ","translation":{"text":"and will surround","language_name":"english","language_id":38},"transliteration":{"text":"waḥāqa","language_name":"english","language_id":38}},{"id":47022,"position":7,"audio_url":"wbw/039_048_007.mp3","qpc_uthmani_hafs":"بِهِم","char_type_name":"word","page_number":464,"line_number":1,"text":"ﭗ","translation":{"text":"them","language_name":"english","language_id":38},"transliteration":{"text":"bihim","language_name":"english","language_id":38}},{"id":47023,"position":8,"audio_url":"wbw/039_048_008.mp3","qpc_uthmani_hafs":"مَّا","char_type_name":"word","page_number":464,"line_number":1,"text":"ﭘ","translation":{"text":"what","language_name":"english","language_id":38},"transliteration":{"text":"mā","language_name":"english","language_id":38}},{"id":47024,"position":9,"audio_url":"wbw/039_048_009.mp3","qpc_uthmani_hafs":"كَانُواْ","char_type_name":"word","page_number":464,"line_number":1,"text":"ﭙ","translation":{"text":"they used to","language_name":"english","language_id":38},"transliteration":{"text":"kānū","language_name":"english","language_id":38}},{"id":47025,"position":10,"audio_url":"wbw/039_048_010.mp3","qpc_uthmani_hafs":"بِهِۦ","char_type_name":"word","page_number":464,"line_number":1,"text":"ﭚ","translation":{"text":"[in it]","language_name":"english","language_id":38},"transliteration":{"text":"bihi","language_name":"english","language_id":38}},{"id":47026,"position":11,"audio_url":"wbw/039_048_011.mp3","qpc_uthmani_hafs":"يَسۡتَهۡزِءُونَ","char_type_name":"word","page_number":464,"line_number":2,"text":"ﭛ","translation":{"text":"mock","language_name":"english","language_id":38},"transliteration":{"text":"yastahziūna","language_name":"english","language_id":38}},{"id":47027,"position":12,"audio_url":null,"qpc_uthmani_hafs":"٤٨","char_type_name":"end","page_number":464,"line_number":2,"text":"ﭜ","translation":{"text":"(48)","language_name":"english","language_id":38},"transliteration":{"text":null,"language_name":"english","language_id":38}}],"translations":[{"id":920535,"resource_id":134,"text":"Dan (jelaslah) bagi mereka akibat buruk dari apa yang telah mereka perbuat dan mereka diliputi oleh pembalasan yang mereka dahulu selalu memperolok-olokkannya."}]},{"id":4107,"verse_number":49,"verse_key":"39:49","juz_number":24,"hizb_number":47,"rub_el_hizb_number":185,"ruku_number":402,"manzil_number":6,"sajdah_number":null,"text_uthmani":"فَإِذَا مَسَّ ٱلْإِنسَـٰنَ ضُرٌّ دَعَانَا ثُمَّ إِذَا خَوَّلْنَـٰهُ نِعْمَةً مِّنَّا قَالَ إِنَّمَآ أُوتِيتُهُۥ عَلَىٰ عِلْمٍۭ ۚ بَلْ هِىَ فِتْنَةٌ وَلَـٰكِنَّ أَكْثَرَهُمْ لَا يَعْلَمُونَ","page_number":464,"words":[{"id":48161,"position":1,"audio_url":"wbw/039_049_001.mp3","qpc_uthmani_hafs":"فَإِذَا","char_type_name":"word","page_number":464,"line_number":2,"text":"ﭝ","translation":{"text":"So when","language_name":"english","language_id":38},"transliteration":{"text":"fa-idhā","language_name":"english","language_id":38}},{"id":48162,"position":2,"audio_url":"wbw/039_049_002.mp3","qpc_uthmani_hafs":"مَسَّ","char_type_name":"word","page_number":464,"line_number":2,"text":"ﭞ","translation":{"text":"touches","language_name":"english","language_id":38},"transliteration":{"text":"massa","language_name":"english","language_id":38}},{"id":48163,"position":3,"audio_url":"wbw/039_049_003.mp3","qpc_uthmani_hafs":"ٱلۡإِنسَٰنَ","char_type_name":"word","page_number":464,"line_number":2,"text":"ﭟ","translation":{"text":"[the] man","language_name":"english","language_id":38},"transliteration":{"text":"l-insāna","language_name":"english","language_id":38}},{"id":48164,"position":4,"audio_url":"wbw/039_049_004.mp3","qpc_uthmani_hafs":"ضُرّٞ","char_type_name":"word","page_number":464,"line_number":2,"text":"ﭠ","translation":{"text":"adversity","language_name":"english","language_id":38},"transliteration":{"text":"ḍurrun","language_name":"english","language_id":38}},{"id":48165,"position":5,"audio_url":"wbw/039_049_005.mp3","qpc_uthmani_hafs":"دَعَانَا","char_type_name":"word","page_number":464,"line_number":2,"text":"ﭡ","translation":{"text":"he calls upon Us","language_name":"english","language_id":38},"transliteration":{"text":"daʿānā","language_name":"english","language_id":38}},{"id":48166,"position":6,"audio_url":"wbw/039_049_006.mp3","qpc_uthmani_hafs":"ثُمَّ","char_type_name":"word","page_number":464,"line_number":2,"text":"ﭢ","translation":{"text":"then","language_name":"english","language_id":38},"transliteration":{"text":"thumma","language_name":"english","language_id":38}},{"id":48167,"position":7,"audio_url":"wbw/039_049_007.mp3","qpc_uthmani_hafs":"إِذَا","char_type_name":"word","page_number":464,"line_number":2,"text":"ﭣ","translation":{"text":"when","language_name":"english","language_id":38},"transliteration":{"text":"idhā","language_name":"english","language_id":38}},{"id":48168,"position":8,"audio_url":"wbw/039_049_008.mp3","qpc_uthmani_hafs":"خَوَّلۡنَٰهُ","char_type_name":"word","page_number":464,"line_number":2,"text":"ﭤ","translation":{"text":"We bestow (on) him","language_name":"english","language_id":38},"transliteration":{"text":"khawwalnāhu","language_name":"english","language_id":38}},{"id":48169,"position":9,"audio_url":"wbw/039_049_009.mp3","qpc_uthmani_hafs":"نِعۡمَةٗ","char_type_name":"word","page_number":464,"line_number":3,"text":"ﭥ","translation":{"text":"a favor","language_name":"english","language_id":38},"transliteration":{"text":"niʿ'matan","language_name":"english","language_id":38}},{"id":48170,"position":10,"audio_url":"wbw/039_049_010.mp3","qpc_uthmani_hafs":"مِّنَّا","char_type_name":"word","page_number":464,"line_number":3,"text":"ﭦ","translation":{"text":"from Us","language_name":"english","language_id":38},"transliteration":{"text":"minnā","language_name":"english","language_id":38}},{"id":48171,"position":11,"audio_url":"wbw/039_049_011.mp3","qpc_uthmani_hafs":"قَالَ","char_type_name":"word","page_number":464,"line_number":3,"text":"ﭧ","translation":{"text":"he says","language_name":"english","language_id":38},"transliteration":{"text":"qāla","language_name":"english","language_id":38}},{"id":48172,"position":12,"audio_url":"wbw/039_049_012.mp3","qpc_uthmani_hafs":"إِنَّمَآ","char_type_name":"word","page_number":464,"line_number":3,"text":"ﭨ","translation":{"text":"Only","language_name":"english","language_id":38},"transliteration":{"text":"innamā","language_name":"english","language_id":38}},{"id":48173,"position":13,"audio_url":"wbw/039_049_013.mp3","qpc_uthmani_hafs":"أُوتِيتُهُۥ","char_type_name":"word","page_number":464,"line_number":3,"text":"ﭩ","translation":{"text":"I have been given it","language_name":"english","language_id":38},"transliteration":{"text":"ūtītuhu","language_name":"english","language_id":38}},{"id":48174,"position":14,"audio_url":"wbw/039_049_014.mp3","qpc_uthmani_hafs":"عَلَىٰ","char_type_name":"word","page_number":464,"line_number":3,"text":"ﭪ","translation":{"text":"for","language_name":"english","language_id":38},"transliteration":{"text":"ʿalā","language_name":"english","language_id":38}},{"id":48175,"position":15,"audio_url":"wbw/039_049_015.mp3","qpc_uthmani_hafs":"عِلۡمِۭۚ","char_type_name":"word","page_number":464,"line_number":3,"text":"ﭫﭬ","translation":{"text":"knowledge","language_name":"english","language_id":38},"transliteration":{"text":"ʿil'min","language_name":"english","language_id":38}},{"id":48177,"position":16,"audio_url":"wbw/039_049_017.mp3","qpc_uthmani_hafs":"بَلۡ","char_type_name":"word","page_number":464,"line_number":3,"text":"ﭭ","translation":{"text":"Nay","language_name":"english","language_id":38},"transliteration":{"text":"bal","language_name":"english","language_id":38}},{"id":48178,"position":17,"audio_url":"wbw/039_049_018.mp3","qpc_uthmani_hafs":"هِيَ","char_type_name":"word","page_number":464,"line_number":3,"text":"ﭮ","translation":{"text":"it","language_name":"english","language_id":38},"transliteration":{"text":"hiya","language_name":"english","language_id":38}},{"id":48179,"position":18,"audio_url":"wbw/039_049_019.mp3","qpc_uthmani_hafs":"فِتۡنَةٞ","char_type_name":"word","page_number":464,"line_number":3,"text":"ﭯ","translation":{"text":"(is) a trial","language_name":"english","language_id":38},"transliteration":{"text":"fit'natun","language_name":"english","language_id":38}},{"id":48180,"position":19,"audio_url":"wbw/039_049_020.mp3","qpc_uthmani_hafs":"وَلَٰكِنَّ","char_type_name":"word","page_number":464,"line_number":3,"text":"ﭰ","translation":{"text":"but","language_name":"english","language_id":38},"transliteration":{"text":"walākinna","language_name":"english","language_id":38}},{"id":48181,"position":20,"audio_url":"wbw/039_049_021.mp3","qpc_uthmani_hafs":"أَكۡثَرَهُمۡ","char_type_name":"word","page_number":464,"line_number":4,"text":"ﭱ","translation":{"text":"most of them","language_name":"english","language_id":38},"transliteration":{"text":"aktharahum","language_name":"english","language_id":38}},{"id":48182,"position":21,"audio_url":"wbw/039_049_022.mp3","qpc_uthmani_hafs":"لَا","char_type_name":"word","page_number":464,"line_number":4,"text":"ﭲ","translation":{"text":"(do) not","language_name":"english","language_id":38},"transliteration":{"text":"lā","language_name":"english","language_id":38}},{"id":48183,"position":22,"audio_url":"wbw/039_049_023.mp3","qpc_uthmani_hafs":"يَعۡلَمُونَ","char_type_name":"word","page_number":464,"line_number":4,"text":"ﭳ","translation":{"text":"know","language_name":"english","language_id":38},"transliteration":{"text":"yaʿlamūna","language_name":"english","language_id":38}},{"id":48184,"position":23,"audio_url":null,"qpc_uthmani_hafs":"٤٩","char_type_name":"end","page_number":464,"line_number":4,"text":"ﭴ","translation":{"text":"(49)","language_name":"english","language_id":38},"transliteration":{"text":null,"language_name":"english","language_id":38}}],"translations":[{"id":920536,"resource_id":134,"text":"Maka apabila manusia ditimpa bahaya ia menyeru Kami, kemudian apabila Kami berikan kepadanya nikmat dari Kami ia berkata, \"Sesungguhnya aku diberi nikmat itu hanyalah karena kepintaranku\". Sebenarnya itu adalah ujian, tetapi kebanyakan mereka itu tidak mengetahui."}]},{"id":4108,"verse_number":50,"verse_key":"39:50","juz_number":24,"hizb_number":47,"rub_el_hizb_number":185,"ruku_number":402,"manzil_number":6,"sajdah_number":null,"text_uthmani":"قَدْ قَالَهَا ٱلَّذِينَ مِن قَبْلِهِمْ فَمَآ أَغْنَىٰ عَنْهُم مَّا كَانُوا۟ يَكْسِبُونَ","page_number":464,"words":[{"id":48342,"position":1,"audio_url":"wbw/039_050_001.mp3","qpc_uthmani_hafs":"قَدۡ","char_type_name":"word","page_number":464,"line_number":4,"text":"ﭵ","translation":{"text":"Indeed","language_name":"english","language_id":38},"transliteration":{"text":"qad","language_name":"english","language_id":38}},{"id":48343,"position":2,"audio_url":"wbw/039_050_002.mp3","qpc_uthmani_hafs":"قَالَهَا","char_type_name":"word","page_number":464,"line_number":4,"text":"ﭶ","translation":{"text":"said it","language_name":"english","language_id":38},"transliteration":{"text":"qālahā","language_name":"english","language_id":38}},{"id":48344,"position":3,"audio_url":"wbw/039_050_003.mp3","qpc_uthmani_hafs":"ٱلَّذِينَ","char_type_name":"word","page_number":464,"line_number":4,"text":"ﭷ","translation":{"text":"those","language_name":"english","language_id":38},"transliteration":{"text":"alladhīna","language_name":"english","language_id":38}},{"id":48345,"position":4,"audio_url":"wbw/039_050_004.mp3","qpc_uthmani_hafs":"مِن","char_type_name":"word","page_number":464,"line_number":4,"text":"ﭸ","translation":{"text":"before them","language_name":"english","language_id":38},"transliteration":{"text":"min","language_name":"english","language_id":38}},{"id":48346,"position":5,"audio_url":"wbw/039_050_005.mp3","qpc_uthmani_hafs":"قَبۡلِهِمۡ","char_type_name":"word","page_number":464,"line_number":4,"text":"ﭹ","translation":{"text":"before them","language_name":"english","language_id":38},"transliteration":{"text":"qablihim","language_name":"english","language_id":38}},{"id":48347,"position":6,"audio_url":"wbw/039_050_006.mp3","qpc_uthmani_hafs":"فَمَآ","char_type_name":"word","page_number":464,"line_number":4,"text":"ﭺ","translation":{"text":"but (did) not","language_name":"english","language_id":38},"transliteration":{"text":"famā","language_name":"english","language_id":38}},{"id":48348,"position":7,"audio_url":"wbw/039_050_007.mp3","qpc_uthmani_hafs":"أَغۡنَىٰ","char_type_name":"word","page_number":464,"line_number":4,"text":"ﭻ","translation":{"text":"avail","language_name":"english","language_id":38},"transliteration":{"text":"aghnā","language_name":"english","language_id":38}},{"id":48349,"position":8,"audio_url":"wbw/039_050_008.mp3","qpc_uthmani_hafs":"عَنۡهُم","char_type_name":"word","page_number":464,"line_number":5,"text":"ﭼ","translation":{"text":"them","language_name":"english","language_id":38},"transliteration":{"text":"ʿanhum","language_name":"english","language_id":38}},{"id":48350,"position":9,"audio_url":"wbw/039_050_009.mp3","qpc_uthmani_hafs":"مَّا","char_type_name":"word","page_number":464,"line_number":5,"text":"ﭽ","translation":{"text":"what","language_name":"english","language_id":38},"transliteration":{"text":"mā","language_name":"english","language_id":38}},{"id":48351,"position":10,"audio_url":"wbw/039_050_010.mp3","qpc_uthmani_hafs":"كَانُواْ","char_type_name":"word","page_number":464,"line_number":5,"text":"ﭾ","translation":{"text":"they used to","language_name":"english","language_id":38},"transliteration":{"text":"kānū","language_name":"english","language_id":38}},{"id":48352,"position":11,"audio_url":"wbw/039_050_011.mp3","qpc_uthmani_hafs":"يَكۡسِبُونَ","char_type_name":"word","page_number":464,"line_number":5,"text":"ﭿ","translation":{"text":"earn","language_name":"english","language_id":38},"transliteration":{"text":"yaksibūna","language_name":"english","language_id":38}},{"id":48353,"position":12,"audio_url":null,"qpc_uthmani_hafs":"٥٠","char_type_name":"end","page_number":464,"line_number":5,"text":"ﮀ","translation":{"text":"(50)","language_name":"english","language_id":38},"transliteration":{"text":null,"language_name":"english","language_id":38}}],"translations":[{"id":920537,"resource_id":134,"text":"Sungguh orang-orang yang sebelum mereka (juga) telah mengatakan itu pula, maka tiadalah berguna bagi mereka apa yang dahulu mereka usahakan."}]},{"id":4109,"verse_number":51,"verse_key":"39:51","juz_number":24,"hizb_number":47,"rub_el_hizb_number":185,"ruku_number":402,"manzil_number":6,"sajdah_number":null,"text_uthmani":"فَأَصَابَهُمْ سَيِّـَٔاتُ مَا كَسَبُوا۟ ۚ وَٱلَّذِينَ ظَلَمُوا۟ مِنْ هَـٰٓؤُلَآءِ سَيُصِيبُهُمْ سَيِّـَٔاتُ مَا كَسَبُوا۟ وَمَا هُم بِمُعْجِزِينَ","page_number":464,"words":[{"id":49012,"position":1,"audio_url":"wbw/039_051_001.mp3","qpc_uthmani_hafs":"فَأَصَابَهُمۡ","char_type_name":"word","page_number":464,"line_number":5,"text":"ﮁ","translation":{"text":"Then struck them","language_name":"english","language_id":38},"transliteration":{"text":"fa-aṣābahum","language_name":"english","language_id":38}},{"id":49013,"position":2,"audio_url":"wbw/039_051_002.mp3","qpc_uthmani_hafs":"سَيِّـَٔاتُ","char_type_name":"word","page_number":464,"line_number":5,"text":"ﮂ","translation":{"text":"(the) evils","language_name":"english","language_id":38},"transliteration":{"text":"sayyiātu","language_name":"english","language_id":38}},{"id":49014,"position":3,"audio_url":"wbw/039_051_003.mp3","qpc_uthmani_hafs":"مَا","char_type_name":"word","page_number":464,"line_number":5,"text":"ﮃ","translation":{"text":"(of) what","language_name":"english","language_id":38},"transliteration":{"text":"mā","language_name":"english","language_id":38}},{"id":49015,"position":4,"audio_url":"wbw/039_051_004.mp3","qpc_uthmani_hafs":"كَسَبُواْۚ","char_type_name":"word","page_number":464,"line_number":5,"text":"ﮄﮅ","translation":{"text":"they earned","language_name":"english","language_id":38},"transliteration":{"text":"kasabū","language_name":"english","language_id":38}},{"id":49017,"position":5,"audio_url":"wbw/039_051_006.mp3","qpc_uthmani_hafs":"وَٱلَّذِينَ","char_type_name":"word","page_number":464,"line_number":6,"text":"ﮆ","translation":{"text":"And those who","language_name":"english","language_id":38},"transliteration":{"text":"wa-alladhīna","language_name":"english","language_id":38}},{"id":49018,"position":6,"audio_url":"wbw/039_051_007.mp3","qpc_uthmani_hafs":"ظَلَمُواْ","char_type_name":"word","page_number":464,"line_number":6,"text":"ﮇ","translation":{"text":"have wronged","language_name":"english","language_id":38},"transliteration":{"text":"ẓalamū","language_name":"english","language_id":38}},{"id":49019,"position":7,"audio_url":"wbw/039_051_008.mp3","qpc_uthmani_hafs":"مِنۡ","char_type_name":"word","page_number":464,"line_number":6,"text":"ﮈ","translation":{"text":"of","language_name":"english","language_id":38},"transliteration":{"text":"min","language_name":"english","language_id":38}},{"id":49020,"position":8,"audio_url":"wbw/039_051_009.mp3","qpc_uthmani_hafs":"هَٰٓؤُلَآءِ","char_type_name":"word","page_number":464,"line_number":6,"text":"ﮉ","translation":{"text":"these","language_name":"english","language_id":38},"transliteration":{"text":"hāulāi","language_name":"english","language_id":38}},{"id":49021,"position":9,"audio_url":"wbw/039_051_010.mp3","qpc_uthmani_hafs":"سَيُصِيبُهُمۡ","char_type_name":"word","page_number":464,"line_number":6,"text":"ﮊ","translation":{"text":"will strike them","language_name":"english","language_id":38},"transliteration":{"text":"sayuṣībuhum","language_name":"english","language_id":38}},{"id":49022,"position":10,"audio_url":"wbw/039_051_011.mp3","qpc_uthmani_hafs":"سَيِّـَٔاتُ","char_type_name":"word","page_number":464,"line_number":6,"text":"ﮋ","translation":{"text":"(the) evils","language_name":"english","language_id":38},"transliteration":{"text":"sayyiātu","language_name":"english","language_id":38}},{"id":49023,"position":11,"audio_url":"wbw/039_051_012.mp3","qpc_uthmani_hafs":"مَا","char_type_name":"word","page_number":464,"line_number":6,"text":"ﮌ","translation":{"text":"(of) what","language_name":"english","language_id":38},"transliteration":{"text":"mā","language_name":"english","language_id":38}},{"id":49024,"position":12,"audio_url":"wbw/039_051_013.mp3","qpc_uthmani_hafs":"كَسَبُواْ","char_type_name":"word","page_number":464,"line_number":6,"text":"ﮍ","translation":{"text":"they earned","language_name":"english","language_id":38},"transliteration":{"text":"kasabū","language_name":"english","language_id":38}},{"id":49025,"position":13,"audio_url":"wbw/039_051_014.mp3","qpc_uthmani_hafs":"وَمَا","char_type_name":"word","page_number":464,"line_number":7,"text":"ﮎ","translation":{"text":"and not","language_name":"english","language_id":38},"transliteration":{"text":"wamā","language_name":"english","language_id":38}},{"id":49026,"position":14,"audio_url":"wbw/039_051_015.mp3","qpc_uthmani_hafs":"هُم","char_type_name":"word","page_number":464,"line_number":7,"text":"ﮏ","translation":{"text":"they","language_name":"english","language_id":38},"transliteration":{"text":"hum","language_name":"english","language_id":38}},{"id":49027,"position":15,"audio_url":"wbw/039_051_016.mp3","qpc_uthmani_hafs":"بِمُعۡجِزِينَ","char_type_name":"word","page_number":464,"line_number":7,"text":"ﮐ","translation":{"text":"will be able to escape","language_name":"english","language_id":38},"transliteration":{"text":"bimuʿ'jizīna","language_name":"english","language_id":38}},{"id":49028,"position":16,"audio_url":null,"qpc_uthmani_hafs":"٥١","char_type_name":"end","page_number":464,"line_number":7,"text":"ﮑ","translation":{"text":"(51)","language_name":"english","language_id":38},"transliteration":{"text":null,"language_name":"english","language_id":38}}],"translations":[{"id":920538,"resource_id":134,"text":"Maka mereka ditimpa oleh akibat buruk dari apa yang mereka usahakan.  Dan orang-orang yang zalim di antara mereka akan ditimpa akibat buruk dari usahanya dan mereka tidak dapat melepaskan diri."}]},{"id":4110,"verse_number":52,"verse_key":"39:52","juz_number":24,"hizb_number":47,"rub_el_hizb_number":185,"ruku_number":402,"manzil_number":6,"sajdah_number":null,"text_uthmani":"أَوَلَمْ يَعْلَمُوٓا۟ أَنَّ ٱللَّهَ يَبْسُطُ ٱلرِّزْقَ لِمَن يَشَآءُ وَيَقْدِرُ ۚ إِنَّ فِى ذَٰلِكَ لَـَٔايَـٰتٍ لِّقَوْمٍ يُؤْمِنُونَ","page_number":464,"words":[{"id":49652,"position":1,"audio_url":"wbw/039_052_001.mp3","qpc_uthmani_hafs":"أَوَلَمۡ","char_type_name":"word","page_number":464,"line_number":7,"text":"ﮒ","translation":{"text":"Do not","language_name":"english","language_id":38},"transliteration":{"text":"awalam","language_name":"english","language_id":38}},{"id":49653,"position":2,"audio_url":"wbw/039_052_002.mp3","qpc_uthmani_hafs":"يَعۡلَمُوٓاْ","char_type_name":"word","page_number":464,"line_number":7,"text":"ﮓ","translation":{"text":"they know","language_name":"english","language_id":38},"transliteration":{"text":"yaʿlamū","language_name":"english","language_id":38}},{"id":49654,"position":3,"audio_url":"wbw/039_052_003.mp3","qpc_uthmani_hafs":"أَنَّ","char_type_name":"word","page_number":464,"line_number":7,"text":"ﮔ","translation":{"text":"that","language_name":"english","language_id":38},"transliteration":{"text":"anna","language_name":"english","language_id":38}},{"id":49655,"position":4,"audio_url":"wbw/039_052_004.mp3","qpc_uthmani_hafs":"ٱللَّهَ","char_type_name":"word","page_number":464,"line_number":7,"text":"ﮕ","translation":{"text":"Allah","language_name":"english","language_id":38},"transliteration":{"text":"l-laha","language_name":"english","language_id":38}},{"id":49656,"position":5,"audio_url":"wbw/039_052_005.mp3","qpc_uthmani_hafs":"يَبۡسُطُ","char_type_name":"word","page_number":464,"line_number":7,"text":"ﮖ","translation":{"text":"extends","language_name":"english","language_id":38},"transliteration":{"text":"yabsuṭu","language_name":"english","language_id":38}},{"id":49657,"position":6,"audio_url":"wbw/039_052_006.mp3","qpc_uthmani_hafs":"ٱلرِّزۡقَ","char_type_name":"word","page_number":464,"line_number":7,"text":"ﮗ","translation":{"text":"the provision","language_name":"english","language_id":38},"transliteration":{"text":"l-riz'qa","language_name":"english","language_id":38}},{"id":49658,"position":7,"audio_url":"wbw/039_052_007.mp3","qpc_uthmani_hafs":"لِمَن","char_type_name":"word","page_number":464,"line_number":8,"text":"ﮘ","translation":{"text":"for whom","language_name":"english","language_id":38},"transliteration":{"text":"liman","language_name":"english","language_id":38}},{"id":49659,"position":8,"audio_url":"wbw/039_052_008.mp3","qpc_uthmani_hafs":"يَشَآءُ","char_type_name":"word","page_number":464,"line_number":8,"text":"ﮙ","translation":{"text":"He wills","language_name":"english","language_id":38},"transliteration":{"text":"yashāu","language_name":"english","language_id":38}},{"id":49660,"position":9,"audio_url":"wbw/039_052_009.mp3","qpc_uthmani_hafs":"وَيَقۡدِرُۚ","char_type_name":"word","page_number":464,"line_number":8,"text":"ﮚﮛ","translation":{"text":"and restricts","language_name":"english","language_id":38},"transliteration":{"text":"wayaqdiru","language_name":"english","language_id":38}},{"id":49662,"position":10,"audio_url":"wbw/039_052_011.mp3","qpc_uthmani_hafs":"إِنَّ","char_type_name":"word","page_number":464,"line_number":8,"text":"ﮜ","translation":{"text":"Indeed","language_name":"english","language_id":38},"transliteration":{"text":"inna","language_name":"english","language_id":38}},{"id":49663,"position":11,"audio_url":"wbw/039_052_012.mp3","qpc_uthmani_hafs":"فِي","char_type_name":"word","page_number":464,"line_number":8,"text":"ﮝ","translation":{"text":"in","language_name":"english","language_id":38},"transliteration":{"text":"fī","language_name":"english","language_id":38}},{"id":49664,"position":12,"audio_url":"wbw/039_052_013.mp3","qpc_uthmani_hafs":"ذَٰلِكَ","char_type_name":"word","page_number":464,"line_number":8,"text":"ﮞ","translation":{"text":"that","language_name":"english","language_id":38},"transliteration":{"text":"dhālika","language_name":"english","language_id":38}},{"id":49665,"position":13,"audio_url":"wbw/039_052_014.mp3","qpc_uthmani_hafs":"لَأٓيَٰتٖ","char_type_name":"word","page_number":464,"line_number":8,"text":"ﮟ","translation":{"text":"surely (are) signs","language_name":"english","language_id":38},"transliteration":{"text":"laāyātin","language_name":"english","language_id":38}},{"id":49666,"position":14,"audio_url":"wbw/039_052_015.mp3","qpc_uthmani_hafs":"لِّقَوۡمٖ","char_type_name":"word","page_number":464,"line_number":8,"text":"ﮠ","translation":{"text":"for a people","language_name":"english","language_id":38},"transliteration":{"text":"liqawmin","language_name":"english","language_id":38}},{"id":49667,"position":15,"audio_url":"wbw/039_052_016.mp3","qpc_uthmani_hafs":"يُؤۡمِنُونَ","char_type_name":"word","page_number":464,"line_number":8,"text":"ﮡ","translation":{"text":"who believe","language_name":"english","language_id":38},"transliteration":{"text":"yu'minūna","language_name":"english","language_id":38}},{"id":49668,"position":16,"audio_url":null,"qpc_uthmani_hafs":"٥٢","char_type_name":"end","page_number":464,"line_number":8,"text":"ﮢ","translation":{"text":"(52)","language_name":"english","language_id":38},"transliteration":{"text":null,"language_name":"english","language_id":38}}],"translations":[{"id":920539,"resource_id":134,"text":"Dan tidakkah mereka mengetahui bahwa Allah melapangkan rezeki dan menyempitkannya bagi siapa yang dikehendaki-Nya? Sesungguhnya pada yang demikian itu terdapat tanda-tanda kekuasaan Allah bagi kaum yang beriman."}]},{"id":4111,"verse_number":53,"verse_key":"39:53","juz_number":24,"hizb_number":47,"rub_el_hizb_number":186,"ruku_number":403,"manzil_number":6,"sajdah_number":null,"text_uthmani":"۞ قُلْ يَـٰعِبَادِىَ ٱلَّذِينَ أَسْرَفُوا۟ عَلَىٰٓ أَنفُسِهِمْ لَا تَقْنَطُوا۟ مِن رَّحْمَةِ ٱللَّهِ ۚ إِنَّ ٱللَّهَ يَغْفِرُ ٱلذُّنُوبَ جَمِيعًا ۚ إِنَّهُۥ هُوَ ٱلْغَفُورُ ٱلرَّحِيمُ","page_number":464,"words":[{"id":50294,"position":1,"audio_url":"wbw/039_053_002.mp3","qpc_uthmani_hafs":"۞ قُلۡ","char_type_name":"word","page_number":464,"line_number":9,"text":"ﮣ ﮤ","translation":{"text":"Say","language_name":"english","language_id":38},"transliteration":{"text":"qul","language_name":"english","language_id":38}},{"id":50295,"position":2,"audio_url":"wbw/039_053_003.mp3","qpc_uthmani_hafs":"يَٰعِبَادِيَ","char_type_name":"word","page_number":464,"line_number":9,"text":"ﮥ","translation":{"text":"O My slaves","language_name":"english","language_id":38},"transliteration":{"text":"yāʿibādiya","language_name":"english","language_id":38}},{"id":50296,"position":3,"audio_url":"wbw/039_053_004.mp3","qpc_uthmani_hafs":"ٱلَّذِينَ","char_type_name":"word","page_number":464,"line_number":9,"text":"ﮦ","translation":{"text":"Those who","language_name":"english","language_id":38},"transliteration":{"text":"alladhīna","language_name":"english","language_id":38}},{"id":50297,"position":4,"audio_url":"wbw/039_053_005.mp3","qpc_uthmani_hafs":"أَسۡرَفُواْ","char_type_name":"word","page_number":464,"line_number":9,"text":"ﮧ","translation":{"text":"have transgressed","language_name":"english","language_id":38},"transliteration":{"text":"asrafū","language_name":"english","language_id":38}},{"id":50298,"position":5,"audio_url":"wbw/039_053_006.mp3","qpc_uthmani_hafs":"عَلَىٰٓ","char_type_name":"word","page_number":464,"line_number":9,"text":"ﮨ","translation":{"text":"against","language_name":"english","language_id":38},"transliteration":{"text":"ʿalā","language_name":"english","language_id":38}},{"id":50299,"position":6,"audio_url":"wbw/039_053_007.mp3","qpc_uthmani_hafs":"أَنفُسِهِمۡ","char_type_name":"word","page_number":464,"line_number":9,"text":"ﮩ","translation":{"text":"themselves","language_name":"english","language_id":38},"transliteration":{"text":"anfusihim","language_name":"english","language_id":38}},{"id":50300,"position":7,"audio_url":"wbw/039_053_008.mp3","qpc_uthmani_hafs":"لَا","char_type_name":"word","page_number":464,"line_number":9,"text":"ﮪ","translation":{"text":"(do) not","language_name":"english","language_id":38},"transliteration":{"text":"lā","language_name":"english","language_id":38}},{"id":50301,"position":8,"audio_url":"wbw/039_053_009.mp3","qpc_uthmani_hafs":"تَقۡنَطُواْ","char_type_name":"word","page_number":464,"line_number":9,"text":"ﮫ","translation":{"text":"despair","language_name":"english","language_id":38},"transliteration":{"text":"taqnaṭū","language_name":"english","language_id":38}},{"id":50302,"position":9,"audio_url":"wbw/039_053_010.mp3","qpc_uthmani_hafs":"مِن","char_type_name":"word","page_number":464,"line_number":9,"text":"ﮬ","translation":{"text":"of","language_name":"english","language_id":38},"transliteration":{"text":"min","language_name":"english","language_id":38}},{"id":50303,"position":10,"audio_url":"wbw/039_053_011.mp3","qpc_uthmani_hafs":"رَّحۡمَةِ","char_type_name":"word","page_number":464,"line_number":10,"text":"ﮭ","translation":{"text":"(the) Mercy","language_name":"english","language_id":38},"transliteration":{"text":"raḥmati","language_name":"english","language_id":38}},{"id":50304,"position":11,"audio_url":"wbw/039_053_012.mp3","qpc_uthmani_hafs":"ٱللَّهِۚ","char_type_name":"word","page_number":464,"line_number":10,"text":"ﮮﮯ","translation":{"text":"(of) Allah","language_name":"english","language_id":38},"transliteration":{"text":"l-lahi","language_name":"english","language_id":38}},{"id":50306,"position":12,"audio_url":"wbw/039_053_014.mp3","qpc_uthmani_hafs":"إِنَّ","char_type_name":"word","page_number":464,"line_number":10,"text":"ﮰ","translation":{"text":"Indeed","language_name":"english","language_id":38},"transliteration":{"text":"inna","language_name":"english","language_id":38}},{"id":50307,"position":13,"audio_url":"wbw/039_053_015.mp3","qpc_uthmani_hafs":"ٱللَّهَ","char_type_name":"word","page_number":464,"line_number":10,"text":"ﮱ","translation":{"text":"Allah","language_name":"english","language_id":38},"transliteration":{"text":"l-laha","language_name":"english","language_id":38}},{"id":50308,"position":14,"audio_url":"wbw/039_053_016.mp3","qpc_uthmani_hafs":"يَغۡفِرُ","char_type_name":"word","page_number":464,"line_number":10,"text":"ﯓ","translation":{"text":"forgives","language_name":"english","language_id":38},"transliteration":{"text":"yaghfiru","language_name":"english","language_id":38}},{"id":50309,"position":15,"audio_url":"wbw/039_053_017.mp3","qpc_uthmani_hafs":"ٱلذُّنُوبَ","char_type_name":"word","page_number":464,"line_number":10,"text":"ﯔ","translation":{"text":"the sins","language_name":"english","language_id":38},"transliteration":{"text":"l-dhunūba","language_name":"english","language_id":38}},{"id":50310,"position":16,"audio_url":"wbw/039_053_018.mp3","qpc_uthmani_hafs":"جَمِيعًاۚ","char_type_name":"word","page_number":464,"line_number":10,"text":"ﯕﯖ","translation":{"text":"all","language_name":"english","language_id":38},"transliteration":{"text":"jamīʿan","language_name":"english","language_id":38}},{"id":50312,"position":17,"audio_url":"wbw/039_053_020.mp3","qpc_uthmani_hafs":"إِنَّهُۥ","char_type_name":"word","page_number":464,"line_number":10,"text":"ﯗ","translation":{"text":"Indeed He","language_name":"english","language_id":38},"transliteration":{"text":"innahu","language_name":"english","language_id":38}},{"id":50313,"position":18,"audio_url":"wbw/039_053_021.mp3","qpc_uthmani_hafs":"هُوَ","char_type_name":"word","page_number":464,"line_number":10,"text":"ﯘ","translation":{"text":"He","language_name":"english","language_id":38},"transliteration":{"text":"huwa","language_name":"english","language_id":38}},{"id":50314,"position":19,"audio_url":"wbw/039_053_022.mp3","qpc_uthmani_hafs":"ٱلۡغَفُورُ","char_type_name":"word","page_number":464,"line_number":10,"text":"ﯙ","translation":{"text":"(is) the Oft-Forgiving","language_name":"english","language_id":38},"transliteration":{"text":"l-ghafūru","language_name":"english","language_id":38}},{"id":50315,"position":20,"audio_url":"wbw/039_053_023.mp3","qpc_uthmani_hafs":"ٱلرَّحِيمُ","char_type_name":"word","page_number":464,"line_number":10,"text":"ﯚ","translation":{"text":"the Most Merciful","language_name":"english","language_id":38},"transliteration":{"text":"l-raḥīmu","language_name":"english","language_id":38}},{"id":50316,"position":21,"audio_url":null,"qpc_uthmani_hafs":"٥٣","char_type_name":"end","page_number":464,"line_number":11,"text":"ﯛ","translation":{"text":"(53)","language_name":"english","language_id":38},"transliteration":{"text":null,"language_name":"english","language_id":38}}],"translations":[{"id":920540,"resource_id":134,"text":"Katakanlah, \"Hai hamba-hamba-Ku yang malampaui batas terhadap diri mereka sendiri, janganlah kamu berputus asa dari rahmat Allah.  Sesungguhnya Allah mengampuni dosa-dosa<sup foot_note=211084>1</sup> semuanya.   Sesungguhnya Dia-lah Yang Maha Pengampun lagi Maha Penyayang."}]},{"id":4112,"verse_number":54,"verse_key":"39:54","juz_number":24,"hizb_number":47,"rub_el_hizb_number":186,"ruku_number":403,"manzil_number":6,"sajdah_number":null,"text_uthmani":"وَأَنِيبُوٓا۟ إِلَىٰ رَبِّكُمْ وَأَسْلِمُوا۟ لَهُۥ مِن قَبْلِ أَن يَأْتِيَكُمُ ٱلْعَذَابُ ثُمَّ لَا تُنصَرُونَ","page_number":464,"words":[{"id":51472,"position":1,"audio_url":"wbw/039_054_001.mp3","qpc_uthmani_hafs":"وَأَنِيبُوٓاْ","char_type_name":"word","page_number":464,"line_number":11,"text":"ﯜ","translation":{"text":"And turn","language_name":"english","language_id":38},"transliteration":{"text":"wa-anībū","language_name":"english","language_id":38}},{"id":51473,"position":2,"audio_url":"wbw/039_054_002.mp3","qpc_uthmani_hafs":"إِلَىٰ","char_type_name":"word","page_number":464,"line_number":11,"text":"ﯝ","translation":{"text":"to","language_name":"english","language_id":38},"transliteration":{"text":"ilā","language_name":"english","language_id":38}},{"id":51474,"position":3,"audio_url":"wbw/039_054_003.mp3","qpc_uthmani_hafs":"رَبِّكُمۡ","char_type_name":"word","page_number":464,"line_number":11,"text":"ﯞ","translation":{"text":"your Lord","language_name":"english","language_id":38},"transliteration":{"text":"rabbikum","language_name":"english","language_id":38}},{"id":51475,"position":4,"audio_url":"wbw/039_054_004.mp3","qpc_uthmani_hafs":"وَأَسۡلِمُواْ","char_type_name":"word","page_number":464,"line_number":11,"text":"ﯟ","translation":{"text":"and submit","language_name":"english","language_id":38},"transliteration":{"text":"wa-aslimū","language_name":"english","language_id":38}},{"id":51476,"position":5,"audio_url":"wbw/039_054_005.mp3","qpc_uthmani_hafs":"لَهُۥ","char_type_name":"word","page_number":464,"line_number":11,"text":"ﯠ","translation":{"text":"to Him","language_name":"english","language_id":38},"transliteration":{"text":"lahu","language_name":"english","language_id":38}},{"id":51477,"position":6,"audio_url":"wbw/039_054_006.mp3","qpc_uthmani_hafs":"مِن","char_type_name":"word","page_number":464,"line_number":11,"text":"ﯡ","translation":{"text":"before","language_name":"english","language_id":38},"transliteration":{"text":"min","language_name":"english","language_id":38}},{"id":51478,"position":7,"audio_url":"wbw/039_054_007.mp3","qpc_uthmani_hafs":"قَبۡلِ","char_type_name":"word","page_number":464,"line_number":11,"text":"ﯢ","translation":{"text":"before","language_name":"english","language_id":38},"transliteration":{"text":"qabli","language_name":"english","language_id":38}},{"id":51479,"position":8,"audio_url":"wbw/039_054_008.mp3","qpc_uthmani_hafs":"أَن","char_type_name":"word","page_number":464,"line_number":11,"text":"ﯣ","translation":{"text":"[that]","language_name":"english","language_id":38},"transliteration":{"text":"an","language_name":"english","language_id":38}},{"id":51480,"position":9,"audio_url":"wbw/039_054_009.mp3","qpc_uthmani_hafs":"يَأۡتِيَكُمُ","char_type_name":"word","page_number":464,"line_number":11,"text":"ﯤ","translation":{"text":"comes to you","language_name":"english","language_id":38},"transliteration":{"text":"yatiyakumu","language_name":"english","language_id":38}},{"id":51481,"position":10,"audio_url":"wbw/039_054_010.mp3","qpc_uthmani_hafs":"ٱلۡعَذَابُ","char_type_name":"word","page_number":464,"line_number":12,"text":"ﯥ","translation":{"text":"the punishment","language_name":"english","language_id":38},"transliteration":{"text":"l-ʿadhābu","language_name":"english","language_id":38}},{"id":51482,"position":11,"audio_url":"wbw/039_054_011.mp3","qpc_uthmani_hafs":"ثُمَّ","char_type_name":"word","page_number":464,"line_number":12,"text":"ﯦ","translation":{"text":"then","language_name":"english","language_id":38},"transliteration":{"text":"thumma","language_name":"english","language_id":38}},{"id":51483,"position":12,"audio_url":"wbw/039_054_012.mp3","qpc_uthmani_hafs":"لَا","char_type_name":"word","page_number":464,"line_number":12,"text":"ﯧ","translation":{"text":"not","language_name":"english","language_id":38},"transliteration":{"text":"lā","language_name":"english","language_id":38}},{"id":51484,"position":13,"audio_url":"wbw/039_054_013.mp3","qpc_uthmani_hafs":"تُنصَرُونَ","char_type_name":"word","page_number":464,"line_number":12,"text":"ﯨ","translation":{"text":"you will be helped","language_name":"english","language_id":38},"transliteration":{"text":"tunṣarūna","language_name":"english","language_id":38}},{"id":51485,"position":14,"audio_url":null,"qpc_uthmani_hafs":"٥٤","char_type_name":"end","page_number":464,"line_number":12,"text":"ﯩ","translation":{"text":"(54)","language_name":"english","language_id":38},"transliteration":{"text":null,"language_name":"english","language_id":38}}],"translations":[{"id":920541,"resource_id":134,"text":"Dan kembalilah kamu kepada Tuhan-mu dan berserah dirilah kepada-Nya sebelum datang azab kepadamu, kemudian kamu tidak dapat ditolong (lagi)."}]},{"id":4113,"verse_number":55,"verse_key":"39:55","juz_number":24,"hizb_number":47,"rub_el_hizb_number":186,"ruku_number":403,"manzil_number":6,"sajdah_number":null,"text_uthmani":"وَٱتَّبِعُوٓا۟ أَحْسَنَ مَآ أُنزِلَ إِلَيْكُم مِّن رَّبِّكُم مِّن قَبْلِ أَن يَأْتِيَكُمُ ٱلْعَذَابُ بَغْتَةً وَأَنتُمْ لَا تَشْعُرُونَ","page_number":464,"words":[{"id":51547,"position":1,"audio_url":"wbw/039_055_001.mp3","qpc_uthmani_hafs":"وَٱتَّبِعُوٓاْ","char_type_name":"word","page_number":464,"line_number":12,"text":"ﯪ","translation":{"text":"And follow","language_name":"english","language_id":38},"transliteration":{"text":"wa-ittabiʿū","language_name":"english","language_id":38}},{"id":51548,"position":2,"audio_url":"wbw/039_055_002.mp3","qpc_uthmani_hafs":"أَحۡسَنَ","char_type_name":"word","page_number":464,"line_number":12,"text":"ﯫ","translation":{"text":"(the) best","language_name":"english","language_id":38},"transliteration":{"text":"aḥsana","language_name":"english","language_id":38}},{"id":51549,"position":3,"audio_url":"wbw/039_055_003.mp3","qpc_uthmani_hafs":"مَآ","char_type_name":"word","page_number":464,"line_number":12,"text":"ﯬ","translation":{"text":"(of) what","language_name":"english","language_id":38},"transliteration":{"text":"mā","language_name":"english","language_id":38}},{"id":51550,"position":4,"audio_url":"wbw/039_055_004.mp3","qpc_uthmani_hafs":"أُنزِلَ","char_type_name":"word","page_number":464,"line_number":12,"text":"ﯭ","translation":{"text":"is revealed","language_name":"english","language_id":38},"transliteration":{"text":"unzila","language_name":"english","language_id":38}},{"id":51551,"position":5,"audio_url":"wbw/039_055_005.mp3","qpc_uthmani_hafs":"إِلَيۡكُم","char_type_name":"word","page_number":464,"line_number":13,"text":"ﯮ","translation":{"text":"to you","language_name":"english","language_id":38},"transliteration":{"text":"ilaykum","language_name":"english","language_id":38}},{"id":51552,"position":6,"audio_url":"wbw/039_055_006.mp3","qpc_uthmani_hafs":"مِّن","char_type_name":"word","page_number":464,"line_number":13,"text":"ﯯ","translation":{"text":"from","language_name":"english","language_id":38},"transliteration":{"text":"min","language_name":"english","language_id":38}},{"id":51553,"position":7,"audio_url":"wbw/039_055_007.mp3","qpc_uthmani_hafs":"رَّبِّكُم","char_type_name":"word","page_number":464,"line_number":13,"text":"ﯰ","translation":{"text":"your Lord","language_name":"english","language_id":38},"transliteration":{"text":"rabbikum","language_name":"english","language_id":38}},{"id":51554,"position":8,"audio_url":"wbw/039_055_008.mp3","qpc_uthmani_hafs":"مِّن","char_type_name":"word","page_number":464,"line_number":13,"text":"ﯱ","translation":{"text":"before","language_name":"english","language_id":38},"transliteration":{"text":"min","language_name":"english","language_id":38}},{"id":51555,"position":9,"audio_url":"wbw/039_055_009.mp3","qpc_uthmani_hafs":"قَبۡلِ","char_type_name":"word","page_number":464,"line_number":13,"text":"ﯲ","translation":{"text":"before","language_name":"english","language_id":38},"transliteration":{"text":"qabli","language_name":"english","language_id":38}},{"id":51556,"position":10,"audio_url":"wbw/039_055_010.mp3","qpc_uthmani_hafs":"أَن","char_type_name":"word","page_number":464,"line_number":13,"text":"ﯳ","translation":{"text":"[that]","language_name":"english","language_id":38},"transliteration":{"text":"an","language_name":"english","language_id":38}},{"id":51557,"position":11,"audio_url":"wbw/039_055_011.mp3","qpc_uthmani_hafs":"يَأۡتِيَكُمُ","char_type_name":"word","page_number":464,"line_number":13,"text":"ﯴ","translation":{"text":"comes to you","language_name":"english","language_id":38},"transliteration":{"text":"yatiyakumu","language_name":"english","language_id":38}},{"id":51558,"position":12,"audio_url":"wbw/039_055_012.mp3","qpc_uthmani_hafs":"ٱلۡعَذَابُ","char_type_name":"word","page_number":464,"line_number":13,"text":"ﯵ","translation":{"text":"the punishment","language_name":"english","language_id":38},"transliteration":{"text":"l-ʿadhābu","language_name":"english","language_id":38}},{"id":51559,"position":13,"audio_url":"wbw/039_055_013.mp3","qpc_uthmani_hafs":"بَغۡتَةٗ","char_type_name":"word","page_number":464,"line_number":14,"text":"ﯶ","translation":{"text":"suddenly","language_name":"english","language_id":38},"transliteration":{"text":"baghtatan","language_name":"english","language_id":38}},{"id":51560,"position":14,"audio_url":"wbw/039_055_014.mp3","qpc_uthmani_hafs":"وَأَنتُمۡ","char_type_name":"word","page_number":464,"line_number":14,"text":"ﯷ","translation":{"text":"while you","language_name":"english","language_id":38},"transliteration":{"text":"wa-antum","language_name":"english","language_id":38}},{"id":51561,"position":15,"audio_url":"wbw/039_055_015.mp3","qpc_uthmani_hafs":"لَا","char_type_name":"word","page_number":464,"line_number":14,"text":"ﯸ","translation":{"text":"(do) not","language_name":"english","language_id":38},"transliteration":{"text":"lā","language_name":"english","language_id":38}},{"id":51562,"position":16,"audio_url":"wbw/039_055_016.mp3","qpc_uthmani_hafs":"تَشۡعُرُونَ","char_type_name":"word","page_number":464,"line_number":14,"text":"ﯹ","translation":{"text":"perceive","language_name":"english","language_id":38},"transliteration":{"text":"tashʿurūna","language_name":"english","language_id":38}},{"id":51563,"position":17,"audio_url":null,"qpc_uthmani_hafs":"٥٥","char_type_name":"end","page_number":464,"line_number":14,"text":"ﯺ","translation":{"text":"(55)","language_name":"english","language_id":38},"transliteration":{"text":null,"language_name":"english","language_id":38}}],"translations":[{"id":920542,"resource_id":134,"text":"Dan ikutilah sebaik-baik apa yang telah diturunkan kepadamu dari Tuhan-mu<sup foot_note=211085>1</sup> sebelum datang azab kepadamu dengan tiba-tiba, sedang kamu tidak menyadarinya,"}]},{"id":4114,"verse_number":56,"verse_key":"39:56","juz_number":24,"hizb_number":47,"rub_el_hizb_number":186,"ruku_number":403,"manzil_number":6,"sajdah_number":null,"text_uthmani":"أَن تَقُولَ نَفْسٌ يَـٰحَسْرَتَىٰ عَلَىٰ مَا فَرَّطتُ فِى جَنۢبِ ٱللَّهِ وَإِن كُنتُ لَمِنَ ٱلسَّـٰخِرِينَ","page_number":464,"words":[{"id":52498,"position":1,"audio_url":"wbw/039_056_001.mp3","qpc_uthmani_hafs":"أَن","char_type_name":"word","page_number":464,"line_number":14,"text":"ﯻ","translation":{"text":"Lest","language_name":"english","language_id":38},"transliteration":{"text":"an","language_name":"english","language_id":38}},{"id":52499,"position":2,"audio_url":"wbw/039_056_002.mp3","qpc_uthmani_hafs":"تَقُولَ","char_type_name":"word","page_number":464,"line_number":14,"text":"ﯼ","translation":{"text":"should say","language_name":"english","language_id":38},"transliteration":{"text":"taqūla","language_name":"english","language_id":38}},{"id":52500,"position":3,"audio_url":"wbw/039_056_003.mp3","qpc_uthmani_hafs":"نَفۡسٞ","char_type_name":"word","page_number":464,"line_number":14,"text":"ﯽ","translation":{"text":"a soul","language_name":"english","language_id":38},"transliteration":{"text":"nafsun","language_name":"english","language_id":38}},{"id":52501,"position":4,"audio_url":"wbw/039_056_004.mp3","qpc_uthmani_hafs":"يَٰحَسۡرَتَىٰ","char_type_name":"word","page_number":464,"line_number":14,"text":"ﯾ","translation":{"text":"Oh! My regret","language_name":"english","language_id":38},"transliteration":{"text":"yāḥasratā","language_name":"english","language_id":38}},{"id":52502,"position":5,"audio_url":"wbw/039_056_005.mp3","qpc_uthmani_hafs":"عَلَىٰ","char_type_name":"word","page_number":464,"line_number":15,"text":"ﯿ","translation":{"text":"over","language_name":"english","language_id":38},"transliteration":{"text":"ʿalā","language_name":"english","language_id":38}},{"id":52503,"position":6,"audio_url":"wbw/039_056_006.mp3","qpc_uthmani_hafs":"مَا","char_type_name":"word","page_number":464,"line_number":15,"text":"ﰀ","translation":{"text":"what","language_name":"english","language_id":38},"transliteration":{"text":"mā","language_name":"english","language_id":38}},{"id":52504,"position":7,"audio_url":"wbw/039_056_007.mp3","qpc_uthmani_hafs":"فَرَّطتُ","char_type_name":"word","page_number":464,"line_number":15,"text":"ﰁ","translation":{"text":"I neglected","language_name":"english","language_id":38},"transliteration":{"text":"farraṭtu","language_name":"english","language_id":38}},{"id":52505,"position":8,"audio_url":"wbw/039_056_008.mp3","qpc_uthmani_hafs":"فِي","char_type_name":"word","page_number":464,"line_number":15,"text":"ﰂ","translation":{"text":"in","language_name":"english","language_id":38},"transliteration":{"text":"fī","language_name":"english","language_id":38}},{"id":52506,"position":9,"audio_url":"wbw/039_056_009.mp3","qpc_uthmani_hafs":"جَنۢبِ","char_type_name":"word","page_number":464,"line_number":15,"text":"ﰃ","translation":{"text":"regard (to)","language_name":"english","language_id":38},"transliteration":{"text":"janbi","language_name":"english","language_id":38}},{"id":52507,"position":10,"audio_url":"wbw/039_056_010.mp3","qpc_uthmani_hafs":"ٱللَّهِ","char_type_name":"word","page_number":464,"line_number":15,"text":"ﰄ","translation":{"text":"Allah","language_name":"english","language_id":38},"transliteration":{"text":"l-lahi","language_name":"english","language_id":38}},{"id":52508,"position":11,"audio_url":"wbw/039_056_011.mp3","qpc_uthmani_hafs":"وَإِن","char_type_name":"word","page_number":464,"line_number":15,"text":"ﰅ","translation":{"text":"and that","language_name":"english","language_id":38},"transliteration":{"text":"wa-in","language_name":"english","language_id":38}},{"id":52509,"position":12,"audio_url":"wbw/039_056_012.mp3","qpc_uthmani_hafs":"كُنتُ","char_type_name":"word","page_number":464,"line_number":15,"text":"ﰆ","translation":{"text":"I was","language_name":"english","language_id":38},"transliteration":{"text":"kuntu","language_name":"english","language_id":38}},{"id":52510,"position":13,"audio_url":"wbw/039_056_013.mp3","qpc_uthmani_hafs":"لَمِنَ","char_type_name":"word","page_number":464,"line_number":15,"text":"ﰇ","translation":{"text":"surely, among","language_name":"english","language_id":38},"transliteration":{"text":"lamina","language_name":"english","language_id":38}},{"id":52511,"position":14,"audio_url":"wbw/039_056_014.mp3","qpc_uthmani_hafs":"ٱلسَّٰخِرِينَ","char_type_name":"word","page_number":464,"line_number":15,"text":"ﰈ","translation":{"text":"the mockers","language_name":"english","language_id":38},"transliteration":{"text":"l-sākhirīna","language_name":"english","language_id":38}},{"id":52512,"position":15,"audio_url":null,"qpc_uthmani_hafs":"٥٦","char_type_name":"end","page_number":464,"line_number":15,"text":"ﰉ","translation":{"text":"(56)","language_name":"english","language_id":38},"transliteration":{"text":null,"language_name":"english","language_id":38}}],"translations":[{"id":920543,"resource_id":134,"text":"supaya jangan ada orang yang mengatakan, \"Amat besar penyesalanku atas kelalaianku dalam (menunaikan kewajiban) terhadap Allah, sedang aku sesungguhnya termasuk orang-orang yang memperolok-olokkan (agama Allah),"}]}],"pagination":{"per_page":50,"current_page":1,"next_page":null,"total_pages":1,"total_records":9}}