{"verses":[{"id":4273,"verse_number":1,"verse_key":"42:1","juz_number":25,"hizb_number":49,"rub_el_hizb_number":193,"ruku_number":421,"manzil_number":6,"sajdah_number":null,"text_uthmani":" حمٓ","page_number":483,"words":[{"id":113,"position":1,"audio_url":"wbw/042_001_001.mp3","qpc_uthmani_hafs":"حمٓ","char_type_name":"word","page_number":483,"line_number":3,"text":"ﭑ","translation":{"text":"Ha Meem","language_name":"english","language_id":38},"transliteration":{"text":"hha-meem","language_name":"english","language_id":38}},{"id":114,"position":2,"audio_url":null,"qpc_uthmani_hafs":"١","char_type_name":"end","page_number":483,"line_number":3,"text":"ﭒ","translation":{"text":"(1)","language_name":"english","language_id":38},"transliteration":{"text":null,"language_name":"english","language_id":38}}],"translations":[{"id":920702,"resource_id":134,"text":"Ḥā  Mīm <sup foot_note=211107>1</sup>."}]},{"id":4274,"verse_number":2,"verse_key":"42:2","juz_number":25,"hizb_number":49,"rub_el_hizb_number":193,"ruku_number":421,"manzil_number":6,"sajdah_number":null,"text_uthmani":"عٓسٓقٓ","page_number":483,"words":[{"id":947,"position":1,"audio_url":"wbw/042_002_001.mp3","qpc_uthmani_hafs":"عٓسٓقٓ","char_type_name":"word","page_number":483,"line_number":3,"text":"ﭓ","translation":{"text":"Ayn Seen Qaaf","language_name":"english","language_id":38},"transliteration":{"text":"ain-seen-qaf","language_name":"english","language_id":38}},{"id":948,"position":2,"audio_url":null,"qpc_uthmani_hafs":"٢","char_type_name":"end","page_number":483,"line_number":3,"text":"ﭔ","translation":{"text":"(2)","language_name":"english","language_id":38},"transliteration":{"text":null,"language_name":"english","language_id":38}}],"translations":[{"id":920703,"resource_id":134,"text":"ʻAin Sīn Qāf <sup foot_note=211108>1</sup>."}]},{"id":4275,"verse_number":3,"verse_key":"42:3","juz_number":25,"hizb_number":49,"rub_el_hizb_number":193,"ruku_number":421,"manzil_number":6,"sajdah_number":null,"text_uthmani":"كَذَٰلِكَ يُوحِىٓ إِلَيْكَ وَإِلَى ٱلَّذِينَ مِن قَبْلِكَ ٱللَّهُ ٱلْعَزِيزُ ٱلْحَكِيمُ","page_number":483,"words":[{"id":2048,"position":1,"audio_url":"wbw/042_003_001.mp3","qpc_uthmani_hafs":"كَذَٰلِكَ","char_type_name":"word","page_number":483,"line_number":3,"text":"ﭕ","translation":{"text":"Thus","language_name":"english","language_id":38},"transliteration":{"text":"kadhālika","language_name":"english","language_id":38}},{"id":2049,"position":2,"audio_url":"wbw/042_003_002.mp3","qpc_uthmani_hafs":"يُوحِيٓ","char_type_name":"word","page_number":483,"line_number":3,"text":"ﭖ","translation":{"text":"reveals","language_name":"english","language_id":38},"transliteration":{"text":"yūḥī","language_name":"english","language_id":38}},{"id":2050,"position":3,"audio_url":"wbw/042_003_003.mp3","qpc_uthmani_hafs":"إِلَيۡكَ","char_type_name":"word","page_number":483,"line_number":3,"text":"ﭗ","translation":{"text":"to you","language_name":"english","language_id":38},"transliteration":{"text":"ilayka","language_name":"english","language_id":38}},{"id":2051,"position":4,"audio_url":"wbw/042_003_004.mp3","qpc_uthmani_hafs":"وَإِلَى","char_type_name":"word","page_number":483,"line_number":3,"text":"ﭘ","translation":{"text":"and to","language_name":"english","language_id":38},"transliteration":{"text":"wa-ilā","language_name":"english","language_id":38}},{"id":2052,"position":5,"audio_url":"wbw/042_003_005.mp3","qpc_uthmani_hafs":"ٱلَّذِينَ","char_type_name":"word","page_number":483,"line_number":3,"text":"ﭙ","translation":{"text":"those","language_name":"english","language_id":38},"transliteration":{"text":"alladhīna","language_name":"english","language_id":38}},{"id":2053,"position":6,"audio_url":"wbw/042_003_006.mp3","qpc_uthmani_hafs":"مِن","char_type_name":"word","page_number":483,"line_number":3,"text":"ﭚ","translation":{"text":"before you ","language_name":"english","language_id":38},"transliteration":{"text":"min","language_name":"english","language_id":38}},{"id":2054,"position":7,"audio_url":"wbw/042_003_007.mp3","qpc_uthmani_hafs":"قَبۡلِكَ","char_type_name":"word","page_number":483,"line_number":3,"text":"ﭛ","translation":{"text":"before you ","language_name":"english","language_id":38},"transliteration":{"text":"qablika","language_name":"english","language_id":38}},{"id":2055,"position":8,"audio_url":"wbw/042_003_008.mp3","qpc_uthmani_hafs":"ٱللَّهُ","char_type_name":"word","page_number":483,"line_number":4,"text":"ﭜ","translation":{"text":"Allah","language_name":"english","language_id":38},"transliteration":{"text":"l-lahu","language_name":"english","language_id":38}},{"id":2056,"position":9,"audio_url":"wbw/042_003_009.mp3","qpc_uthmani_hafs":"ٱلۡعَزِيزُ","char_type_name":"word","page_number":483,"line_number":4,"text":"ﭝ","translation":{"text":"the All-Mighty","language_name":"english","language_id":38},"transliteration":{"text":"l-ʿazīzu","language_name":"english","language_id":38}},{"id":2057,"position":10,"audio_url":"wbw/042_003_010.mp3","qpc_uthmani_hafs":"ٱلۡحَكِيمُ","char_type_name":"word","page_number":483,"line_number":4,"text":"ﭞ","translation":{"text":"the All-Wise","language_name":"english","language_id":38},"transliteration":{"text":"l-ḥakīmu","language_name":"english","language_id":38}},{"id":2058,"position":11,"audio_url":null,"qpc_uthmani_hafs":"٣","char_type_name":"end","page_number":483,"line_number":4,"text":"ﭟ","translation":{"text":"(3)","language_name":"english","language_id":38},"transliteration":{"text":null,"language_name":"english","language_id":38}}],"translations":[{"id":920704,"resource_id":134,"text":"Demikianlah, Allah Yang Maha Perkasa lagi Maha Bijaksana mewahyukan kepada kamu dan kepada orang-orang sebelum kamu."}]},{"id":4276,"verse_number":4,"verse_key":"42:4","juz_number":25,"hizb_number":49,"rub_el_hizb_number":193,"ruku_number":421,"manzil_number":6,"sajdah_number":null,"text_uthmani":"لَهُۥ مَا فِى ٱلسَّمَـٰوَٰتِ وَمَا فِى ٱلْأَرْضِ ۖ وَهُوَ ٱلْعَلِىُّ ٱلْعَظِيمُ","page_number":483,"words":[{"id":3320,"position":1,"audio_url":"wbw/042_004_001.mp3","qpc_uthmani_hafs":"لَهُۥ","char_type_name":"word","page_number":483,"line_number":4,"text":"ﭠ","translation":{"text":"To Him","language_name":"english","language_id":38},"transliteration":{"text":"lahu","language_name":"english","language_id":38}},{"id":3321,"position":2,"audio_url":"wbw/042_004_002.mp3","qpc_uthmani_hafs":"مَا","char_type_name":"word","page_number":483,"line_number":4,"text":"ﭡ","translation":{"text":"(belong) whatever","language_name":"english","language_id":38},"transliteration":{"text":"mā","language_name":"english","language_id":38}},{"id":3322,"position":3,"audio_url":"wbw/042_004_003.mp3","qpc_uthmani_hafs":"فِي","char_type_name":"word","page_number":483,"line_number":4,"text":"ﭢ","translation":{"text":"(is) in","language_name":"english","language_id":38},"transliteration":{"text":"fī","language_name":"english","language_id":38}},{"id":3323,"position":4,"audio_url":"wbw/042_004_004.mp3","qpc_uthmani_hafs":"ٱلسَّمَٰوَٰتِ","char_type_name":"word","page_number":483,"line_number":4,"text":"ﭣ","translation":{"text":"the heavens","language_name":"english","language_id":38},"transliteration":{"text":"l-samāwāti","language_name":"english","language_id":38}},{"id":3324,"position":5,"audio_url":"wbw/042_004_005.mp3","qpc_uthmani_hafs":"وَمَا","char_type_name":"word","page_number":483,"line_number":4,"text":"ﭤ","translation":{"text":"and whatever","language_name":"english","language_id":38},"transliteration":{"text":"wamā","language_name":"english","language_id":38}},{"id":3325,"position":6,"audio_url":"wbw/042_004_006.mp3","qpc_uthmani_hafs":"فِي","char_type_name":"word","page_number":483,"line_number":4,"text":"ﭥ","translation":{"text":"(is) in","language_name":"english","language_id":38},"transliteration":{"text":"fī","language_name":"english","language_id":38}},{"id":3326,"position":7,"audio_url":"wbw/042_004_007.mp3","qpc_uthmani_hafs":"ٱلۡأَرۡضِۖ","char_type_name":"word","page_number":483,"line_number":4,"text":"ﭦﭧ","translation":{"text":"the earth","language_name":"english","language_id":38},"transliteration":{"text":"l-arḍi","language_name":"english","language_id":38}},{"id":3328,"position":8,"audio_url":"wbw/042_004_009.mp3","qpc_uthmani_hafs":"وَهُوَ","char_type_name":"word","page_number":483,"line_number":4,"text":"ﭨ","translation":{"text":"and He","language_name":"english","language_id":38},"transliteration":{"text":"wahuwa","language_name":"english","language_id":38}},{"id":3329,"position":9,"audio_url":"wbw/042_004_010.mp3","qpc_uthmani_hafs":"ٱلۡعَلِيُّ","char_type_name":"word","page_number":483,"line_number":5,"text":"ﭩ","translation":{"text":"(is) the Most High","language_name":"english","language_id":38},"transliteration":{"text":"l-ʿaliyu","language_name":"english","language_id":38}},{"id":3330,"position":10,"audio_url":"wbw/042_004_011.mp3","qpc_uthmani_hafs":"ٱلۡعَظِيمُ","char_type_name":"word","page_number":483,"line_number":5,"text":"ﭪ","translation":{"text":"the Most Great","language_name":"english","language_id":38},"transliteration":{"text":"l-ʿaẓīmu","language_name":"english","language_id":38}},{"id":3331,"position":11,"audio_url":null,"qpc_uthmani_hafs":"٤","char_type_name":"end","page_number":483,"line_number":5,"text":"ﭫ","translation":{"text":"(4)","language_name":"english","language_id":38},"transliteration":{"text":null,"language_name":"english","language_id":38}}],"translations":[{"id":920705,"resource_id":134,"text":"Kepunyaan-Nya-lah apa yang ada di langit dan apa yang ada di bumi. Dan Dialah yang Maha Tinggi lagi Maha Besar."}]},{"id":4277,"verse_number":5,"verse_key":"42:5","juz_number":25,"hizb_number":49,"rub_el_hizb_number":193,"ruku_number":421,"manzil_number":6,"sajdah_number":null,"text_uthmani":"تَكَادُ ٱلسَّمَـٰوَٰتُ يَتَفَطَّرْنَ مِن فَوْقِهِنَّ ۚ وَٱلْمَلَـٰٓئِكَةُ يُسَبِّحُونَ بِحَمْدِ رَبِّهِمْ وَيَسْتَغْفِرُونَ لِمَن فِى ٱلْأَرْضِ ۗ أَلَآ إِنَّ ٱللَّهَ هُوَ ٱلْغَفُورُ ٱلرَّحِيمُ","page_number":483,"words":[{"id":4676,"position":1,"audio_url":"wbw/042_005_001.mp3","qpc_uthmani_hafs":"تَكَادُ","char_type_name":"word","page_number":483,"line_number":5,"text":"ﭬ","translation":{"text":"Almost","language_name":"english","language_id":38},"transliteration":{"text":"takādu","language_name":"english","language_id":38}},{"id":4677,"position":2,"audio_url":"wbw/042_005_002.mp3","qpc_uthmani_hafs":"ٱلسَّمَٰوَٰتُ","char_type_name":"word","page_number":483,"line_number":5,"text":"ﭭ","translation":{"text":"the heavens","language_name":"english","language_id":38},"transliteration":{"text":"l-samāwātu","language_name":"english","language_id":38}},{"id":4678,"position":3,"audio_url":"wbw/042_005_003.mp3","qpc_uthmani_hafs":"يَتَفَطَّرۡنَ","char_type_name":"word","page_number":483,"line_number":5,"text":"ﭮ","translation":{"text":"break up","language_name":"english","language_id":38},"transliteration":{"text":"yatafaṭṭarna","language_name":"english","language_id":38}},{"id":4679,"position":4,"audio_url":"wbw/042_005_004.mp3","qpc_uthmani_hafs":"مِن","char_type_name":"word","page_number":483,"line_number":5,"text":"ﭯ","translation":{"text":"from","language_name":"english","language_id":38},"transliteration":{"text":"min","language_name":"english","language_id":38}},{"id":4680,"position":5,"audio_url":"wbw/042_005_005.mp3","qpc_uthmani_hafs":"فَوۡقِهِنَّۚ","char_type_name":"word","page_number":483,"line_number":5,"text":"ﭰﭱ","translation":{"text":"above them","language_name":"english","language_id":38},"transliteration":{"text":"fawqihinna","language_name":"english","language_id":38}},{"id":4682,"position":6,"audio_url":"wbw/042_005_007.mp3","qpc_uthmani_hafs":"وَٱلۡمَلَٰٓئِكَةُ","char_type_name":"word","page_number":483,"line_number":6,"text":"ﭲ","translation":{"text":"and the Angels","language_name":"english","language_id":38},"transliteration":{"text":"wal-malāikatu","language_name":"english","language_id":38}},{"id":4683,"position":7,"audio_url":"wbw/042_005_008.mp3","qpc_uthmani_hafs":"يُسَبِّحُونَ","char_type_name":"word","page_number":483,"line_number":6,"text":"ﭳ","translation":{"text":"glorify","language_name":"english","language_id":38},"transliteration":{"text":"yusabbiḥūna","language_name":"english","language_id":38}},{"id":4684,"position":8,"audio_url":"wbw/042_005_009.mp3","qpc_uthmani_hafs":"بِحَمۡدِ","char_type_name":"word","page_number":483,"line_number":6,"text":"ﭴ","translation":{"text":"(the) praise","language_name":"english","language_id":38},"transliteration":{"text":"biḥamdi","language_name":"english","language_id":38}},{"id":4685,"position":9,"audio_url":"wbw/042_005_010.mp3","qpc_uthmani_hafs":"رَبِّهِمۡ","char_type_name":"word","page_number":483,"line_number":6,"text":"ﭵ","translation":{"text":"(of) their Lord","language_name":"english","language_id":38},"transliteration":{"text":"rabbihim","language_name":"english","language_id":38}},{"id":4686,"position":10,"audio_url":"wbw/042_005_011.mp3","qpc_uthmani_hafs":"وَيَسۡتَغۡفِرُونَ","char_type_name":"word","page_number":483,"line_number":6,"text":"ﭶ","translation":{"text":"and ask for forgiveness","language_name":"english","language_id":38},"transliteration":{"text":"wayastaghfirūna","language_name":"english","language_id":38}},{"id":4687,"position":11,"audio_url":"wbw/042_005_012.mp3","qpc_uthmani_hafs":"لِمَن","char_type_name":"word","page_number":483,"line_number":6,"text":"ﭷ","translation":{"text":"for those","language_name":"english","language_id":38},"transliteration":{"text":"liman","language_name":"english","language_id":38}},{"id":4688,"position":12,"audio_url":"wbw/042_005_013.mp3","qpc_uthmani_hafs":"فِي","char_type_name":"word","page_number":483,"line_number":6,"text":"ﭸ","translation":{"text":"on","language_name":"english","language_id":38},"transliteration":{"text":"fī","language_name":"english","language_id":38}},{"id":4689,"position":13,"audio_url":"wbw/042_005_014.mp3","qpc_uthmani_hafs":"ٱلۡأَرۡضِۗ","char_type_name":"word","page_number":483,"line_number":7,"text":"ﭹﭺ","translation":{"text":"the earth","language_name":"english","language_id":38},"transliteration":{"text":"l-arḍi","language_name":"english","language_id":38}},{"id":4691,"position":14,"audio_url":"wbw/042_005_016.mp3","qpc_uthmani_hafs":"أَلَآ","char_type_name":"word","page_number":483,"line_number":7,"text":"ﭻ","translation":{"text":"Unquestionably","language_name":"english","language_id":38},"transliteration":{"text":"alā","language_name":"english","language_id":38}},{"id":4692,"position":15,"audio_url":"wbw/042_005_017.mp3","qpc_uthmani_hafs":"إِنَّ","char_type_name":"word","page_number":483,"line_number":7,"text":"ﭼ","translation":{"text":"indeed","language_name":"english","language_id":38},"transliteration":{"text":"inna","language_name":"english","language_id":38}},{"id":4693,"position":16,"audio_url":"wbw/042_005_018.mp3","qpc_uthmani_hafs":"ٱللَّهَ","char_type_name":"word","page_number":483,"line_number":7,"text":"ﭽ","translation":{"text":"Allah","language_name":"english","language_id":38},"transliteration":{"text":"l-laha","language_name":"english","language_id":38}},{"id":4694,"position":17,"audio_url":"wbw/042_005_019.mp3","qpc_uthmani_hafs":"هُوَ","char_type_name":"word","page_number":483,"line_number":7,"text":"ﭾ","translation":{"text":"He","language_name":"english","language_id":38},"transliteration":{"text":"huwa","language_name":"english","language_id":38}},{"id":4695,"position":18,"audio_url":"wbw/042_005_020.mp3","qpc_uthmani_hafs":"ٱلۡغَفُورُ","char_type_name":"word","page_number":483,"line_number":7,"text":"ﭿ","translation":{"text":"(is) the Oft-Forgiving","language_name":"english","language_id":38},"transliteration":{"text":"l-ghafūru","language_name":"english","language_id":38}},{"id":4696,"position":19,"audio_url":"wbw/042_005_021.mp3","qpc_uthmani_hafs":"ٱلرَّحِيمُ","char_type_name":"word","page_number":483,"line_number":7,"text":"ﮀ","translation":{"text":"the Most Merciful","language_name":"english","language_id":38},"transliteration":{"text":"l-raḥīmu","language_name":"english","language_id":38}},{"id":4697,"position":20,"audio_url":null,"qpc_uthmani_hafs":"٥","char_type_name":"end","page_number":483,"line_number":7,"text":"ﮁ","translation":{"text":"(5)","language_name":"english","language_id":38},"transliteration":{"text":null,"language_name":"english","language_id":38}}],"translations":[{"id":920706,"resource_id":134,"text":"Hampir saja langit itu pecah dari sebelah atasnya (karena kebesaran Tuhan) dan malaikat-malaikat bertasbih serta memuji Tuhan-nya dan memohonkan ampun bagi orang-orang yang ada di bumi.  Ingatlah bahwa sesungguhnya Allah Dia-lah Yang Maha Pengampun lagi Penyayang."}]},{"id":4278,"verse_number":6,"verse_key":"42:6","juz_number":25,"hizb_number":49,"rub_el_hizb_number":193,"ruku_number":421,"manzil_number":6,"sajdah_number":null,"text_uthmani":"وَٱلَّذِينَ ٱتَّخَذُوا۟ مِن دُونِهِۦٓ أَوْلِيَآءَ ٱللَّهُ حَفِيظٌ عَلَيْهِمْ وَمَآ أَنتَ عَلَيْهِم بِوَكِيلٍ","page_number":483,"words":[{"id":5955,"position":1,"audio_url":"wbw/042_006_001.mp3","qpc_uthmani_hafs":"وَٱلَّذِينَ","char_type_name":"word","page_number":483,"line_number":7,"text":"ﮂ","translation":{"text":"And those who","language_name":"english","language_id":38},"transliteration":{"text":"wa-alladhīna","language_name":"english","language_id":38}},{"id":5956,"position":2,"audio_url":"wbw/042_006_002.mp3","qpc_uthmani_hafs":"ٱتَّخَذُواْ","char_type_name":"word","page_number":483,"line_number":7,"text":"ﮃ","translation":{"text":"take","language_name":"english","language_id":38},"transliteration":{"text":"ittakhadhū","language_name":"english","language_id":38}},{"id":5957,"position":3,"audio_url":"wbw/042_006_003.mp3","qpc_uthmani_hafs":"مِن","char_type_name":"word","page_number":483,"line_number":8,"text":"ﮄ","translation":{"text":"besides","language_name":"english","language_id":38},"transliteration":{"text":"min","language_name":"english","language_id":38}},{"id":5958,"position":4,"audio_url":"wbw/042_006_004.mp3","qpc_uthmani_hafs":"دُونِهِۦٓ","char_type_name":"word","page_number":483,"line_number":8,"text":"ﮅ","translation":{"text":"besides","language_name":"english","language_id":38},"transliteration":{"text":"dūnihi","language_name":"english","language_id":38}},{"id":5959,"position":5,"audio_url":"wbw/042_006_005.mp3","qpc_uthmani_hafs":"أَوۡلِيَآءَ","char_type_name":"word","page_number":483,"line_number":8,"text":"ﮆ","translation":{"text":"protectors","language_name":"english","language_id":38},"transliteration":{"text":"awliyāa","language_name":"english","language_id":38}},{"id":5960,"position":6,"audio_url":"wbw/042_006_006.mp3","qpc_uthmani_hafs":"ٱللَّهُ","char_type_name":"word","page_number":483,"line_number":8,"text":"ﮇ","translation":{"text":"Allah","language_name":"english","language_id":38},"transliteration":{"text":"l-lahu","language_name":"english","language_id":38}},{"id":5961,"position":7,"audio_url":"wbw/042_006_007.mp3","qpc_uthmani_hafs":"حَفِيظٌ","char_type_name":"word","page_number":483,"line_number":8,"text":"ﮈ","translation":{"text":"(is) a Guardian","language_name":"english","language_id":38},"transliteration":{"text":"ḥafīẓun","language_name":"english","language_id":38}},{"id":5962,"position":8,"audio_url":"wbw/042_006_008.mp3","qpc_uthmani_hafs":"عَلَيۡهِمۡ","char_type_name":"word","page_number":483,"line_number":8,"text":"ﮉ","translation":{"text":"over them","language_name":"english","language_id":38},"transliteration":{"text":"ʿalayhim","language_name":"english","language_id":38}},{"id":5963,"position":9,"audio_url":"wbw/042_006_009.mp3","qpc_uthmani_hafs":"وَمَآ","char_type_name":"word","page_number":483,"line_number":8,"text":"ﮊ","translation":{"text":"and not","language_name":"english","language_id":38},"transliteration":{"text":"wamā","language_name":"english","language_id":38}},{"id":5964,"position":10,"audio_url":"wbw/042_006_010.mp3","qpc_uthmani_hafs":"أَنتَ","char_type_name":"word","page_number":483,"line_number":8,"text":"ﮋ","translation":{"text":"you","language_name":"english","language_id":38},"transliteration":{"text":"anta","language_name":"english","language_id":38}},{"id":5965,"position":11,"audio_url":"wbw/042_006_011.mp3","qpc_uthmani_hafs":"عَلَيۡهِم","char_type_name":"word","page_number":483,"line_number":8,"text":"ﮌ","translation":{"text":"(are) over them","language_name":"english","language_id":38},"transliteration":{"text":"ʿalayhim","language_name":"english","language_id":38}},{"id":5966,"position":12,"audio_url":"wbw/042_006_012.mp3","qpc_uthmani_hafs":"بِوَكِيلٖ","char_type_name":"word","page_number":483,"line_number":8,"text":"ﮍ","translation":{"text":"a manager","language_name":"english","language_id":38},"transliteration":{"text":"biwakīlin","language_name":"english","language_id":38}},{"id":5967,"position":13,"audio_url":null,"qpc_uthmani_hafs":"٦","char_type_name":"end","page_number":483,"line_number":9,"text":"ﮎ","translation":{"text":"(6)","language_name":"english","language_id":38},"transliteration":{"text":null,"language_name":"english","language_id":38}}],"translations":[{"id":920707,"resource_id":134,"text":"Dan orang-orang yang mengambil pelindung-pelindung selain Allah, Allah mengawasi (perbuatan) mereka; dan kamu (ya Muhammad) bukanlah orang yang diserahi mengawasi mereka."}]},{"id":4279,"verse_number":7,"verse_key":"42:7","juz_number":25,"hizb_number":49,"rub_el_hizb_number":193,"ruku_number":421,"manzil_number":6,"sajdah_number":null,"text_uthmani":"وَكَذَٰلِكَ أَوْحَيْنَآ إِلَيْكَ قُرْءَانًا عَرَبِيًّا لِّتُنذِرَ أُمَّ ٱلْقُرَىٰ وَمَنْ حَوْلَهَا وَتُنذِرَ يَوْمَ ٱلْجَمْعِ لَا رَيْبَ فِيهِ ۚ فَرِيقٌ فِى ٱلْجَنَّةِ وَفَرِيقٌ فِى ٱلسَّعِيرِ","page_number":483,"words":[{"id":7262,"position":1,"audio_url":"wbw/042_007_001.mp3","qpc_uthmani_hafs":"وَكَذَٰلِكَ","char_type_name":"word","page_number":483,"line_number":9,"text":"ﮏ","translation":{"text":"And thus","language_name":"english","language_id":38},"transliteration":{"text":"wakadhālika","language_name":"english","language_id":38}},{"id":7263,"position":2,"audio_url":"wbw/042_007_002.mp3","qpc_uthmani_hafs":"أَوۡحَيۡنَآ","char_type_name":"word","page_number":483,"line_number":9,"text":"ﮐ","translation":{"text":"We have revealed","language_name":"english","language_id":38},"transliteration":{"text":"awḥaynā","language_name":"english","language_id":38}},{"id":7264,"position":3,"audio_url":"wbw/042_007_003.mp3","qpc_uthmani_hafs":"إِلَيۡكَ","char_type_name":"word","page_number":483,"line_number":9,"text":"ﮑ","translation":{"text":"to you","language_name":"english","language_id":38},"transliteration":{"text":"ilayka","language_name":"english","language_id":38}},{"id":7265,"position":4,"audio_url":"wbw/042_007_004.mp3","qpc_uthmani_hafs":"قُرۡءَانًا","char_type_name":"word","page_number":483,"line_number":9,"text":"ﮒ","translation":{"text":"a Quran","language_name":"english","language_id":38},"transliteration":{"text":"qur'ānan","language_name":"english","language_id":38}},{"id":7266,"position":5,"audio_url":"wbw/042_007_005.mp3","qpc_uthmani_hafs":"عَرَبِيّٗا","char_type_name":"word","page_number":483,"line_number":9,"text":"ﮓ","translation":{"text":"(in) Arabic","language_name":"english","language_id":38},"transliteration":{"text":"ʿarabiyyan","language_name":"english","language_id":38}},{"id":7267,"position":6,"audio_url":"wbw/042_007_006.mp3","qpc_uthmani_hafs":"لِّتُنذِرَ","char_type_name":"word","page_number":483,"line_number":9,"text":"ﮔ","translation":{"text":"that you may warn","language_name":"english","language_id":38},"transliteration":{"text":"litundhira","language_name":"english","language_id":38}},{"id":7268,"position":7,"audio_url":"wbw/042_007_007.mp3","qpc_uthmani_hafs":"أُمَّ","char_type_name":"word","page_number":483,"line_number":9,"text":"ﮕ","translation":{"text":"(the) mother","language_name":"english","language_id":38},"transliteration":{"text":"umma","language_name":"english","language_id":38}},{"id":7269,"position":8,"audio_url":"wbw/042_007_008.mp3","qpc_uthmani_hafs":"ٱلۡقُرَىٰ","char_type_name":"word","page_number":483,"line_number":9,"text":"ﮖ","translation":{"text":"(of) the towns","language_name":"english","language_id":38},"transliteration":{"text":"l-qurā","language_name":"english","language_id":38}},{"id":7270,"position":9,"audio_url":"wbw/042_007_009.mp3","qpc_uthmani_hafs":"وَمَنۡ","char_type_name":"word","page_number":483,"line_number":9,"text":"ﮗ","translation":{"text":"and whoever","language_name":"english","language_id":38},"transliteration":{"text":"waman","language_name":"english","language_id":38}},{"id":7271,"position":10,"audio_url":"wbw/042_007_010.mp3","qpc_uthmani_hafs":"حَوۡلَهَا","char_type_name":"word","page_number":483,"line_number":10,"text":"ﮘ","translation":{"text":"(is) around it","language_name":"english","language_id":38},"transliteration":{"text":"ḥawlahā","language_name":"english","language_id":38}},{"id":7272,"position":11,"audio_url":"wbw/042_007_011.mp3","qpc_uthmani_hafs":"وَتُنذِرَ","char_type_name":"word","page_number":483,"line_number":10,"text":"ﮙ","translation":{"text":"and warn","language_name":"english","language_id":38},"transliteration":{"text":"watundhira","language_name":"english","language_id":38}},{"id":7273,"position":12,"audio_url":"wbw/042_007_012.mp3","qpc_uthmani_hafs":"يَوۡمَ","char_type_name":"word","page_number":483,"line_number":10,"text":"ﮚ","translation":{"text":"(of the) Day","language_name":"english","language_id":38},"transliteration":{"text":"yawma","language_name":"english","language_id":38}},{"id":7274,"position":13,"audio_url":"wbw/042_007_013.mp3","qpc_uthmani_hafs":"ٱلۡجَمۡعِ","char_type_name":"word","page_number":483,"line_number":10,"text":"ﮛ","translation":{"text":"(of) Assembly","language_name":"english","language_id":38},"transliteration":{"text":"l-jamʿi","language_name":"english","language_id":38}},{"id":7275,"position":14,"audio_url":"wbw/042_007_014.mp3","qpc_uthmani_hafs":"لَا","char_type_name":"word","page_number":483,"line_number":10,"text":"ﮜ","translation":{"text":"(there is) no","language_name":"english","language_id":38},"transliteration":{"text":"lā","language_name":"english","language_id":38}},{"id":7276,"position":15,"audio_url":"wbw/042_007_015.mp3","qpc_uthmani_hafs":"رَيۡبَ","char_type_name":"word","page_number":483,"line_number":10,"text":"ﮝ","translation":{"text":"doubt","language_name":"english","language_id":38},"transliteration":{"text":"rayba","language_name":"english","language_id":38}},{"id":7277,"position":16,"audio_url":"wbw/042_007_016.mp3","qpc_uthmani_hafs":"فِيهِۚ","char_type_name":"word","page_number":483,"line_number":10,"text":"ﮞﮟ","translation":{"text":"in it","language_name":"english","language_id":38},"transliteration":{"text":"fīhi","language_name":"english","language_id":38}},{"id":7279,"position":17,"audio_url":"wbw/042_007_018.mp3","qpc_uthmani_hafs":"فَرِيقٞ","char_type_name":"word","page_number":483,"line_number":10,"text":"ﮠ","translation":{"text":"A party","language_name":"english","language_id":38},"transliteration":{"text":"farīqun","language_name":"english","language_id":38}},{"id":7280,"position":18,"audio_url":"wbw/042_007_019.mp3","qpc_uthmani_hafs":"فِي","char_type_name":"word","page_number":483,"line_number":10,"text":"ﮡ","translation":{"text":"(will be) in","language_name":"english","language_id":38},"transliteration":{"text":"fī","language_name":"english","language_id":38}},{"id":7281,"position":19,"audio_url":"wbw/042_007_020.mp3","qpc_uthmani_hafs":"ٱلۡجَنَّةِ","char_type_name":"word","page_number":483,"line_number":10,"text":"ﮢ","translation":{"text":"Paradise","language_name":"english","language_id":38},"transliteration":{"text":"l-janati","language_name":"english","language_id":38}},{"id":7282,"position":20,"audio_url":"wbw/042_007_021.mp3","qpc_uthmani_hafs":"وَفَرِيقٞ","char_type_name":"word","page_number":483,"line_number":10,"text":"ﮣ","translation":{"text":"and a party","language_name":"english","language_id":38},"transliteration":{"text":"wafarīqun","language_name":"english","language_id":38}},{"id":7283,"position":21,"audio_url":"wbw/042_007_022.mp3","qpc_uthmani_hafs":"فِي","char_type_name":"word","page_number":483,"line_number":10,"text":"ﮤ","translation":{"text":"in","language_name":"english","language_id":38},"transliteration":{"text":"fī","language_name":"english","language_id":38}},{"id":7284,"position":22,"audio_url":"wbw/042_007_023.mp3","qpc_uthmani_hafs":"ٱلسَّعِيرِ","char_type_name":"word","page_number":483,"line_number":11,"text":"ﮥ","translation":{"text":"the Blazing Fire","language_name":"english","language_id":38},"transliteration":{"text":"l-saʿīri","language_name":"english","language_id":38}},{"id":7285,"position":23,"audio_url":null,"qpc_uthmani_hafs":"٧","char_type_name":"end","page_number":483,"line_number":11,"text":"ﮦ","translation":{"text":"(7)","language_name":"english","language_id":38},"transliteration":{"text":null,"language_name":"english","language_id":38}}],"translations":[{"id":920708,"resource_id":134,"text":"Demikianlah Kami wahyukan kepadamu Al-Qur`ān dalam bahasa Arab supaya kamu memberi peringatan kepada ummul Qurā (penduduk Mekah) dan penduduk (negeri-negeri) sekelilingnya <sup foot_note=211109>1</sup> serta memberi peringatan (pula) tentang hari berkumpul (kiamat) yang tidak ada keraguan padanya. Segolongan masuk surga dan segolongan masuk neraka."}]},{"id":4280,"verse_number":8,"verse_key":"42:8","juz_number":25,"hizb_number":49,"rub_el_hizb_number":193,"ruku_number":421,"manzil_number":6,"sajdah_number":null,"text_uthmani":"وَلَوْ شَآءَ ٱللَّهُ لَجَعَلَهُمْ أُمَّةً وَٰحِدَةً وَلَـٰكِن يُدْخِلُ مَن يَشَآءُ فِى رَحْمَتِهِۦ ۚ وَٱلظَّـٰلِمُونَ مَا لَهُم مِّن وَلِىٍّ وَلَا نَصِيرٍ","page_number":483,"words":[{"id":8542,"position":1,"audio_url":"wbw/042_008_001.mp3","qpc_uthmani_hafs":"وَلَوۡ","char_type_name":"word","page_number":483,"line_number":11,"text":"ﮧ","translation":{"text":"And if","language_name":"english","language_id":38},"transliteration":{"text":"walaw","language_name":"english","language_id":38}},{"id":8543,"position":2,"audio_url":"wbw/042_008_002.mp3","qpc_uthmani_hafs":"شَآءَ","char_type_name":"word","page_number":483,"line_number":11,"text":"ﮨ","translation":{"text":"Allah willed","language_name":"english","language_id":38},"transliteration":{"text":"shāa","language_name":"english","language_id":38}},{"id":8544,"position":3,"audio_url":"wbw/042_008_003.mp3","qpc_uthmani_hafs":"ٱللَّهُ","char_type_name":"word","page_number":483,"line_number":11,"text":"ﮩ","translation":{"text":"Allah willed","language_name":"english","language_id":38},"transliteration":{"text":"l-lahu","language_name":"english","language_id":38}},{"id":8545,"position":4,"audio_url":"wbw/042_008_004.mp3","qpc_uthmani_hafs":"لَجَعَلَهُمۡ","char_type_name":"word","page_number":483,"line_number":11,"text":"ﮪ","translation":{"text":"He could have made them","language_name":"english","language_id":38},"transliteration":{"text":"lajaʿalahum","language_name":"english","language_id":38}},{"id":8546,"position":5,"audio_url":"wbw/042_008_005.mp3","qpc_uthmani_hafs":"أُمَّةٗ","char_type_name":"word","page_number":483,"line_number":11,"text":"ﮫ","translation":{"text":"a community","language_name":"english","language_id":38},"transliteration":{"text":"ummatan","language_name":"english","language_id":38}},{"id":8547,"position":6,"audio_url":"wbw/042_008_006.mp3","qpc_uthmani_hafs":"وَٰحِدَةٗ","char_type_name":"word","page_number":483,"line_number":11,"text":"ﮬ","translation":{"text":"one","language_name":"english","language_id":38},"transliteration":{"text":"wāḥidatan","language_name":"english","language_id":38}},{"id":8548,"position":7,"audio_url":"wbw/042_008_007.mp3","qpc_uthmani_hafs":"وَلَٰكِن","char_type_name":"word","page_number":483,"line_number":11,"text":"ﮭ","translation":{"text":"but","language_name":"english","language_id":38},"transliteration":{"text":"walākin","language_name":"english","language_id":38}},{"id":8549,"position":8,"audio_url":"wbw/042_008_008.mp3","qpc_uthmani_hafs":"يُدۡخِلُ","char_type_name":"word","page_number":483,"line_number":11,"text":"ﮮ","translation":{"text":"He admits","language_name":"english","language_id":38},"transliteration":{"text":"yud'khilu","language_name":"english","language_id":38}},{"id":8550,"position":9,"audio_url":"wbw/042_008_009.mp3","qpc_uthmani_hafs":"مَن","char_type_name":"word","page_number":483,"line_number":12,"text":"ﮯ","translation":{"text":"whom","language_name":"english","language_id":38},"transliteration":{"text":"man","language_name":"english","language_id":38}},{"id":8551,"position":10,"audio_url":"wbw/042_008_010.mp3","qpc_uthmani_hafs":"يَشَآءُ","char_type_name":"word","page_number":483,"line_number":12,"text":"ﮰ","translation":{"text":"He wills","language_name":"english","language_id":38},"transliteration":{"text":"yashāu","language_name":"english","language_id":38}},{"id":8552,"position":11,"audio_url":"wbw/042_008_011.mp3","qpc_uthmani_hafs":"فِي","char_type_name":"word","page_number":483,"line_number":12,"text":"ﮱ","translation":{"text":"in (to)","language_name":"english","language_id":38},"transliteration":{"text":"fī","language_name":"english","language_id":38}},{"id":8553,"position":12,"audio_url":"wbw/042_008_012.mp3","qpc_uthmani_hafs":"رَحۡمَتِهِۦۚ","char_type_name":"word","page_number":483,"line_number":12,"text":"ﯓﯔ","translation":{"text":"His Mercy","language_name":"english","language_id":38},"transliteration":{"text":"raḥmatihi","language_name":"english","language_id":38}},{"id":8555,"position":13,"audio_url":"wbw/042_008_014.mp3","qpc_uthmani_hafs":"وَٱلظَّٰلِمُونَ","char_type_name":"word","page_number":483,"line_number":12,"text":"ﯕ","translation":{"text":"And the wrongdoers","language_name":"english","language_id":38},"transliteration":{"text":"wal-ẓālimūna","language_name":"english","language_id":38}},{"id":8556,"position":14,"audio_url":"wbw/042_008_015.mp3","qpc_uthmani_hafs":"مَا","char_type_name":"word","page_number":483,"line_number":12,"text":"ﯖ","translation":{"text":"not","language_name":"english","language_id":38},"transliteration":{"text":"mā","language_name":"english","language_id":38}},{"id":8557,"position":15,"audio_url":"wbw/042_008_016.mp3","qpc_uthmani_hafs":"لَهُم","char_type_name":"word","page_number":483,"line_number":12,"text":"ﯗ","translation":{"text":"for them","language_name":"english","language_id":38},"transliteration":{"text":"lahum","language_name":"english","language_id":38}},{"id":8558,"position":16,"audio_url":"wbw/042_008_017.mp3","qpc_uthmani_hafs":"مِّن","char_type_name":"word","page_number":483,"line_number":12,"text":"ﯘ","translation":{"text":"any","language_name":"english","language_id":38},"transliteration":{"text":"min","language_name":"english","language_id":38}},{"id":8559,"position":17,"audio_url":"wbw/042_008_018.mp3","qpc_uthmani_hafs":"وَلِيّٖ","char_type_name":"word","page_number":483,"line_number":12,"text":"ﯙ","translation":{"text":"protector","language_name":"english","language_id":38},"transliteration":{"text":"waliyyin","language_name":"english","language_id":38}},{"id":8560,"position":18,"audio_url":"wbw/042_008_019.mp3","qpc_uthmani_hafs":"وَلَا","char_type_name":"word","page_number":483,"line_number":12,"text":"ﯚ","translation":{"text":"and not","language_name":"english","language_id":38},"transliteration":{"text":"walā","language_name":"english","language_id":38}},{"id":8561,"position":19,"audio_url":"wbw/042_008_020.mp3","qpc_uthmani_hafs":"نَصِيرٍ","char_type_name":"word","page_number":483,"line_number":12,"text":"ﯛ","translation":{"text":"any helper","language_name":"english","language_id":38},"transliteration":{"text":"naṣīrin","language_name":"english","language_id":38}},{"id":8562,"position":20,"audio_url":null,"qpc_uthmani_hafs":"٨","char_type_name":"end","page_number":483,"line_number":12,"text":"ﯜ","translation":{"text":"(8)","language_name":"english","language_id":38},"transliteration":{"text":null,"language_name":"english","language_id":38}}],"translations":[{"id":920709,"resource_id":134,"text":"Dan kalau Allah menghendaki, niscaya Allah menjadikan mereka satu umat (saja), tetapi Dia memasukkan orang-orang yang dikehendaki-Nya ke dalam rahmat-Nya.  Dan orang-orang yang zalim, tidak ada bagi mereka seorang pelindungpun dan tidak pula seorang penolong."}]},{"id":4281,"verse_number":9,"verse_key":"42:9","juz_number":25,"hizb_number":49,"rub_el_hizb_number":193,"ruku_number":421,"manzil_number":6,"sajdah_number":null,"text_uthmani":"أَمِ ٱتَّخَذُوا۟ مِن دُونِهِۦٓ أَوْلِيَآءَ ۖ فَٱللَّهُ هُوَ ٱلْوَلِىُّ وَهُوَ يُحْىِ ٱلْمَوْتَىٰ وَهُوَ عَلَىٰ كُلِّ شَىْءٍ قَدِيرٌ","page_number":483,"words":[{"id":9753,"position":1,"audio_url":"wbw/042_009_001.mp3","qpc_uthmani_hafs":"أَمِ","char_type_name":"word","page_number":483,"line_number":13,"text":"ﯝ","translation":{"text":"Or","language_name":"english","language_id":38},"transliteration":{"text":"ami","language_name":"english","language_id":38}},{"id":9754,"position":2,"audio_url":"wbw/042_009_002.mp3","qpc_uthmani_hafs":"ٱتَّخَذُواْ","char_type_name":"word","page_number":483,"line_number":13,"text":"ﯞ","translation":{"text":"have they taken","language_name":"english","language_id":38},"transliteration":{"text":"ittakhadhū","language_name":"english","language_id":38}},{"id":9755,"position":3,"audio_url":"wbw/042_009_003.mp3","qpc_uthmani_hafs":"مِن","char_type_name":"word","page_number":483,"line_number":13,"text":"ﯟ","translation":{"text":"besides Him","language_name":"english","language_id":38},"transliteration":{"text":"min","language_name":"english","language_id":38}},{"id":9756,"position":4,"audio_url":"wbw/042_009_004.mp3","qpc_uthmani_hafs":"دُونِهِۦٓ","char_type_name":"word","page_number":483,"line_number":13,"text":"ﯠ","translation":{"text":"besides Him","language_name":"english","language_id":38},"transliteration":{"text":"dūnihi","language_name":"english","language_id":38}},{"id":9757,"position":5,"audio_url":"wbw/042_009_005.mp3","qpc_uthmani_hafs":"أَوۡلِيَآءَۖ","char_type_name":"word","page_number":483,"line_number":13,"text":"ﯡﯢ","translation":{"text":"protectors","language_name":"english","language_id":38},"transliteration":{"text":"awliyāa","language_name":"english","language_id":38}},{"id":9759,"position":6,"audio_url":"wbw/042_009_007.mp3","qpc_uthmani_hafs":"فَٱللَّهُ","char_type_name":"word","page_number":483,"line_number":13,"text":"ﯣ","translation":{"text":"But Allah ","language_name":"english","language_id":38},"transliteration":{"text":"fal-lahu","language_name":"english","language_id":38}},{"id":9760,"position":7,"audio_url":"wbw/042_009_008.mp3","qpc_uthmani_hafs":"هُوَ","char_type_name":"word","page_number":483,"line_number":13,"text":"ﯤ","translation":{"text":"He","language_name":"english","language_id":38},"transliteration":{"text":"huwa","language_name":"english","language_id":38}},{"id":9761,"position":8,"audio_url":"wbw/042_009_009.mp3","qpc_uthmani_hafs":"ٱلۡوَلِيُّ","char_type_name":"word","page_number":483,"line_number":13,"text":"ﯥ","translation":{"text":"(is) the Protector","language_name":"english","language_id":38},"transliteration":{"text":"l-waliyu","language_name":"english","language_id":38}},{"id":9762,"position":9,"audio_url":"wbw/042_009_010.mp3","qpc_uthmani_hafs":"وَهُوَ","char_type_name":"word","page_number":483,"line_number":13,"text":"ﯦ","translation":{"text":"and He","language_name":"english","language_id":38},"transliteration":{"text":"wahuwa","language_name":"english","language_id":38}},{"id":9763,"position":10,"audio_url":"wbw/042_009_011.mp3","qpc_uthmani_hafs":"يُحۡيِ","char_type_name":"word","page_number":483,"line_number":13,"text":"ﯧ","translation":{"text":"gives life","language_name":"english","language_id":38},"transliteration":{"text":"yuḥ'yī","language_name":"english","language_id":38}},{"id":9764,"position":11,"audio_url":"wbw/042_009_012.mp3","qpc_uthmani_hafs":"ٱلۡمَوۡتَىٰ","char_type_name":"word","page_number":483,"line_number":13,"text":"ﯨ","translation":{"text":"(to) the dead","language_name":"english","language_id":38},"transliteration":{"text":"l-mawtā","language_name":"english","language_id":38}},{"id":9765,"position":12,"audio_url":"wbw/042_009_013.mp3","qpc_uthmani_hafs":"وَهُوَ","char_type_name":"word","page_number":483,"line_number":13,"text":"ﯩ","translation":{"text":"And He","language_name":"english","language_id":38},"transliteration":{"text":"wahuwa","language_name":"english","language_id":38}},{"id":9766,"position":13,"audio_url":"wbw/042_009_014.mp3","qpc_uthmani_hafs":"عَلَىٰ","char_type_name":"word","page_number":483,"line_number":14,"text":"ﯪ","translation":{"text":"(is) on","language_name":"english","language_id":38},"transliteration":{"text":"ʿalā","language_name":"english","language_id":38}},{"id":9767,"position":14,"audio_url":"wbw/042_009_015.mp3","qpc_uthmani_hafs":"كُلِّ","char_type_name":"word","page_number":483,"line_number":14,"text":"ﯫ","translation":{"text":"every","language_name":"english","language_id":38},"transliteration":{"text":"kulli","language_name":"english","language_id":38}},{"id":9768,"position":15,"audio_url":"wbw/042_009_016.mp3","qpc_uthmani_hafs":"شَيۡءٖ","char_type_name":"word","page_number":483,"line_number":14,"text":"ﯬ","translation":{"text":"thing","language_name":"english","language_id":38},"transliteration":{"text":"shayin","language_name":"english","language_id":38}},{"id":9769,"position":16,"audio_url":"wbw/042_009_017.mp3","qpc_uthmani_hafs":"قَدِيرٞ","char_type_name":"word","page_number":483,"line_number":14,"text":"ﯭ","translation":{"text":"All-Powerful","language_name":"english","language_id":38},"transliteration":{"text":"qadīrun","language_name":"english","language_id":38}},{"id":9770,"position":17,"audio_url":null,"qpc_uthmani_hafs":"٩","char_type_name":"end","page_number":483,"line_number":14,"text":"ﯮ","translation":{"text":"(9)","language_name":"english","language_id":38},"transliteration":{"text":null,"language_name":"english","language_id":38}}],"translations":[{"id":920710,"resource_id":134,"text":"Atau patutkah mereka mengambil pelindung-pelindung selain Allah? Maka Allah, Dia-lah pelindung (yang sebenarnya) dan Dia menghidupkan orang-orang yang mati dan Dia adalah Maha Kuasa atas segala sesuatu."}]},{"id":4282,"verse_number":10,"verse_key":"42:10","juz_number":25,"hizb_number":49,"rub_el_hizb_number":193,"ruku_number":422,"manzil_number":6,"sajdah_number":null,"text_uthmani":"وَمَا ٱخْتَلَفْتُمْ فِيهِ مِن شَىْءٍ فَحُكْمُهُۥٓ إِلَى ٱللَّهِ ۚ ذَٰلِكُمُ ٱللَّهُ رَبِّى عَلَيْهِ تَوَكَّلْتُ وَإِلَيْهِ أُنِيبُ","page_number":483,"words":[{"id":10886,"position":1,"audio_url":"wbw/042_010_001.mp3","qpc_uthmani_hafs":"وَمَا","char_type_name":"word","page_number":483,"line_number":14,"text":"ﯯ","translation":{"text":"And whatever","language_name":"english","language_id":38},"transliteration":{"text":"wamā","language_name":"english","language_id":38}},{"id":10887,"position":2,"audio_url":"wbw/042_010_002.mp3","qpc_uthmani_hafs":"ٱخۡتَلَفۡتُمۡ","char_type_name":"word","page_number":483,"line_number":14,"text":"ﯰ","translation":{"text":"you differ","language_name":"english","language_id":38},"transliteration":{"text":"ikh'talaftum","language_name":"english","language_id":38}},{"id":10888,"position":3,"audio_url":"wbw/042_010_003.mp3","qpc_uthmani_hafs":"فِيهِ","char_type_name":"word","page_number":483,"line_number":14,"text":"ﯱ","translation":{"text":"in it","language_name":"english","language_id":38},"transliteration":{"text":"fīhi","language_name":"english","language_id":38}},{"id":10889,"position":4,"audio_url":"wbw/042_010_004.mp3","qpc_uthmani_hafs":"مِن","char_type_name":"word","page_number":483,"line_number":14,"text":"ﯲ","translation":{"text":"of","language_name":"english","language_id":38},"transliteration":{"text":"min","language_name":"english","language_id":38}},{"id":10890,"position":5,"audio_url":"wbw/042_010_005.mp3","qpc_uthmani_hafs":"شَيۡءٖ","char_type_name":"word","page_number":483,"line_number":14,"text":"ﯳ","translation":{"text":"a thing","language_name":"english","language_id":38},"transliteration":{"text":"shayin","language_name":"english","language_id":38}},{"id":10891,"position":6,"audio_url":"wbw/042_010_006.mp3","qpc_uthmani_hafs":"فَحُكۡمُهُۥٓ","char_type_name":"word","page_number":483,"line_number":14,"text":"ﯴ","translation":{"text":"then its ruling","language_name":"english","language_id":38},"transliteration":{"text":"faḥuk'muhu","language_name":"english","language_id":38}},{"id":10892,"position":7,"audio_url":"wbw/042_010_007.mp3","qpc_uthmani_hafs":"إِلَى","char_type_name":"word","page_number":483,"line_number":15,"text":"ﯵ","translation":{"text":"(is) to","language_name":"english","language_id":38},"transliteration":{"text":"ilā","language_name":"english","language_id":38}},{"id":10893,"position":8,"audio_url":"wbw/042_010_008.mp3","qpc_uthmani_hafs":"ٱللَّهِۚ","char_type_name":"word","page_number":483,"line_number":15,"text":"ﯶﯷ","translation":{"text":"Allah","language_name":"english","language_id":38},"transliteration":{"text":"l-lahi","language_name":"english","language_id":38}},{"id":10895,"position":9,"audio_url":"wbw/042_010_010.mp3","qpc_uthmani_hafs":"ذَٰلِكُمُ","char_type_name":"word","page_number":483,"line_number":15,"text":"ﯸ","translation":{"text":"That","language_name":"english","language_id":38},"transliteration":{"text":"dhālikumu","language_name":"english","language_id":38}},{"id":10896,"position":10,"audio_url":"wbw/042_010_011.mp3","qpc_uthmani_hafs":"ٱللَّهُ","char_type_name":"word","page_number":483,"line_number":15,"text":"ﯹ","translation":{"text":"(is) Allah","language_name":"english","language_id":38},"transliteration":{"text":"l-lahu","language_name":"english","language_id":38}},{"id":10897,"position":11,"audio_url":"wbw/042_010_012.mp3","qpc_uthmani_hafs":"رَبِّي","char_type_name":"word","page_number":483,"line_number":15,"text":"ﯺ","translation":{"text":"my Lord","language_name":"english","language_id":38},"transliteration":{"text":"rabbī","language_name":"english","language_id":38}},{"id":10898,"position":12,"audio_url":"wbw/042_010_013.mp3","qpc_uthmani_hafs":"عَلَيۡهِ","char_type_name":"word","page_number":483,"line_number":15,"text":"ﯻ","translation":{"text":"upon Him","language_name":"english","language_id":38},"transliteration":{"text":"ʿalayhi","language_name":"english","language_id":38}},{"id":10899,"position":13,"audio_url":"wbw/042_010_014.mp3","qpc_uthmani_hafs":"تَوَكَّلۡتُ","char_type_name":"word","page_number":483,"line_number":15,"text":"ﯼ","translation":{"text":"I put my trust","language_name":"english","language_id":38},"transliteration":{"text":"tawakkaltu","language_name":"english","language_id":38}},{"id":10900,"position":14,"audio_url":"wbw/042_010_015.mp3","qpc_uthmani_hafs":"وَإِلَيۡهِ","char_type_name":"word","page_number":483,"line_number":15,"text":"ﯽ","translation":{"text":"and to Him","language_name":"english","language_id":38},"transliteration":{"text":"wa-ilayhi","language_name":"english","language_id":38}},{"id":10901,"position":15,"audio_url":"wbw/042_010_016.mp3","qpc_uthmani_hafs":"أُنِيبُ","char_type_name":"word","page_number":483,"line_number":15,"text":"ﯾ","translation":{"text":"I turn","language_name":"english","language_id":38},"transliteration":{"text":"unību","language_name":"english","language_id":38}},{"id":10902,"position":16,"audio_url":null,"qpc_uthmani_hafs":"١٠","char_type_name":"end","page_number":483,"line_number":15,"text":"ﯿ","translation":{"text":"(10)","language_name":"english","language_id":38},"transliteration":{"text":null,"language_name":"english","language_id":38}}],"translations":[{"id":920711,"resource_id":134,"text":"Tentang sesuatu apa pun kamu berselisih, maka putusannya (terserah) kepada Allah.  (Yang mempunyai sifat-sifat demikian) itulah Allah Tuhan-ku.  Kepada-Nya lah aku bertawakal dan kepada-Nya-lah aku kembali."}]}],"pagination":{"per_page":50,"current_page":1,"next_page":null,"total_pages":1,"total_records":10}}