{"verses":[{"id":4288,"verse_number":16,"verse_key":"42:16","juz_number":25,"hizb_number":49,"rub_el_hizb_number":194,"ruku_number":422,"manzil_number":6,"sajdah_number":null,"text_uthmani":"وَٱلَّذِينَ يُحَآجُّونَ فِى ٱللَّهِ مِنۢ بَعْدِ مَا ٱسْتُجِيبَ لَهُۥ حُجَّتُهُمْ دَاحِضَةٌ عِندَ رَبِّهِمْ وَعَلَيْهِمْ غَضَبٌ وَلَهُمْ عَذَابٌ شَدِيدٌ","page_number":485,"words":[{"id":18059,"position":1,"audio_url":"wbw/042_016_001.mp3","qpc_uthmani_hafs":"وَٱلَّذِينَ","char_type_name":"word","page_number":485,"line_number":1,"text":"ﭑ","translation":{"text":"And those who","language_name":"english","language_id":38},"transliteration":{"text":"wa-alladhīna","language_name":"english","language_id":38}},{"id":18060,"position":2,"audio_url":"wbw/042_016_002.mp3","qpc_uthmani_hafs":"يُحَآجُّونَ","char_type_name":"word","page_number":485,"line_number":1,"text":"ﭒ","translation":{"text":"argue","language_name":"english","language_id":38},"transliteration":{"text":"yuḥājjūna","language_name":"english","language_id":38}},{"id":18061,"position":3,"audio_url":"wbw/042_016_003.mp3","qpc_uthmani_hafs":"فِي","char_type_name":"word","page_number":485,"line_number":1,"text":"ﭓ","translation":{"text":"concerning","language_name":"english","language_id":38},"transliteration":{"text":"fī","language_name":"english","language_id":38}},{"id":18062,"position":4,"audio_url":"wbw/042_016_004.mp3","qpc_uthmani_hafs":"ٱللَّهِ","char_type_name":"word","page_number":485,"line_number":1,"text":"ﭔ","translation":{"text":"Allah","language_name":"english","language_id":38},"transliteration":{"text":"l-lahi","language_name":"english","language_id":38}},{"id":18063,"position":5,"audio_url":"wbw/042_016_005.mp3","qpc_uthmani_hafs":"مِنۢ","char_type_name":"word","page_number":485,"line_number":1,"text":"ﭕ","translation":{"text":"after","language_name":"english","language_id":38},"transliteration":{"text":"min","language_name":"english","language_id":38}},{"id":18064,"position":6,"audio_url":"wbw/042_016_006.mp3","qpc_uthmani_hafs":"بَعۡدِ","char_type_name":"word","page_number":485,"line_number":1,"text":"ﭖ","translation":{"text":"after","language_name":"english","language_id":38},"transliteration":{"text":"baʿdi","language_name":"english","language_id":38}},{"id":18065,"position":7,"audio_url":"wbw/042_016_007.mp3","qpc_uthmani_hafs":"مَا","char_type_name":"word","page_number":485,"line_number":1,"text":"ﭗ","translation":{"text":"[what]","language_name":"english","language_id":38},"transliteration":{"text":"mā","language_name":"english","language_id":38}},{"id":18066,"position":8,"audio_url":"wbw/042_016_008.mp3","qpc_uthmani_hafs":"ٱسۡتُجِيبَ","char_type_name":"word","page_number":485,"line_number":1,"text":"ﭘ","translation":{"text":"response has been made to Him","language_name":"english","language_id":38},"transliteration":{"text":"us'tujība","language_name":"english","language_id":38}},{"id":18067,"position":9,"audio_url":"wbw/042_016_009.mp3","qpc_uthmani_hafs":"لَهُۥ","char_type_name":"word","page_number":485,"line_number":1,"text":"ﭙ","translation":{"text":"response has been made to Him","language_name":"english","language_id":38},"transliteration":{"text":"lahu","language_name":"english","language_id":38}},{"id":18068,"position":10,"audio_url":"wbw/042_016_010.mp3","qpc_uthmani_hafs":"حُجَّتُهُمۡ","char_type_name":"word","page_number":485,"line_number":1,"text":"ﭚ","translation":{"text":"their argument","language_name":"english","language_id":38},"transliteration":{"text":"ḥujjatuhum","language_name":"english","language_id":38}},{"id":18069,"position":11,"audio_url":"wbw/042_016_011.mp3","qpc_uthmani_hafs":"دَاحِضَةٌ","char_type_name":"word","page_number":485,"line_number":2,"text":"ﭛ","translation":{"text":"(is) invalid","language_name":"english","language_id":38},"transliteration":{"text":"dāḥiḍatun","language_name":"english","language_id":38}},{"id":18070,"position":12,"audio_url":"wbw/042_016_012.mp3","qpc_uthmani_hafs":"عِندَ","char_type_name":"word","page_number":485,"line_number":2,"text":"ﭜ","translation":{"text":"with","language_name":"english","language_id":38},"transliteration":{"text":"ʿinda","language_name":"english","language_id":38}},{"id":18071,"position":13,"audio_url":"wbw/042_016_013.mp3","qpc_uthmani_hafs":"رَبِّهِمۡ","char_type_name":"word","page_number":485,"line_number":2,"text":"ﭝ","translation":{"text":"their Lord","language_name":"english","language_id":38},"transliteration":{"text":"rabbihim","language_name":"english","language_id":38}},{"id":18072,"position":14,"audio_url":"wbw/042_016_014.mp3","qpc_uthmani_hafs":"وَعَلَيۡهِمۡ","char_type_name":"word","page_number":485,"line_number":2,"text":"ﭞ","translation":{"text":"and upon them","language_name":"english","language_id":38},"transliteration":{"text":"waʿalayhim","language_name":"english","language_id":38}},{"id":18073,"position":15,"audio_url":"wbw/042_016_015.mp3","qpc_uthmani_hafs":"غَضَبٞ","char_type_name":"word","page_number":485,"line_number":2,"text":"ﭟ","translation":{"text":"(is) wrath","language_name":"english","language_id":38},"transliteration":{"text":"ghaḍabun","language_name":"english","language_id":38}},{"id":18074,"position":16,"audio_url":"wbw/042_016_016.mp3","qpc_uthmani_hafs":"وَلَهُمۡ","char_type_name":"word","page_number":485,"line_number":2,"text":"ﭠ","translation":{"text":"and for them","language_name":"english","language_id":38},"transliteration":{"text":"walahum","language_name":"english","language_id":38}},{"id":18075,"position":17,"audio_url":"wbw/042_016_017.mp3","qpc_uthmani_hafs":"عَذَابٞ","char_type_name":"word","page_number":485,"line_number":2,"text":"ﭡ","translation":{"text":"(is) a punishment","language_name":"english","language_id":38},"transliteration":{"text":"ʿadhābun","language_name":"english","language_id":38}},{"id":18076,"position":18,"audio_url":"wbw/042_016_018.mp3","qpc_uthmani_hafs":"شَدِيدٌ","char_type_name":"word","page_number":485,"line_number":2,"text":"ﭢ","translation":{"text":"severe","language_name":"english","language_id":38},"transliteration":{"text":"shadīdun","language_name":"english","language_id":38}},{"id":18077,"position":19,"audio_url":null,"qpc_uthmani_hafs":"١٦","char_type_name":"end","page_number":485,"line_number":3,"text":"ﭣ","translation":{"text":"(16)","language_name":"english","language_id":38},"transliteration":{"text":null,"language_name":"english","language_id":38}}],"translations":[{"id":920717,"resource_id":134,"text":"Dan orang-orang yang membantah (agama) Allah sesudah agama itu diterima, maka bantahan mereka itu sia-sia saja di sisi Tuhan mereka.  Mereka mendapat kemurkaan (Allah) dan bagi mereka azab yang sangat keras."}]},{"id":4289,"verse_number":17,"verse_key":"42:17","juz_number":25,"hizb_number":49,"rub_el_hizb_number":194,"ruku_number":422,"manzil_number":6,"sajdah_number":null,"text_uthmani":"ٱللَّهُ ٱلَّذِىٓ أَنزَلَ ٱلْكِتَـٰبَ بِٱلْحَقِّ وَٱلْمِيزَانَ ۗ وَمَا يُدْرِيكَ لَعَلَّ ٱلسَّاعَةَ قَرِيبٌ","page_number":485,"words":[{"id":19066,"position":1,"audio_url":"wbw/042_017_001.mp3","qpc_uthmani_hafs":"ٱللَّهُ","char_type_name":"word","page_number":485,"line_number":3,"text":"ﭤ","translation":{"text":"Allah","language_name":"english","language_id":38},"transliteration":{"text":"al-lahu","language_name":"english","language_id":38}},{"id":19067,"position":2,"audio_url":"wbw/042_017_002.mp3","qpc_uthmani_hafs":"ٱلَّذِيٓ","char_type_name":"word","page_number":485,"line_number":3,"text":"ﭥ","translation":{"text":"(is) the One Who","language_name":"english","language_id":38},"transliteration":{"text":"alladhī","language_name":"english","language_id":38}},{"id":19068,"position":3,"audio_url":"wbw/042_017_003.mp3","qpc_uthmani_hafs":"أَنزَلَ","char_type_name":"word","page_number":485,"line_number":3,"text":"ﭦ","translation":{"text":"(has) sent down","language_name":"english","language_id":38},"transliteration":{"text":"anzala","language_name":"english","language_id":38}},{"id":19069,"position":4,"audio_url":"wbw/042_017_004.mp3","qpc_uthmani_hafs":"ٱلۡكِتَٰبَ","char_type_name":"word","page_number":485,"line_number":3,"text":"ﭧ","translation":{"text":"the Book","language_name":"english","language_id":38},"transliteration":{"text":"l-kitāba","language_name":"english","language_id":38}},{"id":19070,"position":5,"audio_url":"wbw/042_017_005.mp3","qpc_uthmani_hafs":"بِٱلۡحَقِّ","char_type_name":"word","page_number":485,"line_number":3,"text":"ﭨ","translation":{"text":"in truth","language_name":"english","language_id":38},"transliteration":{"text":"bil-ḥaqi","language_name":"english","language_id":38}},{"id":19071,"position":6,"audio_url":"wbw/042_017_006.mp3","qpc_uthmani_hafs":"وَٱلۡمِيزَانَۗ","char_type_name":"word","page_number":485,"line_number":3,"text":"ﭩﭪ","translation":{"text":"and the Balance","language_name":"english","language_id":38},"transliteration":{"text":"wal-mīzāna","language_name":"english","language_id":38}},{"id":19073,"position":7,"audio_url":"wbw/042_017_008.mp3","qpc_uthmani_hafs":"وَمَا","char_type_name":"word","page_number":485,"line_number":3,"text":"ﭫ","translation":{"text":"And what","language_name":"english","language_id":38},"transliteration":{"text":"wamā","language_name":"english","language_id":38}},{"id":19074,"position":8,"audio_url":"wbw/042_017_009.mp3","qpc_uthmani_hafs":"يُدۡرِيكَ","char_type_name":"word","page_number":485,"line_number":3,"text":"ﭬ","translation":{"text":"will make you know","language_name":"english","language_id":38},"transliteration":{"text":"yud'rīka","language_name":"english","language_id":38}},{"id":19075,"position":9,"audio_url":"wbw/042_017_010.mp3","qpc_uthmani_hafs":"لَعَلَّ","char_type_name":"word","page_number":485,"line_number":4,"text":"ﭭ","translation":{"text":"Perhaps","language_name":"english","language_id":38},"transliteration":{"text":"laʿalla","language_name":"english","language_id":38}},{"id":19076,"position":10,"audio_url":"wbw/042_017_011.mp3","qpc_uthmani_hafs":"ٱلسَّاعَةَ","char_type_name":"word","page_number":485,"line_number":4,"text":"ﭮ","translation":{"text":"the Hour","language_name":"english","language_id":38},"transliteration":{"text":"l-sāʿata","language_name":"english","language_id":38}},{"id":19077,"position":11,"audio_url":"wbw/042_017_012.mp3","qpc_uthmani_hafs":"قَرِيبٞ","char_type_name":"word","page_number":485,"line_number":4,"text":"ﭯ","translation":{"text":"(is) near","language_name":"english","language_id":38},"transliteration":{"text":"qarībun","language_name":"english","language_id":38}},{"id":19078,"position":12,"audio_url":null,"qpc_uthmani_hafs":"١٧","char_type_name":"end","page_number":485,"line_number":4,"text":"ﭰ","translation":{"text":"(17)","language_name":"english","language_id":38},"transliteration":{"text":null,"language_name":"english","language_id":38}}],"translations":[{"id":920718,"resource_id":134,"text":"Allah-lah yang menurunkan kitab dengan (membawa) kebenaran dan (menurunkan) neraca (keadilan).   Dan tahukah kamu, boleh jadi hari kiamat itu (sudah) dekat?"}]},{"id":4290,"verse_number":18,"verse_key":"42:18","juz_number":25,"hizb_number":49,"rub_el_hizb_number":194,"ruku_number":422,"manzil_number":6,"sajdah_number":null,"text_uthmani":"يَسْتَعْجِلُ بِهَا ٱلَّذِينَ لَا يُؤْمِنُونَ بِهَا ۖ وَٱلَّذِينَ ءَامَنُوا۟ مُشْفِقُونَ مِنْهَا وَيَعْلَمُونَ أَنَّهَا ٱلْحَقُّ ۗ أَلَآ إِنَّ ٱلَّذِينَ يُمَارُونَ فِى ٱلسَّاعَةِ لَفِى ضَلَـٰلٍۭ بَعِيدٍ","page_number":485,"words":[{"id":20170,"position":1,"audio_url":"wbw/042_018_001.mp3","qpc_uthmani_hafs":"يَسۡتَعۡجِلُ","char_type_name":"word","page_number":485,"line_number":4,"text":"ﭱ","translation":{"text":"Seek to hasten","language_name":"english","language_id":38},"transliteration":{"text":"yastaʿjilu","language_name":"english","language_id":38}},{"id":20171,"position":2,"audio_url":"wbw/042_018_002.mp3","qpc_uthmani_hafs":"بِهَا","char_type_name":"word","page_number":485,"line_number":4,"text":"ﭲ","translation":{"text":"[of] it","language_name":"english","language_id":38},"transliteration":{"text":"bihā","language_name":"english","language_id":38}},{"id":20172,"position":3,"audio_url":"wbw/042_018_003.mp3","qpc_uthmani_hafs":"ٱلَّذِينَ","char_type_name":"word","page_number":485,"line_number":4,"text":"ﭳ","translation":{"text":"those who","language_name":"english","language_id":38},"transliteration":{"text":"alladhīna","language_name":"english","language_id":38}},{"id":20173,"position":4,"audio_url":"wbw/042_018_004.mp3","qpc_uthmani_hafs":"لَا","char_type_name":"word","page_number":485,"line_number":4,"text":"ﭴ","translation":{"text":"(do) not","language_name":"english","language_id":38},"transliteration":{"text":"lā","language_name":"english","language_id":38}},{"id":20174,"position":5,"audio_url":"wbw/042_018_005.mp3","qpc_uthmani_hafs":"يُؤۡمِنُونَ","char_type_name":"word","page_number":485,"line_number":4,"text":"ﭵ","translation":{"text":"believe","language_name":"english","language_id":38},"transliteration":{"text":"yu'minūna","language_name":"english","language_id":38}},{"id":20175,"position":6,"audio_url":"wbw/042_018_006.mp3","qpc_uthmani_hafs":"بِهَاۖ","char_type_name":"word","page_number":485,"line_number":5,"text":"ﭶﭷ","translation":{"text":"in it","language_name":"english","language_id":38},"transliteration":{"text":"bihā","language_name":"english","language_id":38}},{"id":20177,"position":7,"audio_url":"wbw/042_018_008.mp3","qpc_uthmani_hafs":"وَٱلَّذِينَ","char_type_name":"word","page_number":485,"line_number":5,"text":"ﭸ","translation":{"text":"and those who","language_name":"english","language_id":38},"transliteration":{"text":"wa-alladhīna","language_name":"english","language_id":38}},{"id":20178,"position":8,"audio_url":"wbw/042_018_009.mp3","qpc_uthmani_hafs":"ءَامَنُواْ","char_type_name":"word","page_number":485,"line_number":5,"text":"ﭹ","translation":{"text":"believe","language_name":"english","language_id":38},"transliteration":{"text":"āmanū","language_name":"english","language_id":38}},{"id":20179,"position":9,"audio_url":"wbw/042_018_010.mp3","qpc_uthmani_hafs":"مُشۡفِقُونَ","char_type_name":"word","page_number":485,"line_number":5,"text":"ﭺ","translation":{"text":"(are) fearful","language_name":"english","language_id":38},"transliteration":{"text":"mush'fiqūna","language_name":"english","language_id":38}},{"id":20180,"position":10,"audio_url":"wbw/042_018_011.mp3","qpc_uthmani_hafs":"مِنۡهَا","char_type_name":"word","page_number":485,"line_number":5,"text":"ﭻ","translation":{"text":"of it","language_name":"english","language_id":38},"transliteration":{"text":"min'hā","language_name":"english","language_id":38}},{"id":20181,"position":11,"audio_url":"wbw/042_018_012.mp3","qpc_uthmani_hafs":"وَيَعۡلَمُونَ","char_type_name":"word","page_number":485,"line_number":5,"text":"ﭼ","translation":{"text":"and know","language_name":"english","language_id":38},"transliteration":{"text":"wayaʿlamūna","language_name":"english","language_id":38}},{"id":20182,"position":12,"audio_url":"wbw/042_018_013.mp3","qpc_uthmani_hafs":"أَنَّهَا","char_type_name":"word","page_number":485,"line_number":5,"text":"ﭽ","translation":{"text":"that it","language_name":"english","language_id":38},"transliteration":{"text":"annahā","language_name":"english","language_id":38}},{"id":20183,"position":13,"audio_url":"wbw/042_018_014.mp3","qpc_uthmani_hafs":"ٱلۡحَقُّۗ","char_type_name":"word","page_number":485,"line_number":5,"text":"ﭾﭿ","translation":{"text":"(is) the truth","language_name":"english","language_id":38},"transliteration":{"text":"l-ḥaqu","language_name":"english","language_id":38}},{"id":20185,"position":14,"audio_url":"wbw/042_018_016.mp3","qpc_uthmani_hafs":"أَلَآ","char_type_name":"word","page_number":485,"line_number":6,"text":"ﮀ","translation":{"text":"Unquestionably","language_name":"english","language_id":38},"transliteration":{"text":"alā","language_name":"english","language_id":38}},{"id":20186,"position":15,"audio_url":"wbw/042_018_017.mp3","qpc_uthmani_hafs":"إِنَّ","char_type_name":"word","page_number":485,"line_number":6,"text":"ﮁ","translation":{"text":"indeed","language_name":"english","language_id":38},"transliteration":{"text":"inna","language_name":"english","language_id":38}},{"id":20187,"position":16,"audio_url":"wbw/042_018_018.mp3","qpc_uthmani_hafs":"ٱلَّذِينَ","char_type_name":"word","page_number":485,"line_number":6,"text":"ﮂ","translation":{"text":"those who","language_name":"english","language_id":38},"transliteration":{"text":"alladhīna","language_name":"english","language_id":38}},{"id":20188,"position":17,"audio_url":"wbw/042_018_019.mp3","qpc_uthmani_hafs":"يُمَارُونَ","char_type_name":"word","page_number":485,"line_number":6,"text":"ﮃ","translation":{"text":"dispute","language_name":"english","language_id":38},"transliteration":{"text":"yumārūna","language_name":"english","language_id":38}},{"id":20189,"position":18,"audio_url":"wbw/042_018_020.mp3","qpc_uthmani_hafs":"فِي","char_type_name":"word","page_number":485,"line_number":6,"text":"ﮄ","translation":{"text":"concerning","language_name":"english","language_id":38},"transliteration":{"text":"fī","language_name":"english","language_id":38}},{"id":20190,"position":19,"audio_url":"wbw/042_018_021.mp3","qpc_uthmani_hafs":"ٱلسَّاعَةِ","char_type_name":"word","page_number":485,"line_number":6,"text":"ﮅ","translation":{"text":"the Hour","language_name":"english","language_id":38},"transliteration":{"text":"l-sāʿati","language_name":"english","language_id":38}},{"id":20191,"position":20,"audio_url":"wbw/042_018_022.mp3","qpc_uthmani_hafs":"لَفِي","char_type_name":"word","page_number":485,"line_number":6,"text":"ﮆ","translation":{"text":"(are) certainly in","language_name":"english","language_id":38},"transliteration":{"text":"lafī","language_name":"english","language_id":38}},{"id":20192,"position":21,"audio_url":"wbw/042_018_023.mp3","qpc_uthmani_hafs":"ضَلَٰلِۭ","char_type_name":"word","page_number":485,"line_number":6,"text":"ﮇ","translation":{"text":"error","language_name":"english","language_id":38},"transliteration":{"text":"ḍalālin","language_name":"english","language_id":38}},{"id":20193,"position":22,"audio_url":"wbw/042_018_024.mp3","qpc_uthmani_hafs":"بَعِيدٍ","char_type_name":"word","page_number":485,"line_number":6,"text":"ﮈ","translation":{"text":"far","language_name":"english","language_id":38},"transliteration":{"text":"baʿīdin","language_name":"english","language_id":38}},{"id":20194,"position":23,"audio_url":null,"qpc_uthmani_hafs":"١٨","char_type_name":"end","page_number":485,"line_number":6,"text":"ﮉ","translation":{"text":"(18)","language_name":"english","language_id":38},"transliteration":{"text":null,"language_name":"english","language_id":38}}],"translations":[{"id":920719,"resource_id":134,"text":"Orang-orang yang tidak beriman kepada hari kiamat meminta supaya hari itu segera didatangkan dan orang-orang yang beriman merasa takut kepadanya dan mereka yakin bahwa kiamat itu adalah benar (akan terjadi).  Ketahuilah bahwa sesungguhnya orang-orang yang membantah tentang terjadinya kiamat itu benar-benar dalam kesesatan yang jauh."}]},{"id":4291,"verse_number":19,"verse_key":"42:19","juz_number":25,"hizb_number":49,"rub_el_hizb_number":194,"ruku_number":422,"manzil_number":6,"sajdah_number":null,"text_uthmani":"ٱللَّهُ لَطِيفٌۢ بِعِبَادِهِۦ يَرْزُقُ مَن يَشَآءُ ۖ وَهُوَ ٱلْقَوِىُّ ٱلْعَزِيزُ","page_number":485,"words":[{"id":21256,"position":1,"audio_url":"wbw/042_019_001.mp3","qpc_uthmani_hafs":"ٱللَّهُ","char_type_name":"word","page_number":485,"line_number":7,"text":"ﮊ","translation":{"text":"Allah","language_name":"english","language_id":38},"transliteration":{"text":"al-lahu","language_name":"english","language_id":38}},{"id":21257,"position":2,"audio_url":"wbw/042_019_002.mp3","qpc_uthmani_hafs":"لَطِيفُۢ","char_type_name":"word","page_number":485,"line_number":7,"text":"ﮋ","translation":{"text":"(is) Subtle","language_name":"english","language_id":38},"transliteration":{"text":"laṭīfun","language_name":"english","language_id":38}},{"id":21258,"position":3,"audio_url":"wbw/042_019_003.mp3","qpc_uthmani_hafs":"بِعِبَادِهِۦ","char_type_name":"word","page_number":485,"line_number":7,"text":"ﮌ","translation":{"text":"with His slaves","language_name":"english","language_id":38},"transliteration":{"text":"biʿibādihi","language_name":"english","language_id":38}},{"id":21259,"position":4,"audio_url":"wbw/042_019_004.mp3","qpc_uthmani_hafs":"يَرۡزُقُ","char_type_name":"word","page_number":485,"line_number":7,"text":"ﮍ","translation":{"text":"He gives provision","language_name":"english","language_id":38},"transliteration":{"text":"yarzuqu","language_name":"english","language_id":38}},{"id":21260,"position":5,"audio_url":"wbw/042_019_005.mp3","qpc_uthmani_hafs":"مَن","char_type_name":"word","page_number":485,"line_number":7,"text":"ﮎ","translation":{"text":"(to) whom","language_name":"english","language_id":38},"transliteration":{"text":"man","language_name":"english","language_id":38}},{"id":21261,"position":6,"audio_url":"wbw/042_019_006.mp3","qpc_uthmani_hafs":"يَشَآءُۖ","char_type_name":"word","page_number":485,"line_number":7,"text":"ﮏﮐ","translation":{"text":"He wills","language_name":"english","language_id":38},"transliteration":{"text":"yashāu","language_name":"english","language_id":38}},{"id":21263,"position":7,"audio_url":"wbw/042_019_008.mp3","qpc_uthmani_hafs":"وَهُوَ","char_type_name":"word","page_number":485,"line_number":7,"text":"ﮑ","translation":{"text":"And He","language_name":"english","language_id":38},"transliteration":{"text":"wahuwa","language_name":"english","language_id":38}},{"id":21264,"position":8,"audio_url":"wbw/042_019_009.mp3","qpc_uthmani_hafs":"ٱلۡقَوِيُّ","char_type_name":"word","page_number":485,"line_number":7,"text":"ﮒ","translation":{"text":"(is) the All-Strong","language_name":"english","language_id":38},"transliteration":{"text":"l-qawiyu","language_name":"english","language_id":38}},{"id":21265,"position":9,"audio_url":"wbw/042_019_010.mp3","qpc_uthmani_hafs":"ٱلۡعَزِيزُ","char_type_name":"word","page_number":485,"line_number":7,"text":"ﮓ","translation":{"text":"the All-Mighty","language_name":"english","language_id":38},"transliteration":{"text":"l-ʿazīzu","language_name":"english","language_id":38}},{"id":21266,"position":10,"audio_url":null,"qpc_uthmani_hafs":"١٩","char_type_name":"end","page_number":485,"line_number":8,"text":"ﮔ","translation":{"text":"(19)","language_name":"english","language_id":38},"transliteration":{"text":null,"language_name":"english","language_id":38}}],"translations":[{"id":920720,"resource_id":134,"text":"Allah Maha lembut terhadap hamba-hamba-Nya; Dia memberi rezeki kepada yang dikehendaki-Nya dan Dia-lah Yang Maha Kuat lagi Maha Perkasa."}]},{"id":4292,"verse_number":20,"verse_key":"42:20","juz_number":25,"hizb_number":49,"rub_el_hizb_number":194,"ruku_number":423,"manzil_number":6,"sajdah_number":null,"text_uthmani":"مَن كَانَ يُرِيدُ حَرْثَ ٱلْـَٔاخِرَةِ نَزِدْ لَهُۥ فِى حَرْثِهِۦ ۖ وَمَن كَانَ يُرِيدُ حَرْثَ ٱلدُّنْيَا نُؤْتِهِۦ مِنْهَا وَمَا لَهُۥ فِى ٱلْـَٔاخِرَةِ مِن نَّصِيبٍ","page_number":485,"words":[{"id":22345,"position":1,"audio_url":"wbw/042_020_001.mp3","qpc_uthmani_hafs":"مَن","char_type_name":"word","page_number":485,"line_number":8,"text":"ﮕ","translation":{"text":"Whoever","language_name":"english","language_id":38},"transliteration":{"text":"man","language_name":"english","language_id":38}},{"id":22346,"position":2,"audio_url":"wbw/042_020_002.mp3","qpc_uthmani_hafs":"كَانَ","char_type_name":"word","page_number":485,"line_number":8,"text":"ﮖ","translation":{"text":"is","language_name":"english","language_id":38},"transliteration":{"text":"kāna","language_name":"english","language_id":38}},{"id":22347,"position":3,"audio_url":"wbw/042_020_003.mp3","qpc_uthmani_hafs":"يُرِيدُ","char_type_name":"word","page_number":485,"line_number":8,"text":"ﮗ","translation":{"text":"desiring","language_name":"english","language_id":38},"transliteration":{"text":"yurīdu","language_name":"english","language_id":38}},{"id":22348,"position":4,"audio_url":"wbw/042_020_004.mp3","qpc_uthmani_hafs":"حَرۡثَ","char_type_name":"word","page_number":485,"line_number":8,"text":"ﮘ","translation":{"text":"(the) harvest","language_name":"english","language_id":38},"transliteration":{"text":"ḥartha","language_name":"english","language_id":38}},{"id":22349,"position":5,"audio_url":"wbw/042_020_005.mp3","qpc_uthmani_hafs":"ٱلۡأٓخِرَةِ","char_type_name":"word","page_number":485,"line_number":8,"text":"ﮙ","translation":{"text":"(of) the Hereafter ","language_name":"english","language_id":38},"transliteration":{"text":"l-ākhirati","language_name":"english","language_id":38}},{"id":22350,"position":6,"audio_url":"wbw/042_020_006.mp3","qpc_uthmani_hafs":"نَزِدۡ","char_type_name":"word","page_number":485,"line_number":8,"text":"ﮚ","translation":{"text":"We increase","language_name":"english","language_id":38},"transliteration":{"text":"nazid","language_name":"english","language_id":38}},{"id":22351,"position":7,"audio_url":"wbw/042_020_007.mp3","qpc_uthmani_hafs":"لَهُۥ","char_type_name":"word","page_number":485,"line_number":8,"text":"ﮛ","translation":{"text":"for him","language_name":"english","language_id":38},"transliteration":{"text":"lahu","language_name":"english","language_id":38}},{"id":22352,"position":8,"audio_url":"wbw/042_020_008.mp3","qpc_uthmani_hafs":"فِي","char_type_name":"word","page_number":485,"line_number":8,"text":"ﮜ","translation":{"text":"in","language_name":"english","language_id":38},"transliteration":{"text":"fī","language_name":"english","language_id":38}},{"id":22353,"position":9,"audio_url":"wbw/042_020_009.mp3","qpc_uthmani_hafs":"حَرۡثِهِۦۖ","char_type_name":"word","page_number":485,"line_number":8,"text":"ﮝﮞ","translation":{"text":"his harvest","language_name":"english","language_id":38},"transliteration":{"text":"ḥarthihi","language_name":"english","language_id":38}},{"id":22355,"position":10,"audio_url":"wbw/042_020_011.mp3","qpc_uthmani_hafs":"وَمَن","char_type_name":"word","page_number":485,"line_number":8,"text":"ﮟ","translation":{"text":"And whoever","language_name":"english","language_id":38},"transliteration":{"text":"waman","language_name":"english","language_id":38}},{"id":22356,"position":11,"audio_url":"wbw/042_020_012.mp3","qpc_uthmani_hafs":"كَانَ","char_type_name":"word","page_number":485,"line_number":9,"text":"ﮠ","translation":{"text":"is","language_name":"english","language_id":38},"transliteration":{"text":"kāna","language_name":"english","language_id":38}},{"id":22357,"position":12,"audio_url":"wbw/042_020_013.mp3","qpc_uthmani_hafs":"يُرِيدُ","char_type_name":"word","page_number":485,"line_number":9,"text":"ﮡ","translation":{"text":"desiring","language_name":"english","language_id":38},"transliteration":{"text":"yurīdu","language_name":"english","language_id":38}},{"id":22358,"position":13,"audio_url":"wbw/042_020_014.mp3","qpc_uthmani_hafs":"حَرۡثَ","char_type_name":"word","page_number":485,"line_number":9,"text":"ﮢ","translation":{"text":"(the) harvest","language_name":"english","language_id":38},"transliteration":{"text":"ḥartha","language_name":"english","language_id":38}},{"id":22359,"position":14,"audio_url":"wbw/042_020_015.mp3","qpc_uthmani_hafs":"ٱلدُّنۡيَا","char_type_name":"word","page_number":485,"line_number":9,"text":"ﮣ","translation":{"text":"(of) the world","language_name":"english","language_id":38},"transliteration":{"text":"l-dun'yā","language_name":"english","language_id":38}},{"id":22360,"position":15,"audio_url":"wbw/042_020_016.mp3","qpc_uthmani_hafs":"نُؤۡتِهِۦ","char_type_name":"word","page_number":485,"line_number":9,"text":"ﮤ","translation":{"text":"We give him","language_name":"english","language_id":38},"transliteration":{"text":"nu'tihi","language_name":"english","language_id":38}},{"id":22361,"position":16,"audio_url":"wbw/042_020_017.mp3","qpc_uthmani_hafs":"مِنۡهَا","char_type_name":"word","page_number":485,"line_number":9,"text":"ﮥ","translation":{"text":"of it","language_name":"english","language_id":38},"transliteration":{"text":"min'hā","language_name":"english","language_id":38}},{"id":22362,"position":17,"audio_url":"wbw/042_020_018.mp3","qpc_uthmani_hafs":"وَمَا","char_type_name":"word","page_number":485,"line_number":9,"text":"ﮦ","translation":{"text":"but not","language_name":"english","language_id":38},"transliteration":{"text":"wamā","language_name":"english","language_id":38}},{"id":22363,"position":18,"audio_url":"wbw/042_020_019.mp3","qpc_uthmani_hafs":"لَهُۥ","char_type_name":"word","page_number":485,"line_number":9,"text":"ﮧ","translation":{"text":"for him","language_name":"english","language_id":38},"transliteration":{"text":"lahu","language_name":"english","language_id":38}},{"id":22364,"position":19,"audio_url":"wbw/042_020_020.mp3","qpc_uthmani_hafs":"فِي","char_type_name":"word","page_number":485,"line_number":9,"text":"ﮨ","translation":{"text":"in","language_name":"english","language_id":38},"transliteration":{"text":"fī","language_name":"english","language_id":38}},{"id":22365,"position":20,"audio_url":"wbw/042_020_021.mp3","qpc_uthmani_hafs":"ٱلۡأٓخِرَةِ","char_type_name":"word","page_number":485,"line_number":9,"text":"ﮩ","translation":{"text":"the Hereafter","language_name":"english","language_id":38},"transliteration":{"text":"l-ākhirati","language_name":"english","language_id":38}},{"id":22366,"position":21,"audio_url":"wbw/042_020_022.mp3","qpc_uthmani_hafs":"مِن","char_type_name":"word","page_number":485,"line_number":9,"text":"ﮪ","translation":{"text":"any","language_name":"english","language_id":38},"transliteration":{"text":"min","language_name":"english","language_id":38}},{"id":22367,"position":22,"audio_url":"wbw/042_020_023.mp3","qpc_uthmani_hafs":"نَّصِيبٍ","char_type_name":"word","page_number":485,"line_number":10,"text":"ﮫ","translation":{"text":"share","language_name":"english","language_id":38},"transliteration":{"text":"naṣībin","language_name":"english","language_id":38}},{"id":22368,"position":23,"audio_url":null,"qpc_uthmani_hafs":"٢٠","char_type_name":"end","page_number":485,"line_number":10,"text":"ﮬ","translation":{"text":"(20)","language_name":"english","language_id":38},"transliteration":{"text":null,"language_name":"english","language_id":38}}],"translations":[{"id":920721,"resource_id":134,"text":"Barang siapa yang menghendaki keuntungan di akhirat akan Kami tambah keuntungan itu baginya dan barang siapa yang menghendaki keuntungan di dunia, Kami berikan kepadanya sebagian dari keuntungan dunia dan tidak ada baginya suatu bagian pun di akhirat."}]},{"id":4293,"verse_number":21,"verse_key":"42:21","juz_number":25,"hizb_number":49,"rub_el_hizb_number":194,"ruku_number":423,"manzil_number":6,"sajdah_number":null,"text_uthmani":"أَمْ لَهُمْ شُرَكَـٰٓؤُا۟ شَرَعُوا۟ لَهُم مِّنَ ٱلدِّينِ مَا لَمْ يَأْذَنۢ بِهِ ٱللَّهُ ۚ وَلَوْلَا كَلِمَةُ ٱلْفَصْلِ لَقُضِىَ بَيْنَهُمْ ۗ وَإِنَّ ٱلظَّـٰلِمِينَ لَهُمْ عَذَابٌ أَلِيمٌ","page_number":485,"words":[{"id":23463,"position":1,"audio_url":"wbw/042_021_001.mp3","qpc_uthmani_hafs":"أَمۡ","char_type_name":"word","page_number":485,"line_number":10,"text":"ﮭ","translation":{"text":"Or","language_name":"english","language_id":38},"transliteration":{"text":"am","language_name":"english","language_id":38}},{"id":23464,"position":2,"audio_url":"wbw/042_021_002.mp3","qpc_uthmani_hafs":"لَهُمۡ","char_type_name":"word","page_number":485,"line_number":10,"text":"ﮮ","translation":{"text":"for them","language_name":"english","language_id":38},"transliteration":{"text":"lahum","language_name":"english","language_id":38}},{"id":23465,"position":3,"audio_url":"wbw/042_021_003.mp3","qpc_uthmani_hafs":"شُرَكَٰٓؤُاْ","char_type_name":"word","page_number":485,"line_number":10,"text":"ﮯ","translation":{"text":"(are) partners","language_name":"english","language_id":38},"transliteration":{"text":"shurakāu","language_name":"english","language_id":38}},{"id":23466,"position":4,"audio_url":"wbw/042_021_004.mp3","qpc_uthmani_hafs":"شَرَعُواْ","char_type_name":"word","page_number":485,"line_number":10,"text":"ﮰ","translation":{"text":"who have ordained","language_name":"english","language_id":38},"transliteration":{"text":"sharaʿū","language_name":"english","language_id":38}},{"id":23467,"position":5,"audio_url":"wbw/042_021_005.mp3","qpc_uthmani_hafs":"لَهُم","char_type_name":"word","page_number":485,"line_number":10,"text":"ﮱ","translation":{"text":"for them","language_name":"english","language_id":38},"transliteration":{"text":"lahum","language_name":"english","language_id":38}},{"id":23468,"position":6,"audio_url":"wbw/042_021_006.mp3","qpc_uthmani_hafs":"مِّنَ","char_type_name":"word","page_number":485,"line_number":10,"text":"ﯓ","translation":{"text":"of","language_name":"english","language_id":38},"transliteration":{"text":"mina","language_name":"english","language_id":38}},{"id":23469,"position":7,"audio_url":"wbw/042_021_007.mp3","qpc_uthmani_hafs":"ٱلدِّينِ","char_type_name":"word","page_number":485,"line_number":10,"text":"ﯔ","translation":{"text":"the religion","language_name":"english","language_id":38},"transliteration":{"text":"l-dīni","language_name":"english","language_id":38}},{"id":23470,"position":8,"audio_url":"wbw/042_021_008.mp3","qpc_uthmani_hafs":"مَا","char_type_name":"word","page_number":485,"line_number":11,"text":"ﯕ","translation":{"text":"what","language_name":"english","language_id":38},"transliteration":{"text":"mā","language_name":"english","language_id":38}},{"id":23471,"position":9,"audio_url":"wbw/042_021_009.mp3","qpc_uthmani_hafs":"لَمۡ","char_type_name":"word","page_number":485,"line_number":11,"text":"ﯖ","translation":{"text":"not","language_name":"english","language_id":38},"transliteration":{"text":"lam","language_name":"english","language_id":38}},{"id":23472,"position":10,"audio_url":"wbw/042_021_010.mp3","qpc_uthmani_hafs":"يَأۡذَنۢ","char_type_name":"word","page_number":485,"line_number":11,"text":"ﯗ","translation":{"text":"Allah has given permission of it","language_name":"english","language_id":38},"transliteration":{"text":"yadhan","language_name":"english","language_id":38}},{"id":23473,"position":11,"audio_url":"wbw/042_021_011.mp3","qpc_uthmani_hafs":"بِهِ","char_type_name":"word","page_number":485,"line_number":11,"text":"ﯘ","translation":{"text":"Allah has given permission of it","language_name":"english","language_id":38},"transliteration":{"text":"bihi","language_name":"english","language_id":38}},{"id":23474,"position":12,"audio_url":"wbw/042_021_012.mp3","qpc_uthmani_hafs":"ٱللَّهُۚ","char_type_name":"word","page_number":485,"line_number":11,"text":"ﯙﯚ","translation":{"text":"Allah has given permission of it","language_name":"english","language_id":38},"transliteration":{"text":"l-lahu","language_name":"english","language_id":38}},{"id":23476,"position":13,"audio_url":"wbw/042_021_014.mp3","qpc_uthmani_hafs":"وَلَوۡلَا","char_type_name":"word","page_number":485,"line_number":11,"text":"ﯛ","translation":{"text":"And if not","language_name":"english","language_id":38},"transliteration":{"text":"walawlā","language_name":"english","language_id":38}},{"id":23477,"position":14,"audio_url":"wbw/042_021_015.mp3","qpc_uthmani_hafs":"كَلِمَةُ","char_type_name":"word","page_number":485,"line_number":11,"text":"ﯜ","translation":{"text":"(for) a word","language_name":"english","language_id":38},"transliteration":{"text":"kalimatu","language_name":"english","language_id":38}},{"id":23478,"position":15,"audio_url":"wbw/042_021_016.mp3","qpc_uthmani_hafs":"ٱلۡفَصۡلِ","char_type_name":"word","page_number":485,"line_number":11,"text":"ﯝ","translation":{"text":"decisive","language_name":"english","language_id":38},"transliteration":{"text":"l-faṣli","language_name":"english","language_id":38}},{"id":23479,"position":16,"audio_url":"wbw/042_021_017.mp3","qpc_uthmani_hafs":"لَقُضِيَ","char_type_name":"word","page_number":485,"line_number":11,"text":"ﯞ","translation":{"text":"surely, it (would have) been judged","language_name":"english","language_id":38},"transliteration":{"text":"laquḍiya","language_name":"english","language_id":38}},{"id":23480,"position":17,"audio_url":"wbw/042_021_018.mp3","qpc_uthmani_hafs":"بَيۡنَهُمۡۗ","char_type_name":"word","page_number":485,"line_number":11,"text":"ﯟﯠ","translation":{"text":"between them","language_name":"english","language_id":38},"transliteration":{"text":"baynahum","language_name":"english","language_id":38}},{"id":23482,"position":18,"audio_url":"wbw/042_021_020.mp3","qpc_uthmani_hafs":"وَإِنَّ","char_type_name":"word","page_number":485,"line_number":12,"text":"ﯡ","translation":{"text":"And indeed","language_name":"english","language_id":38},"transliteration":{"text":"wa-inna","language_name":"english","language_id":38}},{"id":23483,"position":19,"audio_url":"wbw/042_021_021.mp3","qpc_uthmani_hafs":"ٱلظَّٰلِمِينَ","char_type_name":"word","page_number":485,"line_number":12,"text":"ﯢ","translation":{"text":"the wrongdoers","language_name":"english","language_id":38},"transliteration":{"text":"l-ẓālimīna","language_name":"english","language_id":38}},{"id":23484,"position":20,"audio_url":"wbw/042_021_022.mp3","qpc_uthmani_hafs":"لَهُمۡ","char_type_name":"word","page_number":485,"line_number":12,"text":"ﯣ","translation":{"text":"for them","language_name":"english","language_id":38},"transliteration":{"text":"lahum","language_name":"english","language_id":38}},{"id":23485,"position":21,"audio_url":"wbw/042_021_023.mp3","qpc_uthmani_hafs":"عَذَابٌ","char_type_name":"word","page_number":485,"line_number":12,"text":"ﯤ","translation":{"text":"(is a) punishment","language_name":"english","language_id":38},"transliteration":{"text":"ʿadhābun","language_name":"english","language_id":38}},{"id":23486,"position":22,"audio_url":"wbw/042_021_024.mp3","qpc_uthmani_hafs":"أَلِيمٞ","char_type_name":"word","page_number":485,"line_number":12,"text":"ﯥ","translation":{"text":"painful","language_name":"english","language_id":38},"transliteration":{"text":"alīmun","language_name":"english","language_id":38}},{"id":23487,"position":23,"audio_url":null,"qpc_uthmani_hafs":"٢١","char_type_name":"end","page_number":485,"line_number":12,"text":"ﯦ","translation":{"text":"(21)","language_name":"english","language_id":38},"transliteration":{"text":null,"language_name":"english","language_id":38}}],"translations":[{"id":920722,"resource_id":134,"text":"Apakah mereka mempunyai sembahan-sembahan selain Allah yang mensyariatkan untuk mereka agama yang tidak diizinkan Allah? Sekiranya tak ada ketetapan yang menentukan (dari Allah), tentulah mereka telah dibinasakan.  Dan sesungguhnya, orang-orang yang zalim itu akan memperoleh azab yang amat pedih."}]},{"id":4294,"verse_number":22,"verse_key":"42:22","juz_number":25,"hizb_number":49,"rub_el_hizb_number":194,"ruku_number":423,"manzil_number":6,"sajdah_number":null,"text_uthmani":"تَرَى ٱلظَّـٰلِمِينَ مُشْفِقِينَ مِمَّا كَسَبُوا۟ وَهُوَ وَاقِعٌۢ بِهِمْ ۗ وَٱلَّذِينَ ءَامَنُوا۟ وَعَمِلُوا۟ ٱلصَّـٰلِحَـٰتِ فِى رَوْضَاتِ ٱلْجَنَّاتِ ۖ لَهُم مَّا يَشَآءُونَ عِندَ رَبِّهِمْ ۚ ذَٰلِكَ هُوَ ٱلْفَضْلُ ٱلْكَبِيرُ","page_number":485,"words":[{"id":24491,"position":1,"audio_url":"wbw/042_022_001.mp3","qpc_uthmani_hafs":"تَرَى","char_type_name":"word","page_number":485,"line_number":12,"text":"ﯧ","translation":{"text":"You will see","language_name":"english","language_id":38},"transliteration":{"text":"tarā","language_name":"english","language_id":38}},{"id":24492,"position":2,"audio_url":"wbw/042_022_002.mp3","qpc_uthmani_hafs":"ٱلظَّٰلِمِينَ","char_type_name":"word","page_number":485,"line_number":12,"text":"ﯨ","translation":{"text":"the wrongdoers","language_name":"english","language_id":38},"transliteration":{"text":"l-ẓālimīna","language_name":"english","language_id":38}},{"id":24493,"position":3,"audio_url":"wbw/042_022_003.mp3","qpc_uthmani_hafs":"مُشۡفِقِينَ","char_type_name":"word","page_number":485,"line_number":13,"text":"ﯩ","translation":{"text":"fearful","language_name":"english","language_id":38},"transliteration":{"text":"mush'fiqīna","language_name":"english","language_id":38}},{"id":24494,"position":4,"audio_url":"wbw/042_022_004.mp3","qpc_uthmani_hafs":"مِمَّا","char_type_name":"word","page_number":485,"line_number":13,"text":"ﯪ","translation":{"text":"of what","language_name":"english","language_id":38},"transliteration":{"text":"mimmā","language_name":"english","language_id":38}},{"id":24495,"position":5,"audio_url":"wbw/042_022_005.mp3","qpc_uthmani_hafs":"كَسَبُواْ","char_type_name":"word","page_number":485,"line_number":13,"text":"ﯫ","translation":{"text":"they earned","language_name":"english","language_id":38},"transliteration":{"text":"kasabū","language_name":"english","language_id":38}},{"id":24496,"position":6,"audio_url":"wbw/042_022_006.mp3","qpc_uthmani_hafs":"وَهُوَ","char_type_name":"word","page_number":485,"line_number":13,"text":"ﯬ","translation":{"text":"and it","language_name":"english","language_id":38},"transliteration":{"text":"wahuwa","language_name":"english","language_id":38}},{"id":24497,"position":7,"audio_url":"wbw/042_022_007.mp3","qpc_uthmani_hafs":"وَاقِعُۢ","char_type_name":"word","page_number":485,"line_number":13,"text":"ﯭ","translation":{"text":"(will) befall","language_name":"english","language_id":38},"transliteration":{"text":"wāqiʿun","language_name":"english","language_id":38}},{"id":24498,"position":8,"audio_url":"wbw/042_022_008.mp3","qpc_uthmani_hafs":"بِهِمۡۗ","char_type_name":"word","page_number":485,"line_number":13,"text":"ﯮﯯ","translation":{"text":"[on] them","language_name":"english","language_id":38},"transliteration":{"text":"bihim","language_name":"english","language_id":38}},{"id":24500,"position":9,"audio_url":"wbw/042_022_010.mp3","qpc_uthmani_hafs":"وَٱلَّذِينَ","char_type_name":"word","page_number":485,"line_number":13,"text":"ﯰ","translation":{"text":"And those who","language_name":"english","language_id":38},"transliteration":{"text":"wa-alladhīna","language_name":"english","language_id":38}},{"id":24501,"position":10,"audio_url":"wbw/042_022_011.mp3","qpc_uthmani_hafs":"ءَامَنُواْ","char_type_name":"word","page_number":485,"line_number":14,"text":"ﯱ","translation":{"text":"believe","language_name":"english","language_id":38},"transliteration":{"text":"āmanū","language_name":"english","language_id":38}},{"id":24502,"position":11,"audio_url":"wbw/042_022_012.mp3","qpc_uthmani_hafs":"وَعَمِلُواْ","char_type_name":"word","page_number":485,"line_number":14,"text":"ﯲ","translation":{"text":"and do","language_name":"english","language_id":38},"transliteration":{"text":"waʿamilū","language_name":"english","language_id":38}},{"id":24503,"position":12,"audio_url":"wbw/042_022_013.mp3","qpc_uthmani_hafs":"ٱلصَّٰلِحَٰتِ","char_type_name":"word","page_number":485,"line_number":14,"text":"ﯳ","translation":{"text":"righteous deeds","language_name":"english","language_id":38},"transliteration":{"text":"l-ṣāliḥāti","language_name":"english","language_id":38}},{"id":24504,"position":13,"audio_url":"wbw/042_022_014.mp3","qpc_uthmani_hafs":"فِي","char_type_name":"word","page_number":485,"line_number":14,"text":"ﯴ","translation":{"text":"(will be) in","language_name":"english","language_id":38},"transliteration":{"text":"fī","language_name":"english","language_id":38}},{"id":24505,"position":14,"audio_url":"wbw/042_022_015.mp3","qpc_uthmani_hafs":"رَوۡضَاتِ","char_type_name":"word","page_number":485,"line_number":14,"text":"ﯵ","translation":{"text":"flowering meadows","language_name":"english","language_id":38},"transliteration":{"text":"rawḍāti","language_name":"english","language_id":38}},{"id":24506,"position":15,"audio_url":"wbw/042_022_016.mp3","qpc_uthmani_hafs":"ٱلۡجَنَّاتِۖ","char_type_name":"word","page_number":485,"line_number":14,"text":"ﯶﯷ","translation":{"text":"(of) the Gardens","language_name":"english","language_id":38},"transliteration":{"text":"l-janāti","language_name":"english","language_id":38}},{"id":24508,"position":16,"audio_url":"wbw/042_022_018.mp3","qpc_uthmani_hafs":"لَهُم","char_type_name":"word","page_number":485,"line_number":15,"text":"ﯸ","translation":{"text":"for them","language_name":"english","language_id":38},"transliteration":{"text":"lahum","language_name":"english","language_id":38}},{"id":24509,"position":17,"audio_url":"wbw/042_022_019.mp3","qpc_uthmani_hafs":"مَّا","char_type_name":"word","page_number":485,"line_number":15,"text":"ﯹ","translation":{"text":"(is) whatever","language_name":"english","language_id":38},"transliteration":{"text":"mā","language_name":"english","language_id":38}},{"id":24510,"position":18,"audio_url":"wbw/042_022_020.mp3","qpc_uthmani_hafs":"يَشَآءُونَ","char_type_name":"word","page_number":485,"line_number":15,"text":"ﯺ","translation":{"text":"they wish","language_name":"english","language_id":38},"transliteration":{"text":"yashāūna","language_name":"english","language_id":38}},{"id":24511,"position":19,"audio_url":"wbw/042_022_021.mp3","qpc_uthmani_hafs":"عِندَ","char_type_name":"word","page_number":485,"line_number":15,"text":"ﯻ","translation":{"text":"with","language_name":"english","language_id":38},"transliteration":{"text":"ʿinda","language_name":"english","language_id":38}},{"id":24512,"position":20,"audio_url":"wbw/042_022_022.mp3","qpc_uthmani_hafs":"رَبِّهِمۡۚ","char_type_name":"word","page_number":485,"line_number":15,"text":"ﯼﯽ","translation":{"text":"their Lord","language_name":"english","language_id":38},"transliteration":{"text":"rabbihim","language_name":"english","language_id":38}},{"id":24514,"position":21,"audio_url":"wbw/042_022_024.mp3","qpc_uthmani_hafs":"ذَٰلِكَ","char_type_name":"word","page_number":485,"line_number":15,"text":"ﯾ","translation":{"text":"That ","language_name":"english","language_id":38},"transliteration":{"text":"dhālika","language_name":"english","language_id":38}},{"id":24515,"position":22,"audio_url":"wbw/042_022_025.mp3","qpc_uthmani_hafs":"هُوَ","char_type_name":"word","page_number":485,"line_number":15,"text":"ﯿ","translation":{"text":"it","language_name":"english","language_id":38},"transliteration":{"text":"huwa","language_name":"english","language_id":38}},{"id":24516,"position":23,"audio_url":"wbw/042_022_026.mp3","qpc_uthmani_hafs":"ٱلۡفَضۡلُ","char_type_name":"word","page_number":485,"line_number":15,"text":"ﰀ","translation":{"text":"(is) the Bounty","language_name":"english","language_id":38},"transliteration":{"text":"l-faḍlu","language_name":"english","language_id":38}},{"id":24517,"position":24,"audio_url":"wbw/042_022_027.mp3","qpc_uthmani_hafs":"ٱلۡكَبِيرُ","char_type_name":"word","page_number":485,"line_number":15,"text":"ﰁ","translation":{"text":"the Great","language_name":"english","language_id":38},"transliteration":{"text":"l-kabīru","language_name":"english","language_id":38}},{"id":24518,"position":25,"audio_url":null,"qpc_uthmani_hafs":"٢٢","char_type_name":"end","page_number":485,"line_number":15,"text":"ﰂ","translation":{"text":"(22)","language_name":"english","language_id":38},"transliteration":{"text":null,"language_name":"english","language_id":38}}],"translations":[{"id":920723,"resource_id":134,"text":"Kamu lihat orang-orang yang zalim sangat ketakutan karena kejahatan-kejahatan yang telah mereka kerjakan, sedang siksaan menimpa mereka.  Dan orang-orang yang beriman serta mengerjakan amal saleh (berada) di dalam taman-taman surga, mereka memperoleh apa yang mereka kehendaki di sisi Tuhan mereka.  Yang demikian itu adalah karunia yang besar."}]}],"pagination":{"per_page":50,"current_page":1,"next_page":null,"total_pages":1,"total_records":7}}