{"verses":[{"id":4324,"verse_number":52,"verse_key":"42:52","juz_number":25,"hizb_number":49,"rub_el_hizb_number":196,"ruku_number":425,"manzil_number":6,"sajdah_number":null,"text_uthmani":"وَكَذَٰلِكَ أَوْحَيْنَآ إِلَيْكَ رُوحًا مِّنْ أَمْرِنَا ۚ مَا كُنتَ تَدْرِى مَا ٱلْكِتَـٰبُ وَلَا ٱلْإِيمَـٰنُ وَلَـٰكِن جَعَلْنَـٰهُ نُورًا نَّهْدِى بِهِۦ مَن نَّشَآءُ مِنْ عِبَادِنَا ۚ وَإِنَّكَ لَتَهْدِىٓ إِلَىٰ صِرَٰطٍ مُّسْتَقِيمٍ","page_number":489,"words":[{"id":49768,"position":1,"audio_url":"wbw/042_052_001.mp3","qpc_uthmani_hafs":"وَكَذَٰلِكَ","char_type_name":"word","page_number":489,"line_number":1,"text":"ﭑ","translation":{"text":"And thus","language_name":"english","language_id":38},"transliteration":{"text":"wakadhālika","language_name":"english","language_id":38}},{"id":49769,"position":2,"audio_url":"wbw/042_052_002.mp3","qpc_uthmani_hafs":"أَوۡحَيۡنَآ","char_type_name":"word","page_number":489,"line_number":1,"text":"ﭒ","translation":{"text":"We have revealed","language_name":"english","language_id":38},"transliteration":{"text":"awḥaynā","language_name":"english","language_id":38}},{"id":49770,"position":3,"audio_url":"wbw/042_052_003.mp3","qpc_uthmani_hafs":"إِلَيۡكَ","char_type_name":"word","page_number":489,"line_number":1,"text":"ﭓ","translation":{"text":"to you","language_name":"english","language_id":38},"transliteration":{"text":"ilayka","language_name":"english","language_id":38}},{"id":49771,"position":4,"audio_url":"wbw/042_052_004.mp3","qpc_uthmani_hafs":"رُوحٗا","char_type_name":"word","page_number":489,"line_number":1,"text":"ﭔ","translation":{"text":"an inspiration","language_name":"english","language_id":38},"transliteration":{"text":"rūḥan","language_name":"english","language_id":38}},{"id":49772,"position":5,"audio_url":"wbw/042_052_005.mp3","qpc_uthmani_hafs":"مِّنۡ","char_type_name":"word","page_number":489,"line_number":1,"text":"ﭕ","translation":{"text":"by","language_name":"english","language_id":38},"transliteration":{"text":"min","language_name":"english","language_id":38}},{"id":49773,"position":6,"audio_url":"wbw/042_052_006.mp3","qpc_uthmani_hafs":"أَمۡرِنَاۚ","char_type_name":"word","page_number":489,"line_number":1,"text":"ﭖﭗ","translation":{"text":"Our Command","language_name":"english","language_id":38},"transliteration":{"text":"amrinā","language_name":"english","language_id":38}},{"id":49775,"position":7,"audio_url":"wbw/042_052_008.mp3","qpc_uthmani_hafs":"مَا","char_type_name":"word","page_number":489,"line_number":1,"text":"ﭘ","translation":{"text":"Not","language_name":"english","language_id":38},"transliteration":{"text":"mā","language_name":"english","language_id":38}},{"id":49776,"position":8,"audio_url":"wbw/042_052_009.mp3","qpc_uthmani_hafs":"كُنتَ","char_type_name":"word","page_number":489,"line_number":1,"text":"ﭙ","translation":{"text":"(did) you","language_name":"english","language_id":38},"transliteration":{"text":"kunta","language_name":"english","language_id":38}},{"id":49777,"position":9,"audio_url":"wbw/042_052_010.mp3","qpc_uthmani_hafs":"تَدۡرِي","char_type_name":"word","page_number":489,"line_number":1,"text":"ﭚ","translation":{"text":"know","language_name":"english","language_id":38},"transliteration":{"text":"tadrī","language_name":"english","language_id":38}},{"id":49778,"position":10,"audio_url":"wbw/042_052_011.mp3","qpc_uthmani_hafs":"مَا","char_type_name":"word","page_number":489,"line_number":1,"text":"ﭛ","translation":{"text":"what","language_name":"english","language_id":38},"transliteration":{"text":"mā","language_name":"english","language_id":38}},{"id":49779,"position":11,"audio_url":"wbw/042_052_012.mp3","qpc_uthmani_hafs":"ٱلۡكِتَٰبُ","char_type_name":"word","page_number":489,"line_number":1,"text":"ﭜ","translation":{"text":"the Book (is)","language_name":"english","language_id":38},"transliteration":{"text":"l-kitābu","language_name":"english","language_id":38}},{"id":49780,"position":12,"audio_url":"wbw/042_052_013.mp3","qpc_uthmani_hafs":"وَلَا","char_type_name":"word","page_number":489,"line_number":2,"text":"ﭝ","translation":{"text":"and not","language_name":"english","language_id":38},"transliteration":{"text":"walā","language_name":"english","language_id":38}},{"id":49781,"position":13,"audio_url":"wbw/042_052_014.mp3","qpc_uthmani_hafs":"ٱلۡإِيمَٰنُ","char_type_name":"word","page_number":489,"line_number":2,"text":"ﭞ","translation":{"text":"the faith","language_name":"english","language_id":38},"transliteration":{"text":"l-īmānu","language_name":"english","language_id":38}},{"id":49782,"position":14,"audio_url":"wbw/042_052_015.mp3","qpc_uthmani_hafs":"وَلَٰكِن","char_type_name":"word","page_number":489,"line_number":2,"text":"ﭟ","translation":{"text":"But","language_name":"english","language_id":38},"transliteration":{"text":"walākin","language_name":"english","language_id":38}},{"id":49783,"position":15,"audio_url":"wbw/042_052_016.mp3","qpc_uthmani_hafs":"جَعَلۡنَٰهُ","char_type_name":"word","page_number":489,"line_number":2,"text":"ﭠ","translation":{"text":"We have made it","language_name":"english","language_id":38},"transliteration":{"text":"jaʿalnāhu","language_name":"english","language_id":38}},{"id":49784,"position":16,"audio_url":"wbw/042_052_017.mp3","qpc_uthmani_hafs":"نُورٗا","char_type_name":"word","page_number":489,"line_number":2,"text":"ﭡ","translation":{"text":"a light","language_name":"english","language_id":38},"transliteration":{"text":"nūran","language_name":"english","language_id":38}},{"id":49785,"position":17,"audio_url":"wbw/042_052_018.mp3","qpc_uthmani_hafs":"نَّهۡدِي","char_type_name":"word","page_number":489,"line_number":2,"text":"ﭢ","translation":{"text":"We guide","language_name":"english","language_id":38},"transliteration":{"text":"nahdī","language_name":"english","language_id":38}},{"id":49786,"position":18,"audio_url":"wbw/042_052_019.mp3","qpc_uthmani_hafs":"بِهِۦ","char_type_name":"word","page_number":489,"line_number":2,"text":"ﭣ","translation":{"text":"with it","language_name":"english","language_id":38},"transliteration":{"text":"bihi","language_name":"english","language_id":38}},{"id":49787,"position":19,"audio_url":"wbw/042_052_020.mp3","qpc_uthmani_hafs":"مَن","char_type_name":"word","page_number":489,"line_number":2,"text":"ﭤ","translation":{"text":"whom","language_name":"english","language_id":38},"transliteration":{"text":"man","language_name":"english","language_id":38}},{"id":49788,"position":20,"audio_url":"wbw/042_052_021.mp3","qpc_uthmani_hafs":"نَّشَآءُ","char_type_name":"word","page_number":489,"line_number":2,"text":"ﭥ","translation":{"text":"We will","language_name":"english","language_id":38},"transliteration":{"text":"nashāu","language_name":"english","language_id":38}},{"id":49789,"position":21,"audio_url":"wbw/042_052_022.mp3","qpc_uthmani_hafs":"مِنۡ","char_type_name":"word","page_number":489,"line_number":2,"text":"ﭦ","translation":{"text":"of","language_name":"english","language_id":38},"transliteration":{"text":"min","language_name":"english","language_id":38}},{"id":49790,"position":22,"audio_url":"wbw/042_052_023.mp3","qpc_uthmani_hafs":"عِبَادِنَاۚ","char_type_name":"word","page_number":489,"line_number":2,"text":"ﭧﭨ","translation":{"text":"Our slaves","language_name":"english","language_id":38},"transliteration":{"text":"ʿibādinā","language_name":"english","language_id":38}},{"id":49792,"position":23,"audio_url":"wbw/042_052_025.mp3","qpc_uthmani_hafs":"وَإِنَّكَ","char_type_name":"word","page_number":489,"line_number":3,"text":"ﭩ","translation":{"text":"And indeed, you","language_name":"english","language_id":38},"transliteration":{"text":"wa-innaka","language_name":"english","language_id":38}},{"id":49793,"position":24,"audio_url":"wbw/042_052_026.mp3","qpc_uthmani_hafs":"لَتَهۡدِيٓ","char_type_name":"word","page_number":489,"line_number":3,"text":"ﭪ","translation":{"text":"surely guide","language_name":"english","language_id":38},"transliteration":{"text":"latahdī","language_name":"english","language_id":38}},{"id":49794,"position":25,"audio_url":"wbw/042_052_027.mp3","qpc_uthmani_hafs":"إِلَىٰ","char_type_name":"word","page_number":489,"line_number":3,"text":"ﭫ","translation":{"text":"to","language_name":"english","language_id":38},"transliteration":{"text":"ilā","language_name":"english","language_id":38}},{"id":49795,"position":26,"audio_url":"wbw/042_052_028.mp3","qpc_uthmani_hafs":"صِرَٰطٖ","char_type_name":"word","page_number":489,"line_number":3,"text":"ﭬ","translation":{"text":"(the) Path","language_name":"english","language_id":38},"transliteration":{"text":"ṣirāṭin","language_name":"english","language_id":38}},{"id":49796,"position":27,"audio_url":"wbw/042_052_029.mp3","qpc_uthmani_hafs":"مُّسۡتَقِيمٖ","char_type_name":"word","page_number":489,"line_number":3,"text":"ﭭ","translation":{"text":"Straight","language_name":"english","language_id":38},"transliteration":{"text":"mus'taqīmin","language_name":"english","language_id":38}},{"id":49797,"position":28,"audio_url":null,"qpc_uthmani_hafs":"٥٢","char_type_name":"end","page_number":489,"line_number":3,"text":"ﭮ","translation":{"text":"(52)","language_name":"english","language_id":38},"transliteration":{"text":null,"language_name":"english","language_id":38}}],"translations":[{"id":920753,"resource_id":134,"text":"Dan demikianlah, Kami wahyukan kepadamu wahyu (Al-Qur`ān) dengan perintah Kami. Sebelumnya, kamu tidaklah mengetahui apakah Alkitab (Al-Qur`ān) dan tidak pula mengetahui apakah iman itu, tetapi Kami menjadikan Al-Qur`ān itu cahaya yang Kami tunjuki dengan dia siapa yang kami kehendaki di antara hamba-hamba Kami.  Dan sesungguhnya, kamu benar-benar memberi petunjuk kepada jalan yang lurus."}]},{"id":4325,"verse_number":53,"verse_key":"42:53","juz_number":25,"hizb_number":49,"rub_el_hizb_number":196,"ruku_number":425,"manzil_number":6,"sajdah_number":null,"text_uthmani":"صِرَٰطِ ٱللَّهِ ٱلَّذِى لَهُۥ مَا فِى ٱلسَّمَـٰوَٰتِ وَمَا فِى ٱلْأَرْضِ ۗ أَلَآ إِلَى ٱللَّهِ تَصِيرُ ٱلْأُمُورُ","page_number":489,"words":[{"id":50398,"position":1,"audio_url":"wbw/042_053_001.mp3","qpc_uthmani_hafs":"صِرَٰطِ","char_type_name":"word","page_number":489,"line_number":3,"text":"ﭯ","translation":{"text":"(The) path","language_name":"english","language_id":38},"transliteration":{"text":"ṣirāṭi","language_name":"english","language_id":38}},{"id":50399,"position":2,"audio_url":"wbw/042_053_002.mp3","qpc_uthmani_hafs":"ٱللَّهِ","char_type_name":"word","page_number":489,"line_number":3,"text":"ﭰ","translation":{"text":"(of) Allah","language_name":"english","language_id":38},"transliteration":{"text":"l-lahi","language_name":"english","language_id":38}},{"id":50400,"position":3,"audio_url":"wbw/042_053_003.mp3","qpc_uthmani_hafs":"ٱلَّذِي","char_type_name":"word","page_number":489,"line_number":3,"text":"ﭱ","translation":{"text":"the One","language_name":"english","language_id":38},"transliteration":{"text":"alladhī","language_name":"english","language_id":38}},{"id":50401,"position":4,"audio_url":"wbw/042_053_004.mp3","qpc_uthmani_hafs":"لَهُۥ","char_type_name":"word","page_number":489,"line_number":3,"text":"ﭲ","translation":{"text":"to Whom","language_name":"english","language_id":38},"transliteration":{"text":"lahu","language_name":"english","language_id":38}},{"id":50402,"position":5,"audio_url":"wbw/042_053_005.mp3","qpc_uthmani_hafs":"مَا","char_type_name":"word","page_number":489,"line_number":4,"text":"ﭳ","translation":{"text":"(belongs) whatever","language_name":"english","language_id":38},"transliteration":{"text":"mā","language_name":"english","language_id":38}},{"id":50403,"position":6,"audio_url":"wbw/042_053_006.mp3","qpc_uthmani_hafs":"فِي","char_type_name":"word","page_number":489,"line_number":4,"text":"ﭴ","translation":{"text":"(is) in","language_name":"english","language_id":38},"transliteration":{"text":"fī","language_name":"english","language_id":38}},{"id":50404,"position":7,"audio_url":"wbw/042_053_007.mp3","qpc_uthmani_hafs":"ٱلسَّمَٰوَٰتِ","char_type_name":"word","page_number":489,"line_number":4,"text":"ﭵ","translation":{"text":"the heavens","language_name":"english","language_id":38},"transliteration":{"text":"l-samāwāti","language_name":"english","language_id":38}},{"id":50405,"position":8,"audio_url":"wbw/042_053_008.mp3","qpc_uthmani_hafs":"وَمَا","char_type_name":"word","page_number":489,"line_number":4,"text":"ﭶ","translation":{"text":"and whatever","language_name":"english","language_id":38},"transliteration":{"text":"wamā","language_name":"english","language_id":38}},{"id":50406,"position":9,"audio_url":"wbw/042_053_009.mp3","qpc_uthmani_hafs":"فِي","char_type_name":"word","page_number":489,"line_number":4,"text":"ﭷ","translation":{"text":"(is) in","language_name":"english","language_id":38},"transliteration":{"text":"fī","language_name":"english","language_id":38}},{"id":50407,"position":10,"audio_url":"wbw/042_053_010.mp3","qpc_uthmani_hafs":"ٱلۡأَرۡضِۗ","char_type_name":"word","page_number":489,"line_number":4,"text":"ﭸﭹ","translation":{"text":"the earth","language_name":"english","language_id":38},"transliteration":{"text":"l-arḍi","language_name":"english","language_id":38}},{"id":50409,"position":11,"audio_url":"wbw/042_053_012.mp3","qpc_uthmani_hafs":"أَلَآ","char_type_name":"word","page_number":489,"line_number":4,"text":"ﭺ","translation":{"text":"Unquestionably","language_name":"english","language_id":38},"transliteration":{"text":"alā","language_name":"english","language_id":38}},{"id":50410,"position":12,"audio_url":"wbw/042_053_013.mp3","qpc_uthmani_hafs":"إِلَى","char_type_name":"word","page_number":489,"line_number":4,"text":"ﭻ","translation":{"text":"To","language_name":"english","language_id":38},"transliteration":{"text":"ilā","language_name":"english","language_id":38}},{"id":50411,"position":13,"audio_url":"wbw/042_053_014.mp3","qpc_uthmani_hafs":"ٱللَّهِ","char_type_name":"word","page_number":489,"line_number":4,"text":"ﭼ","translation":{"text":"Allah","language_name":"english","language_id":38},"transliteration":{"text":"l-lahi","language_name":"english","language_id":38}},{"id":50412,"position":14,"audio_url":"wbw/042_053_015.mp3","qpc_uthmani_hafs":"تَصِيرُ","char_type_name":"word","page_number":489,"line_number":4,"text":"ﭽ","translation":{"text":"reach","language_name":"english","language_id":38},"transliteration":{"text":"taṣīru","language_name":"english","language_id":38}},{"id":50413,"position":15,"audio_url":"wbw/042_053_016.mp3","qpc_uthmani_hafs":"ٱلۡأُمُورُ","char_type_name":"word","page_number":489,"line_number":4,"text":"ﭾ","translation":{"text":"all affairs","language_name":"english","language_id":38},"transliteration":{"text":"l-umūru","language_name":"english","language_id":38}},{"id":50414,"position":16,"audio_url":null,"qpc_uthmani_hafs":"٥٣","char_type_name":"end","page_number":489,"line_number":4,"text":"ﭿ","translation":{"text":"(53)","language_name":"english","language_id":38},"transliteration":{"text":null,"language_name":"english","language_id":38}}],"translations":[{"id":920754,"resource_id":134,"text":"(Yaitu) jalan Allah yang kepunyaan-Nya segala apa yang ada di langit dan apa yang ada di bumi. Ingatlah bahwa kepada Allah-lah kembali semua urusan."}]},{"id":4326,"verse_number":1,"verse_key":"43:1","juz_number":25,"hizb_number":49,"rub_el_hizb_number":196,"ruku_number":426,"manzil_number":6,"sajdah_number":null,"text_uthmani":" حمٓ","page_number":489,"words":[{"id":135,"position":1,"audio_url":"wbw/043_001_001.mp3","qpc_uthmani_hafs":"حمٓ","char_type_name":"word","page_number":489,"line_number":7,"text":"ﮀ","translation":{"text":"Ha Meem","language_name":"english","language_id":38},"transliteration":{"text":"hha-meem","language_name":"english","language_id":38}},{"id":136,"position":2,"audio_url":null,"qpc_uthmani_hafs":"١","char_type_name":"end","page_number":489,"line_number":7,"text":"ﮁ","translation":{"text":"(1)","language_name":"english","language_id":38},"transliteration":{"text":null,"language_name":"english","language_id":38}}],"translations":[{"id":920755,"resource_id":134,"text":"Ḥā  Mīm <sup foot_note=211118>1</sup>."}]},{"id":4327,"verse_number":2,"verse_key":"43:2","juz_number":25,"hizb_number":49,"rub_el_hizb_number":196,"ruku_number":426,"manzil_number":6,"sajdah_number":null,"text_uthmani":"وَٱلْكِتَـٰبِ ٱلْمُبِينِ","page_number":489,"words":[{"id":974,"position":1,"audio_url":"wbw/043_002_001.mp3","qpc_uthmani_hafs":"وَٱلۡكِتَٰبِ","char_type_name":"word","page_number":489,"line_number":7,"text":"ﮂ","translation":{"text":"By the Book","language_name":"english","language_id":38},"transliteration":{"text":"wal-kitābi","language_name":"english","language_id":38}},{"id":975,"position":2,"audio_url":"wbw/043_002_002.mp3","qpc_uthmani_hafs":"ٱلۡمُبِينِ","char_type_name":"word","page_number":489,"line_number":7,"text":"ﮃ","translation":{"text":"the clear","language_name":"english","language_id":38},"transliteration":{"text":"l-mubīni","language_name":"english","language_id":38}},{"id":976,"position":3,"audio_url":null,"qpc_uthmani_hafs":"٢","char_type_name":"end","page_number":489,"line_number":7,"text":"ﮄ","translation":{"text":"(2)","language_name":"english","language_id":38},"transliteration":{"text":null,"language_name":"english","language_id":38}}],"translations":[{"id":920756,"resource_id":134,"text":"Demi Kitab (Al-Qur`ān) yang menerangkan."}]},{"id":4328,"verse_number":3,"verse_key":"43:3","juz_number":25,"hizb_number":49,"rub_el_hizb_number":196,"ruku_number":426,"manzil_number":6,"sajdah_number":null,"text_uthmani":"إِنَّا جَعَلْنَـٰهُ قُرْءَٰنًا عَرَبِيًّا لَّعَلَّكُمْ تَعْقِلُونَ","page_number":489,"words":[{"id":2076,"position":1,"audio_url":"wbw/043_003_001.mp3","qpc_uthmani_hafs":"إِنَّا","char_type_name":"word","page_number":489,"line_number":7,"text":"ﮅ","translation":{"text":"Indeed, We","language_name":"english","language_id":38},"transliteration":{"text":"innā","language_name":"english","language_id":38}},{"id":2077,"position":2,"audio_url":"wbw/043_003_002.mp3","qpc_uthmani_hafs":"جَعَلۡنَٰهُ","char_type_name":"word","page_number":489,"line_number":7,"text":"ﮆ","translation":{"text":"(have) made it","language_name":"english","language_id":38},"transliteration":{"text":"jaʿalnāhu","language_name":"english","language_id":38}},{"id":2078,"position":3,"audio_url":"wbw/043_003_003.mp3","qpc_uthmani_hafs":"قُرۡءَٰنًا","char_type_name":"word","page_number":489,"line_number":7,"text":"ﮇ","translation":{"text":"a Quran","language_name":"english","language_id":38},"transliteration":{"text":"qur'ānan","language_name":"english","language_id":38}},{"id":2079,"position":4,"audio_url":"wbw/043_003_004.mp3","qpc_uthmani_hafs":"عَرَبِيّٗا","char_type_name":"word","page_number":489,"line_number":7,"text":"ﮈ","translation":{"text":"(in) Arabic","language_name":"english","language_id":38},"transliteration":{"text":"ʿarabiyyan","language_name":"english","language_id":38}},{"id":2080,"position":5,"audio_url":"wbw/043_003_005.mp3","qpc_uthmani_hafs":"لَّعَلَّكُمۡ","char_type_name":"word","page_number":489,"line_number":8,"text":"ﮉ","translation":{"text":"so that you may","language_name":"english","language_id":38},"transliteration":{"text":"laʿallakum","language_name":"english","language_id":38}},{"id":2081,"position":6,"audio_url":"wbw/043_003_006.mp3","qpc_uthmani_hafs":"تَعۡقِلُونَ","char_type_name":"word","page_number":489,"line_number":8,"text":"ﮊ","translation":{"text":"understand","language_name":"english","language_id":38},"transliteration":{"text":"taʿqilūna","language_name":"english","language_id":38}},{"id":2082,"position":7,"audio_url":null,"qpc_uthmani_hafs":"٣","char_type_name":"end","page_number":489,"line_number":8,"text":"ﮋ","translation":{"text":"(3)","language_name":"english","language_id":38},"transliteration":{"text":null,"language_name":"english","language_id":38}}],"translations":[{"id":920757,"resource_id":134,"text":"Sesungguhnya Kami menjadikan Al-Qur`ān dalam bahasa Arab supaya kamu memahami(nya)."}]},{"id":4329,"verse_number":4,"verse_key":"43:4","juz_number":25,"hizb_number":49,"rub_el_hizb_number":196,"ruku_number":426,"manzil_number":6,"sajdah_number":null,"text_uthmani":"وَإِنَّهُۥ فِىٓ أُمِّ ٱلْكِتَـٰبِ لَدَيْنَا لَعَلِىٌّ حَكِيمٌ","page_number":489,"words":[{"id":3343,"position":1,"audio_url":"wbw/043_004_001.mp3","qpc_uthmani_hafs":"وَإِنَّهُۥ","char_type_name":"word","page_number":489,"line_number":8,"text":"ﮌ","translation":{"text":"And indeed, it","language_name":"english","language_id":38},"transliteration":{"text":"wa-innahu","language_name":"english","language_id":38}},{"id":3344,"position":2,"audio_url":"wbw/043_004_002.mp3","qpc_uthmani_hafs":"فِيٓ","char_type_name":"word","page_number":489,"line_number":8,"text":"ﮍ","translation":{"text":"(is) in","language_name":"english","language_id":38},"transliteration":{"text":"fī","language_name":"english","language_id":38}},{"id":3345,"position":3,"audio_url":"wbw/043_004_003.mp3","qpc_uthmani_hafs":"أُمِّ","char_type_name":"word","page_number":489,"line_number":8,"text":"ﮎ","translation":{"text":"(the) Mother","language_name":"english","language_id":38},"transliteration":{"text":"ummi","language_name":"english","language_id":38}},{"id":3346,"position":4,"audio_url":"wbw/043_004_004.mp3","qpc_uthmani_hafs":"ٱلۡكِتَٰبِ","char_type_name":"word","page_number":489,"line_number":8,"text":"ﮏ","translation":{"text":"(of) the Book","language_name":"english","language_id":38},"transliteration":{"text":"l-kitābi","language_name":"english","language_id":38}},{"id":3347,"position":5,"audio_url":"wbw/043_004_005.mp3","qpc_uthmani_hafs":"لَدَيۡنَا","char_type_name":"word","page_number":489,"line_number":8,"text":"ﮐ","translation":{"text":"with Us","language_name":"english","language_id":38},"transliteration":{"text":"ladaynā","language_name":"english","language_id":38}},{"id":3348,"position":6,"audio_url":"wbw/043_004_006.mp3","qpc_uthmani_hafs":"لَعَلِيٌّ","char_type_name":"word","page_number":489,"line_number":9,"text":"ﮑ","translation":{"text":"surely exalted","language_name":"english","language_id":38},"transliteration":{"text":"laʿaliyyun","language_name":"english","language_id":38}},{"id":3349,"position":7,"audio_url":"wbw/043_004_007.mp3","qpc_uthmani_hafs":"حَكِيمٌ","char_type_name":"word","page_number":489,"line_number":9,"text":"ﮒ","translation":{"text":"full of wisdom","language_name":"english","language_id":38},"transliteration":{"text":"ḥakīmun","language_name":"english","language_id":38}},{"id":3350,"position":8,"audio_url":null,"qpc_uthmani_hafs":"٤","char_type_name":"end","page_number":489,"line_number":9,"text":"ﮓ","translation":{"text":"(4)","language_name":"english","language_id":38},"transliteration":{"text":null,"language_name":"english","language_id":38}}],"translations":[{"id":920758,"resource_id":134,"text":"Dan sesungguhnya, Al-Qur`ān itu dalam induk Alkitab (Lawḥ Maḥfūẓ) di sisi Kami adalah benar-benar tinggi (nilainya) dan amat banyak mengandung hikmah."}]},{"id":4330,"verse_number":5,"verse_key":"43:5","juz_number":25,"hizb_number":49,"rub_el_hizb_number":196,"ruku_number":426,"manzil_number":6,"sajdah_number":null,"text_uthmani":"أَفَنَضْرِبُ عَنكُمُ ٱلذِّكْرَ صَفْحًا أَن كُنتُمْ قَوْمًا مُّسْرِفِينَ","page_number":489,"words":[{"id":4710,"position":1,"audio_url":"wbw/043_005_001.mp3","qpc_uthmani_hafs":"أَفَنَضۡرِبُ","char_type_name":"word","page_number":489,"line_number":9,"text":"ﮔ","translation":{"text":"Then should We take away","language_name":"english","language_id":38},"transliteration":{"text":"afanaḍribu","language_name":"english","language_id":38}},{"id":4711,"position":2,"audio_url":"wbw/043_005_002.mp3","qpc_uthmani_hafs":"عَنكُمُ","char_type_name":"word","page_number":489,"line_number":9,"text":"ﮕ","translation":{"text":"from you","language_name":"english","language_id":38},"transliteration":{"text":"ʿankumu","language_name":"english","language_id":38}},{"id":4712,"position":3,"audio_url":"wbw/043_005_003.mp3","qpc_uthmani_hafs":"ٱلذِّكۡرَ","char_type_name":"word","page_number":489,"line_number":9,"text":"ﮖ","translation":{"text":"the Reminder","language_name":"english","language_id":38},"transliteration":{"text":"l-dhik'ra","language_name":"english","language_id":38}},{"id":4713,"position":4,"audio_url":"wbw/043_005_004.mp3","qpc_uthmani_hafs":"صَفۡحًا","char_type_name":"word","page_number":489,"line_number":9,"text":"ﮗ","translation":{"text":"disregarding (you)","language_name":"english","language_id":38},"transliteration":{"text":"ṣafḥan","language_name":"english","language_id":38}},{"id":4714,"position":5,"audio_url":"wbw/043_005_005.mp3","qpc_uthmani_hafs":"أَن","char_type_name":"word","page_number":489,"line_number":10,"text":"ﮘ","translation":{"text":"because","language_name":"english","language_id":38},"transliteration":{"text":"an","language_name":"english","language_id":38}},{"id":4715,"position":6,"audio_url":"wbw/043_005_006.mp3","qpc_uthmani_hafs":"كُنتُمۡ","char_type_name":"word","page_number":489,"line_number":10,"text":"ﮙ","translation":{"text":"you are","language_name":"english","language_id":38},"transliteration":{"text":"kuntum","language_name":"english","language_id":38}},{"id":4716,"position":7,"audio_url":"wbw/043_005_007.mp3","qpc_uthmani_hafs":"قَوۡمٗا","char_type_name":"word","page_number":489,"line_number":10,"text":"ﮚ","translation":{"text":"a people","language_name":"english","language_id":38},"transliteration":{"text":"qawman","language_name":"english","language_id":38}},{"id":4717,"position":8,"audio_url":"wbw/043_005_008.mp3","qpc_uthmani_hafs":"مُّسۡرِفِينَ","char_type_name":"word","page_number":489,"line_number":10,"text":"ﮛ","translation":{"text":"transgressing","language_name":"english","language_id":38},"transliteration":{"text":"mus'rifīna","language_name":"english","language_id":38}},{"id":4718,"position":9,"audio_url":null,"qpc_uthmani_hafs":"٥","char_type_name":"end","page_number":489,"line_number":10,"text":"ﮜ","translation":{"text":"(5)","language_name":"english","language_id":38},"transliteration":{"text":null,"language_name":"english","language_id":38}}],"translations":[{"id":920759,"resource_id":134,"text":"Maka apakah Kami akan berhenti menurunkan Al-Qur`ān kepadamu karena kamu adalah kaum yang melampaui batas?"}]},{"id":4331,"verse_number":6,"verse_key":"43:6","juz_number":25,"hizb_number":49,"rub_el_hizb_number":196,"ruku_number":426,"manzil_number":6,"sajdah_number":null,"text_uthmani":"وَكَمْ أَرْسَلْنَا مِن نَّبِىٍّ فِى ٱلْأَوَّلِينَ","page_number":489,"words":[{"id":5980,"position":1,"audio_url":"wbw/043_006_001.mp3","qpc_uthmani_hafs":"وَكَمۡ","char_type_name":"word","page_number":489,"line_number":10,"text":"ﮝ","translation":{"text":"And how many","language_name":"english","language_id":38},"transliteration":{"text":"wakam","language_name":"english","language_id":38}},{"id":5981,"position":2,"audio_url":"wbw/043_006_002.mp3","qpc_uthmani_hafs":"أَرۡسَلۡنَا","char_type_name":"word","page_number":489,"line_number":10,"text":"ﮞ","translation":{"text":"We sent","language_name":"english","language_id":38},"transliteration":{"text":"arsalnā","language_name":"english","language_id":38}},{"id":5982,"position":3,"audio_url":"wbw/043_006_003.mp3","qpc_uthmani_hafs":"مِن","char_type_name":"word","page_number":489,"line_number":10,"text":"ﮟ","translation":{"text":"of","language_name":"english","language_id":38},"transliteration":{"text":"min","language_name":"english","language_id":38}},{"id":5983,"position":4,"audio_url":"wbw/043_006_004.mp3","qpc_uthmani_hafs":"نَّبِيّٖ","char_type_name":"word","page_number":489,"line_number":10,"text":"ﮠ","translation":{"text":"a Prophet","language_name":"english","language_id":38},"transliteration":{"text":"nabiyyin","language_name":"english","language_id":38}},{"id":5984,"position":5,"audio_url":"wbw/043_006_005.mp3","qpc_uthmani_hafs":"فِي","char_type_name":"word","page_number":489,"line_number":10,"text":"ﮡ","translation":{"text":"among","language_name":"english","language_id":38},"transliteration":{"text":"fī","language_name":"english","language_id":38}},{"id":5985,"position":6,"audio_url":"wbw/043_006_006.mp3","qpc_uthmani_hafs":"ٱلۡأَوَّلِينَ","char_type_name":"word","page_number":489,"line_number":11,"text":"ﮢ","translation":{"text":"the former (people)","language_name":"english","language_id":38},"transliteration":{"text":"l-awalīna","language_name":"english","language_id":38}},{"id":5986,"position":7,"audio_url":null,"qpc_uthmani_hafs":"٦","char_type_name":"end","page_number":489,"line_number":11,"text":"ﮣ","translation":{"text":"(6)","language_name":"english","language_id":38},"transliteration":{"text":null,"language_name":"english","language_id":38}}],"translations":[{"id":920760,"resource_id":134,"text":"Berapa banyaknya nabi-nabi yang telah Kami utus kepada umat-umat yang terdahulu."}]},{"id":4332,"verse_number":7,"verse_key":"43:7","juz_number":25,"hizb_number":49,"rub_el_hizb_number":196,"ruku_number":426,"manzil_number":6,"sajdah_number":null,"text_uthmani":"وَمَا يَأْتِيهِم مِّن نَّبِىٍّ إِلَّا كَانُوا۟ بِهِۦ يَسْتَهْزِءُونَ","page_number":489,"words":[{"id":7292,"position":1,"audio_url":"wbw/043_007_001.mp3","qpc_uthmani_hafs":"وَمَا","char_type_name":"word","page_number":489,"line_number":11,"text":"ﮤ","translation":{"text":"And not","language_name":"english","language_id":38},"transliteration":{"text":"wamā","language_name":"english","language_id":38}},{"id":7293,"position":2,"audio_url":"wbw/043_007_002.mp3","qpc_uthmani_hafs":"يَأۡتِيهِم","char_type_name":"word","page_number":489,"line_number":11,"text":"ﮥ","translation":{"text":"came to them","language_name":"english","language_id":38},"transliteration":{"text":"yatīhim","language_name":"english","language_id":38}},{"id":7294,"position":3,"audio_url":"wbw/043_007_003.mp3","qpc_uthmani_hafs":"مِّن","char_type_name":"word","page_number":489,"line_number":11,"text":"ﮦ","translation":{"text":"any Prophet","language_name":"english","language_id":38},"transliteration":{"text":"min","language_name":"english","language_id":38}},{"id":7295,"position":4,"audio_url":"wbw/043_007_004.mp3","qpc_uthmani_hafs":"نَّبِيٍّ","char_type_name":"word","page_number":489,"line_number":11,"text":"ﮧ","translation":{"text":"any Prophet","language_name":"english","language_id":38},"transliteration":{"text":"nabiyyin","language_name":"english","language_id":38}},{"id":7296,"position":5,"audio_url":"wbw/043_007_005.mp3","qpc_uthmani_hafs":"إِلَّا","char_type_name":"word","page_number":489,"line_number":11,"text":"ﮨ","translation":{"text":"but","language_name":"english","language_id":38},"transliteration":{"text":"illā","language_name":"english","language_id":38}},{"id":7297,"position":6,"audio_url":"wbw/043_007_006.mp3","qpc_uthmani_hafs":"كَانُواْ","char_type_name":"word","page_number":489,"line_number":11,"text":"ﮩ","translation":{"text":"they used to","language_name":"english","language_id":38},"transliteration":{"text":"kānū","language_name":"english","language_id":38}},{"id":7298,"position":7,"audio_url":"wbw/043_007_007.mp3","qpc_uthmani_hafs":"بِهِۦ","char_type_name":"word","page_number":489,"line_number":11,"text":"ﮪ","translation":{"text":"mock at him","language_name":"english","language_id":38},"transliteration":{"text":"bihi","language_name":"english","language_id":38}},{"id":7299,"position":8,"audio_url":"wbw/043_007_008.mp3","qpc_uthmani_hafs":"يَسۡتَهۡزِءُونَ","char_type_name":"word","page_number":489,"line_number":11,"text":"ﮫ","translation":{"text":"mock at him","language_name":"english","language_id":38},"transliteration":{"text":"yastahziūna","language_name":"english","language_id":38}},{"id":7300,"position":9,"audio_url":null,"qpc_uthmani_hafs":"٧","char_type_name":"end","page_number":489,"line_number":12,"text":"ﮬ","translation":{"text":"(7)","language_name":"english","language_id":38},"transliteration":{"text":null,"language_name":"english","language_id":38}}],"translations":[{"id":920761,"resource_id":134,"text":"Dan tiada seorang nabi pun datang kepada mereka, melainkan mereka selalu memperolok-olokkannya."}]},{"id":4333,"verse_number":8,"verse_key":"43:8","juz_number":25,"hizb_number":49,"rub_el_hizb_number":196,"ruku_number":426,"manzil_number":6,"sajdah_number":null,"text_uthmani":"فَأَهْلَكْنَآ أَشَدَّ مِنْهُم بَطْشًا وَمَضَىٰ مَثَلُ ٱلْأَوَّلِينَ","page_number":489,"words":[{"id":8563,"position":1,"audio_url":"wbw/043_008_001.mp3","qpc_uthmani_hafs":"فَأَهۡلَكۡنَآ","char_type_name":"word","page_number":489,"line_number":12,"text":"ﮭ","translation":{"text":"Then We destroyed","language_name":"english","language_id":38},"transliteration":{"text":"fa-ahlaknā","language_name":"english","language_id":38}},{"id":8564,"position":2,"audio_url":"wbw/043_008_002.mp3","qpc_uthmani_hafs":"أَشَدَّ","char_type_name":"word","page_number":489,"line_number":12,"text":"ﮮ","translation":{"text":"stronger","language_name":"english","language_id":38},"transliteration":{"text":"ashadda","language_name":"english","language_id":38}},{"id":8565,"position":3,"audio_url":"wbw/043_008_003.mp3","qpc_uthmani_hafs":"مِنۡهُم","char_type_name":"word","page_number":489,"line_number":12,"text":"ﮯ","translation":{"text":"than them","language_name":"english","language_id":38},"transliteration":{"text":"min'hum","language_name":"english","language_id":38}},{"id":8566,"position":4,"audio_url":"wbw/043_008_004.mp3","qpc_uthmani_hafs":"بَطۡشٗا","char_type_name":"word","page_number":489,"line_number":12,"text":"ﮰ","translation":{"text":"(in) power","language_name":"english","language_id":38},"transliteration":{"text":"baṭshan","language_name":"english","language_id":38}},{"id":8567,"position":5,"audio_url":"wbw/043_008_005.mp3","qpc_uthmani_hafs":"وَمَضَىٰ","char_type_name":"word","page_number":489,"line_number":12,"text":"ﮱ","translation":{"text":"and has passed","language_name":"english","language_id":38},"transliteration":{"text":"wamaḍā","language_name":"english","language_id":38}},{"id":8568,"position":6,"audio_url":"wbw/043_008_006.mp3","qpc_uthmani_hafs":"مَثَلُ","char_type_name":"word","page_number":489,"line_number":12,"text":"ﯓ","translation":{"text":"(the) example","language_name":"english","language_id":38},"transliteration":{"text":"mathalu","language_name":"english","language_id":38}},{"id":8569,"position":7,"audio_url":"wbw/043_008_007.mp3","qpc_uthmani_hafs":"ٱلۡأَوَّلِينَ","char_type_name":"word","page_number":489,"line_number":12,"text":"ﯔ","translation":{"text":"(of) the former (people)","language_name":"english","language_id":38},"transliteration":{"text":"l-awalīna","language_name":"english","language_id":38}},{"id":8570,"position":8,"audio_url":null,"qpc_uthmani_hafs":"٨","char_type_name":"end","page_number":489,"line_number":13,"text":"ﯕ","translation":{"text":"(8)","language_name":"english","language_id":38},"transliteration":{"text":null,"language_name":"english","language_id":38}}],"translations":[{"id":920762,"resource_id":134,"text":"Maka telah Kami binasakan orang-orang yang lebih besar kekuatannya dari mereka itu (musyrikin Mekah) dan telah terdahulu (tersebut dalam Al-Qur`ān) perumpamaan umat-umat masa dahulu."}]},{"id":4334,"verse_number":9,"verse_key":"43:9","juz_number":25,"hizb_number":49,"rub_el_hizb_number":196,"ruku_number":426,"manzil_number":6,"sajdah_number":null,"text_uthmani":"وَلَئِن سَأَلْتَهُم مَّنْ خَلَقَ ٱلسَّمَـٰوَٰتِ وَٱلْأَرْضَ لَيَقُولُنَّ خَلَقَهُنَّ ٱلْعَزِيزُ ٱلْعَلِيمُ","page_number":489,"words":[{"id":9771,"position":1,"audio_url":"wbw/043_009_001.mp3","qpc_uthmani_hafs":"وَلَئِن","char_type_name":"word","page_number":489,"line_number":13,"text":"ﯖ","translation":{"text":"And if","language_name":"english","language_id":38},"transliteration":{"text":"wala-in","language_name":"english","language_id":38}},{"id":9772,"position":2,"audio_url":"wbw/043_009_002.mp3","qpc_uthmani_hafs":"سَأَلۡتَهُم","char_type_name":"word","page_number":489,"line_number":13,"text":"ﯗ","translation":{"text":"you ask them","language_name":"english","language_id":38},"transliteration":{"text":"sa-altahum","language_name":"english","language_id":38}},{"id":9773,"position":3,"audio_url":"wbw/043_009_003.mp3","qpc_uthmani_hafs":"مَّنۡ","char_type_name":"word","page_number":489,"line_number":13,"text":"ﯘ","translation":{"text":"Who","language_name":"english","language_id":38},"transliteration":{"text":"man","language_name":"english","language_id":38}},{"id":9774,"position":4,"audio_url":"wbw/043_009_004.mp3","qpc_uthmani_hafs":"خَلَقَ","char_type_name":"word","page_number":489,"line_number":13,"text":"ﯙ","translation":{"text":"created","language_name":"english","language_id":38},"transliteration":{"text":"khalaqa","language_name":"english","language_id":38}},{"id":9775,"position":5,"audio_url":"wbw/043_009_005.mp3","qpc_uthmani_hafs":"ٱلسَّمَٰوَٰتِ","char_type_name":"word","page_number":489,"line_number":13,"text":"ﯚ","translation":{"text":"the heavens","language_name":"english","language_id":38},"transliteration":{"text":"l-samāwāti","language_name":"english","language_id":38}},{"id":9776,"position":6,"audio_url":"wbw/043_009_006.mp3","qpc_uthmani_hafs":"وَٱلۡأَرۡضَ","char_type_name":"word","page_number":489,"line_number":13,"text":"ﯛ","translation":{"text":"and the earth","language_name":"english","language_id":38},"transliteration":{"text":"wal-arḍa","language_name":"english","language_id":38}},{"id":9777,"position":7,"audio_url":"wbw/043_009_007.mp3","qpc_uthmani_hafs":"لَيَقُولُنَّ","char_type_name":"word","page_number":489,"line_number":13,"text":"ﯜ","translation":{"text":"They will surely say","language_name":"english","language_id":38},"transliteration":{"text":"layaqūlunna","language_name":"english","language_id":38}},{"id":9778,"position":8,"audio_url":"wbw/043_009_008.mp3","qpc_uthmani_hafs":"خَلَقَهُنَّ","char_type_name":"word","page_number":489,"line_number":14,"text":"ﯝ","translation":{"text":"Created them","language_name":"english","language_id":38},"transliteration":{"text":"khalaqahunna","language_name":"english","language_id":38}},{"id":9779,"position":9,"audio_url":"wbw/043_009_009.mp3","qpc_uthmani_hafs":"ٱلۡعَزِيزُ","char_type_name":"word","page_number":489,"line_number":14,"text":"ﯞ","translation":{"text":"the All-Mighty","language_name":"english","language_id":38},"transliteration":{"text":"l-ʿazīzu","language_name":"english","language_id":38}},{"id":9780,"position":10,"audio_url":"wbw/043_009_010.mp3","qpc_uthmani_hafs":"ٱلۡعَلِيمُ","char_type_name":"word","page_number":489,"line_number":14,"text":"ﯟ","translation":{"text":"the All-Knower","language_name":"english","language_id":38},"transliteration":{"text":"l-ʿalīmu","language_name":"english","language_id":38}},{"id":9781,"position":11,"audio_url":null,"qpc_uthmani_hafs":"٩","char_type_name":"end","page_number":489,"line_number":14,"text":"ﯠ","translation":{"text":"(9)","language_name":"english","language_id":38},"transliteration":{"text":null,"language_name":"english","language_id":38}}],"translations":[{"id":920763,"resource_id":134,"text":"Dan sungguh jika kamu tanyakan kepada mereka, \"Siapakah yang menciptakan langit dan bumi?\", niscaya mereka akan menjawab, \"Semuanya diciptakan oleh Yang Maha Perkasa lagi Maha Mengetahui\"."}]},{"id":4335,"verse_number":10,"verse_key":"43:10","juz_number":25,"hizb_number":49,"rub_el_hizb_number":196,"ruku_number":426,"manzil_number":6,"sajdah_number":null,"text_uthmani":"ٱلَّذِى جَعَلَ لَكُمُ ٱلْأَرْضَ مَهْدًا وَجَعَلَ لَكُمْ فِيهَا سُبُلًا لَّعَلَّكُمْ تَهْتَدُونَ","page_number":489,"words":[{"id":10903,"position":1,"audio_url":"wbw/043_010_001.mp3","qpc_uthmani_hafs":"ٱلَّذِي","char_type_name":"word","page_number":489,"line_number":14,"text":"ﯡ","translation":{"text":"The One Who","language_name":"english","language_id":38},"transliteration":{"text":"alladhī","language_name":"english","language_id":38}},{"id":10904,"position":2,"audio_url":"wbw/043_010_002.mp3","qpc_uthmani_hafs":"جَعَلَ","char_type_name":"word","page_number":489,"line_number":14,"text":"ﯢ","translation":{"text":"made","language_name":"english","language_id":38},"transliteration":{"text":"jaʿala","language_name":"english","language_id":38}},{"id":10905,"position":3,"audio_url":"wbw/043_010_003.mp3","qpc_uthmani_hafs":"لَكُمُ","char_type_name":"word","page_number":489,"line_number":14,"text":"ﯣ","translation":{"text":"for you","language_name":"english","language_id":38},"transliteration":{"text":"lakumu","language_name":"english","language_id":38}},{"id":10906,"position":4,"audio_url":"wbw/043_010_004.mp3","qpc_uthmani_hafs":"ٱلۡأَرۡضَ","char_type_name":"word","page_number":489,"line_number":14,"text":"ﯤ","translation":{"text":"the earth","language_name":"english","language_id":38},"transliteration":{"text":"l-arḍa","language_name":"english","language_id":38}},{"id":10907,"position":5,"audio_url":"wbw/043_010_005.mp3","qpc_uthmani_hafs":"مَهۡدٗا","char_type_name":"word","page_number":489,"line_number":15,"text":"ﯥ","translation":{"text":"a bed","language_name":"english","language_id":38},"transliteration":{"text":"mahdan","language_name":"english","language_id":38}},{"id":10908,"position":6,"audio_url":"wbw/043_010_006.mp3","qpc_uthmani_hafs":"وَجَعَلَ","char_type_name":"word","page_number":489,"line_number":15,"text":"ﯦ","translation":{"text":"and made","language_name":"english","language_id":38},"transliteration":{"text":"wajaʿala","language_name":"english","language_id":38}},{"id":10909,"position":7,"audio_url":"wbw/043_010_007.mp3","qpc_uthmani_hafs":"لَكُمۡ","char_type_name":"word","page_number":489,"line_number":15,"text":"ﯧ","translation":{"text":"for you","language_name":"english","language_id":38},"transliteration":{"text":"lakum","language_name":"english","language_id":38}},{"id":10910,"position":8,"audio_url":"wbw/043_010_008.mp3","qpc_uthmani_hafs":"فِيهَا","char_type_name":"word","page_number":489,"line_number":15,"text":"ﯨ","translation":{"text":"therein","language_name":"english","language_id":38},"transliteration":{"text":"fīhā","language_name":"english","language_id":38}},{"id":10911,"position":9,"audio_url":"wbw/043_010_009.mp3","qpc_uthmani_hafs":"سُبُلٗا","char_type_name":"word","page_number":489,"line_number":15,"text":"ﯩ","translation":{"text":"roads","language_name":"english","language_id":38},"transliteration":{"text":"subulan","language_name":"english","language_id":38}},{"id":10912,"position":10,"audio_url":"wbw/043_010_010.mp3","qpc_uthmani_hafs":"لَّعَلَّكُمۡ","char_type_name":"word","page_number":489,"line_number":15,"text":"ﯪ","translation":{"text":"so that you may","language_name":"english","language_id":38},"transliteration":{"text":"laʿallakum","language_name":"english","language_id":38}},{"id":10913,"position":11,"audio_url":"wbw/043_010_011.mp3","qpc_uthmani_hafs":"تَهۡتَدُونَ","char_type_name":"word","page_number":489,"line_number":15,"text":"ﯫ","translation":{"text":"(be) guided","language_name":"english","language_id":38},"transliteration":{"text":"tahtadūna","language_name":"english","language_id":38}},{"id":10914,"position":12,"audio_url":null,"qpc_uthmani_hafs":"١٠","char_type_name":"end","page_number":489,"line_number":15,"text":"ﯬ","translation":{"text":"(10)","language_name":"english","language_id":38},"transliteration":{"text":null,"language_name":"english","language_id":38}}],"translations":[{"id":920764,"resource_id":134,"text":"Yang menjadikan bumi untuk kamu sebagai tempat menetap dan Dia membuat jalan-jalan di atas bumi untuk kamu supaya kamu mendapat petunjuk."}]}],"pagination":{"per_page":50,"current_page":1,"next_page":null,"total_pages":1,"total_records":12}}