{"verses":[{"id":4348,"verse_number":23,"verse_key":"43:23","juz_number":25,"hizb_number":49,"rub_el_hizb_number":196,"ruku_number":427,"manzil_number":6,"sajdah_number":null,"text_uthmani":"وَكَذَٰلِكَ مَآ أَرْسَلْنَا مِن قَبْلِكَ فِى قَرْيَةٍ مِّن نَّذِيرٍ إِلَّا قَالَ مُتْرَفُوهَآ إِنَّا وَجَدْنَآ ءَابَآءَنَا عَلَىٰٓ أُمَّةٍ وَإِنَّا عَلَىٰٓ ءَاثَـٰرِهِم مُّقْتَدُونَ","page_number":491,"words":[{"id":25609,"position":1,"audio_url":"wbw/043_023_001.mp3","qpc_uthmani_hafs":"وَكَذَٰلِكَ","char_type_name":"word","page_number":491,"line_number":1,"text":"ﭑ","translation":{"text":"And thus","language_name":"english","language_id":38},"transliteration":{"text":"wakadhālika","language_name":"english","language_id":38}},{"id":25610,"position":2,"audio_url":"wbw/043_023_002.mp3","qpc_uthmani_hafs":"مَآ","char_type_name":"word","page_number":491,"line_number":1,"text":"ﭒ","translation":{"text":"not","language_name":"english","language_id":38},"transliteration":{"text":"mā","language_name":"english","language_id":38}},{"id":25611,"position":3,"audio_url":"wbw/043_023_003.mp3","qpc_uthmani_hafs":"أَرۡسَلۡنَا","char_type_name":"word","page_number":491,"line_number":1,"text":"ﭓ","translation":{"text":"We sent","language_name":"english","language_id":38},"transliteration":{"text":"arsalnā","language_name":"english","language_id":38}},{"id":25612,"position":4,"audio_url":"wbw/043_023_004.mp3","qpc_uthmani_hafs":"مِن","char_type_name":"word","page_number":491,"line_number":1,"text":"ﭔ","translation":{"text":"before you","language_name":"english","language_id":38},"transliteration":{"text":"min","language_name":"english","language_id":38}},{"id":25613,"position":5,"audio_url":"wbw/043_023_005.mp3","qpc_uthmani_hafs":"قَبۡلِكَ","char_type_name":"word","page_number":491,"line_number":1,"text":"ﭕ","translation":{"text":"before you","language_name":"english","language_id":38},"transliteration":{"text":"qablika","language_name":"english","language_id":38}},{"id":25614,"position":6,"audio_url":"wbw/043_023_006.mp3","qpc_uthmani_hafs":"فِي","char_type_name":"word","page_number":491,"line_number":1,"text":"ﭖ","translation":{"text":"in","language_name":"english","language_id":38},"transliteration":{"text":"fī","language_name":"english","language_id":38}},{"id":25615,"position":7,"audio_url":"wbw/043_023_007.mp3","qpc_uthmani_hafs":"قَرۡيَةٖ","char_type_name":"word","page_number":491,"line_number":1,"text":"ﭗ","translation":{"text":"a town","language_name":"english","language_id":38},"transliteration":{"text":"qaryatin","language_name":"english","language_id":38}},{"id":25616,"position":8,"audio_url":"wbw/043_023_008.mp3","qpc_uthmani_hafs":"مِّن","char_type_name":"word","page_number":491,"line_number":1,"text":"ﭘ","translation":{"text":"any","language_name":"english","language_id":38},"transliteration":{"text":"min","language_name":"english","language_id":38}},{"id":25617,"position":9,"audio_url":"wbw/043_023_009.mp3","qpc_uthmani_hafs":"نَّذِيرٍ","char_type_name":"word","page_number":491,"line_number":1,"text":"ﭙ","translation":{"text":"warner","language_name":"english","language_id":38},"transliteration":{"text":"nadhīrin","language_name":"english","language_id":38}},{"id":25618,"position":10,"audio_url":"wbw/043_023_010.mp3","qpc_uthmani_hafs":"إِلَّا","char_type_name":"word","page_number":491,"line_number":1,"text":"ﭚ","translation":{"text":"except","language_name":"english","language_id":38},"transliteration":{"text":"illā","language_name":"english","language_id":38}},{"id":25619,"position":11,"audio_url":"wbw/043_023_011.mp3","qpc_uthmani_hafs":"قَالَ","char_type_name":"word","page_number":491,"line_number":1,"text":"ﭛ","translation":{"text":"said","language_name":"english","language_id":38},"transliteration":{"text":"qāla","language_name":"english","language_id":38}},{"id":25620,"position":12,"audio_url":"wbw/043_023_012.mp3","qpc_uthmani_hafs":"مُتۡرَفُوهَآ","char_type_name":"word","page_number":491,"line_number":1,"text":"ﭜ","translation":{"text":"(the) wealthy ones of it","language_name":"english","language_id":38},"transliteration":{"text":"mut'rafūhā","language_name":"english","language_id":38}},{"id":25621,"position":13,"audio_url":"wbw/043_023_013.mp3","qpc_uthmani_hafs":"إِنَّا","char_type_name":"word","page_number":491,"line_number":2,"text":"ﭝ","translation":{"text":"Indeed, we","language_name":"english","language_id":38},"transliteration":{"text":"innā","language_name":"english","language_id":38}},{"id":25622,"position":14,"audio_url":"wbw/043_023_014.mp3","qpc_uthmani_hafs":"وَجَدۡنَآ","char_type_name":"word","page_number":491,"line_number":2,"text":"ﭞ","translation":{"text":"[we] found","language_name":"english","language_id":38},"transliteration":{"text":"wajadnā","language_name":"english","language_id":38}},{"id":25623,"position":15,"audio_url":"wbw/043_023_015.mp3","qpc_uthmani_hafs":"ءَابَآءَنَا","char_type_name":"word","page_number":491,"line_number":2,"text":"ﭟ","translation":{"text":"our forefathers","language_name":"english","language_id":38},"transliteration":{"text":"ābāanā","language_name":"english","language_id":38}},{"id":25624,"position":16,"audio_url":"wbw/043_023_016.mp3","qpc_uthmani_hafs":"عَلَىٰٓ","char_type_name":"word","page_number":491,"line_number":2,"text":"ﭠ","translation":{"text":"on","language_name":"english","language_id":38},"transliteration":{"text":"ʿalā","language_name":"english","language_id":38}},{"id":25625,"position":17,"audio_url":"wbw/043_023_017.mp3","qpc_uthmani_hafs":"أُمَّةٖ","char_type_name":"word","page_number":491,"line_number":2,"text":"ﭡ","translation":{"text":"a religion","language_name":"english","language_id":38},"transliteration":{"text":"ummatin","language_name":"english","language_id":38}},{"id":25626,"position":18,"audio_url":"wbw/043_023_018.mp3","qpc_uthmani_hafs":"وَإِنَّا","char_type_name":"word","page_number":491,"line_number":2,"text":"ﭢ","translation":{"text":"and indeed, we","language_name":"english","language_id":38},"transliteration":{"text":"wa-innā","language_name":"english","language_id":38}},{"id":25627,"position":19,"audio_url":"wbw/043_023_019.mp3","qpc_uthmani_hafs":"عَلَىٰٓ","char_type_name":"word","page_number":491,"line_number":2,"text":"ﭣ","translation":{"text":"[on]","language_name":"english","language_id":38},"transliteration":{"text":"ʿalā","language_name":"english","language_id":38}},{"id":25628,"position":20,"audio_url":"wbw/043_023_020.mp3","qpc_uthmani_hafs":"ءَاثَٰرِهِم","char_type_name":"word","page_number":491,"line_number":2,"text":"ﭤ","translation":{"text":"their footsteps","language_name":"english","language_id":38},"transliteration":{"text":"āthārihim","language_name":"english","language_id":38}},{"id":25629,"position":21,"audio_url":"wbw/043_023_021.mp3","qpc_uthmani_hafs":"مُّقۡتَدُونَ","char_type_name":"word","page_number":491,"line_number":2,"text":"ﭥ","translation":{"text":"(are) following","language_name":"english","language_id":38},"transliteration":{"text":"muq'tadūna","language_name":"english","language_id":38}},{"id":25630,"position":22,"audio_url":null,"qpc_uthmani_hafs":"٢٣","char_type_name":"end","page_number":491,"line_number":2,"text":"ﭦ","translation":{"text":"(23)","language_name":"english","language_id":38},"transliteration":{"text":null,"language_name":"english","language_id":38}}],"translations":[{"id":920777,"resource_id":134,"text":"Dan demikianlah, Kami tidak mengutus sebelum kamu seorang pemberi peringatan pun dalam suatu negeri, melainkan orang-orang yang hidup mewah di negeri itu berkata, \"Sesungguhnya kami mendapati bapak-bapak kami menganut suatu agama dan sesungguhnya kami adalah pengikut jejak-jejak mereka.\""}]},{"id":4349,"verse_number":24,"verse_key":"43:24","juz_number":25,"hizb_number":50,"rub_el_hizb_number":197,"ruku_number":427,"manzil_number":6,"sajdah_number":null,"text_uthmani":"۞ قَـٰلَ أَوَلَوْ جِئْتُكُم بِأَهْدَىٰ مِمَّا وَجَدتُّمْ عَلَيْهِ ءَابَآءَكُمْ ۖ قَالُوٓا۟ إِنَّا بِمَآ أُرْسِلْتُم بِهِۦ كَـٰفِرُونَ","page_number":491,"words":[{"id":26673,"position":1,"audio_url":"wbw/043_024_002.mp3","qpc_uthmani_hafs":"۞ قَٰلَ","char_type_name":"word","page_number":491,"line_number":3,"text":"ﭧ ﭨ","translation":{"text":"He said","language_name":"english","language_id":38},"transliteration":{"text":"qāla","language_name":"english","language_id":38}},{"id":26674,"position":2,"audio_url":"wbw/043_024_003.mp3","qpc_uthmani_hafs":"أَوَلَوۡ","char_type_name":"word","page_number":491,"line_number":3,"text":"ﭩ","translation":{"text":"Even if","language_name":"english","language_id":38},"transliteration":{"text":"awalaw","language_name":"english","language_id":38}},{"id":26675,"position":3,"audio_url":"wbw/043_024_004.mp3","qpc_uthmani_hafs":"جِئۡتُكُم","char_type_name":"word","page_number":491,"line_number":3,"text":"ﭪ","translation":{"text":"I brought you","language_name":"english","language_id":38},"transliteration":{"text":"ji'tukum","language_name":"english","language_id":38}},{"id":26676,"position":4,"audio_url":"wbw/043_024_005.mp3","qpc_uthmani_hafs":"بِأَهۡدَىٰ","char_type_name":"word","page_number":491,"line_number":3,"text":"ﭫ","translation":{"text":"better guidance","language_name":"english","language_id":38},"transliteration":{"text":"bi-ahdā","language_name":"english","language_id":38}},{"id":26677,"position":5,"audio_url":"wbw/043_024_006.mp3","qpc_uthmani_hafs":"مِمَّا","char_type_name":"word","page_number":491,"line_number":3,"text":"ﭬ","translation":{"text":"than what","language_name":"english","language_id":38},"transliteration":{"text":"mimmā","language_name":"english","language_id":38}},{"id":26678,"position":6,"audio_url":"wbw/043_024_007.mp3","qpc_uthmani_hafs":"وَجَدتُّمۡ","char_type_name":"word","page_number":491,"line_number":3,"text":"ﭭ","translation":{"text":"you found","language_name":"english","language_id":38},"transliteration":{"text":"wajadttum","language_name":"english","language_id":38}},{"id":26679,"position":7,"audio_url":"wbw/043_024_008.mp3","qpc_uthmani_hafs":"عَلَيۡهِ","char_type_name":"word","page_number":491,"line_number":3,"text":"ﭮ","translation":{"text":"on it","language_name":"english","language_id":38},"transliteration":{"text":"ʿalayhi","language_name":"english","language_id":38}},{"id":26680,"position":8,"audio_url":"wbw/043_024_009.mp3","qpc_uthmani_hafs":"ءَابَآءَكُمۡۖ","char_type_name":"word","page_number":491,"line_number":3,"text":"ﭯﭰ","translation":{"text":"your forefathers","language_name":"english","language_id":38},"transliteration":{"text":"ābāakum","language_name":"english","language_id":38}},{"id":26682,"position":9,"audio_url":"wbw/043_024_011.mp3","qpc_uthmani_hafs":"قَالُوٓاْ","char_type_name":"word","page_number":491,"line_number":3,"text":"ﭱ","translation":{"text":"They said","language_name":"english","language_id":38},"transliteration":{"text":"qālū","language_name":"english","language_id":38}},{"id":26683,"position":10,"audio_url":"wbw/043_024_012.mp3","qpc_uthmani_hafs":"إِنَّا","char_type_name":"word","page_number":491,"line_number":4,"text":"ﭲ","translation":{"text":"Indeed, we","language_name":"english","language_id":38},"transliteration":{"text":"innā","language_name":"english","language_id":38}},{"id":26684,"position":11,"audio_url":"wbw/043_024_013.mp3","qpc_uthmani_hafs":"بِمَآ","char_type_name":"word","page_number":491,"line_number":4,"text":"ﭳ","translation":{"text":"with what","language_name":"english","language_id":38},"transliteration":{"text":"bimā","language_name":"english","language_id":38}},{"id":26685,"position":12,"audio_url":"wbw/043_024_014.mp3","qpc_uthmani_hafs":"أُرۡسِلۡتُم","char_type_name":"word","page_number":491,"line_number":4,"text":"ﭴ","translation":{"text":"you are sent","language_name":"english","language_id":38},"transliteration":{"text":"ur'sil'tum","language_name":"english","language_id":38}},{"id":26686,"position":13,"audio_url":"wbw/043_024_015.mp3","qpc_uthmani_hafs":"بِهِۦ","char_type_name":"word","page_number":491,"line_number":4,"text":"ﭵ","translation":{"text":"with [it]","language_name":"english","language_id":38},"transliteration":{"text":"bihi","language_name":"english","language_id":38}},{"id":26687,"position":14,"audio_url":"wbw/043_024_016.mp3","qpc_uthmani_hafs":"كَٰفِرُونَ","char_type_name":"word","page_number":491,"line_number":4,"text":"ﭶ","translation":{"text":"(are) disbelievers","language_name":"english","language_id":38},"transliteration":{"text":"kāfirūna","language_name":"english","language_id":38}},{"id":26688,"position":15,"audio_url":null,"qpc_uthmani_hafs":"٢٤","char_type_name":"end","page_number":491,"line_number":4,"text":"ﭷ","translation":{"text":"(24)","language_name":"english","language_id":38},"transliteration":{"text":null,"language_name":"english","language_id":38}}],"translations":[{"id":920778,"resource_id":134,"text":"(Rasul itu) berkata, \"Apakah (kamu akan mengikutinya juga) sekali pun aku membawa untukmu (agama) yang lebih (nyata) memberi petunjuk daripada apa yang kamu dapati bapak-bapakmu menganutnya?\" Mereka menjawab, \"Sesungguhnya kami mengingkari agama yang kamu diutus untuk menyampaikannya.\""}]},{"id":4350,"verse_number":25,"verse_key":"43:25","juz_number":25,"hizb_number":50,"rub_el_hizb_number":197,"ruku_number":427,"manzil_number":6,"sajdah_number":null,"text_uthmani":"فَٱنتَقَمْنَا مِنْهُمْ ۖ فَٱنظُرْ كَيْفَ كَانَ عَـٰقِبَةُ ٱلْمُكَذِّبِينَ","page_number":491,"words":[{"id":27692,"position":1,"audio_url":"wbw/043_025_001.mp3","qpc_uthmani_hafs":"فَٱنتَقَمۡنَا","char_type_name":"word","page_number":491,"line_number":4,"text":"ﭸ","translation":{"text":"So We took retribution","language_name":"english","language_id":38},"transliteration":{"text":"fa-intaqamnā","language_name":"english","language_id":38}},{"id":27693,"position":2,"audio_url":"wbw/043_025_002.mp3","qpc_uthmani_hafs":"مِنۡهُمۡۖ","char_type_name":"word","page_number":491,"line_number":4,"text":"ﭹﭺ","translation":{"text":"from them","language_name":"english","language_id":38},"transliteration":{"text":"min'hum","language_name":"english","language_id":38}},{"id":27695,"position":3,"audio_url":"wbw/043_025_004.mp3","qpc_uthmani_hafs":"فَٱنظُرۡ","char_type_name":"word","page_number":491,"line_number":4,"text":"ﭻ","translation":{"text":"Then see","language_name":"english","language_id":38},"transliteration":{"text":"fa-unẓur","language_name":"english","language_id":38}},{"id":27696,"position":4,"audio_url":"wbw/043_025_005.mp3","qpc_uthmani_hafs":"كَيۡفَ","char_type_name":"word","page_number":491,"line_number":4,"text":"ﭼ","translation":{"text":"how","language_name":"english","language_id":38},"transliteration":{"text":"kayfa","language_name":"english","language_id":38}},{"id":27697,"position":5,"audio_url":"wbw/043_025_006.mp3","qpc_uthmani_hafs":"كَانَ","char_type_name":"word","page_number":491,"line_number":5,"text":"ﭽ","translation":{"text":"was","language_name":"english","language_id":38},"transliteration":{"text":"kāna","language_name":"english","language_id":38}},{"id":27698,"position":6,"audio_url":"wbw/043_025_007.mp3","qpc_uthmani_hafs":"عَٰقِبَةُ","char_type_name":"word","page_number":491,"line_number":5,"text":"ﭾ","translation":{"text":"(the) end","language_name":"english","language_id":38},"transliteration":{"text":"ʿāqibatu","language_name":"english","language_id":38}},{"id":27699,"position":7,"audio_url":"wbw/043_025_008.mp3","qpc_uthmani_hafs":"ٱلۡمُكَذِّبِينَ","char_type_name":"word","page_number":491,"line_number":5,"text":"ﭿ","translation":{"text":"(of) the deniers","language_name":"english","language_id":38},"transliteration":{"text":"l-mukadhibīna","language_name":"english","language_id":38}},{"id":27700,"position":8,"audio_url":null,"qpc_uthmani_hafs":"٢٥","char_type_name":"end","page_number":491,"line_number":5,"text":"ﮀ","translation":{"text":"(25)","language_name":"english","language_id":38},"transliteration":{"text":null,"language_name":"english","language_id":38}}],"translations":[{"id":920779,"resource_id":134,"text":"Maka Kami binasakan mereka, maka perhatikanlah bagaimana kesudahan orang-orang yang mendustakan itu."}]},{"id":4351,"verse_number":26,"verse_key":"43:26","juz_number":25,"hizb_number":50,"rub_el_hizb_number":197,"ruku_number":428,"manzil_number":6,"sajdah_number":null,"text_uthmani":"وَإِذْ قَالَ إِبْرَٰهِيمُ لِأَبِيهِ وَقَوْمِهِۦٓ إِنَّنِى بَرَآءٌ مِّمَّا تَعْبُدُونَ","page_number":491,"words":[{"id":28661,"position":1,"audio_url":"wbw/043_026_001.mp3","qpc_uthmani_hafs":"وَإِذۡ","char_type_name":"word","page_number":491,"line_number":5,"text":"ﮁ","translation":{"text":"And when","language_name":"english","language_id":38},"transliteration":{"text":"wa-idh","language_name":"english","language_id":38}},{"id":28662,"position":2,"audio_url":"wbw/043_026_002.mp3","qpc_uthmani_hafs":"قَالَ","char_type_name":"word","page_number":491,"line_number":5,"text":"ﮂ","translation":{"text":"Ibrahim Said","language_name":"english","language_id":38},"transliteration":{"text":"qāla","language_name":"english","language_id":38}},{"id":28663,"position":3,"audio_url":"wbw/043_026_003.mp3","qpc_uthmani_hafs":"إِبۡرَٰهِيمُ","char_type_name":"word","page_number":491,"line_number":5,"text":"ﮃ","translation":{"text":"Ibrahim Said","language_name":"english","language_id":38},"transliteration":{"text":"ib'rāhīmu","language_name":"english","language_id":38}},{"id":28664,"position":4,"audio_url":"wbw/043_026_004.mp3","qpc_uthmani_hafs":"لِأَبِيهِ","char_type_name":"word","page_number":491,"line_number":5,"text":"ﮄ","translation":{"text":"to his father","language_name":"english","language_id":38},"transliteration":{"text":"li-abīhi","language_name":"english","language_id":38}},{"id":28665,"position":5,"audio_url":"wbw/043_026_005.mp3","qpc_uthmani_hafs":"وَقَوۡمِهِۦٓ","char_type_name":"word","page_number":491,"line_number":5,"text":"ﮅ","translation":{"text":"and his people","language_name":"english","language_id":38},"transliteration":{"text":"waqawmihi","language_name":"english","language_id":38}},{"id":28666,"position":6,"audio_url":"wbw/043_026_006.mp3","qpc_uthmani_hafs":"إِنَّنِي","char_type_name":"word","page_number":491,"line_number":6,"text":"ﮆ","translation":{"text":"Indeed, I (am)","language_name":"english","language_id":38},"transliteration":{"text":"innanī","language_name":"english","language_id":38}},{"id":28667,"position":7,"audio_url":"wbw/043_026_007.mp3","qpc_uthmani_hafs":"بَرَآءٞ","char_type_name":"word","page_number":491,"line_number":6,"text":"ﮇ","translation":{"text":"disassociated","language_name":"english","language_id":38},"transliteration":{"text":"barāon","language_name":"english","language_id":38}},{"id":28668,"position":8,"audio_url":"wbw/043_026_008.mp3","qpc_uthmani_hafs":"مِّمَّا","char_type_name":"word","page_number":491,"line_number":6,"text":"ﮈ","translation":{"text":"from what","language_name":"english","language_id":38},"transliteration":{"text":"mimmā","language_name":"english","language_id":38}},{"id":28669,"position":9,"audio_url":"wbw/043_026_009.mp3","qpc_uthmani_hafs":"تَعۡبُدُونَ","char_type_name":"word","page_number":491,"line_number":6,"text":"ﮉ","translation":{"text":"you worship","language_name":"english","language_id":38},"transliteration":{"text":"taʿbudūna","language_name":"english","language_id":38}},{"id":28670,"position":10,"audio_url":null,"qpc_uthmani_hafs":"٢٦","char_type_name":"end","page_number":491,"line_number":6,"text":"ﮊ","translation":{"text":"(26)","language_name":"english","language_id":38},"transliteration":{"text":null,"language_name":"english","language_id":38}}],"translations":[{"id":920780,"resource_id":134,"text":"Dan ingatlah ketika Ibrāhīm  berkata kepada bapaknya <sup foot_note=211123>1</sup> dan kaumnya, \"Sesungguhnya aku tidak bertanggung jawab terhadap apa yang kamu sembah <sup foot_note=211124>2</sup>,"}]},{"id":4352,"verse_number":27,"verse_key":"43:27","juz_number":25,"hizb_number":50,"rub_el_hizb_number":197,"ruku_number":428,"manzil_number":6,"sajdah_number":null,"text_uthmani":"إِلَّا ٱلَّذِى فَطَرَنِى فَإِنَّهُۥ سَيَهْدِينِ","page_number":491,"words":[{"id":29559,"position":1,"audio_url":"wbw/043_027_001.mp3","qpc_uthmani_hafs":"إِلَّا","char_type_name":"word","page_number":491,"line_number":6,"text":"ﮋ","translation":{"text":"Except","language_name":"english","language_id":38},"transliteration":{"text":"illā","language_name":"english","language_id":38}},{"id":29560,"position":2,"audio_url":"wbw/043_027_002.mp3","qpc_uthmani_hafs":"ٱلَّذِي","char_type_name":"word","page_number":491,"line_number":6,"text":"ﮌ","translation":{"text":"the One Who","language_name":"english","language_id":38},"transliteration":{"text":"alladhī","language_name":"english","language_id":38}},{"id":29561,"position":3,"audio_url":"wbw/043_027_003.mp3","qpc_uthmani_hafs":"فَطَرَنِي","char_type_name":"word","page_number":491,"line_number":6,"text":"ﮍ","translation":{"text":"created me","language_name":"english","language_id":38},"transliteration":{"text":"faṭaranī","language_name":"english","language_id":38}},{"id":29562,"position":4,"audio_url":"wbw/043_027_004.mp3","qpc_uthmani_hafs":"فَإِنَّهُۥ","char_type_name":"word","page_number":491,"line_number":6,"text":"ﮎ","translation":{"text":"and indeed, He","language_name":"english","language_id":38},"transliteration":{"text":"fa-innahu","language_name":"english","language_id":38}},{"id":29563,"position":5,"audio_url":"wbw/043_027_005.mp3","qpc_uthmani_hafs":"سَيَهۡدِينِ","char_type_name":"word","page_number":491,"line_number":6,"text":"ﮏ","translation":{"text":"will guide me","language_name":"english","language_id":38},"transliteration":{"text":"sayahdīni","language_name":"english","language_id":38}},{"id":29564,"position":6,"audio_url":null,"qpc_uthmani_hafs":"٢٧","char_type_name":"end","page_number":491,"line_number":7,"text":"ﮐ","translation":{"text":"(27)","language_name":"english","language_id":38},"transliteration":{"text":null,"language_name":"english","language_id":38}}],"translations":[{"id":920781,"resource_id":134,"text":"tetapi (aku menyembah) Tuhan Yang menjadikanku; karena sesungguhnya Dia akan memberi hidayah kepadaku\"."}]},{"id":4353,"verse_number":28,"verse_key":"43:28","juz_number":25,"hizb_number":50,"rub_el_hizb_number":197,"ruku_number":428,"manzil_number":6,"sajdah_number":null,"text_uthmani":"وَجَعَلَهَا كَلِمَةًۢ بَاقِيَةً فِى عَقِبِهِۦ لَعَلَّهُمْ يَرْجِعُونَ","page_number":491,"words":[{"id":30571,"position":1,"audio_url":"wbw/043_028_001.mp3","qpc_uthmani_hafs":"وَجَعَلَهَا","char_type_name":"word","page_number":491,"line_number":7,"text":"ﮑ","translation":{"text":"And he made it","language_name":"english","language_id":38},"transliteration":{"text":"wajaʿalahā","language_name":"english","language_id":38}},{"id":30572,"position":2,"audio_url":"wbw/043_028_002.mp3","qpc_uthmani_hafs":"كَلِمَةَۢ","char_type_name":"word","page_number":491,"line_number":7,"text":"ﮒ","translation":{"text":"a word","language_name":"english","language_id":38},"transliteration":{"text":"kalimatan","language_name":"english","language_id":38}},{"id":30573,"position":3,"audio_url":"wbw/043_028_003.mp3","qpc_uthmani_hafs":"بَاقِيَةٗ","char_type_name":"word","page_number":491,"line_number":7,"text":"ﮓ","translation":{"text":"lasting","language_name":"english","language_id":38},"transliteration":{"text":"bāqiyatan","language_name":"english","language_id":38}},{"id":30574,"position":4,"audio_url":"wbw/043_028_004.mp3","qpc_uthmani_hafs":"فِي","char_type_name":"word","page_number":491,"line_number":7,"text":"ﮔ","translation":{"text":"among","language_name":"english","language_id":38},"transliteration":{"text":"fī","language_name":"english","language_id":38}},{"id":30575,"position":5,"audio_url":"wbw/043_028_005.mp3","qpc_uthmani_hafs":"عَقِبِهِۦ","char_type_name":"word","page_number":491,"line_number":7,"text":"ﮕ","translation":{"text":"his descendents","language_name":"english","language_id":38},"transliteration":{"text":"ʿaqibihi","language_name":"english","language_id":38}},{"id":30576,"position":6,"audio_url":"wbw/043_028_006.mp3","qpc_uthmani_hafs":"لَعَلَّهُمۡ","char_type_name":"word","page_number":491,"line_number":7,"text":"ﮖ","translation":{"text":"so that they may","language_name":"english","language_id":38},"transliteration":{"text":"laʿallahum","language_name":"english","language_id":38}},{"id":30577,"position":7,"audio_url":"wbw/043_028_007.mp3","qpc_uthmani_hafs":"يَرۡجِعُونَ","char_type_name":"word","page_number":491,"line_number":7,"text":"ﮗ","translation":{"text":"return","language_name":"english","language_id":38},"transliteration":{"text":"yarjiʿūna","language_name":"english","language_id":38}},{"id":30578,"position":8,"audio_url":null,"qpc_uthmani_hafs":"٢٨","char_type_name":"end","page_number":491,"line_number":7,"text":"ﮘ","translation":{"text":"(28)","language_name":"english","language_id":38},"transliteration":{"text":null,"language_name":"english","language_id":38}}],"translations":[{"id":920782,"resource_id":134,"text":"Dan (lbrahim) menjadikan kalimat tauhid itu kalimat yang kekal pada keturunannya supaya mereka kembali kepada kalimat tauhid itu <sup foot_note=211125>1</sup>."}]},{"id":4354,"verse_number":29,"verse_key":"43:29","juz_number":25,"hizb_number":50,"rub_el_hizb_number":197,"ruku_number":428,"manzil_number":6,"sajdah_number":null,"text_uthmani":"بَلْ مَتَّعْتُ هَـٰٓؤُلَآءِ وَءَابَآءَهُمْ حَتَّىٰ جَآءَهُمُ ٱلْحَقُّ وَرَسُولٌ مُّبِينٌ","page_number":491,"words":[{"id":31593,"position":1,"audio_url":"wbw/043_029_001.mp3","qpc_uthmani_hafs":"بَلۡ","char_type_name":"word","page_number":491,"line_number":7,"text":"ﮙ","translation":{"text":"Nay","language_name":"english","language_id":38},"transliteration":{"text":"bal","language_name":"english","language_id":38}},{"id":31594,"position":2,"audio_url":"wbw/043_029_002.mp3","qpc_uthmani_hafs":"مَتَّعۡتُ","char_type_name":"word","page_number":491,"line_number":8,"text":"ﮚ","translation":{"text":"I gave enjoyment","language_name":"english","language_id":38},"transliteration":{"text":"mattaʿtu","language_name":"english","language_id":38}},{"id":31595,"position":3,"audio_url":"wbw/043_029_003.mp3","qpc_uthmani_hafs":"هَٰٓؤُلَآءِ","char_type_name":"word","page_number":491,"line_number":8,"text":"ﮛ","translation":{"text":"(to) these","language_name":"english","language_id":38},"transliteration":{"text":"hāulāi","language_name":"english","language_id":38}},{"id":31596,"position":4,"audio_url":"wbw/043_029_004.mp3","qpc_uthmani_hafs":"وَءَابَآءَهُمۡ","char_type_name":"word","page_number":491,"line_number":8,"text":"ﮜ","translation":{"text":"and their forefathers","language_name":"english","language_id":38},"transliteration":{"text":"waābāahum","language_name":"english","language_id":38}},{"id":31597,"position":5,"audio_url":"wbw/043_029_005.mp3","qpc_uthmani_hafs":"حَتَّىٰ","char_type_name":"word","page_number":491,"line_number":8,"text":"ﮝ","translation":{"text":"until","language_name":"english","language_id":38},"transliteration":{"text":"ḥattā","language_name":"english","language_id":38}},{"id":31598,"position":6,"audio_url":"wbw/043_029_006.mp3","qpc_uthmani_hafs":"جَآءَهُمُ","char_type_name":"word","page_number":491,"line_number":8,"text":"ﮞ","translation":{"text":"came to them","language_name":"english","language_id":38},"transliteration":{"text":"jāahumu","language_name":"english","language_id":38}},{"id":31599,"position":7,"audio_url":"wbw/043_029_007.mp3","qpc_uthmani_hafs":"ٱلۡحَقُّ","char_type_name":"word","page_number":491,"line_number":8,"text":"ﮟ","translation":{"text":"the truth","language_name":"english","language_id":38},"transliteration":{"text":"l-ḥaqu","language_name":"english","language_id":38}},{"id":31600,"position":8,"audio_url":"wbw/043_029_008.mp3","qpc_uthmani_hafs":"وَرَسُولٞ","char_type_name":"word","page_number":491,"line_number":8,"text":"ﮠ","translation":{"text":"and a Messenger","language_name":"english","language_id":38},"transliteration":{"text":"warasūlun","language_name":"english","language_id":38}},{"id":31601,"position":9,"audio_url":"wbw/043_029_009.mp3","qpc_uthmani_hafs":"مُّبِينٞ","char_type_name":"word","page_number":491,"line_number":8,"text":"ﮡ","translation":{"text":"clear","language_name":"english","language_id":38},"transliteration":{"text":"mubīnun","language_name":"english","language_id":38}},{"id":31602,"position":10,"audio_url":null,"qpc_uthmani_hafs":"٢٩","char_type_name":"end","page_number":491,"line_number":8,"text":"ﮢ","translation":{"text":"(29)","language_name":"english","language_id":38},"transliteration":{"text":null,"language_name":"english","language_id":38}}],"translations":[{"id":920783,"resource_id":134,"text":"Tetapi Aku telah memberikan kenikmatan hidup kepada mereka dan bapak-bapak mereka sehingga datanglah kepada mereka kebenaran (Al-Qur`ān) dan seorang rasul yang memberi penjelasan <sup foot_note=211126>1</sup>."}]},{"id":4355,"verse_number":30,"verse_key":"43:30","juz_number":25,"hizb_number":50,"rub_el_hizb_number":197,"ruku_number":428,"manzil_number":6,"sajdah_number":null,"text_uthmani":"وَلَمَّا جَآءَهُمُ ٱلْحَقُّ قَالُوا۟ هَـٰذَا سِحْرٌ وَإِنَّا بِهِۦ كَـٰفِرُونَ","page_number":491,"words":[{"id":32927,"position":1,"audio_url":"wbw/043_030_001.mp3","qpc_uthmani_hafs":"وَلَمَّا","char_type_name":"word","page_number":491,"line_number":9,"text":"ﮣ","translation":{"text":"And when","language_name":"english","language_id":38},"transliteration":{"text":"walammā","language_name":"english","language_id":38}},{"id":32928,"position":2,"audio_url":"wbw/043_030_002.mp3","qpc_uthmani_hafs":"جَآءَهُمُ","char_type_name":"word","page_number":491,"line_number":9,"text":"ﮤ","translation":{"text":"came to them","language_name":"english","language_id":38},"transliteration":{"text":"jāahumu","language_name":"english","language_id":38}},{"id":32929,"position":3,"audio_url":"wbw/043_030_003.mp3","qpc_uthmani_hafs":"ٱلۡحَقُّ","char_type_name":"word","page_number":491,"line_number":9,"text":"ﮥ","translation":{"text":"the truth","language_name":"english","language_id":38},"transliteration":{"text":"l-ḥaqu","language_name":"english","language_id":38}},{"id":32930,"position":4,"audio_url":"wbw/043_030_004.mp3","qpc_uthmani_hafs":"قَالُواْ","char_type_name":"word","page_number":491,"line_number":9,"text":"ﮦ","translation":{"text":"they said","language_name":"english","language_id":38},"transliteration":{"text":"qālū","language_name":"english","language_id":38}},{"id":32931,"position":5,"audio_url":"wbw/043_030_005.mp3","qpc_uthmani_hafs":"هَٰذَا","char_type_name":"word","page_number":491,"line_number":9,"text":"ﮧ","translation":{"text":"This","language_name":"english","language_id":38},"transliteration":{"text":"hādhā","language_name":"english","language_id":38}},{"id":32932,"position":6,"audio_url":"wbw/043_030_006.mp3","qpc_uthmani_hafs":"سِحۡرٞ","char_type_name":"word","page_number":491,"line_number":9,"text":"ﮨ","translation":{"text":"(is) magic","language_name":"english","language_id":38},"transliteration":{"text":"siḥ'run","language_name":"english","language_id":38}},{"id":32933,"position":7,"audio_url":"wbw/043_030_007.mp3","qpc_uthmani_hafs":"وَإِنَّا","char_type_name":"word","page_number":491,"line_number":9,"text":"ﮩ","translation":{"text":"and indeed, we","language_name":"english","language_id":38},"transliteration":{"text":"wa-innā","language_name":"english","language_id":38}},{"id":32934,"position":8,"audio_url":"wbw/043_030_008.mp3","qpc_uthmani_hafs":"بِهِۦ","char_type_name":"word","page_number":491,"line_number":9,"text":"ﮪ","translation":{"text":"of it","language_name":"english","language_id":38},"transliteration":{"text":"bihi","language_name":"english","language_id":38}},{"id":32935,"position":9,"audio_url":"wbw/043_030_009.mp3","qpc_uthmani_hafs":"كَٰفِرُونَ","char_type_name":"word","page_number":491,"line_number":9,"text":"ﮫ","translation":{"text":"(are) disbelievers","language_name":"english","language_id":38},"transliteration":{"text":"kāfirūna","language_name":"english","language_id":38}},{"id":32936,"position":10,"audio_url":null,"qpc_uthmani_hafs":"٣٠","char_type_name":"end","page_number":491,"line_number":9,"text":"ﮬ","translation":{"text":"(30)","language_name":"english","language_id":38},"transliteration":{"text":null,"language_name":"english","language_id":38}}],"translations":[{"id":920784,"resource_id":134,"text":"Dan tatkala kebenaran (Al-Qur`ān) itu datang kepada mereka, mereka berkata, \"Ini adalah sihir dan sesungguhnya kami adalah orang-orang yang mengingkarinya\"."}]},{"id":4356,"verse_number":31,"verse_key":"43:31","juz_number":25,"hizb_number":50,"rub_el_hizb_number":197,"ruku_number":428,"manzil_number":6,"sajdah_number":null,"text_uthmani":"وَقَالُوا۟ لَوْلَا نُزِّلَ هَـٰذَا ٱلْقُرْءَانُ عَلَىٰ رَجُلٍ مِّنَ ٱلْقَرْيَتَيْنِ عَظِيمٍ","page_number":491,"words":[{"id":33352,"position":1,"audio_url":"wbw/043_031_001.mp3","qpc_uthmani_hafs":"وَقَالُواْ","char_type_name":"word","page_number":491,"line_number":9,"text":"ﮭ","translation":{"text":"And they say","language_name":"english","language_id":38},"transliteration":{"text":"waqālū","language_name":"english","language_id":38}},{"id":33353,"position":2,"audio_url":"wbw/043_031_002.mp3","qpc_uthmani_hafs":"لَوۡلَا","char_type_name":"word","page_number":491,"line_number":10,"text":"ﮮ","translation":{"text":"Why not","language_name":"english","language_id":38},"transliteration":{"text":"lawlā","language_name":"english","language_id":38}},{"id":33354,"position":3,"audio_url":"wbw/043_031_003.mp3","qpc_uthmani_hafs":"نُزِّلَ","char_type_name":"word","page_number":491,"line_number":10,"text":"ﮯ","translation":{"text":"was sent down","language_name":"english","language_id":38},"transliteration":{"text":"nuzzila","language_name":"english","language_id":38}},{"id":33355,"position":4,"audio_url":"wbw/043_031_004.mp3","qpc_uthmani_hafs":"هَٰذَا","char_type_name":"word","page_number":491,"line_number":10,"text":"ﮰ","translation":{"text":"this","language_name":"english","language_id":38},"transliteration":{"text":"hādhā","language_name":"english","language_id":38}},{"id":33356,"position":5,"audio_url":"wbw/043_031_005.mp3","qpc_uthmani_hafs":"ٱلۡقُرۡءَانُ","char_type_name":"word","page_number":491,"line_number":10,"text":"ﮱ","translation":{"text":"the Quran","language_name":"english","language_id":38},"transliteration":{"text":"l-qur'ānu","language_name":"english","language_id":38}},{"id":33357,"position":6,"audio_url":"wbw/043_031_006.mp3","qpc_uthmani_hafs":"عَلَىٰ","char_type_name":"word","page_number":491,"line_number":10,"text":"ﯓ","translation":{"text":"to","language_name":"english","language_id":38},"transliteration":{"text":"ʿalā","language_name":"english","language_id":38}},{"id":33358,"position":7,"audio_url":"wbw/043_031_007.mp3","qpc_uthmani_hafs":"رَجُلٖ","char_type_name":"word","page_number":491,"line_number":10,"text":"ﯔ","translation":{"text":"a man","language_name":"english","language_id":38},"transliteration":{"text":"rajulin","language_name":"english","language_id":38}},{"id":33359,"position":8,"audio_url":"wbw/043_031_008.mp3","qpc_uthmani_hafs":"مِّنَ","char_type_name":"word","page_number":491,"line_number":10,"text":"ﯕ","translation":{"text":"from","language_name":"english","language_id":38},"transliteration":{"text":"mina","language_name":"english","language_id":38}},{"id":33360,"position":9,"audio_url":"wbw/043_031_009.mp3","qpc_uthmani_hafs":"ٱلۡقَرۡيَتَيۡنِ","char_type_name":"word","page_number":491,"line_number":10,"text":"ﯖ","translation":{"text":"the two towns","language_name":"english","language_id":38},"transliteration":{"text":"l-qaryatayni","language_name":"english","language_id":38}},{"id":33361,"position":10,"audio_url":"wbw/043_031_010.mp3","qpc_uthmani_hafs":"عَظِيمٍ","char_type_name":"word","page_number":491,"line_number":10,"text":"ﯗ","translation":{"text":"great","language_name":"english","language_id":38},"transliteration":{"text":"ʿaẓīmin","language_name":"english","language_id":38}},{"id":33362,"position":11,"audio_url":null,"qpc_uthmani_hafs":"٣١","char_type_name":"end","page_number":491,"line_number":10,"text":"ﯘ","translation":{"text":"(31)","language_name":"english","language_id":38},"transliteration":{"text":null,"language_name":"english","language_id":38}}],"translations":[{"id":920785,"resource_id":134,"text":"Dan mereka berkata, \"Mengapa Al-Qur`ān ini tidak diturunkan kepada seorang besar dari salah satu dua negeri (Mekah dan Ṭā`if) ini <sup foot_note=211127>1</sup>?"}]},{"id":4357,"verse_number":32,"verse_key":"43:32","juz_number":25,"hizb_number":50,"rub_el_hizb_number":197,"ruku_number":428,"manzil_number":6,"sajdah_number":null,"text_uthmani":"أَهُمْ يَقْسِمُونَ رَحْمَتَ رَبِّكَ ۚ نَحْنُ قَسَمْنَا بَيْنَهُم مَّعِيشَتَهُمْ فِى ٱلْحَيَوٰةِ ٱلدُّنْيَا ۚ وَرَفَعْنَا بَعْضَهُمْ فَوْقَ بَعْضٍ دَرَجَـٰتٍ لِّيَتَّخِذَ بَعْضُهُم بَعْضًا سُخْرِيًّا ۗ وَرَحْمَتُ رَبِّكَ خَيْرٌ مِّمَّا يَجْمَعُونَ","page_number":491,"words":[{"id":34402,"position":1,"audio_url":"wbw/043_032_001.mp3","qpc_uthmani_hafs":"أَهُمۡ","char_type_name":"word","page_number":491,"line_number":10,"text":"ﯙ","translation":{"text":"Do they","language_name":"english","language_id":38},"transliteration":{"text":"ahum","language_name":"english","language_id":38}},{"id":34403,"position":2,"audio_url":"wbw/043_032_002.mp3","qpc_uthmani_hafs":"يَقۡسِمُونَ","char_type_name":"word","page_number":491,"line_number":11,"text":"ﯚ","translation":{"text":"distribute","language_name":"english","language_id":38},"transliteration":{"text":"yaqsimūna","language_name":"english","language_id":38}},{"id":34404,"position":3,"audio_url":"wbw/043_032_003.mp3","qpc_uthmani_hafs":"رَحۡمَتَ","char_type_name":"word","page_number":491,"line_number":11,"text":"ﯛ","translation":{"text":"(the) Mercy","language_name":"english","language_id":38},"transliteration":{"text":"raḥmata","language_name":"english","language_id":38}},{"id":34405,"position":4,"audio_url":"wbw/043_032_004.mp3","qpc_uthmani_hafs":"رَبِّكَۚ","char_type_name":"word","page_number":491,"line_number":11,"text":"ﯜﯝ","translation":{"text":"(of) your Lord","language_name":"english","language_id":38},"transliteration":{"text":"rabbika","language_name":"english","language_id":38}},{"id":34407,"position":5,"audio_url":"wbw/043_032_006.mp3","qpc_uthmani_hafs":"نَحۡنُ","char_type_name":"word","page_number":491,"line_number":11,"text":"ﯞ","translation":{"text":"We","language_name":"english","language_id":38},"transliteration":{"text":"naḥnu","language_name":"english","language_id":38}},{"id":34408,"position":6,"audio_url":"wbw/043_032_007.mp3","qpc_uthmani_hafs":"قَسَمۡنَا","char_type_name":"word","page_number":491,"line_number":11,"text":"ﯟ","translation":{"text":"[We] distribute","language_name":"english","language_id":38},"transliteration":{"text":"qasamnā","language_name":"english","language_id":38}},{"id":34409,"position":7,"audio_url":"wbw/043_032_008.mp3","qpc_uthmani_hafs":"بَيۡنَهُم","char_type_name":"word","page_number":491,"line_number":11,"text":"ﯠ","translation":{"text":"among them","language_name":"english","language_id":38},"transliteration":{"text":"baynahum","language_name":"english","language_id":38}},{"id":34410,"position":8,"audio_url":"wbw/043_032_009.mp3","qpc_uthmani_hafs":"مَّعِيشَتَهُمۡ","char_type_name":"word","page_number":491,"line_number":11,"text":"ﯡ","translation":{"text":"their livelihood","language_name":"english","language_id":38},"transliteration":{"text":"maʿīshatahum","language_name":"english","language_id":38}},{"id":34411,"position":9,"audio_url":"wbw/043_032_010.mp3","qpc_uthmani_hafs":"فِي","char_type_name":"word","page_number":491,"line_number":11,"text":"ﯢ","translation":{"text":"in","language_name":"english","language_id":38},"transliteration":{"text":"fī","language_name":"english","language_id":38}},{"id":34412,"position":10,"audio_url":"wbw/043_032_011.mp3","qpc_uthmani_hafs":"ٱلۡحَيَوٰةِ","char_type_name":"word","page_number":491,"line_number":11,"text":"ﯣ","translation":{"text":"the life","language_name":"english","language_id":38},"transliteration":{"text":"l-ḥayati","language_name":"english","language_id":38}},{"id":34413,"position":11,"audio_url":"wbw/043_032_012.mp3","qpc_uthmani_hafs":"ٱلدُّنۡيَاۚ","char_type_name":"word","page_number":491,"line_number":12,"text":"ﯤﯥ","translation":{"text":"(of) the world","language_name":"english","language_id":38},"transliteration":{"text":"l-dun'yā","language_name":"english","language_id":38}},{"id":34415,"position":12,"audio_url":"wbw/043_032_014.mp3","qpc_uthmani_hafs":"وَرَفَعۡنَا","char_type_name":"word","page_number":491,"line_number":12,"text":"ﯦ","translation":{"text":"and We raise","language_name":"english","language_id":38},"transliteration":{"text":"warafaʿnā","language_name":"english","language_id":38}},{"id":34416,"position":13,"audio_url":"wbw/043_032_015.mp3","qpc_uthmani_hafs":"بَعۡضَهُمۡ","char_type_name":"word","page_number":491,"line_number":12,"text":"ﯧ","translation":{"text":"some of them","language_name":"english","language_id":38},"transliteration":{"text":"baʿḍahum","language_name":"english","language_id":38}},{"id":34417,"position":14,"audio_url":"wbw/043_032_016.mp3","qpc_uthmani_hafs":"فَوۡقَ","char_type_name":"word","page_number":491,"line_number":12,"text":"ﯨ","translation":{"text":"above","language_name":"english","language_id":38},"transliteration":{"text":"fawqa","language_name":"english","language_id":38}},{"id":34418,"position":15,"audio_url":"wbw/043_032_017.mp3","qpc_uthmani_hafs":"بَعۡضٖ","char_type_name":"word","page_number":491,"line_number":12,"text":"ﯩ","translation":{"text":"others","language_name":"english","language_id":38},"transliteration":{"text":"baʿḍin","language_name":"english","language_id":38}},{"id":34419,"position":16,"audio_url":"wbw/043_032_018.mp3","qpc_uthmani_hafs":"دَرَجَٰتٖ","char_type_name":"word","page_number":491,"line_number":12,"text":"ﯪ","translation":{"text":"(in) degrees","language_name":"english","language_id":38},"transliteration":{"text":"darajātin","language_name":"english","language_id":38}},{"id":34420,"position":17,"audio_url":"wbw/043_032_019.mp3","qpc_uthmani_hafs":"لِّيَتَّخِذَ","char_type_name":"word","page_number":491,"line_number":12,"text":"ﯫ","translation":{"text":"so that may take","language_name":"english","language_id":38},"transliteration":{"text":"liyattakhidha","language_name":"english","language_id":38}},{"id":34421,"position":18,"audio_url":"wbw/043_032_020.mp3","qpc_uthmani_hafs":"بَعۡضُهُم","char_type_name":"word","page_number":491,"line_number":12,"text":"ﯬ","translation":{"text":"some of them","language_name":"english","language_id":38},"transliteration":{"text":"baʿḍuhum","language_name":"english","language_id":38}},{"id":34422,"position":19,"audio_url":"wbw/043_032_021.mp3","qpc_uthmani_hafs":"بَعۡضٗا","char_type_name":"word","page_number":491,"line_number":13,"text":"ﯭ","translation":{"text":"others","language_name":"english","language_id":38},"transliteration":{"text":"baʿḍan","language_name":"english","language_id":38}},{"id":34423,"position":20,"audio_url":"wbw/043_032_022.mp3","qpc_uthmani_hafs":"سُخۡرِيّٗاۗ","char_type_name":"word","page_number":491,"line_number":13,"text":"ﯮﯯ","translation":{"text":"(for) service","language_name":"english","language_id":38},"transliteration":{"text":"sukh'riyyan","language_name":"english","language_id":38}},{"id":34425,"position":21,"audio_url":"wbw/043_032_024.mp3","qpc_uthmani_hafs":"وَرَحۡمَتُ","char_type_name":"word","page_number":491,"line_number":13,"text":"ﯰ","translation":{"text":"But (the) Mercy","language_name":"english","language_id":38},"transliteration":{"text":"waraḥmatu","language_name":"english","language_id":38}},{"id":34426,"position":22,"audio_url":"wbw/043_032_025.mp3","qpc_uthmani_hafs":"رَبِّكَ","char_type_name":"word","page_number":491,"line_number":13,"text":"ﯱ","translation":{"text":"(of) your Lord","language_name":"english","language_id":38},"transliteration":{"text":"rabbika","language_name":"english","language_id":38}},{"id":34427,"position":23,"audio_url":"wbw/043_032_026.mp3","qpc_uthmani_hafs":"خَيۡرٞ","char_type_name":"word","page_number":491,"line_number":13,"text":"ﯲ","translation":{"text":"(is) better","language_name":"english","language_id":38},"transliteration":{"text":"khayrun","language_name":"english","language_id":38}},{"id":34428,"position":24,"audio_url":"wbw/043_032_027.mp3","qpc_uthmani_hafs":"مِّمَّا","char_type_name":"word","page_number":491,"line_number":13,"text":"ﯳ","translation":{"text":"than what","language_name":"english","language_id":38},"transliteration":{"text":"mimmā","language_name":"english","language_id":38}},{"id":34429,"position":25,"audio_url":"wbw/043_032_028.mp3","qpc_uthmani_hafs":"يَجۡمَعُونَ","char_type_name":"word","page_number":491,"line_number":13,"text":"ﯴ","translation":{"text":"they accumulate","language_name":"english","language_id":38},"transliteration":{"text":"yajmaʿūna","language_name":"english","language_id":38}},{"id":34430,"position":26,"audio_url":null,"qpc_uthmani_hafs":"٣٢","char_type_name":"end","page_number":491,"line_number":13,"text":"ﯵ","translation":{"text":"(32)","language_name":"english","language_id":38},"transliteration":{"text":null,"language_name":"english","language_id":38}}],"translations":[{"id":920786,"resource_id":134,"text":"Apakah mereka yang membagi-bagi rahmat Tuhan-mu? Kami telah menentukan antara mereka penghidupan mereka dalam kehidupan dunia dan kami telah meninggikan sebagian mereka atas sebagian yang lain beberapa derajat, agar sebagian mereka dapat mempergunakan sebagian yang lain.  Dan rahmat Tuhan-mu lebih baik dari apa yang mereka kumpulkan."}]},{"id":4358,"verse_number":33,"verse_key":"43:33","juz_number":25,"hizb_number":50,"rub_el_hizb_number":197,"ruku_number":428,"manzil_number":6,"sajdah_number":null,"text_uthmani":"وَلَوْلَآ أَن يَكُونَ ٱلنَّاسُ أُمَّةً وَٰحِدَةً لَّجَعَلْنَا لِمَن يَكْفُرُ بِٱلرَّحْمَـٰنِ لِبُيُوتِهِمْ سُقُفًا مِّن فِضَّةٍ وَمَعَارِجَ عَلَيْهَا يَظْهَرُونَ","page_number":491,"words":[{"id":35323,"position":1,"audio_url":"wbw/043_033_001.mp3","qpc_uthmani_hafs":"وَلَوۡلَآ","char_type_name":"word","page_number":491,"line_number":13,"text":"ﯶ","translation":{"text":"And if not","language_name":"english","language_id":38},"transliteration":{"text":"walawlā","language_name":"english","language_id":38}},{"id":35324,"position":2,"audio_url":"wbw/043_033_002.mp3","qpc_uthmani_hafs":"أَن","char_type_name":"word","page_number":491,"line_number":14,"text":"ﯷ","translation":{"text":"that","language_name":"english","language_id":38},"transliteration":{"text":"an","language_name":"english","language_id":38}},{"id":35325,"position":3,"audio_url":"wbw/043_033_003.mp3","qpc_uthmani_hafs":"يَكُونَ","char_type_name":"word","page_number":491,"line_number":14,"text":"ﯸ","translation":{"text":"(would) become","language_name":"english","language_id":38},"transliteration":{"text":"yakūna","language_name":"english","language_id":38}},{"id":35326,"position":4,"audio_url":"wbw/043_033_004.mp3","qpc_uthmani_hafs":"ٱلنَّاسُ","char_type_name":"word","page_number":491,"line_number":14,"text":"ﯹ","translation":{"text":"[the] mankind","language_name":"english","language_id":38},"transliteration":{"text":"l-nāsu","language_name":"english","language_id":38}},{"id":35327,"position":5,"audio_url":"wbw/043_033_005.mp3","qpc_uthmani_hafs":"أُمَّةٗ","char_type_name":"word","page_number":491,"line_number":14,"text":"ﯺ","translation":{"text":"a community","language_name":"english","language_id":38},"transliteration":{"text":"ummatan","language_name":"english","language_id":38}},{"id":35328,"position":6,"audio_url":"wbw/043_033_006.mp3","qpc_uthmani_hafs":"وَٰحِدَةٗ","char_type_name":"word","page_number":491,"line_number":14,"text":"ﯻ","translation":{"text":"one","language_name":"english","language_id":38},"transliteration":{"text":"wāḥidatan","language_name":"english","language_id":38}},{"id":35329,"position":7,"audio_url":"wbw/043_033_007.mp3","qpc_uthmani_hafs":"لَّجَعَلۡنَا","char_type_name":"word","page_number":491,"line_number":14,"text":"ﯼ","translation":{"text":"We (would have) made","language_name":"english","language_id":38},"transliteration":{"text":"lajaʿalnā","language_name":"english","language_id":38}},{"id":35330,"position":8,"audio_url":"wbw/043_033_008.mp3","qpc_uthmani_hafs":"لِمَن","char_type_name":"word","page_number":491,"line_number":14,"text":"ﯽ","translation":{"text":"for (one) who","language_name":"english","language_id":38},"transliteration":{"text":"liman","language_name":"english","language_id":38}},{"id":35331,"position":9,"audio_url":"wbw/043_033_009.mp3","qpc_uthmani_hafs":"يَكۡفُرُ","char_type_name":"word","page_number":491,"line_number":14,"text":"ﯾ","translation":{"text":"disbelieves","language_name":"english","language_id":38},"transliteration":{"text":"yakfuru","language_name":"english","language_id":38}},{"id":35332,"position":10,"audio_url":"wbw/043_033_010.mp3","qpc_uthmani_hafs":"بِٱلرَّحۡمَٰنِ","char_type_name":"word","page_number":491,"line_number":14,"text":"ﯿ","translation":{"text":"in the Most Gracious","language_name":"english","language_id":38},"transliteration":{"text":"bil-raḥmāni","language_name":"english","language_id":38}},{"id":35333,"position":11,"audio_url":"wbw/043_033_011.mp3","qpc_uthmani_hafs":"لِبُيُوتِهِمۡ","char_type_name":"word","page_number":491,"line_number":15,"text":"ﰀ","translation":{"text":"for their houses","language_name":"english","language_id":38},"transliteration":{"text":"libuyūtihim","language_name":"english","language_id":38}},{"id":35334,"position":12,"audio_url":"wbw/043_033_012.mp3","qpc_uthmani_hafs":"سُقُفٗا","char_type_name":"word","page_number":491,"line_number":15,"text":"ﰁ","translation":{"text":"roofs","language_name":"english","language_id":38},"transliteration":{"text":"suqufan","language_name":"english","language_id":38}},{"id":35335,"position":13,"audio_url":"wbw/043_033_013.mp3","qpc_uthmani_hafs":"مِّن","char_type_name":"word","page_number":491,"line_number":15,"text":"ﰂ","translation":{"text":"of","language_name":"english","language_id":38},"transliteration":{"text":"min","language_name":"english","language_id":38}},{"id":35336,"position":14,"audio_url":"wbw/043_033_014.mp3","qpc_uthmani_hafs":"فِضَّةٖ","char_type_name":"word","page_number":491,"line_number":15,"text":"ﰃ","translation":{"text":"silver","language_name":"english","language_id":38},"transliteration":{"text":"fiḍḍatin","language_name":"english","language_id":38}},{"id":35337,"position":15,"audio_url":"wbw/043_033_015.mp3","qpc_uthmani_hafs":"وَمَعَارِجَ","char_type_name":"word","page_number":491,"line_number":15,"text":"ﰄ","translation":{"text":"and stairways","language_name":"english","language_id":38},"transliteration":{"text":"wamaʿārija","language_name":"english","language_id":38}},{"id":35338,"position":16,"audio_url":"wbw/043_033_016.mp3","qpc_uthmani_hafs":"عَلَيۡهَا","char_type_name":"word","page_number":491,"line_number":15,"text":"ﰅ","translation":{"text":"upon which","language_name":"english","language_id":38},"transliteration":{"text":"ʿalayhā","language_name":"english","language_id":38}},{"id":35339,"position":17,"audio_url":"wbw/043_033_017.mp3","qpc_uthmani_hafs":"يَظۡهَرُونَ","char_type_name":"word","page_number":491,"line_number":15,"text":"ﰆ","translation":{"text":"they mount","language_name":"english","language_id":38},"transliteration":{"text":"yaẓharūna","language_name":"english","language_id":38}},{"id":35340,"position":18,"audio_url":null,"qpc_uthmani_hafs":"٣٣","char_type_name":"end","page_number":491,"line_number":15,"text":"ﰇ","translation":{"text":"(33)","language_name":"english","language_id":38},"transliteration":{"text":null,"language_name":"english","language_id":38}}],"translations":[{"id":920787,"resource_id":134,"text":"Dan sekiranya bukan karena hendak menghindari manusia menjadi umat yang satu (dalam kekafiran), tentulah kami buatkan bagi orang-orang yang kafir kepada Tuhan Yang Maha Pemurah loteng-loteng perak bagi rumah mereka dan (juga) tangga-tangga (perak) yang mereka menaikinya."}]}],"pagination":{"per_page":50,"current_page":1,"next_page":null,"total_pages":1,"total_records":11}}