{"verses":[{"id":4415,"verse_number":1,"verse_key":"44:1","juz_number":25,"hizb_number":50,"rub_el_hizb_number":198,"ruku_number":433,"manzil_number":6,"sajdah_number":null,"text_uthmani":" حمٓ","page_number":496,"words":[{"id":120,"position":1,"audio_url":"wbw/044_001_001.mp3","qpc_uthmani_hafs":"حمٓ","char_type_name":"word","page_number":496,"line_number":3,"text":"ﭑ","translation":{"text":"Ha Meem","language_name":"english","language_id":38},"transliteration":{"text":"hha-meem","language_name":"english","language_id":38}},{"id":121,"position":2,"audio_url":null,"qpc_uthmani_hafs":"١","char_type_name":"end","page_number":496,"line_number":3,"text":"ﭒ","translation":{"text":"(1)","language_name":"english","language_id":38},"transliteration":{"text":null,"language_name":"english","language_id":38}}],"translations":[{"id":920844,"resource_id":134,"text":"Ḥā  Mīm <sup foot_note=211138>1</sup>."}]},{"id":4416,"verse_number":2,"verse_key":"44:2","juz_number":25,"hizb_number":50,"rub_el_hizb_number":198,"ruku_number":433,"manzil_number":6,"sajdah_number":null,"text_uthmani":"وَٱلْكِتَـٰبِ ٱلْمُبِينِ","page_number":496,"words":[{"id":966,"position":1,"audio_url":"wbw/044_002_001.mp3","qpc_uthmani_hafs":"وَٱلۡكِتَٰبِ","char_type_name":"word","page_number":496,"line_number":3,"text":"ﭓ","translation":{"text":"By the Book","language_name":"english","language_id":38},"transliteration":{"text":"wal-kitābi","language_name":"english","language_id":38}},{"id":967,"position":2,"audio_url":"wbw/044_002_002.mp3","qpc_uthmani_hafs":"ٱلۡمُبِينِ","char_type_name":"word","page_number":496,"line_number":3,"text":"ﭔ","translation":{"text":"the clear","language_name":"english","language_id":38},"transliteration":{"text":"l-mubīni","language_name":"english","language_id":38}},{"id":968,"position":3,"audio_url":null,"qpc_uthmani_hafs":"٢","char_type_name":"end","page_number":496,"line_number":3,"text":"ﭕ","translation":{"text":"(2)","language_name":"english","language_id":38},"transliteration":{"text":null,"language_name":"english","language_id":38}}],"translations":[{"id":920845,"resource_id":134,"text":"Demi Kitab (Al-Qur`ān) yang menjelaskan,"}]},{"id":4417,"verse_number":3,"verse_key":"44:3","juz_number":25,"hizb_number":50,"rub_el_hizb_number":198,"ruku_number":433,"manzil_number":6,"sajdah_number":null,"text_uthmani":"إِنَّآ أَنزَلْنَـٰهُ فِى لَيْلَةٍ مُّبَـٰرَكَةٍ ۚ إِنَّا كُنَّا مُنذِرِينَ","page_number":496,"words":[{"id":2083,"position":1,"audio_url":"wbw/044_003_001.mp3","qpc_uthmani_hafs":"إِنَّآ","char_type_name":"word","page_number":496,"line_number":3,"text":"ﭖ","translation":{"text":"Indeed, We","language_name":"english","language_id":38},"transliteration":{"text":"innā","language_name":"english","language_id":38}},{"id":2084,"position":2,"audio_url":"wbw/044_003_002.mp3","qpc_uthmani_hafs":"أَنزَلۡنَٰهُ","char_type_name":"word","page_number":496,"line_number":3,"text":"ﭗ","translation":{"text":"revealed it","language_name":"english","language_id":38},"transliteration":{"text":"anzalnāhu","language_name":"english","language_id":38}},{"id":2085,"position":3,"audio_url":"wbw/044_003_003.mp3","qpc_uthmani_hafs":"فِي","char_type_name":"word","page_number":496,"line_number":3,"text":"ﭘ","translation":{"text":"in","language_name":"english","language_id":38},"transliteration":{"text":"fī","language_name":"english","language_id":38}},{"id":2086,"position":4,"audio_url":"wbw/044_003_004.mp3","qpc_uthmani_hafs":"لَيۡلَةٖ","char_type_name":"word","page_number":496,"line_number":3,"text":"ﭙ","translation":{"text":"a Night","language_name":"english","language_id":38},"transliteration":{"text":"laylatin","language_name":"english","language_id":38}},{"id":2087,"position":5,"audio_url":"wbw/044_003_005.mp3","qpc_uthmani_hafs":"مُّبَٰرَكَةٍۚ","char_type_name":"word","page_number":496,"line_number":4,"text":"ﭚﭛ","translation":{"text":"Blessed","language_name":"english","language_id":38},"transliteration":{"text":"mubārakatin","language_name":"english","language_id":38}},{"id":2089,"position":6,"audio_url":"wbw/044_003_007.mp3","qpc_uthmani_hafs":"إِنَّا","char_type_name":"word","page_number":496,"line_number":4,"text":"ﭜ","translation":{"text":"Indeed, We","language_name":"english","language_id":38},"transliteration":{"text":"innā","language_name":"english","language_id":38}},{"id":2090,"position":7,"audio_url":"wbw/044_003_008.mp3","qpc_uthmani_hafs":"كُنَّا","char_type_name":"word","page_number":496,"line_number":4,"text":"ﭝ","translation":{"text":"[We] are","language_name":"english","language_id":38},"transliteration":{"text":"kunnā","language_name":"english","language_id":38}},{"id":2091,"position":8,"audio_url":"wbw/044_003_009.mp3","qpc_uthmani_hafs":"مُنذِرِينَ","char_type_name":"word","page_number":496,"line_number":4,"text":"ﭞ","translation":{"text":"(ever) warning","language_name":"english","language_id":38},"transliteration":{"text":"mundhirīna","language_name":"english","language_id":38}},{"id":2092,"position":9,"audio_url":null,"qpc_uthmani_hafs":"٣","char_type_name":"end","page_number":496,"line_number":4,"text":"ﭟ","translation":{"text":"(3)","language_name":"english","language_id":38},"transliteration":{"text":null,"language_name":"english","language_id":38}}],"translations":[{"id":920846,"resource_id":134,"text":"sesungguhnya Kami menurunkannya pada suatu malam yang diberkahi <sup foot_note=211139>1</sup> dan sesungguhnya Kami-lah yang memberi peringatan."}]},{"id":4418,"verse_number":4,"verse_key":"44:4","juz_number":25,"hizb_number":50,"rub_el_hizb_number":198,"ruku_number":433,"manzil_number":6,"sajdah_number":null,"text_uthmani":"فِيهَا يُفْرَقُ كُلُّ أَمْرٍ حَكِيمٍ","page_number":496,"words":[{"id":3351,"position":1,"audio_url":"wbw/044_004_001.mp3","qpc_uthmani_hafs":"فِيهَا","char_type_name":"word","page_number":496,"line_number":4,"text":"ﭠ","translation":{"text":"Therein","language_name":"english","language_id":38},"transliteration":{"text":"fīhā","language_name":"english","language_id":38}},{"id":3352,"position":2,"audio_url":"wbw/044_004_002.mp3","qpc_uthmani_hafs":"يُفۡرَقُ","char_type_name":"word","page_number":496,"line_number":4,"text":"ﭡ","translation":{"text":"is made distinct","language_name":"english","language_id":38},"transliteration":{"text":"yuf'raqu","language_name":"english","language_id":38}},{"id":3353,"position":3,"audio_url":"wbw/044_004_003.mp3","qpc_uthmani_hafs":"كُلُّ","char_type_name":"word","page_number":496,"line_number":4,"text":"ﭢ","translation":{"text":"every","language_name":"english","language_id":38},"transliteration":{"text":"kullu","language_name":"english","language_id":38}},{"id":3354,"position":4,"audio_url":"wbw/044_004_004.mp3","qpc_uthmani_hafs":"أَمۡرٍ","char_type_name":"word","page_number":496,"line_number":4,"text":"ﭣ","translation":{"text":"affair","language_name":"english","language_id":38},"transliteration":{"text":"amrin","language_name":"english","language_id":38}},{"id":3355,"position":5,"audio_url":"wbw/044_004_005.mp3","qpc_uthmani_hafs":"حَكِيمٍ","char_type_name":"word","page_number":496,"line_number":4,"text":"ﭤ","translation":{"text":"wise","language_name":"english","language_id":38},"transliteration":{"text":"ḥakīmin","language_name":"english","language_id":38}},{"id":3356,"position":6,"audio_url":null,"qpc_uthmani_hafs":"٤","char_type_name":"end","page_number":496,"line_number":4,"text":"ﭥ","translation":{"text":"(4)","language_name":"english","language_id":38},"transliteration":{"text":null,"language_name":"english","language_id":38}}],"translations":[{"id":920847,"resource_id":134,"text":"Pada malam itu dijelaskan segala urusan yang penuh hikmah <sup foot_note=211140>1</sup>,"}]},{"id":4419,"verse_number":5,"verse_key":"44:5","juz_number":25,"hizb_number":50,"rub_el_hizb_number":198,"ruku_number":433,"manzil_number":6,"sajdah_number":null,"text_uthmani":"أَمْرًا مِّنْ عِندِنَآ ۚ إِنَّا كُنَّا مُرْسِلِينَ","page_number":496,"words":[{"id":4738,"position":1,"audio_url":"wbw/044_005_001.mp3","qpc_uthmani_hafs":"أَمۡرٗا","char_type_name":"word","page_number":496,"line_number":5,"text":"ﭦ","translation":{"text":"A command","language_name":"english","language_id":38},"transliteration":{"text":"amran","language_name":"english","language_id":38}},{"id":4739,"position":2,"audio_url":"wbw/044_005_002.mp3","qpc_uthmani_hafs":"مِّنۡ","char_type_name":"word","page_number":496,"line_number":5,"text":"ﭧ","translation":{"text":"from","language_name":"english","language_id":38},"transliteration":{"text":"min","language_name":"english","language_id":38}},{"id":4740,"position":3,"audio_url":"wbw/044_005_003.mp3","qpc_uthmani_hafs":"عِندِنَآۚ","char_type_name":"word","page_number":496,"line_number":5,"text":"ﭨﭩ","translation":{"text":"Us","language_name":"english","language_id":38},"transliteration":{"text":"ʿindinā","language_name":"english","language_id":38}},{"id":4742,"position":4,"audio_url":"wbw/044_005_005.mp3","qpc_uthmani_hafs":"إِنَّا","char_type_name":"word","page_number":496,"line_number":5,"text":"ﭪ","translation":{"text":"Indeed, We","language_name":"english","language_id":38},"transliteration":{"text":"innā","language_name":"english","language_id":38}},{"id":4743,"position":5,"audio_url":"wbw/044_005_006.mp3","qpc_uthmani_hafs":"كُنَّا","char_type_name":"word","page_number":496,"line_number":5,"text":"ﭫ","translation":{"text":"[We] are","language_name":"english","language_id":38},"transliteration":{"text":"kunnā","language_name":"english","language_id":38}},{"id":4744,"position":6,"audio_url":"wbw/044_005_007.mp3","qpc_uthmani_hafs":"مُرۡسِلِينَ","char_type_name":"word","page_number":496,"line_number":5,"text":"ﭬ","translation":{"text":"(ever) sending","language_name":"english","language_id":38},"transliteration":{"text":"mur'silīna","language_name":"english","language_id":38}},{"id":4745,"position":7,"audio_url":null,"qpc_uthmani_hafs":"٥","char_type_name":"end","page_number":496,"line_number":5,"text":"ﭭ","translation":{"text":"(5)","language_name":"english","language_id":38},"transliteration":{"text":null,"language_name":"english","language_id":38}}],"translations":[{"id":920848,"resource_id":134,"text":"(yaitu) urusan yang besar dari sisi Kami. Sesungguhnya Kami adalah Yang mengutus rasul-rasul,"}]},{"id":4420,"verse_number":6,"verse_key":"44:6","juz_number":25,"hizb_number":50,"rub_el_hizb_number":198,"ruku_number":433,"manzil_number":6,"sajdah_number":null,"text_uthmani":"رَحْمَةً مِّن رَّبِّكَ ۚ إِنَّهُۥ هُوَ ٱلسَّمِيعُ ٱلْعَلِيمُ","page_number":496,"words":[{"id":5999,"position":1,"audio_url":"wbw/044_006_001.mp3","qpc_uthmani_hafs":"رَحۡمَةٗ","char_type_name":"word","page_number":496,"line_number":5,"text":"ﭮ","translation":{"text":"As Mercy","language_name":"english","language_id":38},"transliteration":{"text":"raḥmatan","language_name":"english","language_id":38}},{"id":6000,"position":2,"audio_url":"wbw/044_006_002.mp3","qpc_uthmani_hafs":"مِّن","char_type_name":"word","page_number":496,"line_number":5,"text":"ﭯ","translation":{"text":"from","language_name":"english","language_id":38},"transliteration":{"text":"min","language_name":"english","language_id":38}},{"id":6001,"position":3,"audio_url":"wbw/044_006_003.mp3","qpc_uthmani_hafs":"رَّبِّكَۚ","char_type_name":"word","page_number":496,"line_number":5,"text":"ﭰﭱ","translation":{"text":"your Lord","language_name":"english","language_id":38},"transliteration":{"text":"rabbika","language_name":"english","language_id":38}},{"id":6003,"position":4,"audio_url":"wbw/044_006_005.mp3","qpc_uthmani_hafs":"إِنَّهُۥ","char_type_name":"word","page_number":496,"line_number":5,"text":"ﭲ","translation":{"text":"Indeed, He","language_name":"english","language_id":38},"transliteration":{"text":"innahu","language_name":"english","language_id":38}},{"id":6004,"position":5,"audio_url":"wbw/044_006_006.mp3","qpc_uthmani_hafs":"هُوَ","char_type_name":"word","page_number":496,"line_number":5,"text":"ﭳ","translation":{"text":"[He]","language_name":"english","language_id":38},"transliteration":{"text":"huwa","language_name":"english","language_id":38}},{"id":6005,"position":6,"audio_url":"wbw/044_006_007.mp3","qpc_uthmani_hafs":"ٱلسَّمِيعُ","char_type_name":"word","page_number":496,"line_number":6,"text":"ﭴ","translation":{"text":"(is) the All-Hearer","language_name":"english","language_id":38},"transliteration":{"text":"l-samīʿu","language_name":"english","language_id":38}},{"id":6006,"position":7,"audio_url":"wbw/044_006_008.mp3","qpc_uthmani_hafs":"ٱلۡعَلِيمُ","char_type_name":"word","page_number":496,"line_number":6,"text":"ﭵ","translation":{"text":"the All-Knower","language_name":"english","language_id":38},"transliteration":{"text":"l-ʿalīmu","language_name":"english","language_id":38}},{"id":6007,"position":8,"audio_url":null,"qpc_uthmani_hafs":"٦","char_type_name":"end","page_number":496,"line_number":6,"text":"ﭶ","translation":{"text":"(6)","language_name":"english","language_id":38},"transliteration":{"text":null,"language_name":"english","language_id":38}}],"translations":[{"id":920849,"resource_id":134,"text":"sebagai rahmat dari Tuhan-mu.  Sesungguhnya Dia-lah Yang Maha Mendengar lagi Maha Mengetahui,"}]},{"id":4421,"verse_number":7,"verse_key":"44:7","juz_number":25,"hizb_number":50,"rub_el_hizb_number":198,"ruku_number":433,"manzil_number":6,"sajdah_number":null,"text_uthmani":"رَبِّ ٱلسَّمَـٰوَٰتِ وَٱلْأَرْضِ وَمَا بَيْنَهُمَآ ۖ إِن كُنتُم مُّوقِنِينَ","page_number":496,"words":[{"id":7313,"position":1,"audio_url":"wbw/044_007_001.mp3","qpc_uthmani_hafs":"رَبِّ","char_type_name":"word","page_number":496,"line_number":6,"text":"ﭷ","translation":{"text":"Lord","language_name":"english","language_id":38},"transliteration":{"text":"rabbi","language_name":"english","language_id":38}},{"id":7314,"position":2,"audio_url":"wbw/044_007_002.mp3","qpc_uthmani_hafs":"ٱلسَّمَٰوَٰتِ","char_type_name":"word","page_number":496,"line_number":6,"text":"ﭸ","translation":{"text":"(of) the heavens","language_name":"english","language_id":38},"transliteration":{"text":"l-samāwāti","language_name":"english","language_id":38}},{"id":7315,"position":3,"audio_url":"wbw/044_007_003.mp3","qpc_uthmani_hafs":"وَٱلۡأَرۡضِ","char_type_name":"word","page_number":496,"line_number":6,"text":"ﭹ","translation":{"text":"and the earth","language_name":"english","language_id":38},"transliteration":{"text":"wal-arḍi","language_name":"english","language_id":38}},{"id":7316,"position":4,"audio_url":"wbw/044_007_004.mp3","qpc_uthmani_hafs":"وَمَا","char_type_name":"word","page_number":496,"line_number":6,"text":"ﭺ","translation":{"text":"and whatever","language_name":"english","language_id":38},"transliteration":{"text":"wamā","language_name":"english","language_id":38}},{"id":7317,"position":5,"audio_url":"wbw/044_007_005.mp3","qpc_uthmani_hafs":"بَيۡنَهُمَآۖ","char_type_name":"word","page_number":496,"line_number":6,"text":"ﭻﭼ","translation":{"text":"(is) between both of them","language_name":"english","language_id":38},"transliteration":{"text":"baynahumā","language_name":"english","language_id":38}},{"id":7319,"position":6,"audio_url":"wbw/044_007_007.mp3","qpc_uthmani_hafs":"إِن","char_type_name":"word","page_number":496,"line_number":7,"text":"ﭽ","translation":{"text":"if","language_name":"english","language_id":38},"transliteration":{"text":"in","language_name":"english","language_id":38}},{"id":7320,"position":7,"audio_url":"wbw/044_007_008.mp3","qpc_uthmani_hafs":"كُنتُم","char_type_name":"word","page_number":496,"line_number":7,"text":"ﭾ","translation":{"text":"you are","language_name":"english","language_id":38},"transliteration":{"text":"kuntum","language_name":"english","language_id":38}},{"id":7321,"position":8,"audio_url":"wbw/044_007_009.mp3","qpc_uthmani_hafs":"مُّوقِنِينَ","char_type_name":"word","page_number":496,"line_number":7,"text":"ﭿ","translation":{"text":"certain","language_name":"english","language_id":38},"transliteration":{"text":"mūqinīna","language_name":"english","language_id":38}},{"id":7322,"position":9,"audio_url":null,"qpc_uthmani_hafs":"٧","char_type_name":"end","page_number":496,"line_number":7,"text":"ﮀ","translation":{"text":"(7)","language_name":"english","language_id":38},"transliteration":{"text":null,"language_name":"english","language_id":38}}],"translations":[{"id":920850,"resource_id":134,"text":"Tuhan Yang memelihara langit dan bumi dan apa yang ada di antara keduanya, jika kamu adalah orang yang meyakini."}]},{"id":4422,"verse_number":8,"verse_key":"44:8","juz_number":25,"hizb_number":50,"rub_el_hizb_number":198,"ruku_number":433,"manzil_number":6,"sajdah_number":null,"text_uthmani":"لَآ إِلَـٰهَ إِلَّا هُوَ يُحْىِۦ وَيُمِيتُ ۖ رَبُّكُمْ وَرَبُّ ءَابَآئِكُمُ ٱلْأَوَّلِينَ","page_number":496,"words":[{"id":8578,"position":1,"audio_url":"wbw/044_008_001.mp3","qpc_uthmani_hafs":"لَآ","char_type_name":"word","page_number":496,"line_number":7,"text":"ﮁ","translation":{"text":"(There is) no","language_name":"english","language_id":38},"transliteration":{"text":"lā","language_name":"english","language_id":38}},{"id":8579,"position":2,"audio_url":"wbw/044_008_002.mp3","qpc_uthmani_hafs":"إِلَٰهَ","char_type_name":"word","page_number":496,"line_number":7,"text":"ﮂ","translation":{"text":"god","language_name":"english","language_id":38},"transliteration":{"text":"ilāha","language_name":"english","language_id":38}},{"id":8580,"position":3,"audio_url":"wbw/044_008_003.mp3","qpc_uthmani_hafs":"إِلَّا","char_type_name":"word","page_number":496,"line_number":7,"text":"ﮃ","translation":{"text":"except","language_name":"english","language_id":38},"transliteration":{"text":"illā","language_name":"english","language_id":38}},{"id":8581,"position":4,"audio_url":"wbw/044_008_004.mp3","qpc_uthmani_hafs":"هُوَ","char_type_name":"word","page_number":496,"line_number":7,"text":"ﮄ","translation":{"text":"Him","language_name":"english","language_id":38},"transliteration":{"text":"huwa","language_name":"english","language_id":38}},{"id":8582,"position":5,"audio_url":"wbw/044_008_005.mp3","qpc_uthmani_hafs":"يُحۡيِۦ","char_type_name":"word","page_number":496,"line_number":7,"text":"ﮅ","translation":{"text":"He gives life","language_name":"english","language_id":38},"transliteration":{"text":"yuḥ'yī","language_name":"english","language_id":38}},{"id":8583,"position":6,"audio_url":"wbw/044_008_006.mp3","qpc_uthmani_hafs":"وَيُمِيتُۖ","char_type_name":"word","page_number":496,"line_number":7,"text":"ﮆﮇ","translation":{"text":"and causes death","language_name":"english","language_id":38},"transliteration":{"text":"wayumītu","language_name":"english","language_id":38}},{"id":8585,"position":7,"audio_url":"wbw/044_008_008.mp3","qpc_uthmani_hafs":"رَبُّكُمۡ","char_type_name":"word","page_number":496,"line_number":7,"text":"ﮈ","translation":{"text":"your Lord","language_name":"english","language_id":38},"transliteration":{"text":"rabbukum","language_name":"english","language_id":38}},{"id":8586,"position":8,"audio_url":"wbw/044_008_009.mp3","qpc_uthmani_hafs":"وَرَبُّ","char_type_name":"word","page_number":496,"line_number":8,"text":"ﮉ","translation":{"text":"and (the) Lord","language_name":"english","language_id":38},"transliteration":{"text":"warabbu","language_name":"english","language_id":38}},{"id":8587,"position":9,"audio_url":"wbw/044_008_010.mp3","qpc_uthmani_hafs":"ءَابَآئِكُمُ","char_type_name":"word","page_number":496,"line_number":8,"text":"ﮊ","translation":{"text":"(of) your fathers","language_name":"english","language_id":38},"transliteration":{"text":"ābāikumu","language_name":"english","language_id":38}},{"id":8588,"position":10,"audio_url":"wbw/044_008_011.mp3","qpc_uthmani_hafs":"ٱلۡأَوَّلِينَ","char_type_name":"word","page_number":496,"line_number":8,"text":"ﮋ","translation":{"text":"the former","language_name":"english","language_id":38},"transliteration":{"text":"l-awalīna","language_name":"english","language_id":38}},{"id":8589,"position":11,"audio_url":null,"qpc_uthmani_hafs":"٨","char_type_name":"end","page_number":496,"line_number":8,"text":"ﮌ","translation":{"text":"(8)","language_name":"english","language_id":38},"transliteration":{"text":null,"language_name":"english","language_id":38}}],"translations":[{"id":920851,"resource_id":134,"text":"Tidak ada Tuhan (yang berhak disembah), melainkan Dia, yang menghidupkan dan yang mematikan. (Dia-lah) Tuhan-mu dan Tuhan bapak-bapakmu yang terdahulu."}]},{"id":4423,"verse_number":9,"verse_key":"44:9","juz_number":25,"hizb_number":50,"rub_el_hizb_number":198,"ruku_number":433,"manzil_number":6,"sajdah_number":null,"text_uthmani":"بَلْ هُمْ فِى شَكٍّ يَلْعَبُونَ","page_number":496,"words":[{"id":9796,"position":1,"audio_url":"wbw/044_009_001.mp3","qpc_uthmani_hafs":"بَلۡ","char_type_name":"word","page_number":496,"line_number":8,"text":"ﮍ","translation":{"text":"Nay","language_name":"english","language_id":38},"transliteration":{"text":"bal","language_name":"english","language_id":38}},{"id":9797,"position":2,"audio_url":"wbw/044_009_002.mp3","qpc_uthmani_hafs":"هُمۡ","char_type_name":"word","page_number":496,"line_number":8,"text":"ﮎ","translation":{"text":"they","language_name":"english","language_id":38},"transliteration":{"text":"hum","language_name":"english","language_id":38}},{"id":9798,"position":3,"audio_url":"wbw/044_009_003.mp3","qpc_uthmani_hafs":"فِي","char_type_name":"word","page_number":496,"line_number":8,"text":"ﮏ","translation":{"text":"(are) in","language_name":"english","language_id":38},"transliteration":{"text":"fī","language_name":"english","language_id":38}},{"id":9799,"position":4,"audio_url":"wbw/044_009_004.mp3","qpc_uthmani_hafs":"شَكّٖ","char_type_name":"word","page_number":496,"line_number":8,"text":"ﮐ","translation":{"text":"doubt ","language_name":"english","language_id":38},"transliteration":{"text":"shakkin","language_name":"english","language_id":38}},{"id":9800,"position":5,"audio_url":"wbw/044_009_005.mp3","qpc_uthmani_hafs":"يَلۡعَبُونَ","char_type_name":"word","page_number":496,"line_number":8,"text":"ﮑ","translation":{"text":"playing","language_name":"english","language_id":38},"transliteration":{"text":"yalʿabūna","language_name":"english","language_id":38}},{"id":9801,"position":6,"audio_url":null,"qpc_uthmani_hafs":"٩","char_type_name":"end","page_number":496,"line_number":9,"text":"ﮒ","translation":{"text":"(9)","language_name":"english","language_id":38},"transliteration":{"text":null,"language_name":"english","language_id":38}}],"translations":[{"id":920852,"resource_id":134,"text":"Tetapi mereka bermain-main dalam keragu-raguan."}]},{"id":4424,"verse_number":10,"verse_key":"44:10","juz_number":25,"hizb_number":50,"rub_el_hizb_number":198,"ruku_number":433,"manzil_number":6,"sajdah_number":null,"text_uthmani":"فَٱرْتَقِبْ يَوْمَ تَأْتِى ٱلسَّمَآءُ بِدُخَانٍ مُّبِينٍ","page_number":496,"words":[{"id":10946,"position":1,"audio_url":"wbw/044_010_001.mp3","qpc_uthmani_hafs":"فَٱرۡتَقِبۡ","char_type_name":"word","page_number":496,"line_number":9,"text":"ﮓ","translation":{"text":"Then watch","language_name":"english","language_id":38},"transliteration":{"text":"fa-ir'taqib","language_name":"english","language_id":38}},{"id":10947,"position":2,"audio_url":"wbw/044_010_002.mp3","qpc_uthmani_hafs":"يَوۡمَ","char_type_name":"word","page_number":496,"line_number":9,"text":"ﮔ","translation":{"text":"(for the) Day","language_name":"english","language_id":38},"transliteration":{"text":"yawma","language_name":"english","language_id":38}},{"id":10948,"position":3,"audio_url":"wbw/044_010_003.mp3","qpc_uthmani_hafs":"تَأۡتِي","char_type_name":"word","page_number":496,"line_number":9,"text":"ﮕ","translation":{"text":"(when) will bring","language_name":"english","language_id":38},"transliteration":{"text":"tatī","language_name":"english","language_id":38}},{"id":10949,"position":4,"audio_url":"wbw/044_010_004.mp3","qpc_uthmani_hafs":"ٱلسَّمَآءُ","char_type_name":"word","page_number":496,"line_number":9,"text":"ﮖ","translation":{"text":"the sky","language_name":"english","language_id":38},"transliteration":{"text":"l-samāu","language_name":"english","language_id":38}},{"id":10950,"position":5,"audio_url":"wbw/044_010_005.mp3","qpc_uthmani_hafs":"بِدُخَانٖ","char_type_name":"word","page_number":496,"line_number":9,"text":"ﮗ","translation":{"text":"smoke","language_name":"english","language_id":38},"transliteration":{"text":"bidukhānin","language_name":"english","language_id":38}},{"id":10951,"position":6,"audio_url":"wbw/044_010_006.mp3","qpc_uthmani_hafs":"مُّبِينٖ","char_type_name":"word","page_number":496,"line_number":9,"text":"ﮘ","translation":{"text":"visible","language_name":"english","language_id":38},"transliteration":{"text":"mubīnin","language_name":"english","language_id":38}},{"id":10952,"position":7,"audio_url":null,"qpc_uthmani_hafs":"١٠","char_type_name":"end","page_number":496,"line_number":9,"text":"ﮙ","translation":{"text":"(10)","language_name":"english","language_id":38},"transliteration":{"text":null,"language_name":"english","language_id":38}}],"translations":[{"id":920853,"resource_id":134,"text":"Maka tunggulah hari ketika langit membawa kabut yang nyata <sup foot_note=211141>1</sup>,"}]},{"id":4425,"verse_number":11,"verse_key":"44:11","juz_number":25,"hizb_number":50,"rub_el_hizb_number":198,"ruku_number":433,"manzil_number":6,"sajdah_number":null,"text_uthmani":"يَغْشَى ٱلنَّاسَ ۖ هَـٰذَا عَذَابٌ أَلِيمٌ","page_number":496,"words":[{"id":12265,"position":1,"audio_url":"wbw/044_011_001.mp3","qpc_uthmani_hafs":"يَغۡشَى","char_type_name":"word","page_number":496,"line_number":9,"text":"ﮚ","translation":{"text":"Enveloping","language_name":"english","language_id":38},"transliteration":{"text":"yaghshā","language_name":"english","language_id":38}},{"id":12266,"position":2,"audio_url":"wbw/044_011_002.mp3","qpc_uthmani_hafs":"ٱلنَّاسَۖ","char_type_name":"word","page_number":496,"line_number":10,"text":"ﮛﮜ","translation":{"text":"the people","language_name":"english","language_id":38},"transliteration":{"text":"l-nāsa","language_name":"english","language_id":38}},{"id":12268,"position":3,"audio_url":"wbw/044_011_004.mp3","qpc_uthmani_hafs":"هَٰذَا","char_type_name":"word","page_number":496,"line_number":10,"text":"ﮝ","translation":{"text":"This","language_name":"english","language_id":38},"transliteration":{"text":"hādhā","language_name":"english","language_id":38}},{"id":12269,"position":4,"audio_url":"wbw/044_011_005.mp3","qpc_uthmani_hafs":"عَذَابٌ","char_type_name":"word","page_number":496,"line_number":10,"text":"ﮞ","translation":{"text":"(will be) a punishment","language_name":"english","language_id":38},"transliteration":{"text":"ʿadhābun","language_name":"english","language_id":38}},{"id":12270,"position":5,"audio_url":"wbw/044_011_006.mp3","qpc_uthmani_hafs":"أَلِيمٞ","char_type_name":"word","page_number":496,"line_number":10,"text":"ﮟ","translation":{"text":"painful","language_name":"english","language_id":38},"transliteration":{"text":"alīmun","language_name":"english","language_id":38}},{"id":12271,"position":6,"audio_url":null,"qpc_uthmani_hafs":"١١","char_type_name":"end","page_number":496,"line_number":10,"text":"ﮠ","translation":{"text":"(11)","language_name":"english","language_id":38},"transliteration":{"text":null,"language_name":"english","language_id":38}}],"translations":[{"id":920854,"resource_id":134,"text":"yang meliputi manusia.  Inilah azab yang pedih."}]},{"id":4426,"verse_number":12,"verse_key":"44:12","juz_number":25,"hizb_number":50,"rub_el_hizb_number":198,"ruku_number":433,"manzil_number":6,"sajdah_number":null,"text_uthmani":"رَّبَّنَا ٱكْشِفْ عَنَّا ٱلْعَذَابَ إِنَّا مُؤْمِنُونَ","page_number":496,"words":[{"id":13603,"position":1,"audio_url":"wbw/044_012_001.mp3","qpc_uthmani_hafs":"رَّبَّنَا","char_type_name":"word","page_number":496,"line_number":10,"text":"ﮡ","translation":{"text":"Our Lord","language_name":"english","language_id":38},"transliteration":{"text":"rabbanā","language_name":"english","language_id":38}},{"id":13604,"position":2,"audio_url":"wbw/044_012_002.mp3","qpc_uthmani_hafs":"ٱكۡشِفۡ","char_type_name":"word","page_number":496,"line_number":10,"text":"ﮢ","translation":{"text":"Remove","language_name":"english","language_id":38},"transliteration":{"text":"ik'shif","language_name":"english","language_id":38}},{"id":13605,"position":3,"audio_url":"wbw/044_012_003.mp3","qpc_uthmani_hafs":"عَنَّا","char_type_name":"word","page_number":496,"line_number":10,"text":"ﮣ","translation":{"text":"from us","language_name":"english","language_id":38},"transliteration":{"text":"ʿannā","language_name":"english","language_id":38}},{"id":13606,"position":4,"audio_url":"wbw/044_012_004.mp3","qpc_uthmani_hafs":"ٱلۡعَذَابَ","char_type_name":"word","page_number":496,"line_number":10,"text":"ﮤ","translation":{"text":"the punishment","language_name":"english","language_id":38},"transliteration":{"text":"l-ʿadhāba","language_name":"english","language_id":38}},{"id":13607,"position":5,"audio_url":"wbw/044_012_005.mp3","qpc_uthmani_hafs":"إِنَّا","char_type_name":"word","page_number":496,"line_number":11,"text":"ﮥ","translation":{"text":"indeed, we","language_name":"english","language_id":38},"transliteration":{"text":"innā","language_name":"english","language_id":38}},{"id":13608,"position":6,"audio_url":"wbw/044_012_006.mp3","qpc_uthmani_hafs":"مُؤۡمِنُونَ","char_type_name":"word","page_number":496,"line_number":11,"text":"ﮦ","translation":{"text":"(are) believers","language_name":"english","language_id":38},"transliteration":{"text":"mu'minūna","language_name":"english","language_id":38}},{"id":13609,"position":7,"audio_url":null,"qpc_uthmani_hafs":"١٢","char_type_name":"end","page_number":496,"line_number":11,"text":"ﮧ","translation":{"text":"(12)","language_name":"english","language_id":38},"transliteration":{"text":null,"language_name":"english","language_id":38}}],"translations":[{"id":920855,"resource_id":134,"text":"(Mereka berdoa), \"Ya Tuhan kami, lenyapkanlah dari kami azab itu.  Sesungguhnya kami akan beriman.\""}]},{"id":4427,"verse_number":13,"verse_key":"44:13","juz_number":25,"hizb_number":50,"rub_el_hizb_number":198,"ruku_number":433,"manzil_number":6,"sajdah_number":null,"text_uthmani":"أَنَّىٰ لَهُمُ ٱلذِّكْرَىٰ وَقَدْ جَآءَهُمْ رَسُولٌ مُّبِينٌ","page_number":496,"words":[{"id":14802,"position":1,"audio_url":"wbw/044_013_001.mp3","qpc_uthmani_hafs":"أَنَّىٰ","char_type_name":"word","page_number":496,"line_number":11,"text":"ﮨ","translation":{"text":"How can","language_name":"english","language_id":38},"transliteration":{"text":"annā","language_name":"english","language_id":38}},{"id":14803,"position":2,"audio_url":"wbw/044_013_002.mp3","qpc_uthmani_hafs":"لَهُمُ","char_type_name":"word","page_number":496,"line_number":11,"text":"ﮩ","translation":{"text":"(there be) for them","language_name":"english","language_id":38},"transliteration":{"text":"lahumu","language_name":"english","language_id":38}},{"id":14804,"position":3,"audio_url":"wbw/044_013_003.mp3","qpc_uthmani_hafs":"ٱلذِّكۡرَىٰ","char_type_name":"word","page_number":496,"line_number":11,"text":"ﮪ","translation":{"text":"the reminder","language_name":"english","language_id":38},"transliteration":{"text":"l-dhik'rā","language_name":"english","language_id":38}},{"id":14805,"position":4,"audio_url":"wbw/044_013_004.mp3","qpc_uthmani_hafs":"وَقَدۡ","char_type_name":"word","page_number":496,"line_number":11,"text":"ﮫ","translation":{"text":"when verily","language_name":"english","language_id":38},"transliteration":{"text":"waqad","language_name":"english","language_id":38}},{"id":14806,"position":5,"audio_url":"wbw/044_013_005.mp3","qpc_uthmani_hafs":"جَآءَهُمۡ","char_type_name":"word","page_number":496,"line_number":11,"text":"ﮬ","translation":{"text":"had come to them","language_name":"english","language_id":38},"transliteration":{"text":"jāahum","language_name":"english","language_id":38}},{"id":14807,"position":6,"audio_url":"wbw/044_013_006.mp3","qpc_uthmani_hafs":"رَسُولٞ","char_type_name":"word","page_number":496,"line_number":11,"text":"ﮭ","translation":{"text":"a Messenger","language_name":"english","language_id":38},"transliteration":{"text":"rasūlun","language_name":"english","language_id":38}},{"id":14808,"position":7,"audio_url":"wbw/044_013_007.mp3","qpc_uthmani_hafs":"مُّبِينٞ","char_type_name":"word","page_number":496,"line_number":11,"text":"ﮮ","translation":{"text":"clear","language_name":"english","language_id":38},"transliteration":{"text":"mubīnun","language_name":"english","language_id":38}},{"id":14809,"position":8,"audio_url":null,"qpc_uthmani_hafs":"١٣","char_type_name":"end","page_number":496,"line_number":11,"text":"ﮯ","translation":{"text":"(13)","language_name":"english","language_id":38},"transliteration":{"text":null,"language_name":"english","language_id":38}}],"translations":[{"id":920856,"resource_id":134,"text":"Bagaimanakah mereka dapat menerima peringatan, padahal telah datang kepada mereka seorang rasul yang memberi penjelasan,"}]},{"id":4428,"verse_number":14,"verse_key":"44:14","juz_number":25,"hizb_number":50,"rub_el_hizb_number":198,"ruku_number":433,"manzil_number":6,"sajdah_number":null,"text_uthmani":"ثُمَّ تَوَلَّوْا۟ عَنْهُ وَقَالُوا۟ مُعَلَّمٌ مَّجْنُونٌ","page_number":496,"words":[{"id":15880,"position":1,"audio_url":"wbw/044_014_001.mp3","qpc_uthmani_hafs":"ثُمَّ","char_type_name":"word","page_number":496,"line_number":12,"text":"ﮰ","translation":{"text":"Then","language_name":"english","language_id":38},"transliteration":{"text":"thumma","language_name":"english","language_id":38}},{"id":15881,"position":2,"audio_url":"wbw/044_014_002.mp3","qpc_uthmani_hafs":"تَوَلَّوۡاْ","char_type_name":"word","page_number":496,"line_number":12,"text":"ﮱ","translation":{"text":"they turned away","language_name":"english","language_id":38},"transliteration":{"text":"tawallaw","language_name":"english","language_id":38}},{"id":15882,"position":3,"audio_url":"wbw/044_014_003.mp3","qpc_uthmani_hafs":"عَنۡهُ","char_type_name":"word","page_number":496,"line_number":12,"text":"ﯓ","translation":{"text":"from him","language_name":"english","language_id":38},"transliteration":{"text":"ʿanhu","language_name":"english","language_id":38}},{"id":15883,"position":4,"audio_url":"wbw/044_014_004.mp3","qpc_uthmani_hafs":"وَقَالُواْ","char_type_name":"word","page_number":496,"line_number":12,"text":"ﯔ","translation":{"text":"and said","language_name":"english","language_id":38},"transliteration":{"text":"waqālū","language_name":"english","language_id":38}},{"id":15884,"position":5,"audio_url":"wbw/044_014_005.mp3","qpc_uthmani_hafs":"مُعَلَّمٞ","char_type_name":"word","page_number":496,"line_number":12,"text":"ﯕ","translation":{"text":"One taught","language_name":"english","language_id":38},"transliteration":{"text":"muʿallamun","language_name":"english","language_id":38}},{"id":15885,"position":6,"audio_url":"wbw/044_014_006.mp3","qpc_uthmani_hafs":"مَّجۡنُونٌ","char_type_name":"word","page_number":496,"line_number":12,"text":"ﯖ","translation":{"text":"a mad man","language_name":"english","language_id":38},"transliteration":{"text":"majnūnun","language_name":"english","language_id":38}},{"id":15886,"position":7,"audio_url":null,"qpc_uthmani_hafs":"١٤","char_type_name":"end","page_number":496,"line_number":12,"text":"ﯗ","translation":{"text":"(14)","language_name":"english","language_id":38},"transliteration":{"text":null,"language_name":"english","language_id":38}}],"translations":[{"id":920857,"resource_id":134,"text":"kemudian mereka berpaling darinya dan berkata, \"Dia adalah seorang yang menerima ajaran (dari orang lain) lagi pula seorang yang gila<sup foot_note=211142>1</sup>\"."}]},{"id":4429,"verse_number":15,"verse_key":"44:15","juz_number":25,"hizb_number":50,"rub_el_hizb_number":198,"ruku_number":433,"manzil_number":6,"sajdah_number":null,"text_uthmani":"إِنَّا كَاشِفُوا۟ ٱلْعَذَابِ قَلِيلًا ۚ إِنَّكُمْ عَآئِدُونَ","page_number":496,"words":[{"id":17000,"position":1,"audio_url":"wbw/044_015_001.mp3","qpc_uthmani_hafs":"إِنَّا","char_type_name":"word","page_number":496,"line_number":12,"text":"ﯘ","translation":{"text":"Indeed, We","language_name":"english","language_id":38},"transliteration":{"text":"innā","language_name":"english","language_id":38}},{"id":17001,"position":2,"audio_url":"wbw/044_015_002.mp3","qpc_uthmani_hafs":"كَاشِفُواْ","char_type_name":"word","page_number":496,"line_number":12,"text":"ﯙ","translation":{"text":"(will) remove","language_name":"english","language_id":38},"transliteration":{"text":"kāshifū","language_name":"english","language_id":38}},{"id":17002,"position":3,"audio_url":"wbw/044_015_003.mp3","qpc_uthmani_hafs":"ٱلۡعَذَابِ","char_type_name":"word","page_number":496,"line_number":12,"text":"ﯚ","translation":{"text":"the punishment","language_name":"english","language_id":38},"transliteration":{"text":"l-ʿadhābi","language_name":"english","language_id":38}},{"id":17003,"position":4,"audio_url":"wbw/044_015_004.mp3","qpc_uthmani_hafs":"قَلِيلًاۚ","char_type_name":"word","page_number":496,"line_number":12,"text":"ﯛﯜ","translation":{"text":"a little","language_name":"english","language_id":38},"transliteration":{"text":"qalīlan","language_name":"english","language_id":38}},{"id":17005,"position":5,"audio_url":"wbw/044_015_006.mp3","qpc_uthmani_hafs":"إِنَّكُمۡ","char_type_name":"word","page_number":496,"line_number":13,"text":"ﯝ","translation":{"text":"indeed, you","language_name":"english","language_id":38},"transliteration":{"text":"innakum","language_name":"english","language_id":38}},{"id":17006,"position":6,"audio_url":"wbw/044_015_007.mp3","qpc_uthmani_hafs":"عَآئِدُونَ","char_type_name":"word","page_number":496,"line_number":13,"text":"ﯞ","translation":{"text":"(will) return","language_name":"english","language_id":38},"transliteration":{"text":"ʿāidūna","language_name":"english","language_id":38}},{"id":17007,"position":7,"audio_url":null,"qpc_uthmani_hafs":"١٥","char_type_name":"end","page_number":496,"line_number":13,"text":"ﯟ","translation":{"text":"(15)","language_name":"english","language_id":38},"transliteration":{"text":null,"language_name":"english","language_id":38}}],"translations":[{"id":920858,"resource_id":134,"text":"Sesungguhnya (kalau) Kami akan melenyapkan siksaan itu agak sedikit sesungguhnya kamu akan kembali (ingkar)."}]},{"id":4430,"verse_number":16,"verse_key":"44:16","juz_number":25,"hizb_number":50,"rub_el_hizb_number":198,"ruku_number":433,"manzil_number":6,"sajdah_number":null,"text_uthmani":"يَوْمَ نَبْطِشُ ٱلْبَطْشَةَ ٱلْكُبْرَىٰٓ إِنَّا مُنتَقِمُونَ","page_number":496,"words":[{"id":18106,"position":1,"audio_url":"wbw/044_016_001.mp3","qpc_uthmani_hafs":"يَوۡمَ","char_type_name":"word","page_number":496,"line_number":13,"text":"ﯠ","translation":{"text":"(The) Day","language_name":"english","language_id":38},"transliteration":{"text":"yawma","language_name":"english","language_id":38}},{"id":18107,"position":2,"audio_url":"wbw/044_016_002.mp3","qpc_uthmani_hafs":"نَبۡطِشُ","char_type_name":"word","page_number":496,"line_number":13,"text":"ﯡ","translation":{"text":"We will seize","language_name":"english","language_id":38},"transliteration":{"text":"nabṭishu","language_name":"english","language_id":38}},{"id":18108,"position":3,"audio_url":"wbw/044_016_003.mp3","qpc_uthmani_hafs":"ٱلۡبَطۡشَةَ","char_type_name":"word","page_number":496,"line_number":13,"text":"ﯢ","translation":{"text":"(with) the seizure","language_name":"english","language_id":38},"transliteration":{"text":"l-baṭshata","language_name":"english","language_id":38}},{"id":18109,"position":4,"audio_url":"wbw/044_016_004.mp3","qpc_uthmani_hafs":"ٱلۡكُبۡرَىٰٓ","char_type_name":"word","page_number":496,"line_number":13,"text":"ﯣ","translation":{"text":"the greatest","language_name":"english","language_id":38},"transliteration":{"text":"l-kub'rā","language_name":"english","language_id":38}},{"id":18110,"position":5,"audio_url":"wbw/044_016_005.mp3","qpc_uthmani_hafs":"إِنَّا","char_type_name":"word","page_number":496,"line_number":13,"text":"ﯤ","translation":{"text":"indeed, We","language_name":"english","language_id":38},"transliteration":{"text":"innā","language_name":"english","language_id":38}},{"id":18111,"position":6,"audio_url":"wbw/044_016_006.mp3","qpc_uthmani_hafs":"مُنتَقِمُونَ","char_type_name":"word","page_number":496,"line_number":13,"text":"ﯥ","translation":{"text":"(will) take retribution","language_name":"english","language_id":38},"transliteration":{"text":"muntaqimūna","language_name":"english","language_id":38}},{"id":18112,"position":7,"audio_url":null,"qpc_uthmani_hafs":"١٦","char_type_name":"end","page_number":496,"line_number":14,"text":"ﯦ","translation":{"text":"(16)","language_name":"english","language_id":38},"transliteration":{"text":null,"language_name":"english","language_id":38}}],"translations":[{"id":920859,"resource_id":134,"text":"(Ingatlah) hari (ketika) Kami menghantam mereka dengan hantaman yang keras <sup foot_note=211143>1</sup>.  Sesungguhnya Kami adalah Pemberi balasan."}]},{"id":4431,"verse_number":17,"verse_key":"44:17","juz_number":25,"hizb_number":50,"rub_el_hizb_number":199,"ruku_number":433,"manzil_number":6,"sajdah_number":null,"text_uthmani":"۞ وَلَقَدْ فَتَنَّا قَبْلَهُمْ قَوْمَ فِرْعَوْنَ وَجَآءَهُمْ رَسُولٌ كَرِيمٌ","page_number":496,"words":[{"id":19132,"position":1,"audio_url":"wbw/044_017_002.mp3","qpc_uthmani_hafs":"۞ وَلَقَدۡ","char_type_name":"word","page_number":496,"line_number":14,"text":"ﯧ ﯨ","translation":{"text":"And certainly","language_name":"english","language_id":38},"transliteration":{"text":"walaqad","language_name":"english","language_id":38}},{"id":19133,"position":2,"audio_url":"wbw/044_017_003.mp3","qpc_uthmani_hafs":"فَتَنَّا","char_type_name":"word","page_number":496,"line_number":14,"text":"ﯩ","translation":{"text":"We tried","language_name":"english","language_id":38},"transliteration":{"text":"fatannā","language_name":"english","language_id":38}},{"id":19134,"position":3,"audio_url":"wbw/044_017_004.mp3","qpc_uthmani_hafs":"قَبۡلَهُمۡ","char_type_name":"word","page_number":496,"line_number":14,"text":"ﯪ","translation":{"text":"before them","language_name":"english","language_id":38},"transliteration":{"text":"qablahum","language_name":"english","language_id":38}},{"id":19135,"position":4,"audio_url":"wbw/044_017_005.mp3","qpc_uthmani_hafs":"قَوۡمَ","char_type_name":"word","page_number":496,"line_number":14,"text":"ﯫ","translation":{"text":"(the) people","language_name":"english","language_id":38},"transliteration":{"text":"qawma","language_name":"english","language_id":38}},{"id":19136,"position":5,"audio_url":"wbw/044_017_006.mp3","qpc_uthmani_hafs":"فِرۡعَوۡنَ","char_type_name":"word","page_number":496,"line_number":14,"text":"ﯬ","translation":{"text":"(of) Firaun","language_name":"english","language_id":38},"transliteration":{"text":"fir'ʿawna","language_name":"english","language_id":38}},{"id":19137,"position":6,"audio_url":"wbw/044_017_007.mp3","qpc_uthmani_hafs":"وَجَآءَهُمۡ","char_type_name":"word","page_number":496,"line_number":14,"text":"ﯭ","translation":{"text":"and came to them","language_name":"english","language_id":38},"transliteration":{"text":"wajāahum","language_name":"english","language_id":38}},{"id":19138,"position":7,"audio_url":"wbw/044_017_008.mp3","qpc_uthmani_hafs":"رَسُولٞ","char_type_name":"word","page_number":496,"line_number":14,"text":"ﯮ","translation":{"text":"a Messenger","language_name":"english","language_id":38},"transliteration":{"text":"rasūlun","language_name":"english","language_id":38}},{"id":19139,"position":8,"audio_url":"wbw/044_017_009.mp3","qpc_uthmani_hafs":"كَرِيمٌ","char_type_name":"word","page_number":496,"line_number":15,"text":"ﯯ","translation":{"text":"noble","language_name":"english","language_id":38},"transliteration":{"text":"karīmun","language_name":"english","language_id":38}},{"id":19140,"position":9,"audio_url":null,"qpc_uthmani_hafs":"١٧","char_type_name":"end","page_number":496,"line_number":15,"text":"ﯰ","translation":{"text":"(17)","language_name":"english","language_id":38},"transliteration":{"text":null,"language_name":"english","language_id":38}}],"translations":[{"id":920860,"resource_id":134,"text":"Sesungguhnya sebelum mereka telah Kami uji kaum Firʻawn  dan telah datang kepada mereka seorang rasul yang mulia,"}]},{"id":4432,"verse_number":18,"verse_key":"44:18","juz_number":25,"hizb_number":50,"rub_el_hizb_number":199,"ruku_number":433,"manzil_number":6,"sajdah_number":null,"text_uthmani":"أَنْ أَدُّوٓا۟ إِلَىَّ عِبَادَ ٱللَّهِ ۖ إِنِّى لَكُمْ رَسُولٌ أَمِينٌ","page_number":496,"words":[{"id":20244,"position":1,"audio_url":"wbw/044_018_001.mp3","qpc_uthmani_hafs":"أَنۡ","char_type_name":"word","page_number":496,"line_number":15,"text":"ﯱ","translation":{"text":"That","language_name":"english","language_id":38},"transliteration":{"text":"an","language_name":"english","language_id":38}},{"id":20245,"position":2,"audio_url":"wbw/044_018_002.mp3","qpc_uthmani_hafs":"أَدُّوٓاْ","char_type_name":"word","page_number":496,"line_number":15,"text":"ﯲ","translation":{"text":"Deliver","language_name":"english","language_id":38},"transliteration":{"text":"addū","language_name":"english","language_id":38}},{"id":20246,"position":3,"audio_url":"wbw/044_018_003.mp3","qpc_uthmani_hafs":"إِلَيَّ","char_type_name":"word","page_number":496,"line_number":15,"text":"ﯳ","translation":{"text":"to me","language_name":"english","language_id":38},"transliteration":{"text":"ilayya","language_name":"english","language_id":38}},{"id":20247,"position":4,"audio_url":"wbw/044_018_004.mp3","qpc_uthmani_hafs":"عِبَادَ","char_type_name":"word","page_number":496,"line_number":15,"text":"ﯴ","translation":{"text":"(the) servants","language_name":"english","language_id":38},"transliteration":{"text":"ʿibāda","language_name":"english","language_id":38}},{"id":20248,"position":5,"audio_url":"wbw/044_018_005.mp3","qpc_uthmani_hafs":"ٱللَّهِۖ","char_type_name":"word","page_number":496,"line_number":15,"text":"ﯵﯶ","translation":{"text":"(of) Allah","language_name":"english","language_id":38},"transliteration":{"text":"l-lahi","language_name":"english","language_id":38}},{"id":20250,"position":6,"audio_url":"wbw/044_018_007.mp3","qpc_uthmani_hafs":"إِنِّي","char_type_name":"word","page_number":496,"line_number":15,"text":"ﯷ","translation":{"text":"Indeed, I am","language_name":"english","language_id":38},"transliteration":{"text":"innī","language_name":"english","language_id":38}},{"id":20251,"position":7,"audio_url":"wbw/044_018_008.mp3","qpc_uthmani_hafs":"لَكُمۡ","char_type_name":"word","page_number":496,"line_number":15,"text":"ﯸ","translation":{"text":"to you","language_name":"english","language_id":38},"transliteration":{"text":"lakum","language_name":"english","language_id":38}},{"id":20252,"position":8,"audio_url":"wbw/044_018_009.mp3","qpc_uthmani_hafs":"رَسُولٌ","char_type_name":"word","page_number":496,"line_number":15,"text":"ﯹ","translation":{"text":"a Messenger","language_name":"english","language_id":38},"transliteration":{"text":"rasūlun","language_name":"english","language_id":38}},{"id":20253,"position":9,"audio_url":"wbw/044_018_010.mp3","qpc_uthmani_hafs":"أَمِينٞ","char_type_name":"word","page_number":496,"line_number":15,"text":"ﯺ","translation":{"text":"trustworthy","language_name":"english","language_id":38},"transliteration":{"text":"amīnun","language_name":"english","language_id":38}},{"id":20254,"position":10,"audio_url":null,"qpc_uthmani_hafs":"١٨","char_type_name":"end","page_number":496,"line_number":15,"text":"ﯻ","translation":{"text":"(18)","language_name":"english","language_id":38},"transliteration":{"text":null,"language_name":"english","language_id":38}}],"translations":[{"id":920861,"resource_id":134,"text":"(dengan berkata), \"Serahkanlah kepadaku hamba-hamba Allah (Bani Isrā`īl yang kamu perbudak). Sesungguhnya aku adalah utusan (Allah) yang dipercaya kepadamu,"}]}],"pagination":{"per_page":50,"current_page":1,"next_page":null,"total_pages":1,"total_records":18}}