{"verses":[{"id":4487,"verse_number":14,"verse_key":"45:14","juz_number":25,"hizb_number":50,"rub_el_hizb_number":200,"ruku_number":437,"manzil_number":6,"sajdah_number":null,"text_uthmani":"قُل لِّلَّذِينَ ءَامَنُوا۟ يَغْفِرُوا۟ لِلَّذِينَ لَا يَرْجُونَ أَيَّامَ ٱللَّهِ لِيَجْزِىَ قَوْمًۢا بِمَا كَانُوا۟ يَكْسِبُونَ","page_number":500,"words":[{"id":15887,"position":1,"audio_url":"wbw/045_014_001.mp3","qpc_uthmani_hafs":"قُل","char_type_name":"word","page_number":500,"line_number":1,"text":"ﭑ","translation":{"text":"Say","language_name":"english","language_id":38},"transliteration":{"text":"qul","language_name":"english","language_id":38}},{"id":15888,"position":2,"audio_url":"wbw/045_014_002.mp3","qpc_uthmani_hafs":"لِّلَّذِينَ","char_type_name":"word","page_number":500,"line_number":1,"text":"ﭒ","translation":{"text":"to those who","language_name":"english","language_id":38},"transliteration":{"text":"lilladhīna","language_name":"english","language_id":38}},{"id":15889,"position":3,"audio_url":"wbw/045_014_003.mp3","qpc_uthmani_hafs":"ءَامَنُواْ","char_type_name":"word","page_number":500,"line_number":1,"text":"ﭓ","translation":{"text":"believe","language_name":"english","language_id":38},"transliteration":{"text":"āmanū","language_name":"english","language_id":38}},{"id":15890,"position":4,"audio_url":"wbw/045_014_004.mp3","qpc_uthmani_hafs":"يَغۡفِرُواْ","char_type_name":"word","page_number":500,"line_number":1,"text":"ﭔ","translation":{"text":"(to) forgive","language_name":"english","language_id":38},"transliteration":{"text":"yaghfirū","language_name":"english","language_id":38}},{"id":15891,"position":5,"audio_url":"wbw/045_014_005.mp3","qpc_uthmani_hafs":"لِلَّذِينَ","char_type_name":"word","page_number":500,"line_number":1,"text":"ﭕ","translation":{"text":"those who","language_name":"english","language_id":38},"transliteration":{"text":"lilladhīna","language_name":"english","language_id":38}},{"id":15892,"position":6,"audio_url":"wbw/045_014_006.mp3","qpc_uthmani_hafs":"لَا","char_type_name":"word","page_number":500,"line_number":1,"text":"ﭖ","translation":{"text":"(do) not","language_name":"english","language_id":38},"transliteration":{"text":"lā","language_name":"english","language_id":38}},{"id":15893,"position":7,"audio_url":"wbw/045_014_007.mp3","qpc_uthmani_hafs":"يَرۡجُونَ","char_type_name":"word","page_number":500,"line_number":1,"text":"ﭗ","translation":{"text":"hope","language_name":"english","language_id":38},"transliteration":{"text":"yarjūna","language_name":"english","language_id":38}},{"id":15894,"position":8,"audio_url":"wbw/045_014_008.mp3","qpc_uthmani_hafs":"أَيَّامَ","char_type_name":"word","page_number":500,"line_number":1,"text":"ﭘ","translation":{"text":"(for the) days","language_name":"english","language_id":38},"transliteration":{"text":"ayyāma","language_name":"english","language_id":38}},{"id":15895,"position":9,"audio_url":"wbw/045_014_009.mp3","qpc_uthmani_hafs":"ٱللَّهِ","char_type_name":"word","page_number":500,"line_number":1,"text":"ﭙ","translation":{"text":"(of) Allah","language_name":"english","language_id":38},"transliteration":{"text":"l-lahi","language_name":"english","language_id":38}},{"id":15896,"position":10,"audio_url":"wbw/045_014_010.mp3","qpc_uthmani_hafs":"لِيَجۡزِيَ","char_type_name":"word","page_number":500,"line_number":1,"text":"ﭚ","translation":{"text":"that He may recompense","language_name":"english","language_id":38},"transliteration":{"text":"liyajziya","language_name":"english","language_id":38}},{"id":15897,"position":11,"audio_url":"wbw/045_014_011.mp3","qpc_uthmani_hafs":"قَوۡمَۢا","char_type_name":"word","page_number":500,"line_number":2,"text":"ﭛ","translation":{"text":"a people","language_name":"english","language_id":38},"transliteration":{"text":"qawman","language_name":"english","language_id":38}},{"id":15898,"position":12,"audio_url":"wbw/045_014_012.mp3","qpc_uthmani_hafs":"بِمَا","char_type_name":"word","page_number":500,"line_number":2,"text":"ﭜ","translation":{"text":"for what","language_name":"english","language_id":38},"transliteration":{"text":"bimā","language_name":"english","language_id":38}},{"id":15899,"position":13,"audio_url":"wbw/045_014_013.mp3","qpc_uthmani_hafs":"كَانُواْ","char_type_name":"word","page_number":500,"line_number":2,"text":"ﭝ","translation":{"text":"they used to","language_name":"english","language_id":38},"transliteration":{"text":"kānū","language_name":"english","language_id":38}},{"id":15900,"position":14,"audio_url":"wbw/045_014_014.mp3","qpc_uthmani_hafs":"يَكۡسِبُونَ","char_type_name":"word","page_number":500,"line_number":2,"text":"ﭞ","translation":{"text":"earn","language_name":"english","language_id":38},"transliteration":{"text":"yaksibūna","language_name":"english","language_id":38}},{"id":15901,"position":15,"audio_url":null,"qpc_uthmani_hafs":"١٤","char_type_name":"end","page_number":500,"line_number":2,"text":"ﭟ","translation":{"text":"(14)","language_name":"english","language_id":38},"transliteration":{"text":null,"language_name":"english","language_id":38}}],"translations":[{"id":920916,"resource_id":134,"text":"Katakanlah kepada orang-orang yang beriman hendaklah mereka memaafkan orang-orang yang tiada takut akan hari-hari Allah <sup foot_note=211153>1</sup> karena Dia akan membalas sesuatu kaum terhadap apa yang telah mereka kerjakan."}]},{"id":4488,"verse_number":15,"verse_key":"45:15","juz_number":25,"hizb_number":50,"rub_el_hizb_number":200,"ruku_number":437,"manzil_number":6,"sajdah_number":null,"text_uthmani":"مَنْ عَمِلَ صَـٰلِحًا فَلِنَفْسِهِۦ ۖ وَمَنْ أَسَآءَ فَعَلَيْهَا ۖ ثُمَّ إِلَىٰ رَبِّكُمْ تُرْجَعُونَ","page_number":500,"words":[{"id":17008,"position":1,"audio_url":"wbw/045_015_001.mp3","qpc_uthmani_hafs":"مَنۡ","char_type_name":"word","page_number":500,"line_number":2,"text":"ﭠ","translation":{"text":"Whoever","language_name":"english","language_id":38},"transliteration":{"text":"man","language_name":"english","language_id":38}},{"id":17009,"position":2,"audio_url":"wbw/045_015_002.mp3","qpc_uthmani_hafs":"عَمِلَ","char_type_name":"word","page_number":500,"line_number":2,"text":"ﭡ","translation":{"text":"does","language_name":"english","language_id":38},"transliteration":{"text":"ʿamila","language_name":"english","language_id":38}},{"id":17010,"position":3,"audio_url":"wbw/045_015_003.mp3","qpc_uthmani_hafs":"صَٰلِحٗا","char_type_name":"word","page_number":500,"line_number":2,"text":"ﭢ","translation":{"text":"a righteous deed","language_name":"english","language_id":38},"transliteration":{"text":"ṣāliḥan","language_name":"english","language_id":38}},{"id":17011,"position":4,"audio_url":"wbw/045_015_004.mp3","qpc_uthmani_hafs":"فَلِنَفۡسِهِۦۖ","char_type_name":"word","page_number":500,"line_number":2,"text":"ﭣﭤ","translation":{"text":"then it is for his soul","language_name":"english","language_id":38},"transliteration":{"text":"falinafsihi","language_name":"english","language_id":38}},{"id":17013,"position":5,"audio_url":"wbw/045_015_006.mp3","qpc_uthmani_hafs":"وَمَنۡ","char_type_name":"word","page_number":500,"line_number":3,"text":"ﭥ","translation":{"text":"and whoever","language_name":"english","language_id":38},"transliteration":{"text":"waman","language_name":"english","language_id":38}},{"id":17014,"position":6,"audio_url":"wbw/045_015_007.mp3","qpc_uthmani_hafs":"أَسَآءَ","char_type_name":"word","page_number":500,"line_number":3,"text":"ﭦ","translation":{"text":"does evil","language_name":"english","language_id":38},"transliteration":{"text":"asāa","language_name":"english","language_id":38}},{"id":17015,"position":7,"audio_url":"wbw/045_015_008.mp3","qpc_uthmani_hafs":"فَعَلَيۡهَاۖ","char_type_name":"word","page_number":500,"line_number":3,"text":"ﭧﭨ","translation":{"text":"then it (is) against it","language_name":"english","language_id":38},"transliteration":{"text":"faʿalayhā","language_name":"english","language_id":38}},{"id":17017,"position":8,"audio_url":"wbw/045_015_010.mp3","qpc_uthmani_hafs":"ثُمَّ","char_type_name":"word","page_number":500,"line_number":3,"text":"ﭩ","translation":{"text":"Then","language_name":"english","language_id":38},"transliteration":{"text":"thumma","language_name":"english","language_id":38}},{"id":17018,"position":9,"audio_url":"wbw/045_015_011.mp3","qpc_uthmani_hafs":"إِلَىٰ","char_type_name":"word","page_number":500,"line_number":3,"text":"ﭪ","translation":{"text":"to","language_name":"english","language_id":38},"transliteration":{"text":"ilā","language_name":"english","language_id":38}},{"id":17019,"position":10,"audio_url":"wbw/045_015_012.mp3","qpc_uthmani_hafs":"رَبِّكُمۡ","char_type_name":"word","page_number":500,"line_number":3,"text":"ﭫ","translation":{"text":"your Lord","language_name":"english","language_id":38},"transliteration":{"text":"rabbikum","language_name":"english","language_id":38}},{"id":17020,"position":11,"audio_url":"wbw/045_015_013.mp3","qpc_uthmani_hafs":"تُرۡجَعُونَ","char_type_name":"word","page_number":500,"line_number":3,"text":"ﭬ","translation":{"text":"you will be returned","language_name":"english","language_id":38},"transliteration":{"text":"tur'jaʿūna","language_name":"english","language_id":38}},{"id":17021,"position":12,"audio_url":null,"qpc_uthmani_hafs":"١٥","char_type_name":"end","page_number":500,"line_number":3,"text":"ﭭ","translation":{"text":"(15)","language_name":"english","language_id":38},"transliteration":{"text":null,"language_name":"english","language_id":38}}],"translations":[{"id":920917,"resource_id":134,"text":"Barang siapa yang mengerjakan amal saleh, maka itu adalah untuk dirinya sendiri dan barang siapa yang mengerjakan kejahatan, maka itu akan menimpa dirinya sendiri, kemudian kepada Tuhan-mulah kamu dikembalikan."}]},{"id":4489,"verse_number":16,"verse_key":"45:16","juz_number":25,"hizb_number":50,"rub_el_hizb_number":200,"ruku_number":437,"manzil_number":6,"sajdah_number":null,"text_uthmani":"وَلَقَدْ ءَاتَيْنَا بَنِىٓ إِسْرَٰٓءِيلَ ٱلْكِتَـٰبَ وَٱلْحُكْمَ وَٱلنُّبُوَّةَ وَرَزَقْنَـٰهُم مِّنَ ٱلطَّيِّبَـٰتِ وَفَضَّلْنَـٰهُمْ عَلَى ٱلْعَـٰلَمِينَ","page_number":500,"words":[{"id":18113,"position":1,"audio_url":"wbw/045_016_001.mp3","qpc_uthmani_hafs":"وَلَقَدۡ","char_type_name":"word","page_number":500,"line_number":3,"text":"ﭮ","translation":{"text":"And certainly","language_name":"english","language_id":38},"transliteration":{"text":"walaqad","language_name":"english","language_id":38}},{"id":18114,"position":2,"audio_url":"wbw/045_016_002.mp3","qpc_uthmani_hafs":"ءَاتَيۡنَا","char_type_name":"word","page_number":500,"line_number":3,"text":"ﭯ","translation":{"text":"We gave","language_name":"english","language_id":38},"transliteration":{"text":"ātaynā","language_name":"english","language_id":38}},{"id":18115,"position":3,"audio_url":"wbw/045_016_003.mp3","qpc_uthmani_hafs":"بَنِيٓ","char_type_name":"word","page_number":500,"line_number":4,"text":"ﭰ","translation":{"text":"(the) Children of Israel","language_name":"english","language_id":38},"transliteration":{"text":"banī","language_name":"english","language_id":38}},{"id":18116,"position":4,"audio_url":"wbw/045_016_004.mp3","qpc_uthmani_hafs":"إِسۡرَٰٓءِيلَ","char_type_name":"word","page_number":500,"line_number":4,"text":"ﭱ","translation":{"text":"(the) Children of Israel","language_name":"english","language_id":38},"transliteration":{"text":"is'rāīla","language_name":"english","language_id":38}},{"id":18117,"position":5,"audio_url":"wbw/045_016_005.mp3","qpc_uthmani_hafs":"ٱلۡكِتَٰبَ","char_type_name":"word","page_number":500,"line_number":4,"text":"ﭲ","translation":{"text":"the Book","language_name":"english","language_id":38},"transliteration":{"text":"l-kitāba","language_name":"english","language_id":38}},{"id":18118,"position":6,"audio_url":"wbw/045_016_006.mp3","qpc_uthmani_hafs":"وَٱلۡحُكۡمَ","char_type_name":"word","page_number":500,"line_number":4,"text":"ﭳ","translation":{"text":"and the wisdom","language_name":"english","language_id":38},"transliteration":{"text":"wal-ḥuk'ma","language_name":"english","language_id":38}},{"id":18119,"position":7,"audio_url":"wbw/045_016_007.mp3","qpc_uthmani_hafs":"وَٱلنُّبُوَّةَ","char_type_name":"word","page_number":500,"line_number":4,"text":"ﭴ","translation":{"text":"and the Prophethood","language_name":"english","language_id":38},"transliteration":{"text":"wal-nubuwata","language_name":"english","language_id":38}},{"id":18120,"position":8,"audio_url":"wbw/045_016_008.mp3","qpc_uthmani_hafs":"وَرَزَقۡنَٰهُم","char_type_name":"word","page_number":500,"line_number":4,"text":"ﭵ","translation":{"text":"and We provided them","language_name":"english","language_id":38},"transliteration":{"text":"warazaqnāhum","language_name":"english","language_id":38}},{"id":18121,"position":9,"audio_url":"wbw/045_016_009.mp3","qpc_uthmani_hafs":"مِّنَ","char_type_name":"word","page_number":500,"line_number":4,"text":"ﭶ","translation":{"text":"of","language_name":"english","language_id":38},"transliteration":{"text":"mina","language_name":"english","language_id":38}},{"id":18122,"position":10,"audio_url":"wbw/045_016_010.mp3","qpc_uthmani_hafs":"ٱلطَّيِّبَٰتِ","char_type_name":"word","page_number":500,"line_number":4,"text":"ﭷ","translation":{"text":"the good things","language_name":"english","language_id":38},"transliteration":{"text":"l-ṭayibāti","language_name":"english","language_id":38}},{"id":18123,"position":11,"audio_url":"wbw/045_016_011.mp3","qpc_uthmani_hafs":"وَفَضَّلۡنَٰهُمۡ","char_type_name":"word","page_number":500,"line_number":5,"text":"ﭸ","translation":{"text":"and We preferred them","language_name":"english","language_id":38},"transliteration":{"text":"wafaḍḍalnāhum","language_name":"english","language_id":38}},{"id":18124,"position":12,"audio_url":"wbw/045_016_012.mp3","qpc_uthmani_hafs":"عَلَى","char_type_name":"word","page_number":500,"line_number":5,"text":"ﭹ","translation":{"text":"over","language_name":"english","language_id":38},"transliteration":{"text":"ʿalā","language_name":"english","language_id":38}},{"id":18125,"position":13,"audio_url":"wbw/045_016_013.mp3","qpc_uthmani_hafs":"ٱلۡعَٰلَمِينَ","char_type_name":"word","page_number":500,"line_number":5,"text":"ﭺ","translation":{"text":"the worlds","language_name":"english","language_id":38},"transliteration":{"text":"l-ʿālamīna","language_name":"english","language_id":38}},{"id":18126,"position":14,"audio_url":null,"qpc_uthmani_hafs":"١٦","char_type_name":"end","page_number":500,"line_number":5,"text":"ﭻ","translation":{"text":"(16)","language_name":"english","language_id":38},"transliteration":{"text":null,"language_name":"english","language_id":38}}],"translations":[{"id":920918,"resource_id":134,"text":"Dan sesungguhnya telah Kami berikan kepada Bani Isrā`īl Alkitab (Taurat), kekuasaan dan kenabian, dan Kami berikan kepada mereka rezeki-rezeki yang baik, dan Kami lebihkan mereka atas bangsa-bangsa (pada masanya)."}]},{"id":4490,"verse_number":17,"verse_key":"45:17","juz_number":25,"hizb_number":50,"rub_el_hizb_number":200,"ruku_number":437,"manzil_number":6,"sajdah_number":null,"text_uthmani":"وَءَاتَيْنَـٰهُم بَيِّنَـٰتٍ مِّنَ ٱلْأَمْرِ ۖ فَمَا ٱخْتَلَفُوٓا۟ إِلَّا مِنۢ بَعْدِ مَا جَآءَهُمُ ٱلْعِلْمُ بَغْيًۢا بَيْنَهُمْ ۚ إِنَّ رَبَّكَ يَقْضِى بَيْنَهُمْ يَوْمَ ٱلْقِيَـٰمَةِ فِيمَا كَانُوا۟ فِيهِ يَخْتَلِفُونَ","page_number":500,"words":[{"id":19141,"position":1,"audio_url":"wbw/045_017_001.mp3","qpc_uthmani_hafs":"وَءَاتَيۡنَٰهُم","char_type_name":"word","page_number":500,"line_number":5,"text":"ﭼ","translation":{"text":"And We gave them","language_name":"english","language_id":38},"transliteration":{"text":"waātaynāhum","language_name":"english","language_id":38}},{"id":19142,"position":2,"audio_url":"wbw/045_017_002.mp3","qpc_uthmani_hafs":"بَيِّنَٰتٖ","char_type_name":"word","page_number":500,"line_number":5,"text":"ﭽ","translation":{"text":"clear proofs","language_name":"english","language_id":38},"transliteration":{"text":"bayyinātin","language_name":"english","language_id":38}},{"id":19143,"position":3,"audio_url":"wbw/045_017_003.mp3","qpc_uthmani_hafs":"مِّنَ","char_type_name":"word","page_number":500,"line_number":5,"text":"ﭾ","translation":{"text":"of","language_name":"english","language_id":38},"transliteration":{"text":"mina","language_name":"english","language_id":38}},{"id":19144,"position":4,"audio_url":"wbw/045_017_004.mp3","qpc_uthmani_hafs":"ٱلۡأَمۡرِۖ","char_type_name":"word","page_number":500,"line_number":5,"text":"ﭿﮀ","translation":{"text":"the matter","language_name":"english","language_id":38},"transliteration":{"text":"l-amri","language_name":"english","language_id":38}},{"id":19146,"position":5,"audio_url":"wbw/045_017_006.mp3","qpc_uthmani_hafs":"فَمَا","char_type_name":"word","page_number":500,"line_number":6,"text":"ﮁ","translation":{"text":"And not","language_name":"english","language_id":38},"transliteration":{"text":"famā","language_name":"english","language_id":38}},{"id":19147,"position":6,"audio_url":"wbw/045_017_007.mp3","qpc_uthmani_hafs":"ٱخۡتَلَفُوٓاْ","char_type_name":"word","page_number":500,"line_number":6,"text":"ﮂ","translation":{"text":"they differed","language_name":"english","language_id":38},"transliteration":{"text":"ikh'talafū","language_name":"english","language_id":38}},{"id":19148,"position":7,"audio_url":"wbw/045_017_008.mp3","qpc_uthmani_hafs":"إِلَّا","char_type_name":"word","page_number":500,"line_number":6,"text":"ﮃ","translation":{"text":"except","language_name":"english","language_id":38},"transliteration":{"text":"illā","language_name":"english","language_id":38}},{"id":19149,"position":8,"audio_url":"wbw/045_017_009.mp3","qpc_uthmani_hafs":"مِنۢ","char_type_name":"word","page_number":500,"line_number":6,"text":"ﮄ","translation":{"text":"after","language_name":"english","language_id":38},"transliteration":{"text":"min","language_name":"english","language_id":38}},{"id":19150,"position":9,"audio_url":"wbw/045_017_010.mp3","qpc_uthmani_hafs":"بَعۡدِ","char_type_name":"word","page_number":500,"line_number":6,"text":"ﮅ","translation":{"text":"after","language_name":"english","language_id":38},"transliteration":{"text":"baʿdi","language_name":"english","language_id":38}},{"id":19151,"position":10,"audio_url":"wbw/045_017_011.mp3","qpc_uthmani_hafs":"مَا","char_type_name":"word","page_number":500,"line_number":6,"text":"ﮆ","translation":{"text":"[what]","language_name":"english","language_id":38},"transliteration":{"text":"mā","language_name":"english","language_id":38}},{"id":19152,"position":11,"audio_url":"wbw/045_017_012.mp3","qpc_uthmani_hafs":"جَآءَهُمُ","char_type_name":"word","page_number":500,"line_number":6,"text":"ﮇ","translation":{"text":"came to them","language_name":"english","language_id":38},"transliteration":{"text":"jāahumu","language_name":"english","language_id":38}},{"id":19153,"position":12,"audio_url":"wbw/045_017_013.mp3","qpc_uthmani_hafs":"ٱلۡعِلۡمُ","char_type_name":"word","page_number":500,"line_number":6,"text":"ﮈ","translation":{"text":"the knowledge","language_name":"english","language_id":38},"transliteration":{"text":"l-ʿil'mu","language_name":"english","language_id":38}},{"id":19154,"position":13,"audio_url":"wbw/045_017_014.mp3","qpc_uthmani_hafs":"بَغۡيَۢا","char_type_name":"word","page_number":500,"line_number":6,"text":"ﮉ","translation":{"text":"(out of) envy","language_name":"english","language_id":38},"transliteration":{"text":"baghyan","language_name":"english","language_id":38}},{"id":19155,"position":14,"audio_url":"wbw/045_017_015.mp3","qpc_uthmani_hafs":"بَيۡنَهُمۡۚ","char_type_name":"word","page_number":500,"line_number":6,"text":"ﮊﮋ","translation":{"text":"between themselves","language_name":"english","language_id":38},"transliteration":{"text":"baynahum","language_name":"english","language_id":38}},{"id":19157,"position":15,"audio_url":"wbw/045_017_017.mp3","qpc_uthmani_hafs":"إِنَّ","char_type_name":"word","page_number":500,"line_number":6,"text":"ﮌ","translation":{"text":"Indeed","language_name":"english","language_id":38},"transliteration":{"text":"inna","language_name":"english","language_id":38}},{"id":19158,"position":16,"audio_url":"wbw/045_017_018.mp3","qpc_uthmani_hafs":"رَبَّكَ","char_type_name":"word","page_number":500,"line_number":7,"text":"ﮍ","translation":{"text":"your Lord","language_name":"english","language_id":38},"transliteration":{"text":"rabbaka","language_name":"english","language_id":38}},{"id":19159,"position":17,"audio_url":"wbw/045_017_019.mp3","qpc_uthmani_hafs":"يَقۡضِي","char_type_name":"word","page_number":500,"line_number":7,"text":"ﮎ","translation":{"text":"will judge","language_name":"english","language_id":38},"transliteration":{"text":"yaqḍī","language_name":"english","language_id":38}},{"id":19160,"position":18,"audio_url":"wbw/045_017_020.mp3","qpc_uthmani_hafs":"بَيۡنَهُمۡ","char_type_name":"word","page_number":500,"line_number":7,"text":"ﮏ","translation":{"text":"between them","language_name":"english","language_id":38},"transliteration":{"text":"baynahum","language_name":"english","language_id":38}},{"id":19161,"position":19,"audio_url":"wbw/045_017_021.mp3","qpc_uthmani_hafs":"يَوۡمَ","char_type_name":"word","page_number":500,"line_number":7,"text":"ﮐ","translation":{"text":"(on the) Day","language_name":"english","language_id":38},"transliteration":{"text":"yawma","language_name":"english","language_id":38}},{"id":19162,"position":20,"audio_url":"wbw/045_017_022.mp3","qpc_uthmani_hafs":"ٱلۡقِيَٰمَةِ","char_type_name":"word","page_number":500,"line_number":7,"text":"ﮑ","translation":{"text":"(of) the Resurrection","language_name":"english","language_id":38},"transliteration":{"text":"l-qiyāmati","language_name":"english","language_id":38}},{"id":19163,"position":21,"audio_url":"wbw/045_017_023.mp3","qpc_uthmani_hafs":"فِيمَا","char_type_name":"word","page_number":500,"line_number":7,"text":"ﮒ","translation":{"text":"about what","language_name":"english","language_id":38},"transliteration":{"text":"fīmā","language_name":"english","language_id":38}},{"id":19164,"position":22,"audio_url":"wbw/045_017_024.mp3","qpc_uthmani_hafs":"كَانُواْ","char_type_name":"word","page_number":500,"line_number":7,"text":"ﮓ","translation":{"text":"they used to","language_name":"english","language_id":38},"transliteration":{"text":"kānū","language_name":"english","language_id":38}},{"id":19165,"position":23,"audio_url":"wbw/045_017_025.mp3","qpc_uthmani_hafs":"فِيهِ","char_type_name":"word","page_number":500,"line_number":7,"text":"ﮔ","translation":{"text":"therein","language_name":"english","language_id":38},"transliteration":{"text":"fīhi","language_name":"english","language_id":38}},{"id":19166,"position":24,"audio_url":"wbw/045_017_026.mp3","qpc_uthmani_hafs":"يَخۡتَلِفُونَ","char_type_name":"word","page_number":500,"line_number":7,"text":"ﮕ","translation":{"text":"differ","language_name":"english","language_id":38},"transliteration":{"text":"yakhtalifūna","language_name":"english","language_id":38}},{"id":19167,"position":25,"audio_url":null,"qpc_uthmani_hafs":"١٧","char_type_name":"end","page_number":500,"line_number":8,"text":"ﮖ","translation":{"text":"(17)","language_name":"english","language_id":38},"transliteration":{"text":null,"language_name":"english","language_id":38}}],"translations":[{"id":920919,"resource_id":134,"text":"Dan Kami berikan kepada mereka keterangan-keterangan yang nyata tentang urusan (agama), maka mereka tidak berselisih, melainkan sesudah datang kepada mereka pengetahuan karena kedengkian yang ada di antara mereka.  Sesungguhnya Tuhan-mu akan memutuskan antara mereka pada hari kiamat terhadap apa yang mereka selalu berselisih padanya."}]},{"id":4491,"verse_number":18,"verse_key":"45:18","juz_number":25,"hizb_number":50,"rub_el_hizb_number":200,"ruku_number":437,"manzil_number":6,"sajdah_number":null,"text_uthmani":"ثُمَّ جَعَلْنَـٰكَ عَلَىٰ شَرِيعَةٍ مِّنَ ٱلْأَمْرِ فَٱتَّبِعْهَا وَلَا تَتَّبِعْ أَهْوَآءَ ٱلَّذِينَ لَا يَعْلَمُونَ","page_number":500,"words":[{"id":20255,"position":1,"audio_url":"wbw/045_018_001.mp3","qpc_uthmani_hafs":"ثُمَّ","char_type_name":"word","page_number":500,"line_number":8,"text":"ﮗ","translation":{"text":"Then","language_name":"english","language_id":38},"transliteration":{"text":"thumma","language_name":"english","language_id":38}},{"id":20256,"position":2,"audio_url":"wbw/045_018_002.mp3","qpc_uthmani_hafs":"جَعَلۡنَٰكَ","char_type_name":"word","page_number":500,"line_number":8,"text":"ﮘ","translation":{"text":"We put you","language_name":"english","language_id":38},"transliteration":{"text":"jaʿalnāka","language_name":"english","language_id":38}},{"id":20257,"position":3,"audio_url":"wbw/045_018_003.mp3","qpc_uthmani_hafs":"عَلَىٰ","char_type_name":"word","page_number":500,"line_number":8,"text":"ﮙ","translation":{"text":"on","language_name":"english","language_id":38},"transliteration":{"text":"ʿalā","language_name":"english","language_id":38}},{"id":20258,"position":4,"audio_url":"wbw/045_018_004.mp3","qpc_uthmani_hafs":"شَرِيعَةٖ","char_type_name":"word","page_number":500,"line_number":8,"text":"ﮚ","translation":{"text":"an ordained way","language_name":"english","language_id":38},"transliteration":{"text":"sharīʿatin","language_name":"english","language_id":38}},{"id":20259,"position":5,"audio_url":"wbw/045_018_005.mp3","qpc_uthmani_hafs":"مِّنَ","char_type_name":"word","page_number":500,"line_number":8,"text":"ﮛ","translation":{"text":"of","language_name":"english","language_id":38},"transliteration":{"text":"mina","language_name":"english","language_id":38}},{"id":20260,"position":6,"audio_url":"wbw/045_018_006.mp3","qpc_uthmani_hafs":"ٱلۡأَمۡرِ","char_type_name":"word","page_number":500,"line_number":8,"text":"ﮜ","translation":{"text":"the matter","language_name":"english","language_id":38},"transliteration":{"text":"l-amri","language_name":"english","language_id":38}},{"id":20261,"position":7,"audio_url":"wbw/045_018_007.mp3","qpc_uthmani_hafs":"فَٱتَّبِعۡهَا","char_type_name":"word","page_number":500,"line_number":8,"text":"ﮝ","translation":{"text":"so follow it","language_name":"english","language_id":38},"transliteration":{"text":"fa-ittabiʿ'hā","language_name":"english","language_id":38}},{"id":20262,"position":8,"audio_url":"wbw/045_018_008.mp3","qpc_uthmani_hafs":"وَلَا","char_type_name":"word","page_number":500,"line_number":8,"text":"ﮞ","translation":{"text":"and (do) not","language_name":"english","language_id":38},"transliteration":{"text":"walā","language_name":"english","language_id":38}},{"id":20263,"position":9,"audio_url":"wbw/045_018_009.mp3","qpc_uthmani_hafs":"تَتَّبِعۡ","char_type_name":"word","page_number":500,"line_number":8,"text":"ﮟ","translation":{"text":"follow","language_name":"english","language_id":38},"transliteration":{"text":"tattabiʿ","language_name":"english","language_id":38}},{"id":20264,"position":10,"audio_url":"wbw/045_018_010.mp3","qpc_uthmani_hafs":"أَهۡوَآءَ","char_type_name":"word","page_number":500,"line_number":9,"text":"ﮠ","translation":{"text":"(the) desires","language_name":"english","language_id":38},"transliteration":{"text":"ahwāa","language_name":"english","language_id":38}},{"id":20265,"position":11,"audio_url":"wbw/045_018_011.mp3","qpc_uthmani_hafs":"ٱلَّذِينَ","char_type_name":"word","page_number":500,"line_number":9,"text":"ﮡ","translation":{"text":"(of) those who","language_name":"english","language_id":38},"transliteration":{"text":"alladhīna","language_name":"english","language_id":38}},{"id":20266,"position":12,"audio_url":"wbw/045_018_012.mp3","qpc_uthmani_hafs":"لَا","char_type_name":"word","page_number":500,"line_number":9,"text":"ﮢ","translation":{"text":"(do) not","language_name":"english","language_id":38},"transliteration":{"text":"lā","language_name":"english","language_id":38}},{"id":20267,"position":13,"audio_url":"wbw/045_018_013.mp3","qpc_uthmani_hafs":"يَعۡلَمُونَ","char_type_name":"word","page_number":500,"line_number":9,"text":"ﮣ","translation":{"text":"know","language_name":"english","language_id":38},"transliteration":{"text":"yaʿlamūna","language_name":"english","language_id":38}},{"id":20268,"position":14,"audio_url":null,"qpc_uthmani_hafs":"١٨","char_type_name":"end","page_number":500,"line_number":9,"text":"ﮤ","translation":{"text":"(18)","language_name":"english","language_id":38},"transliteration":{"text":null,"language_name":"english","language_id":38}}],"translations":[{"id":920920,"resource_id":134,"text":"Kemudian, Kami jadikan kamu berada di atas suatu syariat (peraturan) dari urusan (agama itu), maka ikutilah syariat itu dan janganlah kamu ikuti hawa nafsu orang-orang yang tidak mengetahui."}]},{"id":4492,"verse_number":19,"verse_key":"45:19","juz_number":25,"hizb_number":50,"rub_el_hizb_number":200,"ruku_number":437,"manzil_number":6,"sajdah_number":null,"text_uthmani":"إِنَّهُمْ لَن يُغْنُوا۟ عَنكَ مِنَ ٱللَّهِ شَيْـًٔا ۚ وَإِنَّ ٱلظَّـٰلِمِينَ بَعْضُهُمْ أَوْلِيَآءُ بَعْضٍ ۖ وَٱللَّهُ وَلِىُّ ٱلْمُتَّقِينَ","page_number":500,"words":[{"id":21358,"position":1,"audio_url":"wbw/045_019_001.mp3","qpc_uthmani_hafs":"إِنَّهُمۡ","char_type_name":"word","page_number":500,"line_number":9,"text":"ﮥ","translation":{"text":"Indeed, they","language_name":"english","language_id":38},"transliteration":{"text":"innahum","language_name":"english","language_id":38}},{"id":21359,"position":2,"audio_url":"wbw/045_019_002.mp3","qpc_uthmani_hafs":"لَن","char_type_name":"word","page_number":500,"line_number":9,"text":"ﮦ","translation":{"text":"never","language_name":"english","language_id":38},"transliteration":{"text":"lan","language_name":"english","language_id":38}},{"id":21360,"position":3,"audio_url":"wbw/045_019_003.mp3","qpc_uthmani_hafs":"يُغۡنُواْ","char_type_name":"word","page_number":500,"line_number":9,"text":"ﮧ","translation":{"text":"will avail","language_name":"english","language_id":38},"transliteration":{"text":"yugh'nū","language_name":"english","language_id":38}},{"id":21361,"position":4,"audio_url":"wbw/045_019_004.mp3","qpc_uthmani_hafs":"عَنكَ","char_type_name":"word","page_number":500,"line_number":9,"text":"ﮨ","translation":{"text":"you","language_name":"english","language_id":38},"transliteration":{"text":"ʿanka","language_name":"english","language_id":38}},{"id":21362,"position":5,"audio_url":"wbw/045_019_005.mp3","qpc_uthmani_hafs":"مِنَ","char_type_name":"word","page_number":500,"line_number":9,"text":"ﮩ","translation":{"text":"against","language_name":"english","language_id":38},"transliteration":{"text":"mina","language_name":"english","language_id":38}},{"id":21363,"position":6,"audio_url":"wbw/045_019_006.mp3","qpc_uthmani_hafs":"ٱللَّهِ","char_type_name":"word","page_number":500,"line_number":9,"text":"ﮪ","translation":{"text":"Allah","language_name":"english","language_id":38},"transliteration":{"text":"l-lahi","language_name":"english","language_id":38}},{"id":21364,"position":7,"audio_url":"wbw/045_019_007.mp3","qpc_uthmani_hafs":"شَيۡـٔٗاۚ","char_type_name":"word","page_number":500,"line_number":10,"text":"ﮫﮬ","translation":{"text":"(in) anything","language_name":"english","language_id":38},"transliteration":{"text":"shayan","language_name":"english","language_id":38}},{"id":21366,"position":8,"audio_url":"wbw/045_019_009.mp3","qpc_uthmani_hafs":"وَإِنَّ","char_type_name":"word","page_number":500,"line_number":10,"text":"ﮭ","translation":{"text":"And indeed","language_name":"english","language_id":38},"transliteration":{"text":"wa-inna","language_name":"english","language_id":38}},{"id":21367,"position":9,"audio_url":"wbw/045_019_010.mp3","qpc_uthmani_hafs":"ٱلظَّٰلِمِينَ","char_type_name":"word","page_number":500,"line_number":10,"text":"ﮮ","translation":{"text":"the wrongdoers","language_name":"english","language_id":38},"transliteration":{"text":"l-ẓālimīna","language_name":"english","language_id":38}},{"id":21368,"position":10,"audio_url":"wbw/045_019_011.mp3","qpc_uthmani_hafs":"بَعۡضُهُمۡ","char_type_name":"word","page_number":500,"line_number":10,"text":"ﮯ","translation":{"text":"some of them","language_name":"english","language_id":38},"transliteration":{"text":"baʿḍuhum","language_name":"english","language_id":38}},{"id":21369,"position":11,"audio_url":"wbw/045_019_012.mp3","qpc_uthmani_hafs":"أَوۡلِيَآءُ","char_type_name":"word","page_number":500,"line_number":10,"text":"ﮰ","translation":{"text":"(are) allies","language_name":"english","language_id":38},"transliteration":{"text":"awliyāu","language_name":"english","language_id":38}},{"id":21370,"position":12,"audio_url":"wbw/045_019_013.mp3","qpc_uthmani_hafs":"بَعۡضٖۖ","char_type_name":"word","page_number":500,"line_number":10,"text":"ﮱﯓ","translation":{"text":"(of) others","language_name":"english","language_id":38},"transliteration":{"text":"baʿḍin","language_name":"english","language_id":38}},{"id":21372,"position":13,"audio_url":"wbw/045_019_015.mp3","qpc_uthmani_hafs":"وَٱللَّهُ","char_type_name":"word","page_number":500,"line_number":10,"text":"ﯔ","translation":{"text":"and Allah","language_name":"english","language_id":38},"transliteration":{"text":"wal-lahu","language_name":"english","language_id":38}},{"id":21373,"position":14,"audio_url":"wbw/045_019_016.mp3","qpc_uthmani_hafs":"وَلِيُّ","char_type_name":"word","page_number":500,"line_number":10,"text":"ﯕ","translation":{"text":"(is the) Protector","language_name":"english","language_id":38},"transliteration":{"text":"waliyyu","language_name":"english","language_id":38}},{"id":21374,"position":15,"audio_url":"wbw/045_019_017.mp3","qpc_uthmani_hafs":"ٱلۡمُتَّقِينَ","char_type_name":"word","page_number":500,"line_number":10,"text":"ﯖ","translation":{"text":"(of) the righteous","language_name":"english","language_id":38},"transliteration":{"text":"l-mutaqīna","language_name":"english","language_id":38}},{"id":21375,"position":16,"audio_url":null,"qpc_uthmani_hafs":"١٩","char_type_name":"end","page_number":500,"line_number":11,"text":"ﯗ","translation":{"text":"(19)","language_name":"english","language_id":38},"transliteration":{"text":null,"language_name":"english","language_id":38}}],"translations":[{"id":920921,"resource_id":134,"text":"Sesungguhnya mereka sekali-kali tidak akan dapat menolak dari kamu sedikit pun dari (siksaan) Allah.  Dan Sesungguhnya orang-orang yang zalim itu sebagian mereka menjadi penolong bagi sebagian yang lain, dan Allah adalah pelindung orang-orang yang bertakwa."}]},{"id":4493,"verse_number":20,"verse_key":"45:20","juz_number":25,"hizb_number":50,"rub_el_hizb_number":200,"ruku_number":437,"manzil_number":6,"sajdah_number":null,"text_uthmani":"هَـٰذَا بَصَـٰٓئِرُ لِلنَّاسِ وَهُدًى وَرَحْمَةٌ لِّقَوْمٍ يُوقِنُونَ","page_number":500,"words":[{"id":22408,"position":1,"audio_url":"wbw/045_020_001.mp3","qpc_uthmani_hafs":"هَٰذَا","char_type_name":"word","page_number":500,"line_number":11,"text":"ﯘ","translation":{"text":"This","language_name":"english","language_id":38},"transliteration":{"text":"hādhā","language_name":"english","language_id":38}},{"id":22409,"position":2,"audio_url":"wbw/045_020_002.mp3","qpc_uthmani_hafs":"بَصَٰٓئِرُ","char_type_name":"word","page_number":500,"line_number":11,"text":"ﯙ","translation":{"text":"(is) enlightenment","language_name":"english","language_id":38},"transliteration":{"text":"baṣāiru","language_name":"english","language_id":38}},{"id":22410,"position":3,"audio_url":"wbw/045_020_003.mp3","qpc_uthmani_hafs":"لِلنَّاسِ","char_type_name":"word","page_number":500,"line_number":11,"text":"ﯚ","translation":{"text":"for mankind","language_name":"english","language_id":38},"transliteration":{"text":"lilnnāsi","language_name":"english","language_id":38}},{"id":22411,"position":4,"audio_url":"wbw/045_020_004.mp3","qpc_uthmani_hafs":"وَهُدٗى","char_type_name":"word","page_number":500,"line_number":11,"text":"ﯛ","translation":{"text":"and guidance","language_name":"english","language_id":38},"transliteration":{"text":"wahudan","language_name":"english","language_id":38}},{"id":22412,"position":5,"audio_url":"wbw/045_020_005.mp3","qpc_uthmani_hafs":"وَرَحۡمَةٞ","char_type_name":"word","page_number":500,"line_number":11,"text":"ﯜ","translation":{"text":"and mercy","language_name":"english","language_id":38},"transliteration":{"text":"waraḥmatun","language_name":"english","language_id":38}},{"id":22413,"position":6,"audio_url":"wbw/045_020_006.mp3","qpc_uthmani_hafs":"لِّقَوۡمٖ","char_type_name":"word","page_number":500,"line_number":11,"text":"ﯝ","translation":{"text":"for a people","language_name":"english","language_id":38},"transliteration":{"text":"liqawmin","language_name":"english","language_id":38}},{"id":22414,"position":7,"audio_url":"wbw/045_020_007.mp3","qpc_uthmani_hafs":"يُوقِنُونَ","char_type_name":"word","page_number":500,"line_number":11,"text":"ﯞ","translation":{"text":"who are certain","language_name":"english","language_id":38},"transliteration":{"text":"yūqinūna","language_name":"english","language_id":38}},{"id":22415,"position":8,"audio_url":null,"qpc_uthmani_hafs":"٢٠","char_type_name":"end","page_number":500,"line_number":12,"text":"ﯟ","translation":{"text":"(20)","language_name":"english","language_id":38},"transliteration":{"text":null,"language_name":"english","language_id":38}}],"translations":[{"id":920922,"resource_id":134,"text":"Al-Qur`ān ini adalah pedoman bagi manusia; petunjuk dan rahmat bagi kaum yang meyakini."}]},{"id":4494,"verse_number":21,"verse_key":"45:21","juz_number":25,"hizb_number":50,"rub_el_hizb_number":200,"ruku_number":437,"manzil_number":6,"sajdah_number":null,"text_uthmani":"أَمْ حَسِبَ ٱلَّذِينَ ٱجْتَرَحُوا۟ ٱلسَّيِّـَٔاتِ أَن نَّجْعَلَهُمْ كَٱلَّذِينَ ءَامَنُوا۟ وَعَمِلُوا۟ ٱلصَّـٰلِحَـٰتِ سَوَآءً مَّحْيَاهُمْ وَمَمَاتُهُمْ ۚ سَآءَ مَا يَحْكُمُونَ","page_number":500,"words":[{"id":23539,"position":1,"audio_url":"wbw/045_021_001.mp3","qpc_uthmani_hafs":"أَمۡ","char_type_name":"word","page_number":500,"line_number":12,"text":"ﯠ","translation":{"text":"Do","language_name":"english","language_id":38},"transliteration":{"text":"am","language_name":"english","language_id":38}},{"id":23540,"position":2,"audio_url":"wbw/045_021_002.mp3","qpc_uthmani_hafs":"حَسِبَ","char_type_name":"word","page_number":500,"line_number":12,"text":"ﯡ","translation":{"text":"think","language_name":"english","language_id":38},"transliteration":{"text":"ḥasiba","language_name":"english","language_id":38}},{"id":23541,"position":3,"audio_url":"wbw/045_021_003.mp3","qpc_uthmani_hafs":"ٱلَّذِينَ","char_type_name":"word","page_number":500,"line_number":12,"text":"ﯢ","translation":{"text":"those who","language_name":"english","language_id":38},"transliteration":{"text":"alladhīna","language_name":"english","language_id":38}},{"id":23542,"position":4,"audio_url":"wbw/045_021_004.mp3","qpc_uthmani_hafs":"ٱجۡتَرَحُواْ","char_type_name":"word","page_number":500,"line_number":12,"text":"ﯣ","translation":{"text":"commit","language_name":"english","language_id":38},"transliteration":{"text":"ij'taraḥū","language_name":"english","language_id":38}},{"id":23543,"position":5,"audio_url":"wbw/045_021_005.mp3","qpc_uthmani_hafs":"ٱلسَّيِّـَٔاتِ","char_type_name":"word","page_number":500,"line_number":12,"text":"ﯤ","translation":{"text":"evil deeds","language_name":"english","language_id":38},"transliteration":{"text":"l-sayiāti","language_name":"english","language_id":38}},{"id":23544,"position":6,"audio_url":"wbw/045_021_006.mp3","qpc_uthmani_hafs":"أَن","char_type_name":"word","page_number":500,"line_number":12,"text":"ﯥ","translation":{"text":"that","language_name":"english","language_id":38},"transliteration":{"text":"an","language_name":"english","language_id":38}},{"id":23545,"position":7,"audio_url":"wbw/045_021_007.mp3","qpc_uthmani_hafs":"نَّجۡعَلَهُمۡ","char_type_name":"word","page_number":500,"line_number":12,"text":"ﯦ","translation":{"text":"We will make them","language_name":"english","language_id":38},"transliteration":{"text":"najʿalahum","language_name":"english","language_id":38}},{"id":23546,"position":8,"audio_url":"wbw/045_021_008.mp3","qpc_uthmani_hafs":"كَٱلَّذِينَ","char_type_name":"word","page_number":500,"line_number":12,"text":"ﯧ","translation":{"text":"like those who","language_name":"english","language_id":38},"transliteration":{"text":"ka-alladhīna","language_name":"english","language_id":38}},{"id":23547,"position":9,"audio_url":"wbw/045_021_009.mp3","qpc_uthmani_hafs":"ءَامَنُواْ","char_type_name":"word","page_number":500,"line_number":13,"text":"ﯨ","translation":{"text":"believed","language_name":"english","language_id":38},"transliteration":{"text":"āmanū","language_name":"english","language_id":38}},{"id":23548,"position":10,"audio_url":"wbw/045_021_010.mp3","qpc_uthmani_hafs":"وَعَمِلُواْ","char_type_name":"word","page_number":500,"line_number":13,"text":"ﯩ","translation":{"text":"and did","language_name":"english","language_id":38},"transliteration":{"text":"waʿamilū","language_name":"english","language_id":38}},{"id":23549,"position":11,"audio_url":"wbw/045_021_011.mp3","qpc_uthmani_hafs":"ٱلصَّٰلِحَٰتِ","char_type_name":"word","page_number":500,"line_number":13,"text":"ﯪ","translation":{"text":"righteous deeds","language_name":"english","language_id":38},"transliteration":{"text":"l-ṣāliḥāti","language_name":"english","language_id":38}},{"id":23550,"position":12,"audio_url":"wbw/045_021_012.mp3","qpc_uthmani_hafs":"سَوَآءٗ","char_type_name":"word","page_number":500,"line_number":13,"text":"ﯫ","translation":{"text":"equal","language_name":"english","language_id":38},"transliteration":{"text":"sawāan","language_name":"english","language_id":38}},{"id":23551,"position":13,"audio_url":"wbw/045_021_013.mp3","qpc_uthmani_hafs":"مَّحۡيَاهُمۡ","char_type_name":"word","page_number":500,"line_number":13,"text":"ﯬ","translation":{"text":"(in) their life","language_name":"english","language_id":38},"transliteration":{"text":"maḥyāhum","language_name":"english","language_id":38}},{"id":23552,"position":14,"audio_url":"wbw/045_021_014.mp3","qpc_uthmani_hafs":"وَمَمَاتُهُمۡۚ","char_type_name":"word","page_number":500,"line_number":13,"text":"ﯭﯮ","translation":{"text":"and their death","language_name":"english","language_id":38},"transliteration":{"text":"wamamātuhum","language_name":"english","language_id":38}},{"id":23554,"position":15,"audio_url":"wbw/045_021_016.mp3","qpc_uthmani_hafs":"سَآءَ","char_type_name":"word","page_number":500,"line_number":13,"text":"ﯯ","translation":{"text":"Evil is","language_name":"english","language_id":38},"transliteration":{"text":"sāa","language_name":"english","language_id":38}},{"id":23555,"position":16,"audio_url":"wbw/045_021_017.mp3","qpc_uthmani_hafs":"مَا","char_type_name":"word","page_number":500,"line_number":14,"text":"ﯰ","translation":{"text":"what","language_name":"english","language_id":38},"transliteration":{"text":"mā","language_name":"english","language_id":38}},{"id":23556,"position":17,"audio_url":"wbw/045_021_018.mp3","qpc_uthmani_hafs":"يَحۡكُمُونَ","char_type_name":"word","page_number":500,"line_number":14,"text":"ﯱ","translation":{"text":"they judge","language_name":"english","language_id":38},"transliteration":{"text":"yaḥkumūna","language_name":"english","language_id":38}},{"id":23557,"position":18,"audio_url":null,"qpc_uthmani_hafs":"٢١","char_type_name":"end","page_number":500,"line_number":14,"text":"ﯲ","translation":{"text":"(21)","language_name":"english","language_id":38},"transliteration":{"text":null,"language_name":"english","language_id":38}}],"translations":[{"id":920923,"resource_id":134,"text":"Apakah orang-orang yang membuat kejahatan itu menyangka bahwa Kami akan menjadikan mereka seperti orang-orang yang beriman dan mengerjakan amal saleh, yaitu sama antara kehidupan dan kematian mereka? Amat buruklah apa yang mereka sangka itu."}]},{"id":4495,"verse_number":22,"verse_key":"45:22","juz_number":25,"hizb_number":50,"rub_el_hizb_number":200,"ruku_number":438,"manzil_number":6,"sajdah_number":null,"text_uthmani":"وَخَلَقَ ٱللَّهُ ٱلسَّمَـٰوَٰتِ وَٱلْأَرْضَ بِٱلْحَقِّ وَلِتُجْزَىٰ كُلُّ نَفْسٍۭ بِمَا كَسَبَتْ وَهُمْ لَا يُظْلَمُونَ","page_number":500,"words":[{"id":24575,"position":1,"audio_url":"wbw/045_022_001.mp3","qpc_uthmani_hafs":"وَخَلَقَ","char_type_name":"word","page_number":500,"line_number":14,"text":"ﯳ","translation":{"text":"And Allah created","language_name":"english","language_id":38},"transliteration":{"text":"wakhalaqa","language_name":"english","language_id":38}},{"id":24576,"position":2,"audio_url":"wbw/045_022_002.mp3","qpc_uthmani_hafs":"ٱللَّهُ","char_type_name":"word","page_number":500,"line_number":14,"text":"ﯴ","translation":{"text":"And Allah created","language_name":"english","language_id":38},"transliteration":{"text":"l-lahu","language_name":"english","language_id":38}},{"id":24577,"position":3,"audio_url":"wbw/045_022_003.mp3","qpc_uthmani_hafs":"ٱلسَّمَٰوَٰتِ","char_type_name":"word","page_number":500,"line_number":14,"text":"ﯵ","translation":{"text":"the heavens","language_name":"english","language_id":38},"transliteration":{"text":"l-samāwāti","language_name":"english","language_id":38}},{"id":24578,"position":4,"audio_url":"wbw/045_022_004.mp3","qpc_uthmani_hafs":"وَٱلۡأَرۡضَ","char_type_name":"word","page_number":500,"line_number":14,"text":"ﯶ","translation":{"text":"and the earth","language_name":"english","language_id":38},"transliteration":{"text":"wal-arḍa","language_name":"english","language_id":38}},{"id":24579,"position":5,"audio_url":"wbw/045_022_005.mp3","qpc_uthmani_hafs":"بِٱلۡحَقِّ","char_type_name":"word","page_number":500,"line_number":14,"text":"ﯷ","translation":{"text":"in truth","language_name":"english","language_id":38},"transliteration":{"text":"bil-ḥaqi","language_name":"english","language_id":38}},{"id":24580,"position":6,"audio_url":"wbw/045_022_006.mp3","qpc_uthmani_hafs":"وَلِتُجۡزَىٰ","char_type_name":"word","page_number":500,"line_number":15,"text":"ﯸ","translation":{"text":"and that may be recompensed","language_name":"english","language_id":38},"transliteration":{"text":"walituj'zā","language_name":"english","language_id":38}},{"id":24581,"position":7,"audio_url":"wbw/045_022_007.mp3","qpc_uthmani_hafs":"كُلُّ","char_type_name":"word","page_number":500,"line_number":15,"text":"ﯹ","translation":{"text":"every","language_name":"english","language_id":38},"transliteration":{"text":"kullu","language_name":"english","language_id":38}},{"id":24582,"position":8,"audio_url":"wbw/045_022_008.mp3","qpc_uthmani_hafs":"نَفۡسِۭ","char_type_name":"word","page_number":500,"line_number":15,"text":"ﯺ","translation":{"text":"soul","language_name":"english","language_id":38},"transliteration":{"text":"nafsin","language_name":"english","language_id":38}},{"id":24583,"position":9,"audio_url":"wbw/045_022_009.mp3","qpc_uthmani_hafs":"بِمَا","char_type_name":"word","page_number":500,"line_number":15,"text":"ﯻ","translation":{"text":"for what","language_name":"english","language_id":38},"transliteration":{"text":"bimā","language_name":"english","language_id":38}},{"id":24584,"position":10,"audio_url":"wbw/045_022_010.mp3","qpc_uthmani_hafs":"كَسَبَتۡ","char_type_name":"word","page_number":500,"line_number":15,"text":"ﯼ","translation":{"text":"it has earned","language_name":"english","language_id":38},"transliteration":{"text":"kasabat","language_name":"english","language_id":38}},{"id":24585,"position":11,"audio_url":"wbw/045_022_011.mp3","qpc_uthmani_hafs":"وَهُمۡ","char_type_name":"word","page_number":500,"line_number":15,"text":"ﯽ","translation":{"text":"and they","language_name":"english","language_id":38},"transliteration":{"text":"wahum","language_name":"english","language_id":38}},{"id":24586,"position":12,"audio_url":"wbw/045_022_012.mp3","qpc_uthmani_hafs":"لَا","char_type_name":"word","page_number":500,"line_number":15,"text":"ﯾ","translation":{"text":"will not be wronged","language_name":"english","language_id":38},"transliteration":{"text":"lā","language_name":"english","language_id":38}},{"id":24587,"position":13,"audio_url":"wbw/045_022_013.mp3","qpc_uthmani_hafs":"يُظۡلَمُونَ","char_type_name":"word","page_number":500,"line_number":15,"text":"ﯿ","translation":{"text":"will not be wronged","language_name":"english","language_id":38},"transliteration":{"text":"yuẓ'lamūna","language_name":"english","language_id":38}},{"id":24588,"position":14,"audio_url":null,"qpc_uthmani_hafs":"٢٢","char_type_name":"end","page_number":500,"line_number":15,"text":"ﰀ","translation":{"text":"(22)","language_name":"english","language_id":38},"transliteration":{"text":null,"language_name":"english","language_id":38}}],"translations":[{"id":920924,"resource_id":134,"text":"Dan Allah menciptakan langit dan bumi dengan tujuan yang benar dan agar dibalasi tiap-tiap diri terhadap apa yang dikerjakannya dan mereka tidak akan dirugikan."}]}],"pagination":{"per_page":50,"current_page":1,"next_page":null,"total_pages":1,"total_records":9}}