{"verses":[{"id":4531,"verse_number":21,"verse_key":"46:21","juz_number":26,"hizb_number":51,"rub_el_hizb_number":202,"ruku_number":442,"manzil_number":6,"sajdah_number":null,"text_uthmani":"۞ وَٱذْكُرْ أَخَا عَادٍ إِذْ أَنذَرَ قَوْمَهُۥ بِٱلْأَحْقَافِ وَقَدْ خَلَتِ ٱلنُّذُرُ مِنۢ بَيْنِ يَدَيْهِ وَمِنْ خَلْفِهِۦٓ أَلَّا تَعْبُدُوٓا۟ إِلَّا ٱللَّهَ إِنِّىٓ أَخَافُ عَلَيْكُمْ عَذَابَ يَوْمٍ عَظِيمٍ","page_number":505,"words":[{"id":23559,"position":1,"audio_url":"wbw/046_021_002.mp3","qpc_uthmani_hafs":"۞ وَٱذۡكُرۡ","char_type_name":"word","page_number":505,"line_number":1,"text":"ﭑ ﭒ","translation":{"text":"And mention","language_name":"english","language_id":38},"transliteration":{"text":"wa-udh'kur","language_name":"english","language_id":38}},{"id":23560,"position":2,"audio_url":"wbw/046_021_003.mp3","qpc_uthmani_hafs":"أَخَا","char_type_name":"word","page_number":505,"line_number":1,"text":"ﭓ","translation":{"text":"(the) brother","language_name":"english","language_id":38},"transliteration":{"text":"akhā","language_name":"english","language_id":38}},{"id":23561,"position":3,"audio_url":"wbw/046_021_004.mp3","qpc_uthmani_hafs":"عَادٍ","char_type_name":"word","page_number":505,"line_number":1,"text":"ﭔ","translation":{"text":"(of) Aad","language_name":"english","language_id":38},"transliteration":{"text":"ʿādin","language_name":"english","language_id":38}},{"id":23562,"position":4,"audio_url":"wbw/046_021_005.mp3","qpc_uthmani_hafs":"إِذۡ","char_type_name":"word","page_number":505,"line_number":1,"text":"ﭕ","translation":{"text":"when","language_name":"english","language_id":38},"transliteration":{"text":"idh","language_name":"english","language_id":38}},{"id":23563,"position":5,"audio_url":"wbw/046_021_006.mp3","qpc_uthmani_hafs":"أَنذَرَ","char_type_name":"word","page_number":505,"line_number":1,"text":"ﭖ","translation":{"text":"he warned","language_name":"english","language_id":38},"transliteration":{"text":"andhara","language_name":"english","language_id":38}},{"id":23564,"position":6,"audio_url":"wbw/046_021_007.mp3","qpc_uthmani_hafs":"قَوۡمَهُۥ","char_type_name":"word","page_number":505,"line_number":1,"text":"ﭗ","translation":{"text":"his people","language_name":"english","language_id":38},"transliteration":{"text":"qawmahu","language_name":"english","language_id":38}},{"id":23565,"position":7,"audio_url":"wbw/046_021_008.mp3","qpc_uthmani_hafs":"بِٱلۡأَحۡقَافِ","char_type_name":"word","page_number":505,"line_number":1,"text":"ﭘ","translation":{"text":"in the Al-Ahqaf ","language_name":"english","language_id":38},"transliteration":{"text":"bil-aḥqāfi","language_name":"english","language_id":38}},{"id":23566,"position":8,"audio_url":"wbw/046_021_009.mp3","qpc_uthmani_hafs":"وَقَدۡ","char_type_name":"word","page_number":505,"line_number":1,"text":"ﭙ","translation":{"text":"and had already passed away","language_name":"english","language_id":38},"transliteration":{"text":"waqad","language_name":"english","language_id":38}},{"id":23567,"position":9,"audio_url":"wbw/046_021_010.mp3","qpc_uthmani_hafs":"خَلَتِ","char_type_name":"word","page_number":505,"line_number":1,"text":"ﭚ","translation":{"text":"and had already passed away","language_name":"english","language_id":38},"transliteration":{"text":"khalati","language_name":"english","language_id":38}},{"id":23568,"position":10,"audio_url":"wbw/046_021_011.mp3","qpc_uthmani_hafs":"ٱلنُّذُرُ","char_type_name":"word","page_number":505,"line_number":1,"text":"ﭛ","translation":{"text":"[the] warners","language_name":"english","language_id":38},"transliteration":{"text":"l-nudhuru","language_name":"english","language_id":38}},{"id":23569,"position":11,"audio_url":"wbw/046_021_012.mp3","qpc_uthmani_hafs":"مِنۢ","char_type_name":"word","page_number":505,"line_number":2,"text":"ﭜ","translation":{"text":"before him","language_name":"english","language_id":38},"transliteration":{"text":"min","language_name":"english","language_id":38}},{"id":23570,"position":12,"audio_url":"wbw/046_021_013.mp3","qpc_uthmani_hafs":"بَيۡنِ","char_type_name":"word","page_number":505,"line_number":2,"text":"ﭝ","translation":{"text":"before him","language_name":"english","language_id":38},"transliteration":{"text":"bayni","language_name":"english","language_id":38}},{"id":23571,"position":13,"audio_url":"wbw/046_021_014.mp3","qpc_uthmani_hafs":"يَدَيۡهِ","char_type_name":"word","page_number":505,"line_number":2,"text":"ﭞ","translation":{"text":"before him","language_name":"english","language_id":38},"transliteration":{"text":"yadayhi","language_name":"english","language_id":38}},{"id":23572,"position":14,"audio_url":"wbw/046_021_015.mp3","qpc_uthmani_hafs":"وَمِنۡ","char_type_name":"word","page_number":505,"line_number":2,"text":"ﭟ","translation":{"text":"and after him","language_name":"english","language_id":38},"transliteration":{"text":"wamin","language_name":"english","language_id":38}},{"id":23573,"position":15,"audio_url":"wbw/046_021_016.mp3","qpc_uthmani_hafs":"خَلۡفِهِۦٓ","char_type_name":"word","page_number":505,"line_number":2,"text":"ﭠ","translation":{"text":"and after him","language_name":"english","language_id":38},"transliteration":{"text":"khalfihi","language_name":"english","language_id":38}},{"id":23574,"position":16,"audio_url":"wbw/046_021_017.mp3","qpc_uthmani_hafs":"أَلَّا","char_type_name":"word","page_number":505,"line_number":2,"text":"ﭡ","translation":{"text":"That not","language_name":"english","language_id":38},"transliteration":{"text":"allā","language_name":"english","language_id":38}},{"id":23575,"position":17,"audio_url":"wbw/046_021_018.mp3","qpc_uthmani_hafs":"تَعۡبُدُوٓاْ","char_type_name":"word","page_number":505,"line_number":2,"text":"ﭢ","translation":{"text":"you worship","language_name":"english","language_id":38},"transliteration":{"text":"taʿbudū","language_name":"english","language_id":38}},{"id":23576,"position":18,"audio_url":"wbw/046_021_019.mp3","qpc_uthmani_hafs":"إِلَّا","char_type_name":"word","page_number":505,"line_number":2,"text":"ﭣ","translation":{"text":"except","language_name":"english","language_id":38},"transliteration":{"text":"illā","language_name":"english","language_id":38}},{"id":23577,"position":19,"audio_url":"wbw/046_021_020.mp3","qpc_uthmani_hafs":"ٱللَّهَ","char_type_name":"word","page_number":505,"line_number":2,"text":"ﭤ","translation":{"text":"Allah","language_name":"english","language_id":38},"transliteration":{"text":"l-laha","language_name":"english","language_id":38}},{"id":23578,"position":20,"audio_url":"wbw/046_021_021.mp3","qpc_uthmani_hafs":"إِنِّيٓ","char_type_name":"word","page_number":505,"line_number":2,"text":"ﭥ","translation":{"text":"Indeed, I","language_name":"english","language_id":38},"transliteration":{"text":"innī","language_name":"english","language_id":38}},{"id":23579,"position":21,"audio_url":"wbw/046_021_022.mp3","qpc_uthmani_hafs":"أَخَافُ","char_type_name":"word","page_number":505,"line_number":2,"text":"ﭦ","translation":{"text":"[I] fear","language_name":"english","language_id":38},"transliteration":{"text":"akhāfu","language_name":"english","language_id":38}},{"id":23580,"position":22,"audio_url":"wbw/046_021_023.mp3","qpc_uthmani_hafs":"عَلَيۡكُمۡ","char_type_name":"word","page_number":505,"line_number":2,"text":"ﭧ","translation":{"text":"for you","language_name":"english","language_id":38},"transliteration":{"text":"ʿalaykum","language_name":"english","language_id":38}},{"id":23581,"position":23,"audio_url":"wbw/046_021_024.mp3","qpc_uthmani_hafs":"عَذَابَ","char_type_name":"word","page_number":505,"line_number":3,"text":"ﭨ","translation":{"text":"a punishment","language_name":"english","language_id":38},"transliteration":{"text":"ʿadhāba","language_name":"english","language_id":38}},{"id":23582,"position":24,"audio_url":"wbw/046_021_025.mp3","qpc_uthmani_hafs":"يَوۡمٍ","char_type_name":"word","page_number":505,"line_number":3,"text":"ﭩ","translation":{"text":"(of) a Day","language_name":"english","language_id":38},"transliteration":{"text":"yawmin","language_name":"english","language_id":38}},{"id":23583,"position":25,"audio_url":"wbw/046_021_026.mp3","qpc_uthmani_hafs":"عَظِيمٖ","char_type_name":"word","page_number":505,"line_number":3,"text":"ﭪ","translation":{"text":"Great","language_name":"english","language_id":38},"transliteration":{"text":"ʿaẓīmin","language_name":"english","language_id":38}},{"id":23584,"position":26,"audio_url":null,"qpc_uthmani_hafs":"٢١","char_type_name":"end","page_number":505,"line_number":3,"text":"ﭫ","translation":{"text":"(21)","language_name":"english","language_id":38},"transliteration":{"text":null,"language_name":"english","language_id":38}}],"translations":[{"id":920960,"resource_id":134,"text":"Dan ingatlah (Hūd) saudara kaum ʻĀd, yaitu ketika dia memberi peringatan kepada kaumnya di  Al-Aḥqāf dan sesungguhnya telah terdahulu beberapa orang pemberi peringatan sebelumnya dan sesudahnya (dengan mengatakan), \"Janganlah kamu menyembah selain Allah, sesungguhnya aku khawatir kamu akan ditimpa azab hari yang besar\"."}]},{"id":4532,"verse_number":22,"verse_key":"46:22","juz_number":26,"hizb_number":51,"rub_el_hizb_number":202,"ruku_number":442,"manzil_number":6,"sajdah_number":null,"text_uthmani":"قَالُوٓا۟ أَجِئْتَنَا لِتَأْفِكَنَا عَنْ ءَالِهَتِنَا فَأْتِنَا بِمَا تَعِدُنَآ إِن كُنتَ مِنَ ٱلصَّـٰدِقِينَ","page_number":505,"words":[{"id":24589,"position":1,"audio_url":"wbw/046_022_001.mp3","qpc_uthmani_hafs":"قَالُوٓاْ","char_type_name":"word","page_number":505,"line_number":3,"text":"ﭬ","translation":{"text":"They said","language_name":"english","language_id":38},"transliteration":{"text":"qālū","language_name":"english","language_id":38}},{"id":24590,"position":2,"audio_url":"wbw/046_022_002.mp3","qpc_uthmani_hafs":"أَجِئۡتَنَا","char_type_name":"word","page_number":505,"line_number":3,"text":"ﭭ","translation":{"text":"Have you come to us","language_name":"english","language_id":38},"transliteration":{"text":"aji'tanā","language_name":"english","language_id":38}},{"id":24591,"position":3,"audio_url":"wbw/046_022_003.mp3","qpc_uthmani_hafs":"لِتَأۡفِكَنَا","char_type_name":"word","page_number":505,"line_number":3,"text":"ﭮ","translation":{"text":"to turn us away","language_name":"english","language_id":38},"transliteration":{"text":"litafikanā","language_name":"english","language_id":38}},{"id":24592,"position":4,"audio_url":"wbw/046_022_004.mp3","qpc_uthmani_hafs":"عَنۡ","char_type_name":"word","page_number":505,"line_number":3,"text":"ﭯ","translation":{"text":"from","language_name":"english","language_id":38},"transliteration":{"text":"ʿan","language_name":"english","language_id":38}},{"id":24593,"position":5,"audio_url":"wbw/046_022_005.mp3","qpc_uthmani_hafs":"ءَالِهَتِنَا","char_type_name":"word","page_number":505,"line_number":3,"text":"ﭰ","translation":{"text":"our gods","language_name":"english","language_id":38},"transliteration":{"text":"ālihatinā","language_name":"english","language_id":38}},{"id":24594,"position":6,"audio_url":"wbw/046_022_006.mp3","qpc_uthmani_hafs":"فَأۡتِنَا","char_type_name":"word","page_number":505,"line_number":3,"text":"ﭱ","translation":{"text":"Then bring us","language_name":"english","language_id":38},"transliteration":{"text":"fatinā","language_name":"english","language_id":38}},{"id":24595,"position":7,"audio_url":"wbw/046_022_007.mp3","qpc_uthmani_hafs":"بِمَا","char_type_name":"word","page_number":505,"line_number":4,"text":"ﭲ","translation":{"text":"what","language_name":"english","language_id":38},"transliteration":{"text":"bimā","language_name":"english","language_id":38}},{"id":24596,"position":8,"audio_url":"wbw/046_022_008.mp3","qpc_uthmani_hafs":"تَعِدُنَآ","char_type_name":"word","page_number":505,"line_number":4,"text":"ﭳ","translation":{"text":"you threaten us","language_name":"english","language_id":38},"transliteration":{"text":"taʿidunā","language_name":"english","language_id":38}},{"id":24597,"position":9,"audio_url":"wbw/046_022_009.mp3","qpc_uthmani_hafs":"إِن","char_type_name":"word","page_number":505,"line_number":4,"text":"ﭴ","translation":{"text":"if","language_name":"english","language_id":38},"transliteration":{"text":"in","language_name":"english","language_id":38}},{"id":24598,"position":10,"audio_url":"wbw/046_022_010.mp3","qpc_uthmani_hafs":"كُنتَ","char_type_name":"word","page_number":505,"line_number":4,"text":"ﭵ","translation":{"text":"you are","language_name":"english","language_id":38},"transliteration":{"text":"kunta","language_name":"english","language_id":38}},{"id":24599,"position":11,"audio_url":"wbw/046_022_011.mp3","qpc_uthmani_hafs":"مِنَ","char_type_name":"word","page_number":505,"line_number":4,"text":"ﭶ","translation":{"text":"of","language_name":"english","language_id":38},"transliteration":{"text":"mina","language_name":"english","language_id":38}},{"id":24600,"position":12,"audio_url":"wbw/046_022_012.mp3","qpc_uthmani_hafs":"ٱلصَّٰدِقِينَ","char_type_name":"word","page_number":505,"line_number":4,"text":"ﭷ","translation":{"text":"the truthful","language_name":"english","language_id":38},"transliteration":{"text":"l-ṣādiqīna","language_name":"english","language_id":38}},{"id":24601,"position":13,"audio_url":null,"qpc_uthmani_hafs":"٢٢","char_type_name":"end","page_number":505,"line_number":4,"text":"ﭸ","translation":{"text":"(22)","language_name":"english","language_id":38},"transliteration":{"text":null,"language_name":"english","language_id":38}}],"translations":[{"id":920961,"resource_id":134,"text":"Mereka menjawab, \"Apakah kamu datang kepada kami untuk memalingkan kami dari (menyembah) tuhan-tuhan kami? Maka datangkanlah kepada kami azab yang telah kamu ancamkan kepada kami jika kamu termasuk orang-orang yang benar\"."}]},{"id":4533,"verse_number":23,"verse_key":"46:23","juz_number":26,"hizb_number":51,"rub_el_hizb_number":202,"ruku_number":442,"manzil_number":6,"sajdah_number":null,"text_uthmani":"قَالَ إِنَّمَا ٱلْعِلْمُ عِندَ ٱللَّهِ وَأُبَلِّغُكُم مَّآ أُرْسِلْتُ بِهِۦ وَلَـٰكِنِّىٓ أَرَىٰكُمْ قَوْمًا تَجْهَلُونَ","page_number":505,"words":[{"id":25671,"position":1,"audio_url":"wbw/046_023_001.mp3","qpc_uthmani_hafs":"قَالَ","char_type_name":"word","page_number":505,"line_number":4,"text":"ﭹ","translation":{"text":"He said","language_name":"english","language_id":38},"transliteration":{"text":"qāla","language_name":"english","language_id":38}},{"id":25672,"position":2,"audio_url":"wbw/046_023_002.mp3","qpc_uthmani_hafs":"إِنَّمَا","char_type_name":"word","page_number":505,"line_number":4,"text":"ﭺ","translation":{"text":"Only","language_name":"english","language_id":38},"transliteration":{"text":"innamā","language_name":"english","language_id":38}},{"id":25673,"position":3,"audio_url":"wbw/046_023_003.mp3","qpc_uthmani_hafs":"ٱلۡعِلۡمُ","char_type_name":"word","page_number":505,"line_number":4,"text":"ﭻ","translation":{"text":"the knowledge","language_name":"english","language_id":38},"transliteration":{"text":"l-ʿil'mu","language_name":"english","language_id":38}},{"id":25674,"position":4,"audio_url":"wbw/046_023_004.mp3","qpc_uthmani_hafs":"عِندَ","char_type_name":"word","page_number":505,"line_number":4,"text":"ﭼ","translation":{"text":"(is) with Allah","language_name":"english","language_id":38},"transliteration":{"text":"ʿinda","language_name":"english","language_id":38}},{"id":25675,"position":5,"audio_url":"wbw/046_023_005.mp3","qpc_uthmani_hafs":"ٱللَّهِ","char_type_name":"word","page_number":505,"line_number":4,"text":"ﭽ","translation":{"text":"(is) with Allah","language_name":"english","language_id":38},"transliteration":{"text":"l-lahi","language_name":"english","language_id":38}},{"id":25676,"position":6,"audio_url":"wbw/046_023_006.mp3","qpc_uthmani_hafs":"وَأُبَلِّغُكُم","char_type_name":"word","page_number":505,"line_number":5,"text":"ﭾ","translation":{"text":"and I convey to you","language_name":"english","language_id":38},"transliteration":{"text":"wa-uballighukum","language_name":"english","language_id":38}},{"id":25677,"position":7,"audio_url":"wbw/046_023_007.mp3","qpc_uthmani_hafs":"مَّآ","char_type_name":"word","page_number":505,"line_number":5,"text":"ﭿ","translation":{"text":"what","language_name":"english","language_id":38},"transliteration":{"text":"mā","language_name":"english","language_id":38}},{"id":25678,"position":8,"audio_url":"wbw/046_023_008.mp3","qpc_uthmani_hafs":"أُرۡسِلۡتُ","char_type_name":"word","page_number":505,"line_number":5,"text":"ﮀ","translation":{"text":"I am sent","language_name":"english","language_id":38},"transliteration":{"text":"ur'sil'tu","language_name":"english","language_id":38}},{"id":25679,"position":9,"audio_url":"wbw/046_023_009.mp3","qpc_uthmani_hafs":"بِهِۦ","char_type_name":"word","page_number":505,"line_number":5,"text":"ﮁ","translation":{"text":"with it","language_name":"english","language_id":38},"transliteration":{"text":"bihi","language_name":"english","language_id":38}},{"id":25680,"position":10,"audio_url":"wbw/046_023_010.mp3","qpc_uthmani_hafs":"وَلَٰكِنِّيٓ","char_type_name":"word","page_number":505,"line_number":5,"text":"ﮂ","translation":{"text":"but","language_name":"english","language_id":38},"transliteration":{"text":"walākinnī","language_name":"english","language_id":38}},{"id":25681,"position":11,"audio_url":"wbw/046_023_011.mp3","qpc_uthmani_hafs":"أَرَىٰكُمۡ","char_type_name":"word","page_number":505,"line_number":5,"text":"ﮃ","translation":{"text":"I see you","language_name":"english","language_id":38},"transliteration":{"text":"arākum","language_name":"english","language_id":38}},{"id":25682,"position":12,"audio_url":"wbw/046_023_012.mp3","qpc_uthmani_hafs":"قَوۡمٗا","char_type_name":"word","page_number":505,"line_number":5,"text":"ﮄ","translation":{"text":"a people","language_name":"english","language_id":38},"transliteration":{"text":"qawman","language_name":"english","language_id":38}},{"id":25683,"position":13,"audio_url":"wbw/046_023_013.mp3","qpc_uthmani_hafs":"تَجۡهَلُونَ","char_type_name":"word","page_number":505,"line_number":5,"text":"ﮅ","translation":{"text":"ignorant","language_name":"english","language_id":38},"transliteration":{"text":"tajhalūna","language_name":"english","language_id":38}},{"id":25684,"position":14,"audio_url":null,"qpc_uthmani_hafs":"٢٣","char_type_name":"end","page_number":505,"line_number":5,"text":"ﮆ","translation":{"text":"(23)","language_name":"english","language_id":38},"transliteration":{"text":null,"language_name":"english","language_id":38}}],"translations":[{"id":920962,"resource_id":134,"text":"Ia berkata, \"Sesungguhnya pengetahuan (tentang itu) hanya pada sisi Allah dan aku (hanya) menyampaikan kepadamu apa yang aku diutus dengan membawanya, tetapi aku lihat kamu adalah kaum yang bodoh\"."}]},{"id":4534,"verse_number":24,"verse_key":"46:24","juz_number":26,"hizb_number":51,"rub_el_hizb_number":202,"ruku_number":442,"manzil_number":6,"sajdah_number":null,"text_uthmani":"فَلَمَّا رَأَوْهُ عَارِضًا مُّسْتَقْبِلَ أَوْدِيَتِهِمْ قَالُوا۟ هَـٰذَا عَارِضٌ مُّمْطِرُنَا ۚ بَلْ هُوَ مَا ٱسْتَعْجَلْتُم بِهِۦ ۖ رِيحٌ فِيهَا عَذَابٌ أَلِيمٌ","page_number":505,"words":[{"id":26740,"position":1,"audio_url":"wbw/046_024_001.mp3","qpc_uthmani_hafs":"فَلَمَّا","char_type_name":"word","page_number":505,"line_number":6,"text":"ﮇ","translation":{"text":"Then when","language_name":"english","language_id":38},"transliteration":{"text":"falammā","language_name":"english","language_id":38}},{"id":26741,"position":2,"audio_url":"wbw/046_024_002.mp3","qpc_uthmani_hafs":"رَأَوۡهُ","char_type_name":"word","page_number":505,"line_number":6,"text":"ﮈ","translation":{"text":"they saw it","language_name":"english","language_id":38},"transliteration":{"text":"ra-awhu","language_name":"english","language_id":38}},{"id":26742,"position":3,"audio_url":"wbw/046_024_003.mp3","qpc_uthmani_hafs":"عَارِضٗا","char_type_name":"word","page_number":505,"line_number":6,"text":"ﮉ","translation":{"text":"(as) a cloud","language_name":"english","language_id":38},"transliteration":{"text":"ʿāriḍan","language_name":"english","language_id":38}},{"id":26743,"position":4,"audio_url":"wbw/046_024_004.mp3","qpc_uthmani_hafs":"مُّسۡتَقۡبِلَ","char_type_name":"word","page_number":505,"line_number":6,"text":"ﮊ","translation":{"text":"approaching","language_name":"english","language_id":38},"transliteration":{"text":"mus'taqbila","language_name":"english","language_id":38}},{"id":26744,"position":5,"audio_url":"wbw/046_024_005.mp3","qpc_uthmani_hafs":"أَوۡدِيَتِهِمۡ","char_type_name":"word","page_number":505,"line_number":6,"text":"ﮋ","translation":{"text":"their valleys","language_name":"english","language_id":38},"transliteration":{"text":"awdiyatihim","language_name":"english","language_id":38}},{"id":26745,"position":6,"audio_url":"wbw/046_024_006.mp3","qpc_uthmani_hafs":"قَالُواْ","char_type_name":"word","page_number":505,"line_number":6,"text":"ﮌ","translation":{"text":"they said","language_name":"english","language_id":38},"transliteration":{"text":"qālū","language_name":"english","language_id":38}},{"id":26746,"position":7,"audio_url":"wbw/046_024_007.mp3","qpc_uthmani_hafs":"هَٰذَا","char_type_name":"word","page_number":505,"line_number":6,"text":"ﮍ","translation":{"text":"This","language_name":"english","language_id":38},"transliteration":{"text":"hādhā","language_name":"english","language_id":38}},{"id":26747,"position":8,"audio_url":"wbw/046_024_008.mp3","qpc_uthmani_hafs":"عَارِضٞ","char_type_name":"word","page_number":505,"line_number":6,"text":"ﮎ","translation":{"text":"(is) a cloud","language_name":"english","language_id":38},"transliteration":{"text":"ʿāriḍun","language_name":"english","language_id":38}},{"id":26748,"position":9,"audio_url":"wbw/046_024_009.mp3","qpc_uthmani_hafs":"مُّمۡطِرُنَاۚ","char_type_name":"word","page_number":505,"line_number":6,"text":"ﮏﮐ","translation":{"text":"bringing us rain","language_name":"english","language_id":38},"transliteration":{"text":"mum'ṭirunā","language_name":"english","language_id":38}},{"id":26750,"position":10,"audio_url":"wbw/046_024_011.mp3","qpc_uthmani_hafs":"بَلۡ","char_type_name":"word","page_number":505,"line_number":7,"text":"ﮑ","translation":{"text":"Nay","language_name":"english","language_id":38},"transliteration":{"text":"bal","language_name":"english","language_id":38}},{"id":26751,"position":11,"audio_url":"wbw/046_024_012.mp3","qpc_uthmani_hafs":"هُوَ","char_type_name":"word","page_number":505,"line_number":7,"text":"ﮒ","translation":{"text":"it","language_name":"english","language_id":38},"transliteration":{"text":"huwa","language_name":"english","language_id":38}},{"id":26752,"position":12,"audio_url":"wbw/046_024_013.mp3","qpc_uthmani_hafs":"مَا","char_type_name":"word","page_number":505,"line_number":7,"text":"ﮓ","translation":{"text":"(is) what","language_name":"english","language_id":38},"transliteration":{"text":"mā","language_name":"english","language_id":38}},{"id":26753,"position":13,"audio_url":"wbw/046_024_014.mp3","qpc_uthmani_hafs":"ٱسۡتَعۡجَلۡتُم","char_type_name":"word","page_number":505,"line_number":7,"text":"ﮔ","translation":{"text":"you were asking it to be hastened","language_name":"english","language_id":38},"transliteration":{"text":"is'taʿjaltum","language_name":"english","language_id":38}},{"id":26754,"position":14,"audio_url":"wbw/046_024_015.mp3","qpc_uthmani_hafs":"بِهِۦۖ","char_type_name":"word","page_number":505,"line_number":7,"text":"ﮕﮖ","translation":{"text":"you were asking it to be hastened","language_name":"english","language_id":38},"transliteration":{"text":"bihi","language_name":"english","language_id":38}},{"id":26756,"position":15,"audio_url":"wbw/046_024_017.mp3","qpc_uthmani_hafs":"رِيحٞ","char_type_name":"word","page_number":505,"line_number":7,"text":"ﮗ","translation":{"text":"a wind","language_name":"english","language_id":38},"transliteration":{"text":"rīḥun","language_name":"english","language_id":38}},{"id":26757,"position":16,"audio_url":"wbw/046_024_018.mp3","qpc_uthmani_hafs":"فِيهَا","char_type_name":"word","page_number":505,"line_number":7,"text":"ﮘ","translation":{"text":"in it","language_name":"english","language_id":38},"transliteration":{"text":"fīhā","language_name":"english","language_id":38}},{"id":26758,"position":17,"audio_url":"wbw/046_024_019.mp3","qpc_uthmani_hafs":"عَذَابٌ","char_type_name":"word","page_number":505,"line_number":7,"text":"ﮙ","translation":{"text":"(is) a punishment","language_name":"english","language_id":38},"transliteration":{"text":"ʿadhābun","language_name":"english","language_id":38}},{"id":26759,"position":18,"audio_url":"wbw/046_024_020.mp3","qpc_uthmani_hafs":"أَلِيمٞ","char_type_name":"word","page_number":505,"line_number":7,"text":"ﮚ","translation":{"text":"painful","language_name":"english","language_id":38},"transliteration":{"text":"alīmun","language_name":"english","language_id":38}},{"id":26760,"position":19,"audio_url":null,"qpc_uthmani_hafs":"٢٤","char_type_name":"end","page_number":505,"line_number":7,"text":"ﮛ","translation":{"text":"(24)","language_name":"english","language_id":38},"transliteration":{"text":null,"language_name":"english","language_id":38}}],"translations":[{"id":920963,"resource_id":134,"text":"Maka tatkala mereka melihat azab itu berupa awan yang menuju ke lembah-lembah mereka, berkatalah mereka, \"Inilah awan yang akan menurunkan hujan kepada kami\".  (Bukan!) bahkan itulah azab yang kamu minta supaya datang dengan segera, (yaitu) angin yang mengandung azab yang pedih,"}]},{"id":4535,"verse_number":25,"verse_key":"46:25","juz_number":26,"hizb_number":51,"rub_el_hizb_number":202,"ruku_number":442,"manzil_number":6,"sajdah_number":null,"text_uthmani":"تُدَمِّرُ كُلَّ شَىْءٍۭ بِأَمْرِ رَبِّهَا فَأَصْبَحُوا۟ لَا يُرَىٰٓ إِلَّا مَسَـٰكِنُهُمْ ۚ كَذَٰلِكَ نَجْزِى ٱلْقَوْمَ ٱلْمُجْرِمِينَ","page_number":505,"words":[{"id":27749,"position":1,"audio_url":"wbw/046_025_001.mp3","qpc_uthmani_hafs":"تُدَمِّرُ","char_type_name":"word","page_number":505,"line_number":7,"text":"ﮜ","translation":{"text":"Destroying","language_name":"english","language_id":38},"transliteration":{"text":"tudammiru","language_name":"english","language_id":38}},{"id":27750,"position":2,"audio_url":"wbw/046_025_002.mp3","qpc_uthmani_hafs":"كُلَّ","char_type_name":"word","page_number":505,"line_number":7,"text":"ﮝ","translation":{"text":"every","language_name":"english","language_id":38},"transliteration":{"text":"kulla","language_name":"english","language_id":38}},{"id":27751,"position":3,"audio_url":"wbw/046_025_003.mp3","qpc_uthmani_hafs":"شَيۡءِۭ","char_type_name":"word","page_number":505,"line_number":8,"text":"ﮞ","translation":{"text":"thing","language_name":"english","language_id":38},"transliteration":{"text":"shayin","language_name":"english","language_id":38}},{"id":27752,"position":4,"audio_url":"wbw/046_025_004.mp3","qpc_uthmani_hafs":"بِأَمۡرِ","char_type_name":"word","page_number":505,"line_number":8,"text":"ﮟ","translation":{"text":"by (the) command","language_name":"english","language_id":38},"transliteration":{"text":"bi-amri","language_name":"english","language_id":38}},{"id":27753,"position":5,"audio_url":"wbw/046_025_005.mp3","qpc_uthmani_hafs":"رَبِّهَا","char_type_name":"word","page_number":505,"line_number":8,"text":"ﮠ","translation":{"text":"(of) its Lord","language_name":"english","language_id":38},"transliteration":{"text":"rabbihā","language_name":"english","language_id":38}},{"id":27754,"position":6,"audio_url":"wbw/046_025_006.mp3","qpc_uthmani_hafs":"فَأَصۡبَحُواْ","char_type_name":"word","page_number":505,"line_number":8,"text":"ﮡ","translation":{"text":"Then they became (such)","language_name":"english","language_id":38},"transliteration":{"text":"fa-aṣbaḥū","language_name":"english","language_id":38}},{"id":27755,"position":7,"audio_url":"wbw/046_025_007.mp3","qpc_uthmani_hafs":"لَا","char_type_name":"word","page_number":505,"line_number":8,"text":"ﮢ","translation":{"text":"not","language_name":"english","language_id":38},"transliteration":{"text":"lā","language_name":"english","language_id":38}},{"id":27756,"position":8,"audio_url":"wbw/046_025_008.mp3","qpc_uthmani_hafs":"يُرَىٰٓ","char_type_name":"word","page_number":505,"line_number":8,"text":"ﮣ","translation":{"text":"is seen","language_name":"english","language_id":38},"transliteration":{"text":"yurā","language_name":"english","language_id":38}},{"id":27757,"position":9,"audio_url":"wbw/046_025_009.mp3","qpc_uthmani_hafs":"إِلَّا","char_type_name":"word","page_number":505,"line_number":8,"text":"ﮤ","translation":{"text":"except","language_name":"english","language_id":38},"transliteration":{"text":"illā","language_name":"english","language_id":38}},{"id":27758,"position":10,"audio_url":"wbw/046_025_010.mp3","qpc_uthmani_hafs":"مَسَٰكِنُهُمۡۚ","char_type_name":"word","page_number":505,"line_number":8,"text":"ﮥﮦ","translation":{"text":"their dwellings","language_name":"english","language_id":38},"transliteration":{"text":"masākinuhum","language_name":"english","language_id":38}},{"id":27760,"position":11,"audio_url":"wbw/046_025_012.mp3","qpc_uthmani_hafs":"كَذَٰلِكَ","char_type_name":"word","page_number":505,"line_number":8,"text":"ﮧ","translation":{"text":"Thus","language_name":"english","language_id":38},"transliteration":{"text":"kadhālika","language_name":"english","language_id":38}},{"id":27761,"position":12,"audio_url":"wbw/046_025_013.mp3","qpc_uthmani_hafs":"نَجۡزِي","char_type_name":"word","page_number":505,"line_number":8,"text":"ﮨ","translation":{"text":"We recompense","language_name":"english","language_id":38},"transliteration":{"text":"najzī","language_name":"english","language_id":38}},{"id":27762,"position":13,"audio_url":"wbw/046_025_014.mp3","qpc_uthmani_hafs":"ٱلۡقَوۡمَ","char_type_name":"word","page_number":505,"line_number":9,"text":"ﮩ","translation":{"text":"the people","language_name":"english","language_id":38},"transliteration":{"text":"l-qawma","language_name":"english","language_id":38}},{"id":27763,"position":14,"audio_url":"wbw/046_025_015.mp3","qpc_uthmani_hafs":"ٱلۡمُجۡرِمِينَ","char_type_name":"word","page_number":505,"line_number":9,"text":"ﮪ","translation":{"text":"[the] criminals","language_name":"english","language_id":38},"transliteration":{"text":"l-muj'rimīna","language_name":"english","language_id":38}},{"id":27764,"position":15,"audio_url":null,"qpc_uthmani_hafs":"٢٥","char_type_name":"end","page_number":505,"line_number":9,"text":"ﮫ","translation":{"text":"(25)","language_name":"english","language_id":38},"transliteration":{"text":null,"language_name":"english","language_id":38}}],"translations":[{"id":920964,"resource_id":134,"text":"yang menghancurkan segala sesuatu dengan perintah Tuhan-nya, maka jadilah mereka tidak ada yang kelihatan lagi kecuali (bekas-bekas) tempat tinggal mereka.  Demikianlah Kami memberi balasan kepada kaum yang berdosa."}]},{"id":4536,"verse_number":26,"verse_key":"46:26","juz_number":26,"hizb_number":51,"rub_el_hizb_number":202,"ruku_number":442,"manzil_number":6,"sajdah_number":null,"text_uthmani":"وَلَقَدْ مَكَّنَّـٰهُمْ فِيمَآ إِن مَّكَّنَّـٰكُمْ فِيهِ وَجَعَلْنَا لَهُمْ سَمْعًا وَأَبْصَـٰرًا وَأَفْـِٔدَةً فَمَآ أَغْنَىٰ عَنْهُمْ سَمْعُهُمْ وَلَآ أَبْصَـٰرُهُمْ وَلَآ أَفْـِٔدَتُهُم مِّن شَىْءٍ إِذْ كَانُوا۟ يَجْحَدُونَ بِـَٔايَـٰتِ ٱللَّهِ وَحَاقَ بِهِم مَّا كَانُوا۟ بِهِۦ يَسْتَهْزِءُونَ","page_number":505,"words":[{"id":29000,"position":1,"audio_url":"wbw/046_026_001.mp3","qpc_uthmani_hafs":"وَلَقَدۡ","char_type_name":"word","page_number":505,"line_number":9,"text":"ﮬ","translation":{"text":"And certainly","language_name":"english","language_id":38},"transliteration":{"text":"walaqad","language_name":"english","language_id":38}},{"id":29001,"position":2,"audio_url":"wbw/046_026_002.mp3","qpc_uthmani_hafs":"مَكَّنَّٰهُمۡ","char_type_name":"word","page_number":505,"line_number":9,"text":"ﮭ","translation":{"text":"We had established them","language_name":"english","language_id":38},"transliteration":{"text":"makkannāhum","language_name":"english","language_id":38}},{"id":29002,"position":3,"audio_url":"wbw/046_026_003.mp3","qpc_uthmani_hafs":"فِيمَآ","char_type_name":"word","page_number":505,"line_number":9,"text":"ﮮ","translation":{"text":"in what","language_name":"english","language_id":38},"transliteration":{"text":"fīmā","language_name":"english","language_id":38}},{"id":29003,"position":4,"audio_url":"wbw/046_026_004.mp3","qpc_uthmani_hafs":"إِن","char_type_name":"word","page_number":505,"line_number":9,"text":"ﮯ","translation":{"text":"not","language_name":"english","language_id":38},"transliteration":{"text":"in","language_name":"english","language_id":38}},{"id":29004,"position":5,"audio_url":"wbw/046_026_005.mp3","qpc_uthmani_hafs":"مَّكَّنَّٰكُمۡ","char_type_name":"word","page_number":505,"line_number":9,"text":"ﮰ","translation":{"text":"We have established you","language_name":"english","language_id":38},"transliteration":{"text":"makkannākum","language_name":"english","language_id":38}},{"id":29005,"position":6,"audio_url":"wbw/046_026_006.mp3","qpc_uthmani_hafs":"فِيهِ","char_type_name":"word","page_number":505,"line_number":9,"text":"ﮱ","translation":{"text":"in it","language_name":"english","language_id":38},"transliteration":{"text":"fīhi","language_name":"english","language_id":38}},{"id":29006,"position":7,"audio_url":"wbw/046_026_007.mp3","qpc_uthmani_hafs":"وَجَعَلۡنَا","char_type_name":"word","page_number":505,"line_number":10,"text":"ﯓ","translation":{"text":"and We made","language_name":"english","language_id":38},"transliteration":{"text":"wajaʿalnā","language_name":"english","language_id":38}},{"id":29007,"position":8,"audio_url":"wbw/046_026_008.mp3","qpc_uthmani_hafs":"لَهُمۡ","char_type_name":"word","page_number":505,"line_number":10,"text":"ﯔ","translation":{"text":"for them","language_name":"english","language_id":38},"transliteration":{"text":"lahum","language_name":"english","language_id":38}},{"id":29008,"position":9,"audio_url":"wbw/046_026_009.mp3","qpc_uthmani_hafs":"سَمۡعٗا","char_type_name":"word","page_number":505,"line_number":10,"text":"ﯕ","translation":{"text":"hearing","language_name":"english","language_id":38},"transliteration":{"text":"samʿan","language_name":"english","language_id":38}},{"id":29009,"position":10,"audio_url":"wbw/046_026_010.mp3","qpc_uthmani_hafs":"وَأَبۡصَٰرٗا","char_type_name":"word","page_number":505,"line_number":10,"text":"ﯖ","translation":{"text":"and vision","language_name":"english","language_id":38},"transliteration":{"text":"wa-abṣāran","language_name":"english","language_id":38}},{"id":29010,"position":11,"audio_url":"wbw/046_026_011.mp3","qpc_uthmani_hafs":"وَأَفۡـِٔدَةٗ","char_type_name":"word","page_number":505,"line_number":10,"text":"ﯗ","translation":{"text":"and hearts","language_name":"english","language_id":38},"transliteration":{"text":"wa-afidatan","language_name":"english","language_id":38}},{"id":29011,"position":12,"audio_url":"wbw/046_026_012.mp3","qpc_uthmani_hafs":"فَمَآ","char_type_name":"word","page_number":505,"line_number":10,"text":"ﯘ","translation":{"text":"But not","language_name":"english","language_id":38},"transliteration":{"text":"famā","language_name":"english","language_id":38}},{"id":29012,"position":13,"audio_url":"wbw/046_026_013.mp3","qpc_uthmani_hafs":"أَغۡنَىٰ","char_type_name":"word","page_number":505,"line_number":10,"text":"ﯙ","translation":{"text":"availed","language_name":"english","language_id":38},"transliteration":{"text":"aghnā","language_name":"english","language_id":38}},{"id":29013,"position":14,"audio_url":"wbw/046_026_014.mp3","qpc_uthmani_hafs":"عَنۡهُمۡ","char_type_name":"word","page_number":505,"line_number":10,"text":"ﯚ","translation":{"text":"them","language_name":"english","language_id":38},"transliteration":{"text":"ʿanhum","language_name":"english","language_id":38}},{"id":29014,"position":15,"audio_url":"wbw/046_026_015.mp3","qpc_uthmani_hafs":"سَمۡعُهُمۡ","char_type_name":"word","page_number":505,"line_number":10,"text":"ﯛ","translation":{"text":"their hearing","language_name":"english","language_id":38},"transliteration":{"text":"samʿuhum","language_name":"english","language_id":38}},{"id":29015,"position":16,"audio_url":"wbw/046_026_016.mp3","qpc_uthmani_hafs":"وَلَآ","char_type_name":"word","page_number":505,"line_number":11,"text":"ﯜ","translation":{"text":"and not","language_name":"english","language_id":38},"transliteration":{"text":"walā","language_name":"english","language_id":38}},{"id":29016,"position":17,"audio_url":"wbw/046_026_017.mp3","qpc_uthmani_hafs":"أَبۡصَٰرُهُمۡ","char_type_name":"word","page_number":505,"line_number":11,"text":"ﯝ","translation":{"text":"their vision","language_name":"english","language_id":38},"transliteration":{"text":"abṣāruhum","language_name":"english","language_id":38}},{"id":29017,"position":18,"audio_url":"wbw/046_026_018.mp3","qpc_uthmani_hafs":"وَلَآ","char_type_name":"word","page_number":505,"line_number":11,"text":"ﯞ","translation":{"text":"and not","language_name":"english","language_id":38},"transliteration":{"text":"walā","language_name":"english","language_id":38}},{"id":29018,"position":19,"audio_url":"wbw/046_026_019.mp3","qpc_uthmani_hafs":"أَفۡـِٔدَتُهُم","char_type_name":"word","page_number":505,"line_number":11,"text":"ﯟ","translation":{"text":"their hearts","language_name":"english","language_id":38},"transliteration":{"text":"afidatuhum","language_name":"english","language_id":38}},{"id":29019,"position":20,"audio_url":"wbw/046_026_020.mp3","qpc_uthmani_hafs":"مِّن","char_type_name":"word","page_number":505,"line_number":11,"text":"ﯠ","translation":{"text":"any","language_name":"english","language_id":38},"transliteration":{"text":"min","language_name":"english","language_id":38}},{"id":29020,"position":21,"audio_url":"wbw/046_026_021.mp3","qpc_uthmani_hafs":"شَيۡءٍ","char_type_name":"word","page_number":505,"line_number":11,"text":"ﯡ","translation":{"text":"thing","language_name":"english","language_id":38},"transliteration":{"text":"shayin","language_name":"english","language_id":38}},{"id":29021,"position":22,"audio_url":"wbw/046_026_022.mp3","qpc_uthmani_hafs":"إِذۡ","char_type_name":"word","page_number":505,"line_number":11,"text":"ﯢ","translation":{"text":"when","language_name":"english","language_id":38},"transliteration":{"text":"idh","language_name":"english","language_id":38}},{"id":29022,"position":23,"audio_url":"wbw/046_026_023.mp3","qpc_uthmani_hafs":"كَانُواْ","char_type_name":"word","page_number":505,"line_number":11,"text":"ﯣ","translation":{"text":"they were","language_name":"english","language_id":38},"transliteration":{"text":"kānū","language_name":"english","language_id":38}},{"id":29023,"position":24,"audio_url":"wbw/046_026_024.mp3","qpc_uthmani_hafs":"يَجۡحَدُونَ","char_type_name":"word","page_number":505,"line_number":11,"text":"ﯤ","translation":{"text":"rejecting","language_name":"english","language_id":38},"transliteration":{"text":"yajḥadūna","language_name":"english","language_id":38}},{"id":29024,"position":25,"audio_url":"wbw/046_026_025.mp3","qpc_uthmani_hafs":"بِـَٔايَٰتِ","char_type_name":"word","page_number":505,"line_number":12,"text":"ﯥ","translation":{"text":"(the) Signs","language_name":"english","language_id":38},"transliteration":{"text":"biāyāti","language_name":"english","language_id":38}},{"id":29025,"position":26,"audio_url":"wbw/046_026_026.mp3","qpc_uthmani_hafs":"ٱللَّهِ","char_type_name":"word","page_number":505,"line_number":12,"text":"ﯦ","translation":{"text":"(of) Allah","language_name":"english","language_id":38},"transliteration":{"text":"l-lahi","language_name":"english","language_id":38}},{"id":29026,"position":27,"audio_url":"wbw/046_026_027.mp3","qpc_uthmani_hafs":"وَحَاقَ","char_type_name":"word","page_number":505,"line_number":12,"text":"ﯧ","translation":{"text":"and enveloped","language_name":"english","language_id":38},"transliteration":{"text":"waḥāqa","language_name":"english","language_id":38}},{"id":29027,"position":28,"audio_url":"wbw/046_026_028.mp3","qpc_uthmani_hafs":"بِهِم","char_type_name":"word","page_number":505,"line_number":12,"text":"ﯨ","translation":{"text":"them","language_name":"english","language_id":38},"transliteration":{"text":"bihim","language_name":"english","language_id":38}},{"id":29028,"position":29,"audio_url":"wbw/046_026_029.mp3","qpc_uthmani_hafs":"مَّا","char_type_name":"word","page_number":505,"line_number":12,"text":"ﯩ","translation":{"text":"what","language_name":"english","language_id":38},"transliteration":{"text":"mā","language_name":"english","language_id":38}},{"id":29029,"position":30,"audio_url":"wbw/046_026_030.mp3","qpc_uthmani_hafs":"كَانُواْ","char_type_name":"word","page_number":505,"line_number":12,"text":"ﯪ","translation":{"text":"they used to","language_name":"english","language_id":38},"transliteration":{"text":"kānū","language_name":"english","language_id":38}},{"id":29030,"position":31,"audio_url":"wbw/046_026_031.mp3","qpc_uthmani_hafs":"بِهِۦ","char_type_name":"word","page_number":505,"line_number":12,"text":"ﯫ","translation":{"text":"[at it]","language_name":"english","language_id":38},"transliteration":{"text":"bihi","language_name":"english","language_id":38}},{"id":29031,"position":32,"audio_url":"wbw/046_026_032.mp3","qpc_uthmani_hafs":"يَسۡتَهۡزِءُونَ","char_type_name":"word","page_number":505,"line_number":12,"text":"ﯬ","translation":{"text":"ridicule","language_name":"english","language_id":38},"transliteration":{"text":"yastahziūna","language_name":"english","language_id":38}},{"id":29032,"position":33,"audio_url":null,"qpc_uthmani_hafs":"٢٦","char_type_name":"end","page_number":505,"line_number":12,"text":"ﯭ","translation":{"text":"(26)","language_name":"english","language_id":38},"transliteration":{"text":null,"language_name":"english","language_id":38}}],"translations":[{"id":920965,"resource_id":134,"text":"Dan sesungguhnya Kami telah meneguhkan kedudukan mereka dalam hal-hal yang Kami belum pernah meneguhkan kedudukanmu dalam hal itu dan Kami telah memberikan kepada mereka pendengaran, penglihatan, dan hati; tetapi pendengaran, penglihatan, dan hati mereka itu tidak berguna sedikit jua pun bagi mereka, karena mereka selalu mengingkari ayat-ayat Allah dan mereka telah diliputi oleh siksa yang dahulu selalu mereka memperolok-olokkannya."}]},{"id":4537,"verse_number":27,"verse_key":"46:27","juz_number":26,"hizb_number":51,"rub_el_hizb_number":202,"ruku_number":443,"manzil_number":6,"sajdah_number":null,"text_uthmani":"وَلَقَدْ أَهْلَكْنَا مَا حَوْلَكُم مِّنَ ٱلْقُرَىٰ وَصَرَّفْنَا ٱلْـَٔايَـٰتِ لَعَلَّهُمْ يَرْجِعُونَ","page_number":505,"words":[{"id":29599,"position":1,"audio_url":"wbw/046_027_001.mp3","qpc_uthmani_hafs":"وَلَقَدۡ","char_type_name":"word","page_number":505,"line_number":12,"text":"ﯮ","translation":{"text":"And certainly","language_name":"english","language_id":38},"transliteration":{"text":"walaqad","language_name":"english","language_id":38}},{"id":29600,"position":2,"audio_url":"wbw/046_027_002.mp3","qpc_uthmani_hafs":"أَهۡلَكۡنَا","char_type_name":"word","page_number":505,"line_number":13,"text":"ﯯ","translation":{"text":"We destroyed","language_name":"english","language_id":38},"transliteration":{"text":"ahlaknā","language_name":"english","language_id":38}},{"id":29601,"position":3,"audio_url":"wbw/046_027_003.mp3","qpc_uthmani_hafs":"مَا","char_type_name":"word","page_number":505,"line_number":13,"text":"ﯰ","translation":{"text":"what","language_name":"english","language_id":38},"transliteration":{"text":"mā","language_name":"english","language_id":38}},{"id":29602,"position":4,"audio_url":"wbw/046_027_004.mp3","qpc_uthmani_hafs":"حَوۡلَكُم","char_type_name":"word","page_number":505,"line_number":13,"text":"ﯱ","translation":{"text":"surrounds you","language_name":"english","language_id":38},"transliteration":{"text":"ḥawlakum","language_name":"english","language_id":38}},{"id":29603,"position":5,"audio_url":"wbw/046_027_005.mp3","qpc_uthmani_hafs":"مِّنَ","char_type_name":"word","page_number":505,"line_number":13,"text":"ﯲ","translation":{"text":"of","language_name":"english","language_id":38},"transliteration":{"text":"mina","language_name":"english","language_id":38}},{"id":29604,"position":6,"audio_url":"wbw/046_027_006.mp3","qpc_uthmani_hafs":"ٱلۡقُرَىٰ","char_type_name":"word","page_number":505,"line_number":13,"text":"ﯳ","translation":{"text":"the towns","language_name":"english","language_id":38},"transliteration":{"text":"l-qurā","language_name":"english","language_id":38}},{"id":29605,"position":7,"audio_url":"wbw/046_027_007.mp3","qpc_uthmani_hafs":"وَصَرَّفۡنَا","char_type_name":"word","page_number":505,"line_number":13,"text":"ﯴ","translation":{"text":"and We have diversified","language_name":"english","language_id":38},"transliteration":{"text":"waṣarrafnā","language_name":"english","language_id":38}},{"id":29606,"position":8,"audio_url":"wbw/046_027_008.mp3","qpc_uthmani_hafs":"ٱلۡأٓيَٰتِ","char_type_name":"word","page_number":505,"line_number":13,"text":"ﯵ","translation":{"text":"the Signs","language_name":"english","language_id":38},"transliteration":{"text":"l-āyāti","language_name":"english","language_id":38}},{"id":29607,"position":9,"audio_url":"wbw/046_027_009.mp3","qpc_uthmani_hafs":"لَعَلَّهُمۡ","char_type_name":"word","page_number":505,"line_number":13,"text":"ﯶ","translation":{"text":"that they may","language_name":"english","language_id":38},"transliteration":{"text":"laʿallahum","language_name":"english","language_id":38}},{"id":29608,"position":10,"audio_url":"wbw/046_027_010.mp3","qpc_uthmani_hafs":"يَرۡجِعُونَ","char_type_name":"word","page_number":505,"line_number":13,"text":"ﯷ","translation":{"text":"return","language_name":"english","language_id":38},"transliteration":{"text":"yarjiʿūna","language_name":"english","language_id":38}},{"id":29609,"position":11,"audio_url":null,"qpc_uthmani_hafs":"٢٧","char_type_name":"end","page_number":505,"line_number":14,"text":"ﯸ","translation":{"text":"(27)","language_name":"english","language_id":38},"transliteration":{"text":null,"language_name":"english","language_id":38}}],"translations":[{"id":920966,"resource_id":134,"text":"Dan sesungguhnya Kami telah membinasakan negeri-negeri di sekitarmu<sup foot_note=211159>1</sup> dan Kami telah mendatangkan tanda-tanda kebesaran Kami berulang-ulang supaya mereka kembali (bertobat)."}]},{"id":4538,"verse_number":28,"verse_key":"46:28","juz_number":26,"hizb_number":51,"rub_el_hizb_number":202,"ruku_number":443,"manzil_number":6,"sajdah_number":null,"text_uthmani":"فَلَوْلَا نَصَرَهُمُ ٱلَّذِينَ ٱتَّخَذُوا۟ مِن دُونِ ٱللَّهِ قُرْبَانًا ءَالِهَةًۢ ۖ بَلْ ضَلُّوا۟ عَنْهُمْ ۚ وَذَٰلِكَ إِفْكُهُمْ وَمَا كَانُوا۟ يَفْتَرُونَ","page_number":505,"words":[{"id":30633,"position":1,"audio_url":"wbw/046_028_001.mp3","qpc_uthmani_hafs":"فَلَوۡلَا","char_type_name":"word","page_number":505,"line_number":14,"text":"ﯹ","translation":{"text":"Then why (did) not","language_name":"english","language_id":38},"transliteration":{"text":"falawlā","language_name":"english","language_id":38}},{"id":30634,"position":2,"audio_url":"wbw/046_028_002.mp3","qpc_uthmani_hafs":"نَصَرَهُمُ","char_type_name":"word","page_number":505,"line_number":14,"text":"ﯺ","translation":{"text":"help them","language_name":"english","language_id":38},"transliteration":{"text":"naṣarahumu","language_name":"english","language_id":38}},{"id":30635,"position":3,"audio_url":"wbw/046_028_003.mp3","qpc_uthmani_hafs":"ٱلَّذِينَ","char_type_name":"word","page_number":505,"line_number":14,"text":"ﯻ","translation":{"text":"those whom","language_name":"english","language_id":38},"transliteration":{"text":"alladhīna","language_name":"english","language_id":38}},{"id":30636,"position":4,"audio_url":"wbw/046_028_004.mp3","qpc_uthmani_hafs":"ٱتَّخَذُواْ","char_type_name":"word","page_number":505,"line_number":14,"text":"ﯼ","translation":{"text":"they had taken","language_name":"english","language_id":38},"transliteration":{"text":"ittakhadhū","language_name":"english","language_id":38}},{"id":30637,"position":5,"audio_url":"wbw/046_028_005.mp3","qpc_uthmani_hafs":"مِن","char_type_name":"word","page_number":505,"line_number":14,"text":"ﯽ","translation":{"text":"besides","language_name":"english","language_id":38},"transliteration":{"text":"min","language_name":"english","language_id":38}},{"id":30638,"position":6,"audio_url":"wbw/046_028_006.mp3","qpc_uthmani_hafs":"دُونِ","char_type_name":"word","page_number":505,"line_number":14,"text":"ﯾ","translation":{"text":"besides","language_name":"english","language_id":38},"transliteration":{"text":"dūni","language_name":"english","language_id":38}},{"id":30639,"position":7,"audio_url":"wbw/046_028_007.mp3","qpc_uthmani_hafs":"ٱللَّهِ","char_type_name":"word","page_number":505,"line_number":14,"text":"ﯿ","translation":{"text":"Allah","language_name":"english","language_id":38},"transliteration":{"text":"l-lahi","language_name":"english","language_id":38}},{"id":30640,"position":8,"audio_url":"wbw/046_028_008.mp3","qpc_uthmani_hafs":"قُرۡبَانًا","char_type_name":"word","page_number":505,"line_number":14,"text":"ﰀ","translation":{"text":"gods as a way of approach","language_name":"english","language_id":38},"transliteration":{"text":"qur'bānan","language_name":"english","language_id":38}},{"id":30641,"position":9,"audio_url":"wbw/046_028_009.mp3","qpc_uthmani_hafs":"ءَالِهَةَۢۖ","char_type_name":"word","page_number":505,"line_number":14,"text":"ﰁﰂ","translation":{"text":"gods as a way of approach","language_name":"english","language_id":38},"transliteration":{"text":"ālihatan","language_name":"english","language_id":38}},{"id":30643,"position":10,"audio_url":"wbw/046_028_011.mp3","qpc_uthmani_hafs":"بَلۡ","char_type_name":"word","page_number":505,"line_number":15,"text":"ﰃ","translation":{"text":"Nay","language_name":"english","language_id":38},"transliteration":{"text":"bal","language_name":"english","language_id":38}},{"id":30644,"position":11,"audio_url":"wbw/046_028_012.mp3","qpc_uthmani_hafs":"ضَلُّواْ","char_type_name":"word","page_number":505,"line_number":15,"text":"ﰄ","translation":{"text":"they were lost","language_name":"english","language_id":38},"transliteration":{"text":"ḍallū","language_name":"english","language_id":38}},{"id":30645,"position":12,"audio_url":"wbw/046_028_013.mp3","qpc_uthmani_hafs":"عَنۡهُمۡۚ","char_type_name":"word","page_number":505,"line_number":15,"text":"ﰅﰆ","translation":{"text":"from them","language_name":"english","language_id":38},"transliteration":{"text":"ʿanhum","language_name":"english","language_id":38}},{"id":30647,"position":13,"audio_url":"wbw/046_028_015.mp3","qpc_uthmani_hafs":"وَذَٰلِكَ","char_type_name":"word","page_number":505,"line_number":15,"text":"ﰇ","translation":{"text":"And that","language_name":"english","language_id":38},"transliteration":{"text":"wadhālika","language_name":"english","language_id":38}},{"id":30648,"position":14,"audio_url":"wbw/046_028_016.mp3","qpc_uthmani_hafs":"إِفۡكُهُمۡ","char_type_name":"word","page_number":505,"line_number":15,"text":"ﰈ","translation":{"text":"(was) their falsehood","language_name":"english","language_id":38},"transliteration":{"text":"if'kuhum","language_name":"english","language_id":38}},{"id":30649,"position":15,"audio_url":"wbw/046_028_017.mp3","qpc_uthmani_hafs":"وَمَا","char_type_name":"word","page_number":505,"line_number":15,"text":"ﰉ","translation":{"text":"and what","language_name":"english","language_id":38},"transliteration":{"text":"wamā","language_name":"english","language_id":38}},{"id":30650,"position":16,"audio_url":"wbw/046_028_018.mp3","qpc_uthmani_hafs":"كَانُواْ","char_type_name":"word","page_number":505,"line_number":15,"text":"ﰊ","translation":{"text":"they were","language_name":"english","language_id":38},"transliteration":{"text":"kānū","language_name":"english","language_id":38}},{"id":30651,"position":17,"audio_url":"wbw/046_028_019.mp3","qpc_uthmani_hafs":"يَفۡتَرُونَ","char_type_name":"word","page_number":505,"line_number":15,"text":"ﰋ","translation":{"text":"inventing","language_name":"english","language_id":38},"transliteration":{"text":"yaftarūna","language_name":"english","language_id":38}},{"id":30652,"position":18,"audio_url":null,"qpc_uthmani_hafs":"٢٨","char_type_name":"end","page_number":505,"line_number":15,"text":"ﰌ","translation":{"text":"(28)","language_name":"english","language_id":38},"transliteration":{"text":null,"language_name":"english","language_id":38}}],"translations":[{"id":920967,"resource_id":134,"text":"Maka mengapa yang mereka sembah selain Allah sebagai Tuhan untuk mendekatkan diri (kepada Allah) tidak dapat menolong mereka.  Bahkan tuhan-tuhan itu telah lenyap dari mereka? Itulah akibat kebohongan mereka dan apa yang dahulu mereka ada-adakan."}]}],"pagination":{"per_page":50,"current_page":1,"next_page":null,"total_pages":1,"total_records":8}}