{"verses":[{"id":303,"verse_number":10,"verse_key":"3:10","juz_number":3,"hizb_number":5,"rub_el_hizb_number":20,"ruku_number":43,"manzil_number":1,"sajdah_number":null,"text_uthmani":"إِنَّ ٱلَّذِينَ كَفَرُوا۟ لَن تُغْنِىَ عَنْهُمْ أَمْوَٰلُهُمْ وَلَآ أَوْلَـٰدُهُم مِّنَ ٱللَّهِ شَيْـًٔا ۖ وَأُو۟لَـٰٓئِكَ هُمْ وَقُودُ ٱلنَّارِ","page_number":51,"words":[{"id":11174,"position":1,"audio_url":"wbw/003_010_001.mp3","qpc_uthmani_hafs":"إِنَّ","char_type_name":"word","page_number":51,"line_number":1,"text":"ﭑ","translation":{"text":"Indeed","language_name":"english","language_id":38},"transliteration":{"text":"inna","language_name":"english","language_id":38}},{"id":11175,"position":2,"audio_url":"wbw/003_010_002.mp3","qpc_uthmani_hafs":"ٱلَّذِينَ","char_type_name":"word","page_number":51,"line_number":1,"text":"ﭒ","translation":{"text":"those who","language_name":"english","language_id":38},"transliteration":{"text":"alladhīna","language_name":"english","language_id":38}},{"id":11176,"position":3,"audio_url":"wbw/003_010_003.mp3","qpc_uthmani_hafs":"كَفَرُواْ","char_type_name":"word","page_number":51,"line_number":1,"text":"ﭓ","translation":{"text":"disbelieve[d]","language_name":"english","language_id":38},"transliteration":{"text":"kafarū","language_name":"english","language_id":38}},{"id":11177,"position":4,"audio_url":"wbw/003_010_004.mp3","qpc_uthmani_hafs":"لَن","char_type_name":"word","page_number":51,"line_number":1,"text":"ﭔ","translation":{"text":"never","language_name":"english","language_id":38},"transliteration":{"text":"lan","language_name":"english","language_id":38}},{"id":11178,"position":5,"audio_url":"wbw/003_010_005.mp3","qpc_uthmani_hafs":"تُغۡنِيَ","char_type_name":"word","page_number":51,"line_number":1,"text":"ﭕ","translation":{"text":"will avail","language_name":"english","language_id":38},"transliteration":{"text":"tugh'niya","language_name":"english","language_id":38}},{"id":11179,"position":6,"audio_url":"wbw/003_010_006.mp3","qpc_uthmani_hafs":"عَنۡهُمۡ","char_type_name":"word","page_number":51,"line_number":1,"text":"ﭖ","translation":{"text":"[for] them","language_name":"english","language_id":38},"transliteration":{"text":"ʿanhum","language_name":"english","language_id":38}},{"id":11180,"position":7,"audio_url":"wbw/003_010_007.mp3","qpc_uthmani_hafs":"أَمۡوَٰلُهُمۡ","char_type_name":"word","page_number":51,"line_number":1,"text":"ﭗ","translation":{"text":"their wealth","language_name":"english","language_id":38},"transliteration":{"text":"amwāluhum","language_name":"english","language_id":38}},{"id":11181,"position":8,"audio_url":"wbw/003_010_008.mp3","qpc_uthmani_hafs":"وَلَآ","char_type_name":"word","page_number":51,"line_number":1,"text":"ﭘ","translation":{"text":"and not","language_name":"english","language_id":38},"transliteration":{"text":"walā","language_name":"english","language_id":38}},{"id":11182,"position":9,"audio_url":"wbw/003_010_009.mp3","qpc_uthmani_hafs":"أَوۡلَٰدُهُم","char_type_name":"word","page_number":51,"line_number":1,"text":"ﭙ","translation":{"text":"their children","language_name":"english","language_id":38},"transliteration":{"text":"awlāduhum","language_name":"english","language_id":38}},{"id":11183,"position":10,"audio_url":"wbw/003_010_010.mp3","qpc_uthmani_hafs":"مِّنَ","char_type_name":"word","page_number":51,"line_number":2,"text":"ﭚ","translation":{"text":"against","language_name":"english","language_id":38},"transliteration":{"text":"mina","language_name":"english","language_id":38}},{"id":11184,"position":11,"audio_url":"wbw/003_010_011.mp3","qpc_uthmani_hafs":"ٱللَّهِ","char_type_name":"word","page_number":51,"line_number":2,"text":"ﭛ","translation":{"text":"Allah","language_name":"english","language_id":38},"transliteration":{"text":"l-lahi","language_name":"english","language_id":38}},{"id":11185,"position":12,"audio_url":"wbw/003_010_012.mp3","qpc_uthmani_hafs":"شَيۡـٔٗاۖ","char_type_name":"word","page_number":51,"line_number":2,"text":"ﭜﭝ","translation":{"text":"anything","language_name":"english","language_id":38},"transliteration":{"text":"shayan","language_name":"english","language_id":38}},{"id":11187,"position":13,"audio_url":"wbw/003_010_014.mp3","qpc_uthmani_hafs":"وَأُوْلَٰٓئِكَ","char_type_name":"word","page_number":51,"line_number":2,"text":"ﭞ","translation":{"text":"and those ","language_name":"english","language_id":38},"transliteration":{"text":"wa-ulāika","language_name":"english","language_id":38}},{"id":11188,"position":14,"audio_url":"wbw/003_010_015.mp3","qpc_uthmani_hafs":"هُمۡ","char_type_name":"word","page_number":51,"line_number":2,"text":"ﭟ","translation":{"text":"they (are)","language_name":"english","language_id":38},"transliteration":{"text":"hum","language_name":"english","language_id":38}},{"id":11189,"position":15,"audio_url":"wbw/003_010_016.mp3","qpc_uthmani_hafs":"وَقُودُ","char_type_name":"word","page_number":51,"line_number":2,"text":"ﭠ","translation":{"text":"(the) fuel","language_name":"english","language_id":38},"transliteration":{"text":"waqūdu","language_name":"english","language_id":38}},{"id":11190,"position":16,"audio_url":"wbw/003_010_017.mp3","qpc_uthmani_hafs":"ٱلنَّارِ","char_type_name":"word","page_number":51,"line_number":2,"text":"ﭡ","translation":{"text":"(for) the Fire","language_name":"english","language_id":38},"transliteration":{"text":"l-nāri","language_name":"english","language_id":38}},{"id":11191,"position":17,"audio_url":null,"qpc_uthmani_hafs":"١٠","char_type_name":"end","page_number":51,"line_number":2,"text":"ﭢ","translation":{"text":"(10)","language_name":"english","language_id":38},"transliteration":{"text":null,"language_name":"english","language_id":38}}],"translations":[{"id":916732,"resource_id":134,"text":"Sesungguhnya orang-orang yang kafir, harta benda dan anak-anak mereka, sedikit pun tidak dapat menolak (siksa) Allah dari mereka.  Dan mereka itu adalah bahan bakar api neraka."}]},{"id":304,"verse_number":11,"verse_key":"3:11","juz_number":3,"hizb_number":5,"rub_el_hizb_number":20,"ruku_number":43,"manzil_number":1,"sajdah_number":null,"text_uthmani":"كَدَأْبِ ءَالِ فِرْعَوْنَ وَٱلَّذِينَ مِن قَبْلِهِمْ ۚ كَذَّبُوا۟ بِـَٔايَـٰتِنَا فَأَخَذَهُمُ ٱللَّهُ بِذُنُوبِهِمْ ۗ وَٱللَّهُ شَدِيدُ ٱلْعِقَابِ","page_number":51,"words":[{"id":12513,"position":1,"audio_url":"wbw/003_011_001.mp3","qpc_uthmani_hafs":"كَدَأۡبِ","char_type_name":"word","page_number":51,"line_number":2,"text":"ﭣ","translation":{"text":"Like behavior","language_name":"english","language_id":38},"transliteration":{"text":"kadabi","language_name":"english","language_id":38}},{"id":12514,"position":2,"audio_url":"wbw/003_011_002.mp3","qpc_uthmani_hafs":"ءَالِ","char_type_name":"word","page_number":51,"line_number":2,"text":"ﭤ","translation":{"text":"(of the) people","language_name":"english","language_id":38},"transliteration":{"text":"āli","language_name":"english","language_id":38}},{"id":12515,"position":3,"audio_url":"wbw/003_011_003.mp3","qpc_uthmani_hafs":"فِرۡعَوۡنَ","char_type_name":"word","page_number":51,"line_number":3,"text":"ﭥ","translation":{"text":"(of) Firaun","language_name":"english","language_id":38},"transliteration":{"text":"fir'ʿawna","language_name":"english","language_id":38}},{"id":12516,"position":4,"audio_url":"wbw/003_011_004.mp3","qpc_uthmani_hafs":"وَٱلَّذِينَ","char_type_name":"word","page_number":51,"line_number":3,"text":"ﭦ","translation":{"text":"and those who","language_name":"english","language_id":38},"transliteration":{"text":"wa-alladhīna","language_name":"english","language_id":38}},{"id":12517,"position":5,"audio_url":"wbw/003_011_005.mp3","qpc_uthmani_hafs":"مِن","char_type_name":"word","page_number":51,"line_number":3,"text":"ﭧ","translation":{"text":"(were) from","language_name":"english","language_id":38},"transliteration":{"text":"min","language_name":"english","language_id":38}},{"id":12518,"position":6,"audio_url":"wbw/003_011_006.mp3","qpc_uthmani_hafs":"قَبۡلِهِمۡۚ","char_type_name":"word","page_number":51,"line_number":3,"text":"ﭨﭩ","translation":{"text":"before them","language_name":"english","language_id":38},"transliteration":{"text":"qablihim","language_name":"english","language_id":38}},{"id":12520,"position":7,"audio_url":"wbw/003_011_008.mp3","qpc_uthmani_hafs":"كَذَّبُواْ","char_type_name":"word","page_number":51,"line_number":3,"text":"ﭪ","translation":{"text":"They denied","language_name":"english","language_id":38},"transliteration":{"text":"kadhabū","language_name":"english","language_id":38}},{"id":12521,"position":8,"audio_url":"wbw/003_011_009.mp3","qpc_uthmani_hafs":"بِـَٔايَٰتِنَا","char_type_name":"word","page_number":51,"line_number":3,"text":"ﭫ","translation":{"text":"Our Signs","language_name":"english","language_id":38},"transliteration":{"text":"biāyātinā","language_name":"english","language_id":38}},{"id":12522,"position":9,"audio_url":"wbw/003_011_010.mp3","qpc_uthmani_hafs":"فَأَخَذَهُمُ","char_type_name":"word","page_number":51,"line_number":3,"text":"ﭬ","translation":{"text":"so seized them","language_name":"english","language_id":38},"transliteration":{"text":"fa-akhadhahumu","language_name":"english","language_id":38}},{"id":12523,"position":10,"audio_url":"wbw/003_011_011.mp3","qpc_uthmani_hafs":"ٱللَّهُ","char_type_name":"word","page_number":51,"line_number":3,"text":"ﭭ","translation":{"text":"Allah","language_name":"english","language_id":38},"transliteration":{"text":"l-lahu","language_name":"english","language_id":38}},{"id":12524,"position":11,"audio_url":"wbw/003_011_012.mp3","qpc_uthmani_hafs":"بِذُنُوبِهِمۡۗ","char_type_name":"word","page_number":51,"line_number":3,"text":"ﭮﭯ","translation":{"text":"for their sins","language_name":"english","language_id":38},"transliteration":{"text":"bidhunūbihim","language_name":"english","language_id":38}},{"id":12526,"position":12,"audio_url":"wbw/003_011_014.mp3","qpc_uthmani_hafs":"وَٱللَّهُ","char_type_name":"word","page_number":51,"line_number":4,"text":"ﭰ","translation":{"text":"And Allah","language_name":"english","language_id":38},"transliteration":{"text":"wal-lahu","language_name":"english","language_id":38}},{"id":12527,"position":13,"audio_url":"wbw/003_011_015.mp3","qpc_uthmani_hafs":"شَدِيدُ","char_type_name":"word","page_number":51,"line_number":4,"text":"ﭱ","translation":{"text":"(is) severe","language_name":"english","language_id":38},"transliteration":{"text":"shadīdu","language_name":"english","language_id":38}},{"id":12528,"position":14,"audio_url":"wbw/003_011_016.mp3","qpc_uthmani_hafs":"ٱلۡعِقَابِ","char_type_name":"word","page_number":51,"line_number":4,"text":"ﭲ","translation":{"text":"(in) [the] punishment","language_name":"english","language_id":38},"transliteration":{"text":"l-ʿiqābi","language_name":"english","language_id":38}},{"id":12529,"position":15,"audio_url":null,"qpc_uthmani_hafs":"١١","char_type_name":"end","page_number":51,"line_number":4,"text":"ﭳ","translation":{"text":"(11)","language_name":"english","language_id":38},"transliteration":{"text":null,"language_name":"english","language_id":38}}],"translations":[{"id":916733,"resource_id":134,"text":"(keadaan mereka) adalah seperti keadaan kaum Firʻawn  dan orang-orang yang sebelumnya; mereka mendustakan ayat-ayat Kami, karena itu Allah menyiksa mereka disebabkan dosa-dosa mereka.  Dan Allah sangat keras siksa-Nya."}]},{"id":305,"verse_number":12,"verse_key":"3:12","juz_number":3,"hizb_number":5,"rub_el_hizb_number":20,"ruku_number":43,"manzil_number":1,"sajdah_number":null,"text_uthmani":"قُل لِّلَّذِينَ كَفَرُوا۟ سَتُغْلَبُونَ وَتُحْشَرُونَ إِلَىٰ جَهَنَّمَ ۚ وَبِئْسَ ٱلْمِهَادُ","page_number":51,"words":[{"id":13837,"position":1,"audio_url":"wbw/003_012_001.mp3","qpc_uthmani_hafs":"قُل","char_type_name":"word","page_number":51,"line_number":4,"text":"ﭴ","translation":{"text":"Say","language_name":"english","language_id":38},"transliteration":{"text":"qul","language_name":"english","language_id":38}},{"id":13838,"position":2,"audio_url":"wbw/003_012_002.mp3","qpc_uthmani_hafs":"لِّلَّذِينَ","char_type_name":"word","page_number":51,"line_number":4,"text":"ﭵ","translation":{"text":"to those who","language_name":"english","language_id":38},"transliteration":{"text":"lilladhīna","language_name":"english","language_id":38}},{"id":13839,"position":3,"audio_url":"wbw/003_012_003.mp3","qpc_uthmani_hafs":"كَفَرُواْ","char_type_name":"word","page_number":51,"line_number":4,"text":"ﭶ","translation":{"text":"disbelieve[d]","language_name":"english","language_id":38},"transliteration":{"text":"kafarū","language_name":"english","language_id":38}},{"id":13840,"position":4,"audio_url":"wbw/003_012_004.mp3","qpc_uthmani_hafs":"سَتُغۡلَبُونَ","char_type_name":"word","page_number":51,"line_number":4,"text":"ﭷ","translation":{"text":"You will be overcome","language_name":"english","language_id":38},"transliteration":{"text":"satugh'labūna","language_name":"english","language_id":38}},{"id":13841,"position":5,"audio_url":"wbw/003_012_005.mp3","qpc_uthmani_hafs":"وَتُحۡشَرُونَ","char_type_name":"word","page_number":51,"line_number":5,"text":"ﭸ","translation":{"text":"and you will be gathered","language_name":"english","language_id":38},"transliteration":{"text":"watuḥ'sharūna","language_name":"english","language_id":38}},{"id":13842,"position":6,"audio_url":"wbw/003_012_006.mp3","qpc_uthmani_hafs":"إِلَىٰ","char_type_name":"word","page_number":51,"line_number":5,"text":"ﭹ","translation":{"text":"to","language_name":"english","language_id":38},"transliteration":{"text":"ilā","language_name":"english","language_id":38}},{"id":13843,"position":7,"audio_url":"wbw/003_012_007.mp3","qpc_uthmani_hafs":"جَهَنَّمَۖ","char_type_name":"word","page_number":51,"line_number":5,"text":"ﭺﭻ","translation":{"text":"Hell","language_name":"english","language_id":38},"transliteration":{"text":"jahannama","language_name":"english","language_id":38}},{"id":13845,"position":8,"audio_url":"wbw/003_012_009.mp3","qpc_uthmani_hafs":"وَبِئۡسَ","char_type_name":"word","page_number":51,"line_number":5,"text":"ﭼ","translation":{"text":"[and] an evil","language_name":"english","language_id":38},"transliteration":{"text":"wabi'sa","language_name":"english","language_id":38}},{"id":13846,"position":9,"audio_url":"wbw/003_012_010.mp3","qpc_uthmani_hafs":"ٱلۡمِهَادُ","char_type_name":"word","page_number":51,"line_number":5,"text":"ﭽ","translation":{"text":"[the] resting place","language_name":"english","language_id":38},"transliteration":{"text":"l-mihādu","language_name":"english","language_id":38}},{"id":13847,"position":10,"audio_url":null,"qpc_uthmani_hafs":"١٢","char_type_name":"end","page_number":51,"line_number":5,"text":"ﭾ","translation":{"text":"(12)","language_name":"english","language_id":38},"transliteration":{"text":null,"language_name":"english","language_id":38}}],"translations":[{"id":916734,"resource_id":134,"text":"Katakanlah kepada orang-orang yang kafir, \"Kamu pasti akan dikalahkan (di dunia ini) dan akan digiring ke dalam neraka Jahanam.  Dan itulah tempat yang seburuk-buruknya\"."}]},{"id":306,"verse_number":13,"verse_key":"3:13","juz_number":3,"hizb_number":5,"rub_el_hizb_number":20,"ruku_number":43,"manzil_number":1,"sajdah_number":null,"text_uthmani":"قَدْ كَانَ لَكُمْ ءَايَةٌ فِى فِئَتَيْنِ ٱلْتَقَتَا ۖ فِئَةٌ تُقَـٰتِلُ فِى سَبِيلِ ٱللَّهِ وَأُخْرَىٰ كَافِرَةٌ يَرَوْنَهُم مِّثْلَيْهِمْ رَأْىَ ٱلْعَيْنِ ۚ وَٱللَّهُ يُؤَيِّدُ بِنَصْرِهِۦ مَن يَشَآءُ ۗ إِنَّ فِى ذَٰلِكَ لَعِبْرَةً لِّأُو۟لِى ٱلْأَبْصَـٰرِ","page_number":51,"words":[{"id":15136,"position":1,"audio_url":"wbw/003_013_001.mp3","qpc_uthmani_hafs":"قَدۡ","char_type_name":"word","page_number":51,"line_number":5,"text":"ﭿ","translation":{"text":"Surely","language_name":"english","language_id":38},"transliteration":{"text":"qad","language_name":"english","language_id":38}},{"id":15137,"position":2,"audio_url":"wbw/003_013_002.mp3","qpc_uthmani_hafs":"كَانَ","char_type_name":"word","page_number":51,"line_number":5,"text":"ﮀ","translation":{"text":"it was","language_name":"english","language_id":38},"transliteration":{"text":"kāna","language_name":"english","language_id":38}},{"id":15138,"position":3,"audio_url":"wbw/003_013_003.mp3","qpc_uthmani_hafs":"لَكُمۡ","char_type_name":"word","page_number":51,"line_number":6,"text":"ﮁ","translation":{"text":"for you","language_name":"english","language_id":38},"transliteration":{"text":"lakum","language_name":"english","language_id":38}},{"id":15139,"position":4,"audio_url":"wbw/003_013_004.mp3","qpc_uthmani_hafs":"ءَايَةٞ","char_type_name":"word","page_number":51,"line_number":6,"text":"ﮂ","translation":{"text":"a sign","language_name":"english","language_id":38},"transliteration":{"text":"āyatun","language_name":"english","language_id":38}},{"id":15140,"position":5,"audio_url":"wbw/003_013_005.mp3","qpc_uthmani_hafs":"فِي","char_type_name":"word","page_number":51,"line_number":6,"text":"ﮃ","translation":{"text":"in","language_name":"english","language_id":38},"transliteration":{"text":"fī","language_name":"english","language_id":38}},{"id":15141,"position":6,"audio_url":"wbw/003_013_006.mp3","qpc_uthmani_hafs":"فِئَتَيۡنِ","char_type_name":"word","page_number":51,"line_number":6,"text":"ﮄ","translation":{"text":"(the) two hosts","language_name":"english","language_id":38},"transliteration":{"text":"fi-atayni","language_name":"english","language_id":38}},{"id":15142,"position":7,"audio_url":"wbw/003_013_007.mp3","qpc_uthmani_hafs":"ٱلۡتَقَتَاۖ","char_type_name":"word","page_number":51,"line_number":6,"text":"ﮅﮆ","translation":{"text":"which met ","language_name":"english","language_id":38},"transliteration":{"text":"l-taqatā","language_name":"english","language_id":38}},{"id":15144,"position":8,"audio_url":"wbw/003_013_009.mp3","qpc_uthmani_hafs":"فِئَةٞ","char_type_name":"word","page_number":51,"line_number":6,"text":"ﮇ","translation":{"text":"one group","language_name":"english","language_id":38},"transliteration":{"text":"fi-atun","language_name":"english","language_id":38}},{"id":15145,"position":9,"audio_url":"wbw/003_013_010.mp3","qpc_uthmani_hafs":"تُقَٰتِلُ","char_type_name":"word","page_number":51,"line_number":6,"text":"ﮈ","translation":{"text":"fighting","language_name":"english","language_id":38},"transliteration":{"text":"tuqātilu","language_name":"english","language_id":38}},{"id":15146,"position":10,"audio_url":"wbw/003_013_011.mp3","qpc_uthmani_hafs":"فِي","char_type_name":"word","page_number":51,"line_number":6,"text":"ﮉ","translation":{"text":"in","language_name":"english","language_id":38},"transliteration":{"text":"fī","language_name":"english","language_id":38}},{"id":15147,"position":11,"audio_url":"wbw/003_013_012.mp3","qpc_uthmani_hafs":"سَبِيلِ","char_type_name":"word","page_number":51,"line_number":6,"text":"ﮊ","translation":{"text":"(the) way","language_name":"english","language_id":38},"transliteration":{"text":"sabīli","language_name":"english","language_id":38}},{"id":15148,"position":12,"audio_url":"wbw/003_013_013.mp3","qpc_uthmani_hafs":"ٱللَّهِ","char_type_name":"word","page_number":51,"line_number":6,"text":"ﮋ","translation":{"text":"(of) Allah","language_name":"english","language_id":38},"transliteration":{"text":"l-lahi","language_name":"english","language_id":38}},{"id":15149,"position":13,"audio_url":"wbw/003_013_014.mp3","qpc_uthmani_hafs":"وَأُخۡرَىٰ","char_type_name":"word","page_number":51,"line_number":7,"text":"ﮌ","translation":{"text":"and another","language_name":"english","language_id":38},"transliteration":{"text":"wa-ukh'rā","language_name":"english","language_id":38}},{"id":15150,"position":14,"audio_url":"wbw/003_013_015.mp3","qpc_uthmani_hafs":"كَافِرَةٞ","char_type_name":"word","page_number":51,"line_number":7,"text":"ﮍ","translation":{"text":"disbelievers","language_name":"english","language_id":38},"transliteration":{"text":"kāfiratun","language_name":"english","language_id":38}},{"id":15151,"position":15,"audio_url":"wbw/003_013_016.mp3","qpc_uthmani_hafs":"يَرَوۡنَهُم","char_type_name":"word","page_number":51,"line_number":7,"text":"ﮎ","translation":{"text":"They were seeing them","language_name":"english","language_id":38},"transliteration":{"text":"yarawnahum","language_name":"english","language_id":38}},{"id":15152,"position":16,"audio_url":"wbw/003_013_017.mp3","qpc_uthmani_hafs":"مِّثۡلَيۡهِمۡ","char_type_name":"word","page_number":51,"line_number":7,"text":"ﮏ","translation":{"text":"twice of them","language_name":"english","language_id":38},"transliteration":{"text":"mith'layhim","language_name":"english","language_id":38}},{"id":15153,"position":17,"audio_url":"wbw/003_013_018.mp3","qpc_uthmani_hafs":"رَأۡيَ","char_type_name":"word","page_number":51,"line_number":7,"text":"ﮐ","translation":{"text":"with the sight","language_name":"english","language_id":38},"transliteration":{"text":"raya","language_name":"english","language_id":38}},{"id":15154,"position":18,"audio_url":"wbw/003_013_019.mp3","qpc_uthmani_hafs":"ٱلۡعَيۡنِۚ","char_type_name":"word","page_number":51,"line_number":7,"text":"ﮑﮒ","translation":{"text":"(of) their eyes","language_name":"english","language_id":38},"transliteration":{"text":"l-ʿayni","language_name":"english","language_id":38}},{"id":15156,"position":19,"audio_url":"wbw/003_013_021.mp3","qpc_uthmani_hafs":"وَٱللَّهُ","char_type_name":"word","page_number":51,"line_number":7,"text":"ﮓ","translation":{"text":"And Allah","language_name":"english","language_id":38},"transliteration":{"text":"wal-lahu","language_name":"english","language_id":38}},{"id":15157,"position":20,"audio_url":"wbw/003_013_022.mp3","qpc_uthmani_hafs":"يُؤَيِّدُ","char_type_name":"word","page_number":51,"line_number":8,"text":"ﮔ","translation":{"text":"supports","language_name":"english","language_id":38},"transliteration":{"text":"yu-ayyidu","language_name":"english","language_id":38}},{"id":15158,"position":21,"audio_url":"wbw/003_013_023.mp3","qpc_uthmani_hafs":"بِنَصۡرِهِۦ","char_type_name":"word","page_number":51,"line_number":8,"text":"ﮕ","translation":{"text":"with His help","language_name":"english","language_id":38},"transliteration":{"text":"binaṣrihi","language_name":"english","language_id":38}},{"id":15159,"position":22,"audio_url":"wbw/003_013_024.mp3","qpc_uthmani_hafs":"مَن","char_type_name":"word","page_number":51,"line_number":8,"text":"ﮖ","translation":{"text":"whom","language_name":"english","language_id":38},"transliteration":{"text":"man","language_name":"english","language_id":38}},{"id":15160,"position":23,"audio_url":"wbw/003_013_025.mp3","qpc_uthmani_hafs":"يَشَآءُۚ","char_type_name":"word","page_number":51,"line_number":8,"text":"ﮗﮘ","translation":{"text":"He wills","language_name":"english","language_id":38},"transliteration":{"text":"yashāu","language_name":"english","language_id":38}},{"id":15162,"position":24,"audio_url":"wbw/003_013_027.mp3","qpc_uthmani_hafs":"إِنَّ","char_type_name":"word","page_number":51,"line_number":8,"text":"ﮙ","translation":{"text":"Indeed","language_name":"english","language_id":38},"transliteration":{"text":"inna","language_name":"english","language_id":38}},{"id":15163,"position":25,"audio_url":"wbw/003_013_028.mp3","qpc_uthmani_hafs":"فِي","char_type_name":"word","page_number":51,"line_number":8,"text":"ﮚ","translation":{"text":"in","language_name":"english","language_id":38},"transliteration":{"text":"fī","language_name":"english","language_id":38}},{"id":15164,"position":26,"audio_url":"wbw/003_013_029.mp3","qpc_uthmani_hafs":"ذَٰلِكَ","char_type_name":"word","page_number":51,"line_number":8,"text":"ﮛ","translation":{"text":"that","language_name":"english","language_id":38},"transliteration":{"text":"dhālika","language_name":"english","language_id":38}},{"id":15165,"position":27,"audio_url":"wbw/003_013_030.mp3","qpc_uthmani_hafs":"لَعِبۡرَةٗ","char_type_name":"word","page_number":51,"line_number":8,"text":"ﮜ","translation":{"text":"surely (is) a lesson","language_name":"english","language_id":38},"transliteration":{"text":"laʿib'ratan","language_name":"english","language_id":38}},{"id":15166,"position":28,"audio_url":"wbw/003_013_031.mp3","qpc_uthmani_hafs":"لِّأُوْلِي","char_type_name":"word","page_number":51,"line_number":8,"text":"ﮝ","translation":{"text":"for the owners","language_name":"english","language_id":38},"transliteration":{"text":"li-ulī","language_name":"english","language_id":38}},{"id":15167,"position":29,"audio_url":"wbw/003_013_032.mp3","qpc_uthmani_hafs":"ٱلۡأَبۡصَٰرِ","char_type_name":"word","page_number":51,"line_number":9,"text":"ﮞ","translation":{"text":"(of) vision","language_name":"english","language_id":38},"transliteration":{"text":"l-abṣāri","language_name":"english","language_id":38}},{"id":15168,"position":30,"audio_url":null,"qpc_uthmani_hafs":"١٣","char_type_name":"end","page_number":51,"line_number":9,"text":"ﮟ","translation":{"text":"(13)","language_name":"english","language_id":38},"transliteration":{"text":null,"language_name":"english","language_id":38}}],"translations":[{"id":916735,"resource_id":134,"text":"Sesungguhnya telah ada tanda bagi kamu pada dua golongan yang telah bertemu (bertempur)<sup foot_note=209955>1</sup>.  Segolongan berperang di jalan Allah dan (segolongan) yang lain kafir, yang dengan mata kepala melihat (seakan-akan) orang-orang muslimin dua kali jumlah mereka. Allah menguatkan dengan bantuan-Nya siapa yang dikehendaki-Nya. Sesungguhnya pada yang demikian itu terdapat pelajaran bagi orang-orang yang mempunyai mata hati."}]},{"id":307,"verse_number":14,"verse_key":"3:14","juz_number":3,"hizb_number":5,"rub_el_hizb_number":20,"ruku_number":43,"manzil_number":1,"sajdah_number":null,"text_uthmani":"زُيِّنَ لِلنَّاسِ حُبُّ ٱلشَّهَوَٰتِ مِنَ ٱلنِّسَآءِ وَٱلْبَنِينَ وَٱلْقَنَـٰطِيرِ ٱلْمُقَنطَرَةِ مِنَ ٱلذَّهَبِ وَٱلْفِضَّةِ وَٱلْخَيْلِ ٱلْمُسَوَّمَةِ وَٱلْأَنْعَـٰمِ وَٱلْحَرْثِ ۗ ذَٰلِكَ مَتَـٰعُ ٱلْحَيَوٰةِ ٱلدُّنْيَا ۖ وَٱللَّهُ عِندَهُۥ حُسْنُ ٱلْمَـَٔابِ","page_number":51,"words":[{"id":16082,"position":1,"audio_url":"wbw/003_014_001.mp3","qpc_uthmani_hafs":"زُيِّنَ","char_type_name":"word","page_number":51,"line_number":9,"text":"ﮠ","translation":{"text":"Beautified","language_name":"english","language_id":38},"transliteration":{"text":"zuyyina","language_name":"english","language_id":38}},{"id":16083,"position":2,"audio_url":"wbw/003_014_002.mp3","qpc_uthmani_hafs":"لِلنَّاسِ","char_type_name":"word","page_number":51,"line_number":9,"text":"ﮡ","translation":{"text":"for mankind","language_name":"english","language_id":38},"transliteration":{"text":"lilnnāsi","language_name":"english","language_id":38}},{"id":16084,"position":3,"audio_url":"wbw/003_014_003.mp3","qpc_uthmani_hafs":"حُبُّ","char_type_name":"word","page_number":51,"line_number":9,"text":"ﮢ","translation":{"text":"(is) love","language_name":"english","language_id":38},"transliteration":{"text":"ḥubbu","language_name":"english","language_id":38}},{"id":16085,"position":4,"audio_url":"wbw/003_014_004.mp3","qpc_uthmani_hafs":"ٱلشَّهَوَٰتِ","char_type_name":"word","page_number":51,"line_number":9,"text":"ﮣ","translation":{"text":"(of) the (things they) desire ","language_name":"english","language_id":38},"transliteration":{"text":"l-shahawāti","language_name":"english","language_id":38}},{"id":16086,"position":5,"audio_url":"wbw/003_014_005.mp3","qpc_uthmani_hafs":"مِنَ","char_type_name":"word","page_number":51,"line_number":9,"text":"ﮤ","translation":{"text":"of","language_name":"english","language_id":38},"transliteration":{"text":"mina","language_name":"english","language_id":38}},{"id":16087,"position":6,"audio_url":"wbw/003_014_006.mp3","qpc_uthmani_hafs":"ٱلنِّسَآءِ","char_type_name":"word","page_number":51,"line_number":9,"text":"ﮥ","translation":{"text":"[the] women","language_name":"english","language_id":38},"transliteration":{"text":"l-nisāi","language_name":"english","language_id":38}},{"id":16088,"position":7,"audio_url":"wbw/003_014_007.mp3","qpc_uthmani_hafs":"وَٱلۡبَنِينَ","char_type_name":"word","page_number":51,"line_number":10,"text":"ﮦ","translation":{"text":"and [the] sons","language_name":"english","language_id":38},"transliteration":{"text":"wal-banīna","language_name":"english","language_id":38}},{"id":16089,"position":8,"audio_url":"wbw/003_014_008.mp3","qpc_uthmani_hafs":"وَٱلۡقَنَٰطِيرِ","char_type_name":"word","page_number":51,"line_number":10,"text":"ﮧ","translation":{"text":"and [the] heaps","language_name":"english","language_id":38},"transliteration":{"text":"wal-qanāṭīri","language_name":"english","language_id":38}},{"id":16090,"position":9,"audio_url":"wbw/003_014_009.mp3","qpc_uthmani_hafs":"ٱلۡمُقَنطَرَةِ","char_type_name":"word","page_number":51,"line_number":10,"text":"ﮨ","translation":{"text":"[the] stored up","language_name":"english","language_id":38},"transliteration":{"text":"l-muqanṭarati","language_name":"english","language_id":38}},{"id":16091,"position":10,"audio_url":"wbw/003_014_010.mp3","qpc_uthmani_hafs":"مِنَ","char_type_name":"word","page_number":51,"line_number":10,"text":"ﮩ","translation":{"text":"of","language_name":"english","language_id":38},"transliteration":{"text":"mina","language_name":"english","language_id":38}},{"id":16092,"position":11,"audio_url":"wbw/003_014_011.mp3","qpc_uthmani_hafs":"ٱلذَّهَبِ","char_type_name":"word","page_number":51,"line_number":10,"text":"ﮪ","translation":{"text":"[the] gold","language_name":"english","language_id":38},"transliteration":{"text":"l-dhahabi","language_name":"english","language_id":38}},{"id":16093,"position":12,"audio_url":"wbw/003_014_012.mp3","qpc_uthmani_hafs":"وَٱلۡفِضَّةِ","char_type_name":"word","page_number":51,"line_number":10,"text":"ﮫ","translation":{"text":"and [the] silver","language_name":"english","language_id":38},"transliteration":{"text":"wal-fiḍati","language_name":"english","language_id":38}},{"id":16094,"position":13,"audio_url":"wbw/003_014_013.mp3","qpc_uthmani_hafs":"وَٱلۡخَيۡلِ","char_type_name":"word","page_number":51,"line_number":11,"text":"ﮬ","translation":{"text":"and [the] horses","language_name":"english","language_id":38},"transliteration":{"text":"wal-khayli","language_name":"english","language_id":38}},{"id":16095,"position":14,"audio_url":"wbw/003_014_014.mp3","qpc_uthmani_hafs":"ٱلۡمُسَوَّمَةِ","char_type_name":"word","page_number":51,"line_number":11,"text":"ﮭ","translation":{"text":"[the] branded","language_name":"english","language_id":38},"transliteration":{"text":"l-musawamati","language_name":"english","language_id":38}},{"id":16096,"position":15,"audio_url":"wbw/003_014_015.mp3","qpc_uthmani_hafs":"وَٱلۡأَنۡعَٰمِ","char_type_name":"word","page_number":51,"line_number":11,"text":"ﮮ","translation":{"text":"and [the] cattle","language_name":"english","language_id":38},"transliteration":{"text":"wal-anʿāmi","language_name":"english","language_id":38}},{"id":16097,"position":16,"audio_url":"wbw/003_014_016.mp3","qpc_uthmani_hafs":"وَٱلۡحَرۡثِۗ","char_type_name":"word","page_number":51,"line_number":11,"text":"ﮯﮰ","translation":{"text":"and [the] tilled land","language_name":"english","language_id":38},"transliteration":{"text":"wal-ḥarthi","language_name":"english","language_id":38}},{"id":16099,"position":17,"audio_url":"wbw/003_014_018.mp3","qpc_uthmani_hafs":"ذَٰلِكَ","char_type_name":"word","page_number":51,"line_number":11,"text":"ﮱ","translation":{"text":"That","language_name":"english","language_id":38},"transliteration":{"text":"dhālika","language_name":"english","language_id":38}},{"id":16100,"position":18,"audio_url":"wbw/003_014_019.mp3","qpc_uthmani_hafs":"مَتَٰعُ","char_type_name":"word","page_number":51,"line_number":11,"text":"ﯓ","translation":{"text":"(is) provision","language_name":"english","language_id":38},"transliteration":{"text":"matāʿu","language_name":"english","language_id":38}},{"id":16101,"position":19,"audio_url":"wbw/003_014_020.mp3","qpc_uthmani_hafs":"ٱلۡحَيَوٰةِ","char_type_name":"word","page_number":51,"line_number":12,"text":"ﯔ","translation":{"text":"(of) life","language_name":"english","language_id":38},"transliteration":{"text":"l-ḥayati","language_name":"english","language_id":38}},{"id":16102,"position":20,"audio_url":"wbw/003_014_021.mp3","qpc_uthmani_hafs":"ٱلدُّنۡيَاۖ","char_type_name":"word","page_number":51,"line_number":12,"text":"ﯕﯖ","translation":{"text":"(of) the world","language_name":"english","language_id":38},"transliteration":{"text":"l-dun'yā","language_name":"english","language_id":38}},{"id":16104,"position":21,"audio_url":"wbw/003_014_023.mp3","qpc_uthmani_hafs":"وَٱللَّهُ","char_type_name":"word","page_number":51,"line_number":12,"text":"ﯗ","translation":{"text":"but Allah ","language_name":"english","language_id":38},"transliteration":{"text":"wal-lahu","language_name":"english","language_id":38}},{"id":16105,"position":22,"audio_url":"wbw/003_014_024.mp3","qpc_uthmani_hafs":"عِندَهُۥ","char_type_name":"word","page_number":51,"line_number":12,"text":"ﯘ","translation":{"text":"with Him","language_name":"english","language_id":38},"transliteration":{"text":"ʿindahu","language_name":"english","language_id":38}},{"id":16106,"position":23,"audio_url":"wbw/003_014_025.mp3","qpc_uthmani_hafs":"حُسۡنُ","char_type_name":"word","page_number":51,"line_number":12,"text":"ﯙ","translation":{"text":"(is an) excellent","language_name":"english","language_id":38},"transliteration":{"text":"ḥus'nu","language_name":"english","language_id":38}},{"id":16107,"position":24,"audio_url":"wbw/003_014_026.mp3","qpc_uthmani_hafs":"ٱلۡمَـَٔابِ","char_type_name":"word","page_number":51,"line_number":12,"text":"ﯚ","translation":{"text":"[the] abode to return","language_name":"english","language_id":38},"transliteration":{"text":"l-maābi","language_name":"english","language_id":38}},{"id":16108,"position":25,"audio_url":null,"qpc_uthmani_hafs":"١٤","char_type_name":"end","page_number":51,"line_number":12,"text":"ﯛ","translation":{"text":"(14)","language_name":"english","language_id":38},"transliteration":{"text":null,"language_name":"english","language_id":38}}],"translations":[{"id":916736,"resource_id":134,"text":"Dijadikan indah pada (pandangan) manusia kecintaan kepada apa-apa yang diingini, yaitu wanita-wanita, anak-anak, harta yang banyak dari jenis emas, perak, kuda pilihan, binatang-binatang ternak<sup foot_note=209956>1</sup>, dan sawah ladang. Itulah kesenangan hidup di dunia; dan di sisi Allah-lah tempat kembali yang baik (surga)."}]},{"id":308,"verse_number":15,"verse_key":"3:15","juz_number":3,"hizb_number":6,"rub_el_hizb_number":21,"ruku_number":43,"manzil_number":1,"sajdah_number":null,"text_uthmani":"۞ قُلْ أَؤُنَبِّئُكُم بِخَيْرٍ مِّن ذَٰلِكُمْ ۚ لِلَّذِينَ ٱتَّقَوْا۟ عِندَ رَبِّهِمْ جَنَّـٰتٌ تَجْرِى مِن تَحْتِهَا ٱلْأَنْهَـٰرُ خَـٰلِدِينَ فِيهَا وَأَزْوَٰجٌ مُّطَهَّرَةٌ وَرِضْوَٰنٌ مِّنَ ٱللَّهِ ۗ وَٱللَّهُ بَصِيرٌۢ بِٱلْعِبَادِ","page_number":51,"words":[{"id":17339,"position":1,"audio_url":"wbw/003_015_002.mp3","qpc_uthmani_hafs":"۞ قُلۡ","char_type_name":"word","page_number":51,"line_number":12,"text":"ﯜ ﯝ","translation":{"text":"Say","language_name":"english","language_id":38},"transliteration":{"text":"qul","language_name":"english","language_id":38}},{"id":17340,"position":2,"audio_url":"wbw/003_015_003.mp3","qpc_uthmani_hafs":"أَؤُنَبِّئُكُم","char_type_name":"word","page_number":51,"line_number":13,"text":"ﯞ","translation":{"text":"Shall I inform you","language_name":"english","language_id":38},"transliteration":{"text":"a-unabbi-ukum","language_name":"english","language_id":38}},{"id":17341,"position":3,"audio_url":"wbw/003_015_004.mp3","qpc_uthmani_hafs":"بِخَيۡرٖ","char_type_name":"word","page_number":51,"line_number":13,"text":"ﯟ","translation":{"text":"of better","language_name":"english","language_id":38},"transliteration":{"text":"bikhayrin","language_name":"english","language_id":38}},{"id":17342,"position":4,"audio_url":"wbw/003_015_005.mp3","qpc_uthmani_hafs":"مِّن","char_type_name":"word","page_number":51,"line_number":13,"text":"ﯠ","translation":{"text":"than","language_name":"english","language_id":38},"transliteration":{"text":"min","language_name":"english","language_id":38}},{"id":17343,"position":5,"audio_url":"wbw/003_015_006.mp3","qpc_uthmani_hafs":"ذَٰلِكُمۡۖ","char_type_name":"word","page_number":51,"line_number":13,"text":"ﯡﯢ","translation":{"text":"that","language_name":"english","language_id":38},"transliteration":{"text":"dhālikum","language_name":"english","language_id":38}},{"id":17345,"position":6,"audio_url":"wbw/003_015_008.mp3","qpc_uthmani_hafs":"لِلَّذِينَ","char_type_name":"word","page_number":51,"line_number":13,"text":"ﯣ","translation":{"text":"For those who","language_name":"english","language_id":38},"transliteration":{"text":"lilladhīna","language_name":"english","language_id":38}},{"id":17346,"position":7,"audio_url":"wbw/003_015_009.mp3","qpc_uthmani_hafs":"ٱتَّقَوۡاْ","char_type_name":"word","page_number":51,"line_number":13,"text":"ﯤ","translation":{"text":"fear[ed]","language_name":"english","language_id":38},"transliteration":{"text":"ittaqaw","language_name":"english","language_id":38}},{"id":17347,"position":8,"audio_url":"wbw/003_015_010.mp3","qpc_uthmani_hafs":"عِندَ","char_type_name":"word","page_number":51,"line_number":13,"text":"ﯥ","translation":{"text":"with","language_name":"english","language_id":38},"transliteration":{"text":"ʿinda","language_name":"english","language_id":38}},{"id":17348,"position":9,"audio_url":"wbw/003_015_011.mp3","qpc_uthmani_hafs":"رَبِّهِمۡ","char_type_name":"word","page_number":51,"line_number":13,"text":"ﯦ","translation":{"text":"their Lord","language_name":"english","language_id":38},"transliteration":{"text":"rabbihim","language_name":"english","language_id":38}},{"id":17349,"position":10,"audio_url":"wbw/003_015_012.mp3","qpc_uthmani_hafs":"جَنَّٰتٞ","char_type_name":"word","page_number":51,"line_number":13,"text":"ﯧ","translation":{"text":"(are) Gardens","language_name":"english","language_id":38},"transliteration":{"text":"jannātun","language_name":"english","language_id":38}},{"id":17350,"position":11,"audio_url":"wbw/003_015_013.mp3","qpc_uthmani_hafs":"تَجۡرِي","char_type_name":"word","page_number":51,"line_number":14,"text":"ﯨ","translation":{"text":"flows","language_name":"english","language_id":38},"transliteration":{"text":"tajrī","language_name":"english","language_id":38}},{"id":17351,"position":12,"audio_url":"wbw/003_015_014.mp3","qpc_uthmani_hafs":"مِن","char_type_name":"word","page_number":51,"line_number":14,"text":"ﯩ","translation":{"text":"from","language_name":"english","language_id":38},"transliteration":{"text":"min","language_name":"english","language_id":38}},{"id":17352,"position":13,"audio_url":"wbw/003_015_015.mp3","qpc_uthmani_hafs":"تَحۡتِهَا","char_type_name":"word","page_number":51,"line_number":14,"text":"ﯪ","translation":{"text":"underneath them","language_name":"english","language_id":38},"transliteration":{"text":"taḥtihā","language_name":"english","language_id":38}},{"id":17353,"position":14,"audio_url":"wbw/003_015_016.mp3","qpc_uthmani_hafs":"ٱلۡأَنۡهَٰرُ","char_type_name":"word","page_number":51,"line_number":14,"text":"ﯫ","translation":{"text":"[the] rivers ","language_name":"english","language_id":38},"transliteration":{"text":"l-anhāru","language_name":"english","language_id":38}},{"id":17354,"position":15,"audio_url":"wbw/003_015_017.mp3","qpc_uthmani_hafs":"خَٰلِدِينَ","char_type_name":"word","page_number":51,"line_number":14,"text":"ﯬ","translation":{"text":"abiding forever","language_name":"english","language_id":38},"transliteration":{"text":"khālidīna","language_name":"english","language_id":38}},{"id":17355,"position":16,"audio_url":"wbw/003_015_018.mp3","qpc_uthmani_hafs":"فِيهَا","char_type_name":"word","page_number":51,"line_number":14,"text":"ﯭ","translation":{"text":"in it","language_name":"english","language_id":38},"transliteration":{"text":"fīhā","language_name":"english","language_id":38}},{"id":17356,"position":17,"audio_url":"wbw/003_015_019.mp3","qpc_uthmani_hafs":"وَأَزۡوَٰجٞ","char_type_name":"word","page_number":51,"line_number":14,"text":"ﯮ","translation":{"text":"and spouses","language_name":"english","language_id":38},"transliteration":{"text":"wa-azwājun","language_name":"english","language_id":38}},{"id":17357,"position":18,"audio_url":"wbw/003_015_020.mp3","qpc_uthmani_hafs":"مُّطَهَّرَةٞ","char_type_name":"word","page_number":51,"line_number":14,"text":"ﯯ","translation":{"text":"pure","language_name":"english","language_id":38},"transliteration":{"text":"muṭahharatun","language_name":"english","language_id":38}},{"id":17358,"position":19,"audio_url":"wbw/003_015_021.mp3","qpc_uthmani_hafs":"وَرِضۡوَٰنٞ","char_type_name":"word","page_number":51,"line_number":15,"text":"ﯰ","translation":{"text":"and approval","language_name":"english","language_id":38},"transliteration":{"text":"wariḍ'wānun","language_name":"english","language_id":38}},{"id":17359,"position":20,"audio_url":"wbw/003_015_022.mp3","qpc_uthmani_hafs":"مِّنَ","char_type_name":"word","page_number":51,"line_number":15,"text":"ﯱ","translation":{"text":"from","language_name":"english","language_id":38},"transliteration":{"text":"mina","language_name":"english","language_id":38}},{"id":17360,"position":21,"audio_url":"wbw/003_015_023.mp3","qpc_uthmani_hafs":"ٱللَّهِۗ","char_type_name":"word","page_number":51,"line_number":15,"text":"ﯲﯳ","translation":{"text":"Allah","language_name":"english","language_id":38},"transliteration":{"text":"l-lahi","language_name":"english","language_id":38}},{"id":17362,"position":22,"audio_url":"wbw/003_015_025.mp3","qpc_uthmani_hafs":"وَٱللَّهُ","char_type_name":"word","page_number":51,"line_number":15,"text":"ﯴ","translation":{"text":"And Allah","language_name":"english","language_id":38},"transliteration":{"text":"wal-lahu","language_name":"english","language_id":38}},{"id":17363,"position":23,"audio_url":"wbw/003_015_026.mp3","qpc_uthmani_hafs":"بَصِيرُۢ","char_type_name":"word","page_number":51,"line_number":15,"text":"ﯵ","translation":{"text":"(is) All-Seer","language_name":"english","language_id":38},"transliteration":{"text":"baṣīrun","language_name":"english","language_id":38}},{"id":17364,"position":24,"audio_url":"wbw/003_015_027.mp3","qpc_uthmani_hafs":"بِٱلۡعِبَادِ","char_type_name":"word","page_number":51,"line_number":15,"text":"ﯶ","translation":{"text":"of (His) slaves","language_name":"english","language_id":38},"transliteration":{"text":"bil-ʿibādi","language_name":"english","language_id":38}},{"id":17365,"position":25,"audio_url":null,"qpc_uthmani_hafs":"١٥","char_type_name":"end","page_number":51,"line_number":15,"text":"ﯷ","translation":{"text":"(15)","language_name":"english","language_id":38},"transliteration":{"text":null,"language_name":"english","language_id":38}}],"translations":[{"id":916737,"resource_id":134,"text":"Katakanlah, \"Inginkah aku kabarkan kepadamu apa yang lebih baik dari yang demikian itu?\" Untuk orang-orang yang bertakwa (kepada Allah), pada sisi Tuhan mereka ada surga yang mengalir dibawahnya sungai-sungai; mereka kekal didalamnya. Dan (mereka dikaruniai) istri-istri yang disucikan serta keridaan Allah.  Dan Allah Maha Melihat akan hamba-hamba-Nya."}]}],"pagination":{"per_page":50,"current_page":1,"next_page":null,"total_pages":1,"total_records":6}}