{"verses":[{"id":4727,"verse_number":52,"verse_key":"51:52","juz_number":27,"hizb_number":53,"rub_el_hizb_number":209,"ruku_number":459,"manzil_number":7,"sajdah_number":null,"text_uthmani":"كَذَٰلِكَ مَآ أَتَى ٱلَّذِينَ مِن قَبْلِهِم مِّن رَّسُولٍ إِلَّا قَالُوا۟ سَاحِرٌ أَوْ مَجْنُونٌ","page_number":523,"words":[{"id":49830,"position":1,"audio_url":"wbw/051_052_001.mp3","qpc_uthmani_hafs":"كَذَٰلِكَ","char_type_name":"word","page_number":523,"line_number":1,"text":"ﭑ","translation":{"text":"Likewise","language_name":"english","language_id":38},"transliteration":{"text":"kadhālika","language_name":"english","language_id":38}},{"id":49831,"position":2,"audio_url":"wbw/051_052_002.mp3","qpc_uthmani_hafs":"مَآ","char_type_name":"word","page_number":523,"line_number":1,"text":"ﭒ","translation":{"text":"not","language_name":"english","language_id":38},"transliteration":{"text":"mā","language_name":"english","language_id":38}},{"id":49832,"position":3,"audio_url":"wbw/051_052_003.mp3","qpc_uthmani_hafs":"أَتَى","char_type_name":"word","page_number":523,"line_number":1,"text":"ﭓ","translation":{"text":"came","language_name":"english","language_id":38},"transliteration":{"text":"atā","language_name":"english","language_id":38}},{"id":49833,"position":4,"audio_url":"wbw/051_052_004.mp3","qpc_uthmani_hafs":"ٱلَّذِينَ","char_type_name":"word","page_number":523,"line_number":1,"text":"ﭔ","translation":{"text":"(to) those","language_name":"english","language_id":38},"transliteration":{"text":"alladhīna","language_name":"english","language_id":38}},{"id":49834,"position":5,"audio_url":"wbw/051_052_005.mp3","qpc_uthmani_hafs":"مِن","char_type_name":"word","page_number":523,"line_number":1,"text":"ﭕ","translation":{"text":"before them","language_name":"english","language_id":38},"transliteration":{"text":"min","language_name":"english","language_id":38}},{"id":49835,"position":6,"audio_url":"wbw/051_052_006.mp3","qpc_uthmani_hafs":"قَبۡلِهِم","char_type_name":"word","page_number":523,"line_number":1,"text":"ﭖ","translation":{"text":"before them","language_name":"english","language_id":38},"transliteration":{"text":"qablihim","language_name":"english","language_id":38}},{"id":49836,"position":7,"audio_url":"wbw/051_052_007.mp3","qpc_uthmani_hafs":"مِّن","char_type_name":"word","page_number":523,"line_number":1,"text":"ﭗ","translation":{"text":"any","language_name":"english","language_id":38},"transliteration":{"text":"min","language_name":"english","language_id":38}},{"id":49837,"position":8,"audio_url":"wbw/051_052_008.mp3","qpc_uthmani_hafs":"رَّسُولٍ","char_type_name":"word","page_number":523,"line_number":1,"text":"ﭘ","translation":{"text":"Messenger","language_name":"english","language_id":38},"transliteration":{"text":"rasūlin","language_name":"english","language_id":38}},{"id":49838,"position":9,"audio_url":"wbw/051_052_009.mp3","qpc_uthmani_hafs":"إِلَّا","char_type_name":"word","page_number":523,"line_number":1,"text":"ﭙ","translation":{"text":"but","language_name":"english","language_id":38},"transliteration":{"text":"illā","language_name":"english","language_id":38}},{"id":49839,"position":10,"audio_url":"wbw/051_052_010.mp3","qpc_uthmani_hafs":"قَالُواْ","char_type_name":"word","page_number":523,"line_number":1,"text":"ﭚ","translation":{"text":"they said","language_name":"english","language_id":38},"transliteration":{"text":"qālū","language_name":"english","language_id":38}},{"id":49840,"position":11,"audio_url":"wbw/051_052_011.mp3","qpc_uthmani_hafs":"سَاحِرٌ","char_type_name":"word","page_number":523,"line_number":1,"text":"ﭛ","translation":{"text":"A magician","language_name":"english","language_id":38},"transliteration":{"text":"sāḥirun","language_name":"english","language_id":38}},{"id":49841,"position":12,"audio_url":"wbw/051_052_012.mp3","qpc_uthmani_hafs":"أَوۡ","char_type_name":"word","page_number":523,"line_number":1,"text":"ﭜ","translation":{"text":"or","language_name":"english","language_id":38},"transliteration":{"text":"aw","language_name":"english","language_id":38}},{"id":49842,"position":13,"audio_url":"wbw/051_052_013.mp3","qpc_uthmani_hafs":"مَجۡنُونٌ","char_type_name":"word","page_number":523,"line_number":1,"text":"ﭝ","translation":{"text":"a madman","language_name":"english","language_id":38},"transliteration":{"text":"majnūnun","language_name":"english","language_id":38}},{"id":49843,"position":14,"audio_url":null,"qpc_uthmani_hafs":"٥٢","char_type_name":"end","page_number":523,"line_number":2,"text":"ﭞ","translation":{"text":"(52)","language_name":"english","language_id":38},"transliteration":{"text":null,"language_name":"english","language_id":38}}],"translations":[{"id":921156,"resource_id":134,"text":"Demikianlah tidak seorang rasul pun yang datang kepada orang-orang yang sebelum mereka, melainkan mereka mengatakan, \"Ia adalah seorang tukang sihir atau seorang gila\"."}]},{"id":4728,"verse_number":53,"verse_key":"51:53","juz_number":27,"hizb_number":53,"rub_el_hizb_number":209,"ruku_number":459,"manzil_number":7,"sajdah_number":null,"text_uthmani":"أَتَوَاصَوْا۟ بِهِۦ ۚ بَلْ هُمْ قَوْمٌ طَاغُونَ","page_number":523,"words":[{"id":50463,"position":1,"audio_url":"wbw/051_053_001.mp3","qpc_uthmani_hafs":"أَتَوَاصَوۡاْ","char_type_name":"word","page_number":523,"line_number":2,"text":"ﭟ","translation":{"text":"Have they transmitted it to them","language_name":"english","language_id":38},"transliteration":{"text":"atawāṣaw","language_name":"english","language_id":38}},{"id":50464,"position":2,"audio_url":"wbw/051_053_002.mp3","qpc_uthmani_hafs":"بِهِۦۚ","char_type_name":"word","page_number":523,"line_number":2,"text":"ﭠﭡ","translation":{"text":"Have they transmitted it to them","language_name":"english","language_id":38},"transliteration":{"text":"bihi","language_name":"english","language_id":38}},{"id":50466,"position":3,"audio_url":"wbw/051_053_004.mp3","qpc_uthmani_hafs":"بَلۡ","char_type_name":"word","page_number":523,"line_number":2,"text":"ﭢ","translation":{"text":"Nay","language_name":"english","language_id":38},"transliteration":{"text":"bal","language_name":"english","language_id":38}},{"id":50467,"position":4,"audio_url":"wbw/051_053_005.mp3","qpc_uthmani_hafs":"هُمۡ","char_type_name":"word","page_number":523,"line_number":2,"text":"ﭣ","translation":{"text":"they","language_name":"english","language_id":38},"transliteration":{"text":"hum","language_name":"english","language_id":38}},{"id":50468,"position":5,"audio_url":"wbw/051_053_006.mp3","qpc_uthmani_hafs":"قَوۡمٞ","char_type_name":"word","page_number":523,"line_number":2,"text":"ﭤ","translation":{"text":"(are) a people","language_name":"english","language_id":38},"transliteration":{"text":"qawmun","language_name":"english","language_id":38}},{"id":50469,"position":6,"audio_url":"wbw/051_053_007.mp3","qpc_uthmani_hafs":"طَاغُونَ","char_type_name":"word","page_number":523,"line_number":2,"text":"ﭥ","translation":{"text":"transgressing","language_name":"english","language_id":38},"transliteration":{"text":"ṭāghūna","language_name":"english","language_id":38}},{"id":50470,"position":7,"audio_url":null,"qpc_uthmani_hafs":"٥٣","char_type_name":"end","page_number":523,"line_number":2,"text":"ﭦ","translation":{"text":"(53)","language_name":"english","language_id":38},"transliteration":{"text":null,"language_name":"english","language_id":38}}],"translations":[{"id":921157,"resource_id":134,"text":"Apakah mereka saling berpesan tentang apa yang dikatakan itu.  Sebenarnya mereka adalah kaum yang melampaui batas."}]},{"id":4729,"verse_number":54,"verse_key":"51:54","juz_number":27,"hizb_number":53,"rub_el_hizb_number":209,"ruku_number":459,"manzil_number":7,"sajdah_number":null,"text_uthmani":"فَتَوَلَّ عَنْهُمْ فَمَآ أَنتَ بِمَلُومٍ","page_number":523,"words":[{"id":51119,"position":1,"audio_url":"wbw/051_054_001.mp3","qpc_uthmani_hafs":"فَتَوَلَّ","char_type_name":"word","page_number":523,"line_number":2,"text":"ﭧ","translation":{"text":"So turn away","language_name":"english","language_id":38},"transliteration":{"text":"fatawalla","language_name":"english","language_id":38}},{"id":51120,"position":2,"audio_url":"wbw/051_054_002.mp3","qpc_uthmani_hafs":"عَنۡهُمۡ","char_type_name":"word","page_number":523,"line_number":2,"text":"ﭨ","translation":{"text":"from them","language_name":"english","language_id":38},"transliteration":{"text":"ʿanhum","language_name":"english","language_id":38}},{"id":51121,"position":3,"audio_url":"wbw/051_054_003.mp3","qpc_uthmani_hafs":"فَمَآ","char_type_name":"word","page_number":523,"line_number":2,"text":"ﭩ","translation":{"text":"for not","language_name":"english","language_id":38},"transliteration":{"text":"famā","language_name":"english","language_id":38}},{"id":51122,"position":4,"audio_url":"wbw/051_054_004.mp3","qpc_uthmani_hafs":"أَنتَ","char_type_name":"word","page_number":523,"line_number":2,"text":"ﭪ","translation":{"text":"you","language_name":"english","language_id":38},"transliteration":{"text":"anta","language_name":"english","language_id":38}},{"id":51123,"position":5,"audio_url":"wbw/051_054_005.mp3","qpc_uthmani_hafs":"بِمَلُومٖ","char_type_name":"word","page_number":523,"line_number":3,"text":"ﭫ","translation":{"text":"(are) to be blamed","language_name":"english","language_id":38},"transliteration":{"text":"bimalūmin","language_name":"english","language_id":38}},{"id":51124,"position":6,"audio_url":null,"qpc_uthmani_hafs":"٥٤","char_type_name":"end","page_number":523,"line_number":3,"text":"ﭬ","translation":{"text":"(54)","language_name":"english","language_id":38},"transliteration":{"text":null,"language_name":"english","language_id":38}}],"translations":[{"id":921158,"resource_id":134,"text":"Maka berpalinglah kamu dari mereka, dan kamu sekali-kali tidak tercela."}]},{"id":4730,"verse_number":55,"verse_key":"51:55","juz_number":27,"hizb_number":53,"rub_el_hizb_number":209,"ruku_number":459,"manzil_number":7,"sajdah_number":null,"text_uthmani":"وَذَكِّرْ فَإِنَّ ٱلذِّكْرَىٰ تَنفَعُ ٱلْمُؤْمِنِينَ","page_number":523,"words":[{"id":51663,"position":1,"audio_url":"wbw/051_055_001.mp3","qpc_uthmani_hafs":"وَذَكِّرۡ","char_type_name":"word","page_number":523,"line_number":3,"text":"ﭭ","translation":{"text":"And remind","language_name":"english","language_id":38},"transliteration":{"text":"wadhakkir","language_name":"english","language_id":38}},{"id":51664,"position":2,"audio_url":"wbw/051_055_002.mp3","qpc_uthmani_hafs":"فَإِنَّ","char_type_name":"word","page_number":523,"line_number":3,"text":"ﭮ","translation":{"text":"for indeed","language_name":"english","language_id":38},"transliteration":{"text":"fa-inna","language_name":"english","language_id":38}},{"id":51665,"position":3,"audio_url":"wbw/051_055_003.mp3","qpc_uthmani_hafs":"ٱلذِّكۡرَىٰ","char_type_name":"word","page_number":523,"line_number":3,"text":"ﭯ","translation":{"text":"the reminder","language_name":"english","language_id":38},"transliteration":{"text":"l-dhik'rā","language_name":"english","language_id":38}},{"id":51666,"position":4,"audio_url":"wbw/051_055_004.mp3","qpc_uthmani_hafs":"تَنفَعُ","char_type_name":"word","page_number":523,"line_number":3,"text":"ﭰ","translation":{"text":"benefits","language_name":"english","language_id":38},"transliteration":{"text":"tanfaʿu","language_name":"english","language_id":38}},{"id":51667,"position":5,"audio_url":"wbw/051_055_005.mp3","qpc_uthmani_hafs":"ٱلۡمُؤۡمِنِينَ","char_type_name":"word","page_number":523,"line_number":3,"text":"ﭱ","translation":{"text":"the believers","language_name":"english","language_id":38},"transliteration":{"text":"l-mu'minīna","language_name":"english","language_id":38}},{"id":51668,"position":6,"audio_url":null,"qpc_uthmani_hafs":"٥٥","char_type_name":"end","page_number":523,"line_number":3,"text":"ﭲ","translation":{"text":"(55)","language_name":"english","language_id":38},"transliteration":{"text":null,"language_name":"english","language_id":38}}],"translations":[{"id":921159,"resource_id":134,"text":"Dan tetaplah memberi peringatan, karena sesungguhnya peringatan itu bermanfaat bagi orang-orang yang beriman."}]},{"id":4731,"verse_number":56,"verse_key":"51:56","juz_number":27,"hizb_number":53,"rub_el_hizb_number":209,"ruku_number":459,"manzil_number":7,"sajdah_number":null,"text_uthmani":"وَمَا خَلَقْتُ ٱلْجِنَّ وَٱلْإِنسَ إِلَّا لِيَعْبُدُونِ","page_number":523,"words":[{"id":52169,"position":1,"audio_url":"wbw/051_056_001.mp3","qpc_uthmani_hafs":"وَمَا","char_type_name":"word","page_number":523,"line_number":3,"text":"ﭳ","translation":{"text":"And not","language_name":"english","language_id":38},"transliteration":{"text":"wamā","language_name":"english","language_id":38}},{"id":52170,"position":2,"audio_url":"wbw/051_056_002.mp3","qpc_uthmani_hafs":"خَلَقۡتُ","char_type_name":"word","page_number":523,"line_number":4,"text":"ﭴ","translation":{"text":"I have created","language_name":"english","language_id":38},"transliteration":{"text":"khalaqtu","language_name":"english","language_id":38}},{"id":52171,"position":3,"audio_url":"wbw/051_056_003.mp3","qpc_uthmani_hafs":"ٱلۡجِنَّ","char_type_name":"word","page_number":523,"line_number":4,"text":"ﭵ","translation":{"text":"the jinn","language_name":"english","language_id":38},"transliteration":{"text":"l-jina","language_name":"english","language_id":38}},{"id":52172,"position":4,"audio_url":"wbw/051_056_004.mp3","qpc_uthmani_hafs":"وَٱلۡإِنسَ","char_type_name":"word","page_number":523,"line_number":4,"text":"ﭶ","translation":{"text":"and the mankind","language_name":"english","language_id":38},"transliteration":{"text":"wal-insa","language_name":"english","language_id":38}},{"id":52173,"position":5,"audio_url":"wbw/051_056_005.mp3","qpc_uthmani_hafs":"إِلَّا","char_type_name":"word","page_number":523,"line_number":4,"text":"ﭷ","translation":{"text":"except","language_name":"english","language_id":38},"transliteration":{"text":"illā","language_name":"english","language_id":38}},{"id":52174,"position":6,"audio_url":"wbw/051_056_006.mp3","qpc_uthmani_hafs":"لِيَعۡبُدُونِ","char_type_name":"word","page_number":523,"line_number":4,"text":"ﭸ","translation":{"text":"that they worship Me","language_name":"english","language_id":38},"transliteration":{"text":"liyaʿbudūni","language_name":"english","language_id":38}},{"id":52175,"position":7,"audio_url":null,"qpc_uthmani_hafs":"٥٦","char_type_name":"end","page_number":523,"line_number":4,"text":"ﭹ","translation":{"text":"(56)","language_name":"english","language_id":38},"transliteration":{"text":null,"language_name":"english","language_id":38}}],"translations":[{"id":921160,"resource_id":134,"text":"Dan aku tidak menciptakan jin dan manusia melainkan supaya mereka menyembah-Ku."}]},{"id":4732,"verse_number":57,"verse_key":"51:57","juz_number":27,"hizb_number":53,"rub_el_hizb_number":209,"ruku_number":459,"manzil_number":7,"sajdah_number":null,"text_uthmani":"مَآ أُرِيدُ مِنْهُم مِّن رِّزْقٍ وَمَآ أُرِيدُ أَن يُطْعِمُونِ","page_number":523,"words":[{"id":52743,"position":1,"audio_url":"wbw/051_057_001.mp3","qpc_uthmani_hafs":"مَآ","char_type_name":"word","page_number":523,"line_number":4,"text":"ﭺ","translation":{"text":"Not","language_name":"english","language_id":38},"transliteration":{"text":"mā","language_name":"english","language_id":38}},{"id":52744,"position":2,"audio_url":"wbw/051_057_002.mp3","qpc_uthmani_hafs":"أُرِيدُ","char_type_name":"word","page_number":523,"line_number":4,"text":"ﭻ","translation":{"text":"I want","language_name":"english","language_id":38},"transliteration":{"text":"urīdu","language_name":"english","language_id":38}},{"id":52745,"position":3,"audio_url":"wbw/051_057_003.mp3","qpc_uthmani_hafs":"مِنۡهُم","char_type_name":"word","page_number":523,"line_number":4,"text":"ﭼ","translation":{"text":"from them","language_name":"english","language_id":38},"transliteration":{"text":"min'hum","language_name":"english","language_id":38}},{"id":52746,"position":4,"audio_url":"wbw/051_057_004.mp3","qpc_uthmani_hafs":"مِّن","char_type_name":"word","page_number":523,"line_number":4,"text":"ﭽ","translation":{"text":"any","language_name":"english","language_id":38},"transliteration":{"text":"min","language_name":"english","language_id":38}},{"id":52747,"position":5,"audio_url":"wbw/051_057_005.mp3","qpc_uthmani_hafs":"رِّزۡقٖ","char_type_name":"word","page_number":523,"line_number":4,"text":"ﭾ","translation":{"text":"provision","language_name":"english","language_id":38},"transliteration":{"text":"riz'qin","language_name":"english","language_id":38}},{"id":52748,"position":6,"audio_url":"wbw/051_057_006.mp3","qpc_uthmani_hafs":"وَمَآ","char_type_name":"word","page_number":523,"line_number":5,"text":"ﭿ","translation":{"text":"and not","language_name":"english","language_id":38},"transliteration":{"text":"wamā","language_name":"english","language_id":38}},{"id":52749,"position":7,"audio_url":"wbw/051_057_007.mp3","qpc_uthmani_hafs":"أُرِيدُ","char_type_name":"word","page_number":523,"line_number":5,"text":"ﮀ","translation":{"text":"I want","language_name":"english","language_id":38},"transliteration":{"text":"urīdu","language_name":"english","language_id":38}},{"id":52750,"position":8,"audio_url":"wbw/051_057_008.mp3","qpc_uthmani_hafs":"أَن","char_type_name":"word","page_number":523,"line_number":5,"text":"ﮁ","translation":{"text":"that","language_name":"english","language_id":38},"transliteration":{"text":"an","language_name":"english","language_id":38}},{"id":52751,"position":9,"audio_url":"wbw/051_057_009.mp3","qpc_uthmani_hafs":"يُطۡعِمُونِ","char_type_name":"word","page_number":523,"line_number":5,"text":"ﮂ","translation":{"text":"they (should) feed Me","language_name":"english","language_id":38},"transliteration":{"text":"yuṭ'ʿimūni","language_name":"english","language_id":38}},{"id":52752,"position":10,"audio_url":null,"qpc_uthmani_hafs":"٥٧","char_type_name":"end","page_number":523,"line_number":5,"text":"ﮃ","translation":{"text":"(57)","language_name":"english","language_id":38},"transliteration":{"text":null,"language_name":"english","language_id":38}}],"translations":[{"id":921161,"resource_id":134,"text":"Aku tidak menghendaki rezeki sedikit pun dari mereka dan Aku tidak menghendaki supaya mereka memberi Aku makan."}]},{"id":4733,"verse_number":58,"verse_key":"51:58","juz_number":27,"hizb_number":53,"rub_el_hizb_number":209,"ruku_number":459,"manzil_number":7,"sajdah_number":null,"text_uthmani":"إِنَّ ٱللَّهَ هُوَ ٱلرَّزَّاقُ ذُو ٱلْقُوَّةِ ٱلْمَتِينُ","page_number":523,"words":[{"id":53583,"position":1,"audio_url":"wbw/051_058_001.mp3","qpc_uthmani_hafs":"إِنَّ","char_type_name":"word","page_number":523,"line_number":5,"text":"ﮄ","translation":{"text":"Indeed","language_name":"english","language_id":38},"transliteration":{"text":"inna","language_name":"english","language_id":38}},{"id":53584,"position":2,"audio_url":"wbw/051_058_002.mp3","qpc_uthmani_hafs":"ٱللَّهَ","char_type_name":"word","page_number":523,"line_number":5,"text":"ﮅ","translation":{"text":"Allah","language_name":"english","language_id":38},"transliteration":{"text":"l-laha","language_name":"english","language_id":38}},{"id":53585,"position":3,"audio_url":"wbw/051_058_003.mp3","qpc_uthmani_hafs":"هُوَ","char_type_name":"word","page_number":523,"line_number":5,"text":"ﮆ","translation":{"text":"He","language_name":"english","language_id":38},"transliteration":{"text":"huwa","language_name":"english","language_id":38}},{"id":53586,"position":4,"audio_url":"wbw/051_058_004.mp3","qpc_uthmani_hafs":"ٱلرَّزَّاقُ","char_type_name":"word","page_number":523,"line_number":5,"text":"ﮇ","translation":{"text":"(is) the All-Provider","language_name":"english","language_id":38},"transliteration":{"text":"l-razāqu","language_name":"english","language_id":38}},{"id":53587,"position":5,"audio_url":"wbw/051_058_005.mp3","qpc_uthmani_hafs":"ذُو","char_type_name":"word","page_number":523,"line_number":5,"text":"ﮈ","translation":{"text":"Possessor","language_name":"english","language_id":38},"transliteration":{"text":"dhū","language_name":"english","language_id":38}},{"id":53588,"position":6,"audio_url":"wbw/051_058_006.mp3","qpc_uthmani_hafs":"ٱلۡقُوَّةِ","char_type_name":"word","page_number":523,"line_number":5,"text":"ﮉ","translation":{"text":"(of) Power","language_name":"english","language_id":38},"transliteration":{"text":"l-quwati","language_name":"english","language_id":38}},{"id":53589,"position":7,"audio_url":"wbw/051_058_007.mp3","qpc_uthmani_hafs":"ٱلۡمَتِينُ","char_type_name":"word","page_number":523,"line_number":5,"text":"ﮊ","translation":{"text":"the Strong","language_name":"english","language_id":38},"transliteration":{"text":"l-matīnu","language_name":"english","language_id":38}},{"id":53590,"position":8,"audio_url":null,"qpc_uthmani_hafs":"٥٨","char_type_name":"end","page_number":523,"line_number":6,"text":"ﮋ","translation":{"text":"(58)","language_name":"english","language_id":38},"transliteration":{"text":null,"language_name":"english","language_id":38}}],"translations":[{"id":921162,"resource_id":134,"text":"Sesungguhnya Allah Dia-lah Maha Pemberi rezeki Yang mempunyai Kekuatan lagi sangat kukuh."}]},{"id":4734,"verse_number":59,"verse_key":"51:59","juz_number":27,"hizb_number":53,"rub_el_hizb_number":209,"ruku_number":459,"manzil_number":7,"sajdah_number":null,"text_uthmani":"فَإِنَّ لِلَّذِينَ ظَلَمُوا۟ ذَنُوبًا مِّثْلَ ذَنُوبِ أَصْحَـٰبِهِمْ فَلَا يَسْتَعْجِلُونِ","page_number":523,"words":[{"id":54149,"position":1,"audio_url":"wbw/051_059_001.mp3","qpc_uthmani_hafs":"فَإِنَّ","char_type_name":"word","page_number":523,"line_number":6,"text":"ﮌ","translation":{"text":"So indeed","language_name":"english","language_id":38},"transliteration":{"text":"fa-inna","language_name":"english","language_id":38}},{"id":54150,"position":2,"audio_url":"wbw/051_059_002.mp3","qpc_uthmani_hafs":"لِلَّذِينَ","char_type_name":"word","page_number":523,"line_number":6,"text":"ﮍ","translation":{"text":"for those who","language_name":"english","language_id":38},"transliteration":{"text":"lilladhīna","language_name":"english","language_id":38}},{"id":54151,"position":3,"audio_url":"wbw/051_059_003.mp3","qpc_uthmani_hafs":"ظَلَمُواْ","char_type_name":"word","page_number":523,"line_number":6,"text":"ﮎ","translation":{"text":"do wrong","language_name":"english","language_id":38},"transliteration":{"text":"ẓalamū","language_name":"english","language_id":38}},{"id":54152,"position":4,"audio_url":"wbw/051_059_004.mp3","qpc_uthmani_hafs":"ذَنُوبٗا","char_type_name":"word","page_number":523,"line_number":6,"text":"ﮏ","translation":{"text":"(is) a portion","language_name":"english","language_id":38},"transliteration":{"text":"dhanūban","language_name":"english","language_id":38}},{"id":54153,"position":5,"audio_url":"wbw/051_059_005.mp3","qpc_uthmani_hafs":"مِّثۡلَ","char_type_name":"word","page_number":523,"line_number":6,"text":"ﮐ","translation":{"text":"like","language_name":"english","language_id":38},"transliteration":{"text":"mith'la","language_name":"english","language_id":38}},{"id":54154,"position":6,"audio_url":"wbw/051_059_006.mp3","qpc_uthmani_hafs":"ذَنُوبِ","char_type_name":"word","page_number":523,"line_number":6,"text":"ﮑ","translation":{"text":"(the) portion","language_name":"english","language_id":38},"transliteration":{"text":"dhanūbi","language_name":"english","language_id":38}},{"id":54155,"position":7,"audio_url":"wbw/051_059_007.mp3","qpc_uthmani_hafs":"أَصۡحَٰبِهِمۡ","char_type_name":"word","page_number":523,"line_number":6,"text":"ﮒ","translation":{"text":"(of) their companions","language_name":"english","language_id":38},"transliteration":{"text":"aṣḥābihim","language_name":"english","language_id":38}},{"id":54156,"position":8,"audio_url":"wbw/051_059_008.mp3","qpc_uthmani_hafs":"فَلَا","char_type_name":"word","page_number":523,"line_number":6,"text":"ﮓ","translation":{"text":"so let them not ask Me to hasten","language_name":"english","language_id":38},"transliteration":{"text":"falā","language_name":"english","language_id":38}},{"id":54157,"position":9,"audio_url":"wbw/051_059_009.mp3","qpc_uthmani_hafs":"يَسۡتَعۡجِلُونِ","char_type_name":"word","page_number":523,"line_number":6,"text":"ﮔ","translation":{"text":"so let them not ask Me to hasten","language_name":"english","language_id":38},"transliteration":{"text":"yastaʿjilūni","language_name":"english","language_id":38}},{"id":54158,"position":10,"audio_url":null,"qpc_uthmani_hafs":"٥٩","char_type_name":"end","page_number":523,"line_number":7,"text":"ﮕ","translation":{"text":"(59)","language_name":"english","language_id":38},"transliteration":{"text":null,"language_name":"english","language_id":38}}],"translations":[{"id":921163,"resource_id":134,"text":"Maka sesungguhnya untuk orang-orang zalim ada bagian (siksa) seperti bagian teman mereka (dahulu); maka janganlah mereka meminta kepada-Ku menyegerakannya."}]},{"id":4735,"verse_number":60,"verse_key":"51:60","juz_number":27,"hizb_number":53,"rub_el_hizb_number":209,"ruku_number":459,"manzil_number":7,"sajdah_number":null,"text_uthmani":"فَوَيْلٌ لِّلَّذِينَ كَفَرُوا۟ مِن يَوْمِهِمُ ٱلَّذِى يُوعَدُونَ","page_number":523,"words":[{"id":54318,"position":1,"audio_url":"wbw/051_060_001.mp3","qpc_uthmani_hafs":"فَوَيۡلٞ","char_type_name":"word","page_number":523,"line_number":7,"text":"ﮖ","translation":{"text":"Then woe","language_name":"english","language_id":38},"transliteration":{"text":"fawaylun","language_name":"english","language_id":38}},{"id":54319,"position":2,"audio_url":"wbw/051_060_002.mp3","qpc_uthmani_hafs":"لِّلَّذِينَ","char_type_name":"word","page_number":523,"line_number":7,"text":"ﮗ","translation":{"text":"to those who","language_name":"english","language_id":38},"transliteration":{"text":"lilladhīna","language_name":"english","language_id":38}},{"id":54320,"position":3,"audio_url":"wbw/051_060_003.mp3","qpc_uthmani_hafs":"كَفَرُواْ","char_type_name":"word","page_number":523,"line_number":7,"text":"ﮘ","translation":{"text":"disbelieve","language_name":"english","language_id":38},"transliteration":{"text":"kafarū","language_name":"english","language_id":38}},{"id":54321,"position":4,"audio_url":"wbw/051_060_004.mp3","qpc_uthmani_hafs":"مِن","char_type_name":"word","page_number":523,"line_number":7,"text":"ﮙ","translation":{"text":"from","language_name":"english","language_id":38},"transliteration":{"text":"min","language_name":"english","language_id":38}},{"id":54322,"position":5,"audio_url":"wbw/051_060_005.mp3","qpc_uthmani_hafs":"يَوۡمِهِمُ","char_type_name":"word","page_number":523,"line_number":7,"text":"ﮚ","translation":{"text":"their Day","language_name":"english","language_id":38},"transliteration":{"text":"yawmihimu","language_name":"english","language_id":38}},{"id":54323,"position":6,"audio_url":"wbw/051_060_006.mp3","qpc_uthmani_hafs":"ٱلَّذِي","char_type_name":"word","page_number":523,"line_number":7,"text":"ﮛ","translation":{"text":"which","language_name":"english","language_id":38},"transliteration":{"text":"alladhī","language_name":"english","language_id":38}},{"id":54324,"position":7,"audio_url":"wbw/051_060_007.mp3","qpc_uthmani_hafs":"يُوعَدُونَ","char_type_name":"word","page_number":523,"line_number":7,"text":"ﮜ","translation":{"text":"they are promised","language_name":"english","language_id":38},"transliteration":{"text":"yūʿadūna","language_name":"english","language_id":38}},{"id":54325,"position":8,"audio_url":null,"qpc_uthmani_hafs":"٦٠","char_type_name":"end","page_number":523,"line_number":7,"text":"ﮝ","translation":{"text":"(60)","language_name":"english","language_id":38},"transliteration":{"text":null,"language_name":"english","language_id":38}}],"translations":[{"id":921164,"resource_id":134,"text":"Maka kecelakaanlah bagi orang-orang yang kafir pada hari yang diancamkan kepada mereka<sup foot_note=211193>1</sup>."}]},{"id":4736,"verse_number":1,"verse_key":"52:1","juz_number":27,"hizb_number":53,"rub_el_hizb_number":209,"ruku_number":460,"manzil_number":7,"sajdah_number":null,"text_uthmani":" وَٱلطُّورِ","page_number":523,"words":[{"id":274,"position":1,"audio_url":"wbw/052_001_001.mp3","qpc_uthmani_hafs":"وَٱلطُّورِ","char_type_name":"word","page_number":523,"line_number":10,"text":"ﮞ","translation":{"text":"By the Mount","language_name":"english","language_id":38},"transliteration":{"text":"wal-ṭūri","language_name":"english","language_id":38}},{"id":275,"position":2,"audio_url":null,"qpc_uthmani_hafs":"١","char_type_name":"end","page_number":523,"line_number":10,"text":"ﮟ","translation":{"text":"(1)","language_name":"english","language_id":38},"transliteration":{"text":null,"language_name":"english","language_id":38}}],"translations":[{"id":921165,"resource_id":134,"text":"Demi bukit<sup foot_note=211194>1</sup>,"}]},{"id":4737,"verse_number":2,"verse_key":"52:2","juz_number":27,"hizb_number":53,"rub_el_hizb_number":209,"ruku_number":460,"manzil_number":7,"sajdah_number":null,"text_uthmani":"وَكِتَـٰبٍ مَّسْطُورٍ","page_number":523,"words":[{"id":1153,"position":1,"audio_url":"wbw/052_002_001.mp3","qpc_uthmani_hafs":"وَكِتَٰبٖ","char_type_name":"word","page_number":523,"line_number":10,"text":"ﮠ","translation":{"text":"And by (the) Book","language_name":"english","language_id":38},"transliteration":{"text":"wakitābin","language_name":"english","language_id":38}},{"id":1154,"position":2,"audio_url":"wbw/052_002_002.mp3","qpc_uthmani_hafs":"مَّسۡطُورٖ","char_type_name":"word","page_number":523,"line_number":10,"text":"ﮡ","translation":{"text":"written","language_name":"english","language_id":38},"transliteration":{"text":"masṭūrin","language_name":"english","language_id":38}},{"id":1155,"position":3,"audio_url":null,"qpc_uthmani_hafs":"٢","char_type_name":"end","page_number":523,"line_number":10,"text":"ﮢ","translation":{"text":"(2)","language_name":"english","language_id":38},"transliteration":{"text":null,"language_name":"english","language_id":38}}],"translations":[{"id":921166,"resource_id":134,"text":"dan kitab yang ditulis,"}]},{"id":4738,"verse_number":3,"verse_key":"52:3","juz_number":27,"hizb_number":53,"rub_el_hizb_number":209,"ruku_number":460,"manzil_number":7,"sajdah_number":null,"text_uthmani":"فِى رَقٍّ مَّنشُورٍ","page_number":523,"words":[{"id":2192,"position":1,"audio_url":"wbw/052_003_001.mp3","qpc_uthmani_hafs":"فِي","char_type_name":"word","page_number":523,"line_number":10,"text":"ﮣ","translation":{"text":"In","language_name":"english","language_id":38},"transliteration":{"text":"fī","language_name":"english","language_id":38}},{"id":2193,"position":2,"audio_url":"wbw/052_003_002.mp3","qpc_uthmani_hafs":"رَقّٖ","char_type_name":"word","page_number":523,"line_number":10,"text":"ﮤ","translation":{"text":"parchment","language_name":"english","language_id":38},"transliteration":{"text":"raqqin","language_name":"english","language_id":38}},{"id":2194,"position":3,"audio_url":"wbw/052_003_003.mp3","qpc_uthmani_hafs":"مَّنشُورٖ","char_type_name":"word","page_number":523,"line_number":10,"text":"ﮥ","translation":{"text":"unrolled","language_name":"english","language_id":38},"transliteration":{"text":"manshūrin","language_name":"english","language_id":38}},{"id":2195,"position":4,"audio_url":null,"qpc_uthmani_hafs":"٣","char_type_name":"end","page_number":523,"line_number":10,"text":"ﮦ","translation":{"text":"(3)","language_name":"english","language_id":38},"transliteration":{"text":null,"language_name":"english","language_id":38}}],"translations":[{"id":921167,"resource_id":134,"text":"pada lembaran yang terbuka,"}]},{"id":4739,"verse_number":4,"verse_key":"52:4","juz_number":27,"hizb_number":53,"rub_el_hizb_number":209,"ruku_number":460,"manzil_number":7,"sajdah_number":null,"text_uthmani":"وَٱلْبَيْتِ ٱلْمَعْمُورِ","page_number":523,"words":[{"id":3515,"position":1,"audio_url":"wbw/052_004_001.mp3","qpc_uthmani_hafs":"وَٱلۡبَيۡتِ","char_type_name":"word","page_number":523,"line_number":10,"text":"ﮧ","translation":{"text":"By the House","language_name":"english","language_id":38},"transliteration":{"text":"wal-bayti","language_name":"english","language_id":38}},{"id":3516,"position":2,"audio_url":"wbw/052_004_002.mp3","qpc_uthmani_hafs":"ٱلۡمَعۡمُورِ","char_type_name":"word","page_number":523,"line_number":11,"text":"ﮨ","translation":{"text":"frequented","language_name":"english","language_id":38},"transliteration":{"text":"l-maʿmūri","language_name":"english","language_id":38}},{"id":3517,"position":3,"audio_url":null,"qpc_uthmani_hafs":"٤","char_type_name":"end","page_number":523,"line_number":11,"text":"ﮩ","translation":{"text":"(4)","language_name":"english","language_id":38},"transliteration":{"text":null,"language_name":"english","language_id":38}}],"translations":[{"id":921168,"resource_id":134,"text":"dan demi Baitul Makmur<sup foot_note=211195>1</sup>,"}]},{"id":4740,"verse_number":5,"verse_key":"52:5","juz_number":27,"hizb_number":53,"rub_el_hizb_number":209,"ruku_number":460,"manzil_number":7,"sajdah_number":null,"text_uthmani":"وَٱلسَّقْفِ ٱلْمَرْفُوعِ","page_number":523,"words":[{"id":4868,"position":1,"audio_url":"wbw/052_005_001.mp3","qpc_uthmani_hafs":"وَٱلسَّقۡفِ","char_type_name":"word","page_number":523,"line_number":11,"text":"ﮪ","translation":{"text":"By the roof","language_name":"english","language_id":38},"transliteration":{"text":"wal-saqfi","language_name":"english","language_id":38}},{"id":4869,"position":2,"audio_url":"wbw/052_005_002.mp3","qpc_uthmani_hafs":"ٱلۡمَرۡفُوعِ","char_type_name":"word","page_number":523,"line_number":11,"text":"ﮫ","translation":{"text":"raised high","language_name":"english","language_id":38},"transliteration":{"text":"l-marfūʿi","language_name":"english","language_id":38}},{"id":4870,"position":3,"audio_url":null,"qpc_uthmani_hafs":"٥","char_type_name":"end","page_number":523,"line_number":11,"text":"ﮬ","translation":{"text":"(5)","language_name":"english","language_id":38},"transliteration":{"text":null,"language_name":"english","language_id":38}}],"translations":[{"id":921169,"resource_id":134,"text":"dan atap yang ditinggikan (langit),"}]},{"id":4741,"verse_number":6,"verse_key":"52:6","juz_number":27,"hizb_number":53,"rub_el_hizb_number":209,"ruku_number":460,"manzil_number":7,"sajdah_number":null,"text_uthmani":"وَٱلْبَحْرِ ٱلْمَسْجُورِ","page_number":523,"words":[{"id":6112,"position":1,"audio_url":"wbw/052_006_001.mp3","qpc_uthmani_hafs":"وَٱلۡبَحۡرِ","char_type_name":"word","page_number":523,"line_number":11,"text":"ﮭ","translation":{"text":"By the sea","language_name":"english","language_id":38},"transliteration":{"text":"wal-baḥri","language_name":"english","language_id":38}},{"id":6113,"position":2,"audio_url":"wbw/052_006_002.mp3","qpc_uthmani_hafs":"ٱلۡمَسۡجُورِ","char_type_name":"word","page_number":523,"line_number":11,"text":"ﮮ","translation":{"text":"filled","language_name":"english","language_id":38},"transliteration":{"text":"l-masjūri","language_name":"english","language_id":38}},{"id":6114,"position":3,"audio_url":null,"qpc_uthmani_hafs":"٦","char_type_name":"end","page_number":523,"line_number":11,"text":"ﮯ","translation":{"text":"(6)","language_name":"english","language_id":38},"transliteration":{"text":null,"language_name":"english","language_id":38}}],"translations":[{"id":921170,"resource_id":134,"text":"dan laut yang di dalam tanahnya ada api,"}]},{"id":4742,"verse_number":7,"verse_key":"52:7","juz_number":27,"hizb_number":53,"rub_el_hizb_number":209,"ruku_number":460,"manzil_number":7,"sajdah_number":null,"text_uthmani":"إِنَّ عَذَابَ رَبِّكَ لَوَٰقِعٌ","page_number":523,"words":[{"id":7445,"position":1,"audio_url":"wbw/052_007_001.mp3","qpc_uthmani_hafs":"إِنَّ","char_type_name":"word","page_number":523,"line_number":11,"text":"ﮰ","translation":{"text":"Indeed","language_name":"english","language_id":38},"transliteration":{"text":"inna","language_name":"english","language_id":38}},{"id":7446,"position":2,"audio_url":"wbw/052_007_002.mp3","qpc_uthmani_hafs":"عَذَابَ","char_type_name":"word","page_number":523,"line_number":12,"text":"ﮱ","translation":{"text":"(the) punishment","language_name":"english","language_id":38},"transliteration":{"text":"ʿadhāba","language_name":"english","language_id":38}},{"id":7447,"position":3,"audio_url":"wbw/052_007_003.mp3","qpc_uthmani_hafs":"رَبِّكَ","char_type_name":"word","page_number":523,"line_number":12,"text":"ﯓ","translation":{"text":"(of) your Lord","language_name":"english","language_id":38},"transliteration":{"text":"rabbika","language_name":"english","language_id":38}},{"id":7448,"position":4,"audio_url":"wbw/052_007_004.mp3","qpc_uthmani_hafs":"لَوَٰقِعٞ","char_type_name":"word","page_number":523,"line_number":12,"text":"ﯔ","translation":{"text":"(will) surely occur","language_name":"english","language_id":38},"transliteration":{"text":"lawāqiʿun","language_name":"english","language_id":38}},{"id":7449,"position":5,"audio_url":null,"qpc_uthmani_hafs":"٧","char_type_name":"end","page_number":523,"line_number":12,"text":"ﯕ","translation":{"text":"(7)","language_name":"english","language_id":38},"transliteration":{"text":null,"language_name":"english","language_id":38}}],"translations":[{"id":921171,"resource_id":134,"text":"sesungguhnya azab Tuhan-mu pasti terjadi,"}]},{"id":4743,"verse_number":8,"verse_key":"52:8","juz_number":27,"hizb_number":53,"rub_el_hizb_number":209,"ruku_number":460,"manzil_number":7,"sajdah_number":null,"text_uthmani":"مَّا لَهُۥ مِن دَافِعٍ","page_number":523,"words":[{"id":8704,"position":1,"audio_url":"wbw/052_008_001.mp3","qpc_uthmani_hafs":"مَّا","char_type_name":"word","page_number":523,"line_number":12,"text":"ﯖ","translation":{"text":"Not","language_name":"english","language_id":38},"transliteration":{"text":"mā","language_name":"english","language_id":38}},{"id":8705,"position":2,"audio_url":"wbw/052_008_002.mp3","qpc_uthmani_hafs":"لَهُۥ","char_type_name":"word","page_number":523,"line_number":12,"text":"ﯗ","translation":{"text":"for it","language_name":"english","language_id":38},"transliteration":{"text":"lahu","language_name":"english","language_id":38}},{"id":8706,"position":3,"audio_url":"wbw/052_008_003.mp3","qpc_uthmani_hafs":"مِن","char_type_name":"word","page_number":523,"line_number":12,"text":"ﯘ","translation":{"text":"any","language_name":"english","language_id":38},"transliteration":{"text":"min","language_name":"english","language_id":38}},{"id":8707,"position":4,"audio_url":"wbw/052_008_004.mp3","qpc_uthmani_hafs":"دَافِعٖ","char_type_name":"word","page_number":523,"line_number":12,"text":"ﯙ","translation":{"text":"preventer","language_name":"english","language_id":38},"transliteration":{"text":"dāfiʿin","language_name":"english","language_id":38}},{"id":8708,"position":5,"audio_url":null,"qpc_uthmani_hafs":"٨","char_type_name":"end","page_number":523,"line_number":12,"text":"ﯚ","translation":{"text":"(8)","language_name":"english","language_id":38},"transliteration":{"text":null,"language_name":"english","language_id":38}}],"translations":[{"id":921172,"resource_id":134,"text":"tidak seorang pun yang dapat menolaknya,"}]},{"id":4744,"verse_number":9,"verse_key":"52:9","juz_number":27,"hizb_number":53,"rub_el_hizb_number":209,"ruku_number":460,"manzil_number":7,"sajdah_number":null,"text_uthmani":"يَوْمَ تَمُورُ ٱلسَّمَآءُ مَوْرًا","page_number":523,"words":[{"id":9930,"position":1,"audio_url":"wbw/052_009_001.mp3","qpc_uthmani_hafs":"يَوۡمَ","char_type_name":"word","page_number":523,"line_number":12,"text":"ﯛ","translation":{"text":"(On the) Day","language_name":"english","language_id":38},"transliteration":{"text":"yawma","language_name":"english","language_id":38}},{"id":9931,"position":2,"audio_url":"wbw/052_009_002.mp3","qpc_uthmani_hafs":"تَمُورُ","char_type_name":"word","page_number":523,"line_number":12,"text":"ﯜ","translation":{"text":"will shake","language_name":"english","language_id":38},"transliteration":{"text":"tamūru","language_name":"english","language_id":38}},{"id":9932,"position":3,"audio_url":"wbw/052_009_003.mp3","qpc_uthmani_hafs":"ٱلسَّمَآءُ","char_type_name":"word","page_number":523,"line_number":12,"text":"ﯝ","translation":{"text":"the heaven","language_name":"english","language_id":38},"transliteration":{"text":"l-samāu","language_name":"english","language_id":38}},{"id":9933,"position":4,"audio_url":"wbw/052_009_004.mp3","qpc_uthmani_hafs":"مَوۡرٗا","char_type_name":"word","page_number":523,"line_number":13,"text":"ﯞ","translation":{"text":"(with violent) shake","language_name":"english","language_id":38},"transliteration":{"text":"mawran","language_name":"english","language_id":38}},{"id":9934,"position":5,"audio_url":null,"qpc_uthmani_hafs":"٩","char_type_name":"end","page_number":523,"line_number":13,"text":"ﯟ","translation":{"text":"(9)","language_name":"english","language_id":38},"transliteration":{"text":null,"language_name":"english","language_id":38}}],"translations":[{"id":921173,"resource_id":134,"text":"pada hari ketika langit benar-benar berguncang,"}]},{"id":4745,"verse_number":10,"verse_key":"52:10","juz_number":27,"hizb_number":53,"rub_el_hizb_number":209,"ruku_number":460,"manzil_number":7,"sajdah_number":null,"text_uthmani":"وَتَسِيرُ ٱلْجِبَالُ سَيْرًا","page_number":523,"words":[{"id":11059,"position":1,"audio_url":"wbw/052_010_001.mp3","qpc_uthmani_hafs":"وَتَسِيرُ","char_type_name":"word","page_number":523,"line_number":13,"text":"ﯠ","translation":{"text":"And will move away","language_name":"english","language_id":38},"transliteration":{"text":"watasīru","language_name":"english","language_id":38}},{"id":11060,"position":2,"audio_url":"wbw/052_010_002.mp3","qpc_uthmani_hafs":"ٱلۡجِبَالُ","char_type_name":"word","page_number":523,"line_number":13,"text":"ﯡ","translation":{"text":"the mountains","language_name":"english","language_id":38},"transliteration":{"text":"l-jibālu","language_name":"english","language_id":38}},{"id":11061,"position":3,"audio_url":"wbw/052_010_003.mp3","qpc_uthmani_hafs":"سَيۡرٗا","char_type_name":"word","page_number":523,"line_number":13,"text":"ﯢ","translation":{"text":"(with an awful) movement","language_name":"english","language_id":38},"transliteration":{"text":"sayran","language_name":"english","language_id":38}},{"id":11062,"position":4,"audio_url":null,"qpc_uthmani_hafs":"١٠","char_type_name":"end","page_number":523,"line_number":13,"text":"ﯣ","translation":{"text":"(10)","language_name":"english","language_id":38},"transliteration":{"text":null,"language_name":"english","language_id":38}}],"translations":[{"id":921174,"resource_id":134,"text":"dan gunung benar-benar berjalan."}]},{"id":4746,"verse_number":11,"verse_key":"52:11","juz_number":27,"hizb_number":53,"rub_el_hizb_number":209,"ruku_number":460,"manzil_number":7,"sajdah_number":null,"text_uthmani":"فَوَيْلٌ يَوْمَئِذٍ لِّلْمُكَذِّبِينَ","page_number":523,"words":[{"id":12255,"position":1,"audio_url":"wbw/052_011_001.mp3","qpc_uthmani_hafs":"فَوَيۡلٞ","char_type_name":"word","page_number":523,"line_number":13,"text":"ﯤ","translation":{"text":"Then woe","language_name":"english","language_id":38},"transliteration":{"text":"fawaylun","language_name":"english","language_id":38}},{"id":12256,"position":2,"audio_url":"wbw/052_011_002.mp3","qpc_uthmani_hafs":"يَوۡمَئِذٖ","char_type_name":"word","page_number":523,"line_number":13,"text":"ﯥ","translation":{"text":"that Day","language_name":"english","language_id":38},"transliteration":{"text":"yawma-idhin","language_name":"english","language_id":38}},{"id":12257,"position":3,"audio_url":"wbw/052_011_003.mp3","qpc_uthmani_hafs":"لِّلۡمُكَذِّبِينَ","char_type_name":"word","page_number":523,"line_number":13,"text":"ﯦ","translation":{"text":"to the deniers","language_name":"english","language_id":38},"transliteration":{"text":"lil'mukadhibīna","language_name":"english","language_id":38}},{"id":12258,"position":4,"audio_url":null,"qpc_uthmani_hafs":"١١","char_type_name":"end","page_number":523,"line_number":14,"text":"ﯧ","translation":{"text":"(11)","language_name":"english","language_id":38},"transliteration":{"text":null,"language_name":"english","language_id":38}}],"translations":[{"id":921175,"resource_id":134,"text":"Maka kecelakaan yang besarlah di hari itu bagi orang-orang yang mendustakan,"}]},{"id":4747,"verse_number":12,"verse_key":"52:12","juz_number":27,"hizb_number":53,"rub_el_hizb_number":209,"ruku_number":460,"manzil_number":7,"sajdah_number":null,"text_uthmani":"ٱلَّذِينَ هُمْ فِى خَوْضٍ يَلْعَبُونَ","page_number":523,"words":[{"id":13630,"position":1,"audio_url":"wbw/052_012_001.mp3","qpc_uthmani_hafs":"ٱلَّذِينَ","char_type_name":"word","page_number":523,"line_number":14,"text":"ﯨ","translation":{"text":"Who","language_name":"english","language_id":38},"transliteration":{"text":"alladhīna","language_name":"english","language_id":38}},{"id":13631,"position":2,"audio_url":"wbw/052_012_002.mp3","qpc_uthmani_hafs":"هُمۡ","char_type_name":"word","page_number":523,"line_number":14,"text":"ﯩ","translation":{"text":"[they]","language_name":"english","language_id":38},"transliteration":{"text":"hum","language_name":"english","language_id":38}},{"id":13632,"position":3,"audio_url":"wbw/052_012_003.mp3","qpc_uthmani_hafs":"فِي","char_type_name":"word","page_number":523,"line_number":14,"text":"ﯪ","translation":{"text":"in","language_name":"english","language_id":38},"transliteration":{"text":"fī","language_name":"english","language_id":38}},{"id":13633,"position":4,"audio_url":"wbw/052_012_004.mp3","qpc_uthmani_hafs":"خَوۡضٖ","char_type_name":"word","page_number":523,"line_number":14,"text":"ﯫ","translation":{"text":"(vain) discourse","language_name":"english","language_id":38},"transliteration":{"text":"khawḍin","language_name":"english","language_id":38}},{"id":13634,"position":5,"audio_url":"wbw/052_012_005.mp3","qpc_uthmani_hafs":"يَلۡعَبُونَ","char_type_name":"word","page_number":523,"line_number":14,"text":"ﯬ","translation":{"text":"are playing","language_name":"english","language_id":38},"transliteration":{"text":"yalʿabūna","language_name":"english","language_id":38}},{"id":13635,"position":6,"audio_url":null,"qpc_uthmani_hafs":"١٢","char_type_name":"end","page_number":523,"line_number":14,"text":"ﯭ","translation":{"text":"(12)","language_name":"english","language_id":38},"transliteration":{"text":null,"language_name":"english","language_id":38}}],"translations":[{"id":921176,"resource_id":134,"text":"(yaitu) orang-orang yang bermain-main dalam kebatilan,"}]},{"id":4748,"verse_number":13,"verse_key":"52:13","juz_number":27,"hizb_number":53,"rub_el_hizb_number":209,"ruku_number":460,"manzil_number":7,"sajdah_number":null,"text_uthmani":"يَوْمَ يُدَعُّونَ إِلَىٰ نَارِ جَهَنَّمَ دَعًّا","page_number":523,"words":[{"id":14918,"position":1,"audio_url":"wbw/052_013_001.mp3","qpc_uthmani_hafs":"يَوۡمَ","char_type_name":"word","page_number":523,"line_number":14,"text":"ﯮ","translation":{"text":"(The) Day","language_name":"english","language_id":38},"transliteration":{"text":"yawma","language_name":"english","language_id":38}},{"id":14919,"position":2,"audio_url":"wbw/052_013_002.mp3","qpc_uthmani_hafs":"يُدَعُّونَ","char_type_name":"word","page_number":523,"line_number":14,"text":"ﯯ","translation":{"text":"they will be thrust","language_name":"english","language_id":38},"transliteration":{"text":"yudaʿʿūna","language_name":"english","language_id":38}},{"id":14920,"position":3,"audio_url":"wbw/052_013_003.mp3","qpc_uthmani_hafs":"إِلَىٰ","char_type_name":"word","page_number":523,"line_number":14,"text":"ﯰ","translation":{"text":"(in)to","language_name":"english","language_id":38},"transliteration":{"text":"ilā","language_name":"english","language_id":38}},{"id":14921,"position":4,"audio_url":"wbw/052_013_004.mp3","qpc_uthmani_hafs":"نَارِ","char_type_name":"word","page_number":523,"line_number":14,"text":"ﯱ","translation":{"text":"(the) Fire","language_name":"english","language_id":38},"transliteration":{"text":"nāri","language_name":"english","language_id":38}},{"id":14922,"position":5,"audio_url":"wbw/052_013_005.mp3","qpc_uthmani_hafs":"جَهَنَّمَ","char_type_name":"word","page_number":523,"line_number":15,"text":"ﯲ","translation":{"text":"(of) Hell","language_name":"english","language_id":38},"transliteration":{"text":"jahannama","language_name":"english","language_id":38}},{"id":14923,"position":6,"audio_url":"wbw/052_013_006.mp3","qpc_uthmani_hafs":"دَعًّا","char_type_name":"word","page_number":523,"line_number":15,"text":"ﯳ","translation":{"text":"(with) a thrust","language_name":"english","language_id":38},"transliteration":{"text":"daʿʿan","language_name":"english","language_id":38}},{"id":14924,"position":7,"audio_url":null,"qpc_uthmani_hafs":"١٣","char_type_name":"end","page_number":523,"line_number":15,"text":"ﯴ","translation":{"text":"(13)","language_name":"english","language_id":38},"transliteration":{"text":null,"language_name":"english","language_id":38}}],"translations":[{"id":921177,"resource_id":134,"text":"pada hari mereka didorong ke neraka Jahanam dengan sekuat-kuatnya."}]},{"id":4749,"verse_number":14,"verse_key":"52:14","juz_number":27,"hizb_number":53,"rub_el_hizb_number":209,"ruku_number":460,"manzil_number":7,"sajdah_number":null,"text_uthmani":"هَـٰذِهِ ٱلنَّارُ ٱلَّتِى كُنتُم بِهَا تُكَذِّبُونَ","page_number":523,"words":[{"id":15997,"position":1,"audio_url":"wbw/052_014_001.mp3","qpc_uthmani_hafs":"هَٰذِهِ","char_type_name":"word","page_number":523,"line_number":15,"text":"ﯵ","translation":{"text":"This","language_name":"english","language_id":38},"transliteration":{"text":"hādhihi","language_name":"english","language_id":38}},{"id":15998,"position":2,"audio_url":"wbw/052_014_002.mp3","qpc_uthmani_hafs":"ٱلنَّارُ","char_type_name":"word","page_number":523,"line_number":15,"text":"ﯶ","translation":{"text":"(is) the Fire","language_name":"english","language_id":38},"transliteration":{"text":"l-nāru","language_name":"english","language_id":38}},{"id":15999,"position":3,"audio_url":"wbw/052_014_003.mp3","qpc_uthmani_hafs":"ٱلَّتِي","char_type_name":"word","page_number":523,"line_number":15,"text":"ﯷ","translation":{"text":"which","language_name":"english","language_id":38},"transliteration":{"text":"allatī","language_name":"english","language_id":38}},{"id":16000,"position":4,"audio_url":"wbw/052_014_004.mp3","qpc_uthmani_hafs":"كُنتُم","char_type_name":"word","page_number":523,"line_number":15,"text":"ﯸ","translation":{"text":"you used to","language_name":"english","language_id":38},"transliteration":{"text":"kuntum","language_name":"english","language_id":38}},{"id":16001,"position":5,"audio_url":"wbw/052_014_005.mp3","qpc_uthmani_hafs":"بِهَا","char_type_name":"word","page_number":523,"line_number":15,"text":"ﯹ","translation":{"text":"[of it]","language_name":"english","language_id":38},"transliteration":{"text":"bihā","language_name":"english","language_id":38}},{"id":16002,"position":6,"audio_url":"wbw/052_014_006.mp3","qpc_uthmani_hafs":"تُكَذِّبُونَ","char_type_name":"word","page_number":523,"line_number":15,"text":"ﯺ","translation":{"text":"deny","language_name":"english","language_id":38},"transliteration":{"text":"tukadhibūna","language_name":"english","language_id":38}},{"id":16003,"position":7,"audio_url":null,"qpc_uthmani_hafs":"١٤","char_type_name":"end","page_number":523,"line_number":15,"text":"ﯻ","translation":{"text":"(14)","language_name":"english","language_id":38},"transliteration":{"text":null,"language_name":"english","language_id":38}}],"translations":[{"id":921178,"resource_id":134,"text":"(Dikatakan kepada mereka), \"Inilah neraka yang dahulu kamu selalu mendustakannya\"."}]}],"pagination":{"per_page":50,"current_page":1,"next_page":null,"total_pages":1,"total_records":23}}