{"verses":[{"id":316,"verse_number":23,"verse_key":"3:23","juz_number":3,"hizb_number":6,"rub_el_hizb_number":21,"ruku_number":44,"manzil_number":1,"sajdah_number":null,"text_uthmani":"أَلَمْ تَرَ إِلَى ٱلَّذِينَ أُوتُوا۟ نَصِيبًا مِّنَ ٱلْكِتَـٰبِ يُدْعَوْنَ إِلَىٰ كِتَـٰبِ ٱللَّهِ لِيَحْكُمَ بَيْنَهُمْ ثُمَّ يَتَوَلَّىٰ فَرِيقٌ مِّنْهُمْ وَهُم مُّعْرِضُونَ","page_number":53,"words":[{"id":25921,"position":1,"audio_url":"wbw/003_023_001.mp3","qpc_uthmani_hafs":"أَلَمۡ","char_type_name":"word","page_number":53,"line_number":1,"text":"ﭑ","translation":{"text":"Have not","language_name":"english","language_id":38},"transliteration":{"text":"alam","language_name":"english","language_id":38}},{"id":25922,"position":2,"audio_url":"wbw/003_023_002.mp3","qpc_uthmani_hafs":"تَرَ","char_type_name":"word","page_number":53,"line_number":1,"text":"ﭒ","translation":{"text":"you seen","language_name":"english","language_id":38},"transliteration":{"text":"tara","language_name":"english","language_id":38}},{"id":25923,"position":3,"audio_url":"wbw/003_023_003.mp3","qpc_uthmani_hafs":"إِلَى","char_type_name":"word","page_number":53,"line_number":1,"text":"ﭓ","translation":{"text":"[to]","language_name":"english","language_id":38},"transliteration":{"text":"ilā","language_name":"english","language_id":38}},{"id":25924,"position":4,"audio_url":"wbw/003_023_004.mp3","qpc_uthmani_hafs":"ٱلَّذِينَ","char_type_name":"word","page_number":53,"line_number":1,"text":"ﭔ","translation":{"text":"those who","language_name":"english","language_id":38},"transliteration":{"text":"alladhīna","language_name":"english","language_id":38}},{"id":25925,"position":5,"audio_url":"wbw/003_023_005.mp3","qpc_uthmani_hafs":"أُوتُواْ","char_type_name":"word","page_number":53,"line_number":1,"text":"ﭕ","translation":{"text":"were given","language_name":"english","language_id":38},"transliteration":{"text":"ūtū","language_name":"english","language_id":38}},{"id":25926,"position":6,"audio_url":"wbw/003_023_006.mp3","qpc_uthmani_hafs":"نَصِيبٗا","char_type_name":"word","page_number":53,"line_number":1,"text":"ﭖ","translation":{"text":"a portion","language_name":"english","language_id":38},"transliteration":{"text":"naṣīban","language_name":"english","language_id":38}},{"id":25927,"position":7,"audio_url":"wbw/003_023_007.mp3","qpc_uthmani_hafs":"مِّنَ","char_type_name":"word","page_number":53,"line_number":1,"text":"ﭗ","translation":{"text":"of","language_name":"english","language_id":38},"transliteration":{"text":"mina","language_name":"english","language_id":38}},{"id":25928,"position":8,"audio_url":"wbw/003_023_008.mp3","qpc_uthmani_hafs":"ٱلۡكِتَٰبِ","char_type_name":"word","page_number":53,"line_number":1,"text":"ﭘ","translation":{"text":"the Scripture","language_name":"english","language_id":38},"transliteration":{"text":"l-kitābi","language_name":"english","language_id":38}},{"id":25929,"position":9,"audio_url":"wbw/003_023_009.mp3","qpc_uthmani_hafs":"يُدۡعَوۡنَ","char_type_name":"word","page_number":53,"line_number":1,"text":"ﭙ","translation":{"text":"They are invited","language_name":"english","language_id":38},"transliteration":{"text":"yud'ʿawna","language_name":"english","language_id":38}},{"id":25930,"position":10,"audio_url":"wbw/003_023_010.mp3","qpc_uthmani_hafs":"إِلَىٰ","char_type_name":"word","page_number":53,"line_number":1,"text":"ﭚ","translation":{"text":"to","language_name":"english","language_id":38},"transliteration":{"text":"ilā","language_name":"english","language_id":38}},{"id":25931,"position":11,"audio_url":"wbw/003_023_011.mp3","qpc_uthmani_hafs":"كِتَٰبِ","char_type_name":"word","page_number":53,"line_number":1,"text":"ﭛ","translation":{"text":"(the) Book","language_name":"english","language_id":38},"transliteration":{"text":"kitābi","language_name":"english","language_id":38}},{"id":25932,"position":12,"audio_url":"wbw/003_023_012.mp3","qpc_uthmani_hafs":"ٱللَّهِ","char_type_name":"word","page_number":53,"line_number":2,"text":"ﭜ","translation":{"text":"(of) Allah","language_name":"english","language_id":38},"transliteration":{"text":"l-lahi","language_name":"english","language_id":38}},{"id":25933,"position":13,"audio_url":"wbw/003_023_013.mp3","qpc_uthmani_hafs":"لِيَحۡكُمَ","char_type_name":"word","page_number":53,"line_number":2,"text":"ﭝ","translation":{"text":"that (it should) arbitrate","language_name":"english","language_id":38},"transliteration":{"text":"liyaḥkuma","language_name":"english","language_id":38}},{"id":25934,"position":14,"audio_url":"wbw/003_023_014.mp3","qpc_uthmani_hafs":"بَيۡنَهُمۡ","char_type_name":"word","page_number":53,"line_number":2,"text":"ﭞ","translation":{"text":"between them","language_name":"english","language_id":38},"transliteration":{"text":"baynahum","language_name":"english","language_id":38}},{"id":25935,"position":15,"audio_url":"wbw/003_023_015.mp3","qpc_uthmani_hafs":"ثُمَّ","char_type_name":"word","page_number":53,"line_number":2,"text":"ﭟ","translation":{"text":"then","language_name":"english","language_id":38},"transliteration":{"text":"thumma","language_name":"english","language_id":38}},{"id":25936,"position":16,"audio_url":"wbw/003_023_016.mp3","qpc_uthmani_hafs":"يَتَوَلَّىٰ","char_type_name":"word","page_number":53,"line_number":2,"text":"ﭠ","translation":{"text":"turns away","language_name":"english","language_id":38},"transliteration":{"text":"yatawallā","language_name":"english","language_id":38}},{"id":25937,"position":17,"audio_url":"wbw/003_023_017.mp3","qpc_uthmani_hafs":"فَرِيقٞ","char_type_name":"word","page_number":53,"line_number":2,"text":"ﭡ","translation":{"text":"a party","language_name":"english","language_id":38},"transliteration":{"text":"farīqun","language_name":"english","language_id":38}},{"id":25938,"position":18,"audio_url":"wbw/003_023_018.mp3","qpc_uthmani_hafs":"مِّنۡهُمۡ","char_type_name":"word","page_number":53,"line_number":2,"text":"ﭢ","translation":{"text":"of them","language_name":"english","language_id":38},"transliteration":{"text":"min'hum","language_name":"english","language_id":38}},{"id":25939,"position":19,"audio_url":"wbw/003_023_019.mp3","qpc_uthmani_hafs":"وَهُم","char_type_name":"word","page_number":53,"line_number":2,"text":"ﭣ","translation":{"text":"and they (are)","language_name":"english","language_id":38},"transliteration":{"text":"wahum","language_name":"english","language_id":38}},{"id":25940,"position":20,"audio_url":"wbw/003_023_020.mp3","qpc_uthmani_hafs":"مُّعۡرِضُونَ","char_type_name":"word","page_number":53,"line_number":2,"text":"ﭤ","translation":{"text":"those who are averse","language_name":"english","language_id":38},"transliteration":{"text":"muʿ'riḍūna","language_name":"english","language_id":38}},{"id":25941,"position":21,"audio_url":null,"qpc_uthmani_hafs":"٢٣","char_type_name":"end","page_number":53,"line_number":2,"text":"ﭥ","translation":{"text":"(23)","language_name":"english","language_id":38},"transliteration":{"text":null,"language_name":"english","language_id":38}}],"translations":[{"id":916745,"resource_id":134,"text":"Tidakkah kamu memperhatikan orang-orang yang telah diberi bagian, yaitu Alkitab (Taurat), mereka diseru kepada kitab Allah supaya kitab itu menetapkan hukum diantara mereka; kemudian sebagian dari mereka berpaling, dan mereka selalu membelakangi (kebenaran)."}]},{"id":317,"verse_number":24,"verse_key":"3:24","juz_number":3,"hizb_number":6,"rub_el_hizb_number":21,"ruku_number":44,"manzil_number":1,"sajdah_number":null,"text_uthmani":"ذَٰلِكَ بِأَنَّهُمْ قَالُوا۟ لَن تَمَسَّنَا ٱلنَّارُ إِلَّآ أَيَّامًا مَّعْدُودَٰتٍ ۖ وَغَرَّهُمْ فِى دِينِهِم مَّا كَانُوا۟ يَفْتَرُونَ","page_number":53,"words":[{"id":27002,"position":1,"audio_url":"wbw/003_024_001.mp3","qpc_uthmani_hafs":"ذَٰلِكَ","char_type_name":"word","page_number":53,"line_number":3,"text":"ﭦ","translation":{"text":"That","language_name":"english","language_id":38},"transliteration":{"text":"dhālika","language_name":"english","language_id":38}},{"id":27003,"position":2,"audio_url":"wbw/003_024_002.mp3","qpc_uthmani_hafs":"بِأَنَّهُمۡ","char_type_name":"word","page_number":53,"line_number":3,"text":"ﭧ","translation":{"text":"(is) because they","language_name":"english","language_id":38},"transliteration":{"text":"bi-annahum","language_name":"english","language_id":38}},{"id":27004,"position":3,"audio_url":"wbw/003_024_003.mp3","qpc_uthmani_hafs":"قَالُواْ","char_type_name":"word","page_number":53,"line_number":3,"text":"ﭨ","translation":{"text":"say","language_name":"english","language_id":38},"transliteration":{"text":"qālū","language_name":"english","language_id":38}},{"id":27005,"position":4,"audio_url":"wbw/003_024_004.mp3","qpc_uthmani_hafs":"لَن","char_type_name":"word","page_number":53,"line_number":3,"text":"ﭩ","translation":{"text":"Never","language_name":"english","language_id":38},"transliteration":{"text":"lan","language_name":"english","language_id":38}},{"id":27006,"position":5,"audio_url":"wbw/003_024_005.mp3","qpc_uthmani_hafs":"تَمَسَّنَا","char_type_name":"word","page_number":53,"line_number":3,"text":"ﭪ","translation":{"text":"will touch us","language_name":"english","language_id":38},"transliteration":{"text":"tamassanā","language_name":"english","language_id":38}},{"id":27007,"position":6,"audio_url":"wbw/003_024_006.mp3","qpc_uthmani_hafs":"ٱلنَّارُ","char_type_name":"word","page_number":53,"line_number":3,"text":"ﭫ","translation":{"text":"the Fire","language_name":"english","language_id":38},"transliteration":{"text":"l-nāru","language_name":"english","language_id":38}},{"id":27008,"position":7,"audio_url":"wbw/003_024_007.mp3","qpc_uthmani_hafs":"إِلَّآ","char_type_name":"word","page_number":53,"line_number":3,"text":"ﭬ","translation":{"text":"except","language_name":"english","language_id":38},"transliteration":{"text":"illā","language_name":"english","language_id":38}},{"id":27009,"position":8,"audio_url":"wbw/003_024_008.mp3","qpc_uthmani_hafs":"أَيَّامٗا","char_type_name":"word","page_number":53,"line_number":3,"text":"ﭭ","translation":{"text":"(for) days","language_name":"english","language_id":38},"transliteration":{"text":"ayyāman","language_name":"english","language_id":38}},{"id":27010,"position":9,"audio_url":"wbw/003_024_009.mp3","qpc_uthmani_hafs":"مَّعۡدُودَٰتٖۖ","char_type_name":"word","page_number":53,"line_number":3,"text":"ﭮﭯ","translation":{"text":"numbered","language_name":"english","language_id":38},"transliteration":{"text":"maʿdūdātin","language_name":"english","language_id":38}},{"id":27012,"position":10,"audio_url":"wbw/003_024_011.mp3","qpc_uthmani_hafs":"وَغَرَّهُمۡ","char_type_name":"word","page_number":53,"line_number":3,"text":"ﭰ","translation":{"text":"And deceived them","language_name":"english","language_id":38},"transliteration":{"text":"wagharrahum","language_name":"english","language_id":38}},{"id":27013,"position":11,"audio_url":"wbw/003_024_012.mp3","qpc_uthmani_hafs":"فِي","char_type_name":"word","page_number":53,"line_number":4,"text":"ﭱ","translation":{"text":"in","language_name":"english","language_id":38},"transliteration":{"text":"fī","language_name":"english","language_id":38}},{"id":27014,"position":12,"audio_url":"wbw/003_024_013.mp3","qpc_uthmani_hafs":"دِينِهِم","char_type_name":"word","page_number":53,"line_number":4,"text":"ﭲ","translation":{"text":"their religion","language_name":"english","language_id":38},"transliteration":{"text":"dīnihim","language_name":"english","language_id":38}},{"id":27015,"position":13,"audio_url":"wbw/003_024_014.mp3","qpc_uthmani_hafs":"مَّا","char_type_name":"word","page_number":53,"line_number":4,"text":"ﭳ","translation":{"text":"what","language_name":"english","language_id":38},"transliteration":{"text":"mā","language_name":"english","language_id":38}},{"id":27016,"position":14,"audio_url":"wbw/003_024_015.mp3","qpc_uthmani_hafs":"كَانُواْ","char_type_name":"word","page_number":53,"line_number":4,"text":"ﭴ","translation":{"text":"they were","language_name":"english","language_id":38},"transliteration":{"text":"kānū","language_name":"english","language_id":38}},{"id":27017,"position":15,"audio_url":"wbw/003_024_016.mp3","qpc_uthmani_hafs":"يَفۡتَرُونَ","char_type_name":"word","page_number":53,"line_number":4,"text":"ﭵ","translation":{"text":"inventing","language_name":"english","language_id":38},"transliteration":{"text":"yaftarūna","language_name":"english","language_id":38}},{"id":27018,"position":16,"audio_url":null,"qpc_uthmani_hafs":"٢٤","char_type_name":"end","page_number":53,"line_number":4,"text":"ﭶ","translation":{"text":"(24)","language_name":"english","language_id":38},"transliteration":{"text":null,"language_name":"english","language_id":38}}],"translations":[{"id":916746,"resource_id":134,"text":"Hal itu adalah karena mereka mengaku, \"Kami tidak akan disentuh oleh api neraka kecuali beberapa hari yang dapat dihitung\".  Mereka diperdayakan dalam agama mereka oleh apa yang selalu mereka ada-adakan."}]},{"id":318,"verse_number":25,"verse_key":"3:25","juz_number":3,"hizb_number":6,"rub_el_hizb_number":21,"ruku_number":44,"manzil_number":1,"sajdah_number":null,"text_uthmani":"فَكَيْفَ إِذَا جَمَعْنَـٰهُمْ لِيَوْمٍ لَّا رَيْبَ فِيهِ وَوُفِّيَتْ كُلُّ نَفْسٍ مَّا كَسَبَتْ وَهُمْ لَا يُظْلَمُونَ","page_number":53,"words":[{"id":27989,"position":1,"audio_url":"wbw/003_025_001.mp3","qpc_uthmani_hafs":"فَكَيۡفَ","char_type_name":"word","page_number":53,"line_number":4,"text":"ﭷ","translation":{"text":"Then how (will it be)","language_name":"english","language_id":38},"transliteration":{"text":"fakayfa","language_name":"english","language_id":38}},{"id":27990,"position":2,"audio_url":"wbw/003_025_002.mp3","qpc_uthmani_hafs":"إِذَا","char_type_name":"word","page_number":53,"line_number":4,"text":"ﭸ","translation":{"text":"when","language_name":"english","language_id":38},"transliteration":{"text":"idhā","language_name":"english","language_id":38}},{"id":27991,"position":3,"audio_url":"wbw/003_025_003.mp3","qpc_uthmani_hafs":"جَمَعۡنَٰهُمۡ","char_type_name":"word","page_number":53,"line_number":4,"text":"ﭹ","translation":{"text":"We will gather them","language_name":"english","language_id":38},"transliteration":{"text":"jamaʿnāhum","language_name":"english","language_id":38}},{"id":27992,"position":4,"audio_url":"wbw/003_025_004.mp3","qpc_uthmani_hafs":"لِيَوۡمٖ","char_type_name":"word","page_number":53,"line_number":5,"text":"ﭺ","translation":{"text":"on a Day ","language_name":"english","language_id":38},"transliteration":{"text":"liyawmin","language_name":"english","language_id":38}},{"id":27993,"position":5,"audio_url":"wbw/003_025_005.mp3","qpc_uthmani_hafs":"لَّا","char_type_name":"word","page_number":53,"line_number":5,"text":"ﭻ","translation":{"text":"no","language_name":"english","language_id":38},"transliteration":{"text":"lā","language_name":"english","language_id":38}},{"id":27994,"position":6,"audio_url":"wbw/003_025_006.mp3","qpc_uthmani_hafs":"رَيۡبَ","char_type_name":"word","page_number":53,"line_number":5,"text":"ﭼ","translation":{"text":"doubt","language_name":"english","language_id":38},"transliteration":{"text":"rayba","language_name":"english","language_id":38}},{"id":27995,"position":7,"audio_url":"wbw/003_025_007.mp3","qpc_uthmani_hafs":"فِيهِ","char_type_name":"word","page_number":53,"line_number":5,"text":"ﭽ","translation":{"text":"in it","language_name":"english","language_id":38},"transliteration":{"text":"fīhi","language_name":"english","language_id":38}},{"id":27996,"position":8,"audio_url":"wbw/003_025_008.mp3","qpc_uthmani_hafs":"وَوُفِّيَتۡ","char_type_name":"word","page_number":53,"line_number":5,"text":"ﭾ","translation":{"text":"And will be paid in full","language_name":"english","language_id":38},"transliteration":{"text":"wawuffiyat","language_name":"english","language_id":38}},{"id":27997,"position":9,"audio_url":"wbw/003_025_009.mp3","qpc_uthmani_hafs":"كُلُّ","char_type_name":"word","page_number":53,"line_number":5,"text":"ﭿ","translation":{"text":"every","language_name":"english","language_id":38},"transliteration":{"text":"kullu","language_name":"english","language_id":38}},{"id":27998,"position":10,"audio_url":"wbw/003_025_010.mp3","qpc_uthmani_hafs":"نَفۡسٖ","char_type_name":"word","page_number":53,"line_number":5,"text":"ﮀ","translation":{"text":"soul","language_name":"english","language_id":38},"transliteration":{"text":"nafsin","language_name":"english","language_id":38}},{"id":27999,"position":11,"audio_url":"wbw/003_025_011.mp3","qpc_uthmani_hafs":"مَّا","char_type_name":"word","page_number":53,"line_number":5,"text":"ﮁ","translation":{"text":"what","language_name":"english","language_id":38},"transliteration":{"text":"mā","language_name":"english","language_id":38}},{"id":28000,"position":12,"audio_url":"wbw/003_025_012.mp3","qpc_uthmani_hafs":"كَسَبَتۡ","char_type_name":"word","page_number":53,"line_number":5,"text":"ﮂ","translation":{"text":"it earned","language_name":"english","language_id":38},"transliteration":{"text":"kasabat","language_name":"english","language_id":38}},{"id":28001,"position":13,"audio_url":"wbw/003_025_013.mp3","qpc_uthmani_hafs":"وَهُمۡ","char_type_name":"word","page_number":53,"line_number":5,"text":"ﮃ","translation":{"text":"and they","language_name":"english","language_id":38},"transliteration":{"text":"wahum","language_name":"english","language_id":38}},{"id":28002,"position":14,"audio_url":"wbw/003_025_014.mp3","qpc_uthmani_hafs":"لَا","char_type_name":"word","page_number":53,"line_number":6,"text":"ﮄ","translation":{"text":"(will) not","language_name":"english","language_id":38},"transliteration":{"text":"lā","language_name":"english","language_id":38}},{"id":28003,"position":15,"audio_url":"wbw/003_025_015.mp3","qpc_uthmani_hafs":"يُظۡلَمُونَ","char_type_name":"word","page_number":53,"line_number":6,"text":"ﮅ","translation":{"text":"be wronged","language_name":"english","language_id":38},"transliteration":{"text":"yuẓ'lamūna","language_name":"english","language_id":38}},{"id":28004,"position":16,"audio_url":null,"qpc_uthmani_hafs":"٢٥","char_type_name":"end","page_number":53,"line_number":6,"text":"ﮆ","translation":{"text":"(25)","language_name":"english","language_id":38},"transliteration":{"text":null,"language_name":"english","language_id":38}}],"translations":[{"id":916747,"resource_id":134,"text":"Bagaimanakah nanti apabila mereka Kami kumpulkan di hari (kiamat) yang tidak ada keraguan tentang adanya.  Dan disempurnakan kepada tiap-tiap diri balasan apa yang diusahakannya sedang mereka tidak dianiaya (dirugikan)."}]},{"id":319,"verse_number":26,"verse_key":"3:26","juz_number":3,"hizb_number":6,"rub_el_hizb_number":21,"ruku_number":44,"manzil_number":1,"sajdah_number":null,"text_uthmani":"قُلِ ٱللَّهُمَّ مَـٰلِكَ ٱلْمُلْكِ تُؤْتِى ٱلْمُلْكَ مَن تَشَآءُ وَتَنزِعُ ٱلْمُلْكَ مِمَّن تَشَآءُ وَتُعِزُّ مَن تَشَآءُ وَتُذِلُّ مَن تَشَآءُ ۖ بِيَدِكَ ٱلْخَيْرُ ۖ إِنَّكَ عَلَىٰ كُلِّ شَىْءٍ قَدِيرٌ","page_number":53,"words":[{"id":28942,"position":1,"audio_url":"wbw/003_026_001.mp3","qpc_uthmani_hafs":"قُلِ","char_type_name":"word","page_number":53,"line_number":6,"text":"ﮇ","translation":{"text":"Say","language_name":"english","language_id":38},"transliteration":{"text":"quli","language_name":"english","language_id":38}},{"id":28943,"position":2,"audio_url":"wbw/003_026_002.mp3","qpc_uthmani_hafs":"ٱللَّهُمَّ","char_type_name":"word","page_number":53,"line_number":6,"text":"ﮈ","translation":{"text":"O Allah","language_name":"english","language_id":38},"transliteration":{"text":"l-lahuma","language_name":"english","language_id":38}},{"id":28944,"position":3,"audio_url":"wbw/003_026_003.mp3","qpc_uthmani_hafs":"مَٰلِكَ","char_type_name":"word","page_number":53,"line_number":6,"text":"ﮉ","translation":{"text":"Owner","language_name":"english","language_id":38},"transliteration":{"text":"mālika","language_name":"english","language_id":38}},{"id":28945,"position":4,"audio_url":"wbw/003_026_004.mp3","qpc_uthmani_hafs":"ٱلۡمُلۡكِ","char_type_name":"word","page_number":53,"line_number":6,"text":"ﮊ","translation":{"text":"(of) the Dominion","language_name":"english","language_id":38},"transliteration":{"text":"l-mul'ki","language_name":"english","language_id":38}},{"id":28946,"position":5,"audio_url":"wbw/003_026_005.mp3","qpc_uthmani_hafs":"تُؤۡتِي","char_type_name":"word","page_number":53,"line_number":6,"text":"ﮋ","translation":{"text":"You give","language_name":"english","language_id":38},"transliteration":{"text":"tu'tī","language_name":"english","language_id":38}},{"id":28947,"position":6,"audio_url":"wbw/003_026_006.mp3","qpc_uthmani_hafs":"ٱلۡمُلۡكَ","char_type_name":"word","page_number":53,"line_number":6,"text":"ﮌ","translation":{"text":"the dominion","language_name":"english","language_id":38},"transliteration":{"text":"l-mul'ka","language_name":"english","language_id":38}},{"id":28948,"position":7,"audio_url":"wbw/003_026_007.mp3","qpc_uthmani_hafs":"مَن","char_type_name":"word","page_number":53,"line_number":7,"text":"ﮍ","translation":{"text":"(to) whom","language_name":"english","language_id":38},"transliteration":{"text":"man","language_name":"english","language_id":38}},{"id":28949,"position":8,"audio_url":"wbw/003_026_008.mp3","qpc_uthmani_hafs":"تَشَآءُ","char_type_name":"word","page_number":53,"line_number":7,"text":"ﮎ","translation":{"text":"You will","language_name":"english","language_id":38},"transliteration":{"text":"tashāu","language_name":"english","language_id":38}},{"id":28950,"position":9,"audio_url":"wbw/003_026_009.mp3","qpc_uthmani_hafs":"وَتَنزِعُ","char_type_name":"word","page_number":53,"line_number":7,"text":"ﮏ","translation":{"text":"and You take away","language_name":"english","language_id":38},"transliteration":{"text":"watanziʿu","language_name":"english","language_id":38}},{"id":28951,"position":10,"audio_url":"wbw/003_026_010.mp3","qpc_uthmani_hafs":"ٱلۡمُلۡكَ","char_type_name":"word","page_number":53,"line_number":7,"text":"ﮐ","translation":{"text":"the dominion","language_name":"english","language_id":38},"transliteration":{"text":"l-mul'ka","language_name":"english","language_id":38}},{"id":28952,"position":11,"audio_url":"wbw/003_026_011.mp3","qpc_uthmani_hafs":"مِمَّن","char_type_name":"word","page_number":53,"line_number":7,"text":"ﮑ","translation":{"text":"from whom","language_name":"english","language_id":38},"transliteration":{"text":"mimman","language_name":"english","language_id":38}},{"id":28953,"position":12,"audio_url":"wbw/003_026_012.mp3","qpc_uthmani_hafs":"تَشَآءُ","char_type_name":"word","page_number":53,"line_number":7,"text":"ﮒ","translation":{"text":"You will","language_name":"english","language_id":38},"transliteration":{"text":"tashāu","language_name":"english","language_id":38}},{"id":28954,"position":13,"audio_url":"wbw/003_026_013.mp3","qpc_uthmani_hafs":"وَتُعِزُّ","char_type_name":"word","page_number":53,"line_number":7,"text":"ﮓ","translation":{"text":"and You honor","language_name":"english","language_id":38},"transliteration":{"text":"watuʿizzu","language_name":"english","language_id":38}},{"id":28955,"position":14,"audio_url":"wbw/003_026_014.mp3","qpc_uthmani_hafs":"مَن","char_type_name":"word","page_number":53,"line_number":7,"text":"ﮔ","translation":{"text":"whom","language_name":"english","language_id":38},"transliteration":{"text":"man","language_name":"english","language_id":38}},{"id":28956,"position":15,"audio_url":"wbw/003_026_015.mp3","qpc_uthmani_hafs":"تَشَآءُ","char_type_name":"word","page_number":53,"line_number":7,"text":"ﮕ","translation":{"text":"You will","language_name":"english","language_id":38},"transliteration":{"text":"tashāu","language_name":"english","language_id":38}},{"id":28957,"position":16,"audio_url":"wbw/003_026_016.mp3","qpc_uthmani_hafs":"وَتُذِلُّ","char_type_name":"word","page_number":53,"line_number":7,"text":"ﮖ","translation":{"text":"and You humiliate","language_name":"english","language_id":38},"transliteration":{"text":"watudhillu","language_name":"english","language_id":38}},{"id":28958,"position":17,"audio_url":"wbw/003_026_017.mp3","qpc_uthmani_hafs":"مَن","char_type_name":"word","page_number":53,"line_number":8,"text":"ﮗ","translation":{"text":"whom","language_name":"english","language_id":38},"transliteration":{"text":"man","language_name":"english","language_id":38}},{"id":28959,"position":18,"audio_url":"wbw/003_026_018.mp3","qpc_uthmani_hafs":"تَشَآءُۖ","char_type_name":"word","page_number":53,"line_number":8,"text":"ﮘﮙ","translation":{"text":"You will","language_name":"english","language_id":38},"transliteration":{"text":"tashāu","language_name":"english","language_id":38}},{"id":28961,"position":19,"audio_url":"wbw/003_026_020.mp3","qpc_uthmani_hafs":"بِيَدِكَ","char_type_name":"word","page_number":53,"line_number":8,"text":"ﮚ","translation":{"text":"In Your hand","language_name":"english","language_id":38},"transliteration":{"text":"biyadika","language_name":"english","language_id":38}},{"id":28962,"position":20,"audio_url":"wbw/003_026_021.mp3","qpc_uthmani_hafs":"ٱلۡخَيۡرُۖ","char_type_name":"word","page_number":53,"line_number":8,"text":"ﮛﮜ","translation":{"text":"(is all) the good","language_name":"english","language_id":38},"transliteration":{"text":"l-khayru","language_name":"english","language_id":38}},{"id":28964,"position":21,"audio_url":"wbw/003_026_023.mp3","qpc_uthmani_hafs":"إِنَّكَ","char_type_name":"word","page_number":53,"line_number":8,"text":"ﮝ","translation":{"text":"Indeed, You","language_name":"english","language_id":38},"transliteration":{"text":"innaka","language_name":"english","language_id":38}},{"id":28965,"position":22,"audio_url":"wbw/003_026_024.mp3","qpc_uthmani_hafs":"عَلَىٰ","char_type_name":"word","page_number":53,"line_number":8,"text":"ﮞ","translation":{"text":"(are) on","language_name":"english","language_id":38},"transliteration":{"text":"ʿalā","language_name":"english","language_id":38}},{"id":28966,"position":23,"audio_url":"wbw/003_026_025.mp3","qpc_uthmani_hafs":"كُلِّ","char_type_name":"word","page_number":53,"line_number":8,"text":"ﮟ","translation":{"text":"every","language_name":"english","language_id":38},"transliteration":{"text":"kulli","language_name":"english","language_id":38}},{"id":28967,"position":24,"audio_url":"wbw/003_026_026.mp3","qpc_uthmani_hafs":"شَيۡءٖ","char_type_name":"word","page_number":53,"line_number":8,"text":"ﮠ","translation":{"text":"thing","language_name":"english","language_id":38},"transliteration":{"text":"shayin","language_name":"english","language_id":38}},{"id":28968,"position":25,"audio_url":"wbw/003_026_027.mp3","qpc_uthmani_hafs":"قَدِيرٞ","char_type_name":"word","page_number":53,"line_number":8,"text":"ﮡ","translation":{"text":"All-Powerful","language_name":"english","language_id":38},"transliteration":{"text":"qadīrun","language_name":"english","language_id":38}},{"id":28969,"position":26,"audio_url":null,"qpc_uthmani_hafs":"٢٦","char_type_name":"end","page_number":53,"line_number":8,"text":"ﮢ","translation":{"text":"(26)","language_name":"english","language_id":38},"transliteration":{"text":null,"language_name":"english","language_id":38}}],"translations":[{"id":916748,"resource_id":134,"text":"Katakanlah, \"Wahai Tuhan Yang mempunyai kerajaan, Engkau berikan kerajaan kepada orang yang Engkau kehendaki dan Engkau cabut kerajaan dari orang yang Engkau kehendaki.  Engkau muliakan orang yang Engkau kehendaki dan Engkau hinakan orang yang Engkau kehendaki.  Di tangan Engkau-lah segala kebajikan.  Sesungguhnya Engkau Maha Kuasa atas segala sesuatu."}]},{"id":320,"verse_number":27,"verse_key":"3:27","juz_number":3,"hizb_number":6,"rub_el_hizb_number":21,"ruku_number":44,"manzil_number":1,"sajdah_number":null,"text_uthmani":"تُولِجُ ٱلَّيْلَ فِى ٱلنَّهَارِ وَتُولِجُ ٱلنَّهَارَ فِى ٱلَّيْلِ ۖ وَتُخْرِجُ ٱلْحَىَّ مِنَ ٱلْمَيِّتِ وَتُخْرِجُ ٱلْمَيِّتَ مِنَ ٱلْحَىِّ ۖ وَتَرْزُقُ مَن تَشَآءُ بِغَيْرِ حِسَابٍ","page_number":53,"words":[{"id":29628,"position":1,"audio_url":"wbw/003_027_001.mp3","qpc_uthmani_hafs":"تُولِجُ","char_type_name":"word","page_number":53,"line_number":8,"text":"ﮣ","translation":{"text":"You cause to enter","language_name":"english","language_id":38},"transliteration":{"text":"tūliju","language_name":"english","language_id":38}},{"id":29629,"position":2,"audio_url":"wbw/003_027_002.mp3","qpc_uthmani_hafs":"ٱلَّيۡلَ","char_type_name":"word","page_number":53,"line_number":8,"text":"ﮤ","translation":{"text":"the night","language_name":"english","language_id":38},"transliteration":{"text":"al-layla","language_name":"english","language_id":38}},{"id":29630,"position":3,"audio_url":"wbw/003_027_003.mp3","qpc_uthmani_hafs":"فِي","char_type_name":"word","page_number":53,"line_number":9,"text":"ﮥ","translation":{"text":"in","language_name":"english","language_id":38},"transliteration":{"text":"fī","language_name":"english","language_id":38}},{"id":29631,"position":4,"audio_url":"wbw/003_027_004.mp3","qpc_uthmani_hafs":"ٱلنَّهَارِ","char_type_name":"word","page_number":53,"line_number":9,"text":"ﮦ","translation":{"text":"the day","language_name":"english","language_id":38},"transliteration":{"text":"l-nahāri","language_name":"english","language_id":38}},{"id":29632,"position":5,"audio_url":"wbw/003_027_005.mp3","qpc_uthmani_hafs":"وَتُولِجُ","char_type_name":"word","page_number":53,"line_number":9,"text":"ﮧ","translation":{"text":"and You cause to enter","language_name":"english","language_id":38},"transliteration":{"text":"watūliju","language_name":"english","language_id":38}},{"id":29633,"position":6,"audio_url":"wbw/003_027_006.mp3","qpc_uthmani_hafs":"ٱلنَّهَارَ","char_type_name":"word","page_number":53,"line_number":9,"text":"ﮨ","translation":{"text":"the day","language_name":"english","language_id":38},"transliteration":{"text":"l-nahāra","language_name":"english","language_id":38}},{"id":29634,"position":7,"audio_url":"wbw/003_027_007.mp3","qpc_uthmani_hafs":"فِي","char_type_name":"word","page_number":53,"line_number":9,"text":"ﮩ","translation":{"text":"in","language_name":"english","language_id":38},"transliteration":{"text":"fī","language_name":"english","language_id":38}},{"id":29635,"position":8,"audio_url":"wbw/003_027_008.mp3","qpc_uthmani_hafs":"ٱلَّيۡلِۖ","char_type_name":"word","page_number":53,"line_number":9,"text":"ﮪﮫ","translation":{"text":"the night","language_name":"english","language_id":38},"transliteration":{"text":"al-layli","language_name":"english","language_id":38}},{"id":29637,"position":9,"audio_url":"wbw/003_027_010.mp3","qpc_uthmani_hafs":"وَتُخۡرِجُ","char_type_name":"word","page_number":53,"line_number":9,"text":"ﮬ","translation":{"text":"and You bring forth","language_name":"english","language_id":38},"transliteration":{"text":"watukh'riju","language_name":"english","language_id":38}},{"id":29638,"position":10,"audio_url":"wbw/003_027_011.mp3","qpc_uthmani_hafs":"ٱلۡحَيَّ","char_type_name":"word","page_number":53,"line_number":9,"text":"ﮭ","translation":{"text":"the living","language_name":"english","language_id":38},"transliteration":{"text":"l-ḥaya","language_name":"english","language_id":38}},{"id":29639,"position":11,"audio_url":"wbw/003_027_012.mp3","qpc_uthmani_hafs":"مِنَ","char_type_name":"word","page_number":53,"line_number":9,"text":"ﮮ","translation":{"text":"from","language_name":"english","language_id":38},"transliteration":{"text":"mina","language_name":"english","language_id":38}},{"id":29640,"position":12,"audio_url":"wbw/003_027_013.mp3","qpc_uthmani_hafs":"ٱلۡمَيِّتِ","char_type_name":"word","page_number":53,"line_number":9,"text":"ﮯ","translation":{"text":"the dead","language_name":"english","language_id":38},"transliteration":{"text":"l-mayiti","language_name":"english","language_id":38}},{"id":29641,"position":13,"audio_url":"wbw/003_027_014.mp3","qpc_uthmani_hafs":"وَتُخۡرِجُ","char_type_name":"word","page_number":53,"line_number":10,"text":"ﮰ","translation":{"text":"and You bring forth","language_name":"english","language_id":38},"transliteration":{"text":"watukh'riju","language_name":"english","language_id":38}},{"id":29642,"position":14,"audio_url":"wbw/003_027_015.mp3","qpc_uthmani_hafs":"ٱلۡمَيِّتَ","char_type_name":"word","page_number":53,"line_number":10,"text":"ﮱ","translation":{"text":"the dead","language_name":"english","language_id":38},"transliteration":{"text":"l-mayita","language_name":"english","language_id":38}},{"id":29643,"position":15,"audio_url":"wbw/003_027_016.mp3","qpc_uthmani_hafs":"مِنَ","char_type_name":"word","page_number":53,"line_number":10,"text":"ﯓ","translation":{"text":"from","language_name":"english","language_id":38},"transliteration":{"text":"mina","language_name":"english","language_id":38}},{"id":29644,"position":16,"audio_url":"wbw/003_027_017.mp3","qpc_uthmani_hafs":"ٱلۡحَيِّۖ","char_type_name":"word","page_number":53,"line_number":10,"text":"ﯔﯕ","translation":{"text":"the living","language_name":"english","language_id":38},"transliteration":{"text":"l-ḥayi","language_name":"english","language_id":38}},{"id":29646,"position":17,"audio_url":"wbw/003_027_019.mp3","qpc_uthmani_hafs":"وَتَرۡزُقُ","char_type_name":"word","page_number":53,"line_number":10,"text":"ﯖ","translation":{"text":"and You give provision","language_name":"english","language_id":38},"transliteration":{"text":"watarzuqu","language_name":"english","language_id":38}},{"id":29647,"position":18,"audio_url":"wbw/003_027_020.mp3","qpc_uthmani_hafs":"مَن","char_type_name":"word","page_number":53,"line_number":10,"text":"ﯗ","translation":{"text":"(to) whom","language_name":"english","language_id":38},"transliteration":{"text":"man","language_name":"english","language_id":38}},{"id":29648,"position":19,"audio_url":"wbw/003_027_021.mp3","qpc_uthmani_hafs":"تَشَآءُ","char_type_name":"word","page_number":53,"line_number":10,"text":"ﯘ","translation":{"text":"You will","language_name":"english","language_id":38},"transliteration":{"text":"tashāu","language_name":"english","language_id":38}},{"id":29649,"position":20,"audio_url":"wbw/003_027_022.mp3","qpc_uthmani_hafs":"بِغَيۡرِ","char_type_name":"word","page_number":53,"line_number":10,"text":"ﯙ","translation":{"text":"without","language_name":"english","language_id":38},"transliteration":{"text":"bighayri","language_name":"english","language_id":38}},{"id":29650,"position":21,"audio_url":"wbw/003_027_023.mp3","qpc_uthmani_hafs":"حِسَابٖ","char_type_name":"word","page_number":53,"line_number":10,"text":"ﯚ","translation":{"text":"measure","language_name":"english","language_id":38},"transliteration":{"text":"ḥisābin","language_name":"english","language_id":38}},{"id":29651,"position":22,"audio_url":null,"qpc_uthmani_hafs":"٢٧","char_type_name":"end","page_number":53,"line_number":10,"text":"ﯛ","translation":{"text":"(27)","language_name":"english","language_id":38},"transliteration":{"text":null,"language_name":"english","language_id":38}}],"translations":[{"id":916749,"resource_id":134,"text":"Engkau masukkan malam ke dalam siang dan Engkau masukkan siang ke dalam malam. Engkau keluarkan yang hidup dari yang mati, dan Engkau keluarkan yang mati dari yang hidup<sup foot_note=209961>1</sup>.  Dan Engkau beri rezeki siapa yang Engkau kehendaki tanpa hisab (batas)\"."}]},{"id":321,"verse_number":28,"verse_key":"3:28","juz_number":3,"hizb_number":6,"rub_el_hizb_number":21,"ruku_number":44,"manzil_number":1,"sajdah_number":null,"text_uthmani":"لَّا يَتَّخِذِ ٱلْمُؤْمِنُونَ ٱلْكَـٰفِرِينَ أَوْلِيَآءَ مِن دُونِ ٱلْمُؤْمِنِينَ ۖ وَمَن يَفْعَلْ ذَٰلِكَ فَلَيْسَ مِنَ ٱللَّهِ فِى شَىْءٍ إِلَّآ أَن تَتَّقُوا۟ مِنْهُمْ تُقَىٰةً ۗ وَيُحَذِّرُكُمُ ٱللَّهُ نَفْسَهُۥ ۗ وَإِلَى ٱللَّهِ ٱلْمَصِيرُ","page_number":53,"words":[{"id":30941,"position":1,"audio_url":"wbw/003_028_001.mp3","qpc_uthmani_hafs":"لَّا","char_type_name":"word","page_number":53,"line_number":11,"text":"ﯜ","translation":{"text":"(Let) not","language_name":"english","language_id":38},"transliteration":{"text":"lā","language_name":"english","language_id":38}},{"id":30942,"position":2,"audio_url":"wbw/003_028_002.mp3","qpc_uthmani_hafs":"يَتَّخِذِ","char_type_name":"word","page_number":53,"line_number":11,"text":"ﯝ","translation":{"text":"take","language_name":"english","language_id":38},"transliteration":{"text":"yattakhidhi","language_name":"english","language_id":38}},{"id":30943,"position":3,"audio_url":"wbw/003_028_003.mp3","qpc_uthmani_hafs":"ٱلۡمُؤۡمِنُونَ","char_type_name":"word","page_number":53,"line_number":11,"text":"ﯞ","translation":{"text":"the believers","language_name":"english","language_id":38},"transliteration":{"text":"l-mu'minūna","language_name":"english","language_id":38}},{"id":30944,"position":4,"audio_url":"wbw/003_028_004.mp3","qpc_uthmani_hafs":"ٱلۡكَٰفِرِينَ","char_type_name":"word","page_number":53,"line_number":11,"text":"ﯟ","translation":{"text":"the disbelievers","language_name":"english","language_id":38},"transliteration":{"text":"l-kāfirīna","language_name":"english","language_id":38}},{"id":30945,"position":5,"audio_url":"wbw/003_028_005.mp3","qpc_uthmani_hafs":"أَوۡلِيَآءَ","char_type_name":"word","page_number":53,"line_number":11,"text":"ﯠ","translation":{"text":"(as) allies","language_name":"english","language_id":38},"transliteration":{"text":"awliyāa","language_name":"english","language_id":38}},{"id":30946,"position":6,"audio_url":"wbw/003_028_006.mp3","qpc_uthmani_hafs":"مِن","char_type_name":"word","page_number":53,"line_number":11,"text":"ﯡ","translation":{"text":"from","language_name":"english","language_id":38},"transliteration":{"text":"min","language_name":"english","language_id":38}},{"id":30947,"position":7,"audio_url":"wbw/003_028_007.mp3","qpc_uthmani_hafs":"دُونِ","char_type_name":"word","page_number":53,"line_number":11,"text":"ﯢ","translation":{"text":"instead of","language_name":"english","language_id":38},"transliteration":{"text":"dūni","language_name":"english","language_id":38}},{"id":30948,"position":8,"audio_url":"wbw/003_028_008.mp3","qpc_uthmani_hafs":"ٱلۡمُؤۡمِنِينَۖ","char_type_name":"word","page_number":53,"line_number":11,"text":"ﯣﯤ","translation":{"text":"the believers","language_name":"english","language_id":38},"transliteration":{"text":"l-mu'minīna","language_name":"english","language_id":38}},{"id":30950,"position":9,"audio_url":"wbw/003_028_010.mp3","qpc_uthmani_hafs":"وَمَن","char_type_name":"word","page_number":53,"line_number":11,"text":"ﯥ","translation":{"text":"And whoever","language_name":"english","language_id":38},"transliteration":{"text":"waman","language_name":"english","language_id":38}},{"id":30951,"position":10,"audio_url":"wbw/003_028_011.mp3","qpc_uthmani_hafs":"يَفۡعَلۡ","char_type_name":"word","page_number":53,"line_number":12,"text":"ﯦ","translation":{"text":"does","language_name":"english","language_id":38},"transliteration":{"text":"yafʿal","language_name":"english","language_id":38}},{"id":30952,"position":11,"audio_url":"wbw/003_028_012.mp3","qpc_uthmani_hafs":"ذَٰلِكَ","char_type_name":"word","page_number":53,"line_number":12,"text":"ﯧ","translation":{"text":"that","language_name":"english","language_id":38},"transliteration":{"text":"dhālika","language_name":"english","language_id":38}},{"id":30953,"position":12,"audio_url":"wbw/003_028_013.mp3","qpc_uthmani_hafs":"فَلَيۡسَ","char_type_name":"word","page_number":53,"line_number":12,"text":"ﯨ","translation":{"text":"then not he (has)","language_name":"english","language_id":38},"transliteration":{"text":"falaysa","language_name":"english","language_id":38}},{"id":30954,"position":13,"audio_url":"wbw/003_028_014.mp3","qpc_uthmani_hafs":"مِنَ","char_type_name":"word","page_number":53,"line_number":12,"text":"ﯩ","translation":{"text":"from","language_name":"english","language_id":38},"transliteration":{"text":"mina","language_name":"english","language_id":38}},{"id":30955,"position":14,"audio_url":"wbw/003_028_015.mp3","qpc_uthmani_hafs":"ٱللَّهِ","char_type_name":"word","page_number":53,"line_number":12,"text":"ﯪ","translation":{"text":"Allah","language_name":"english","language_id":38},"transliteration":{"text":"l-lahi","language_name":"english","language_id":38}},{"id":30956,"position":15,"audio_url":"wbw/003_028_016.mp3","qpc_uthmani_hafs":"فِي","char_type_name":"word","page_number":53,"line_number":12,"text":"ﯫ","translation":{"text":"in","language_name":"english","language_id":38},"transliteration":{"text":"fī","language_name":"english","language_id":38}},{"id":30957,"position":16,"audio_url":"wbw/003_028_017.mp3","qpc_uthmani_hafs":"شَيۡءٍ","char_type_name":"word","page_number":53,"line_number":12,"text":"ﯬ","translation":{"text":"anything","language_name":"english","language_id":38},"transliteration":{"text":"shayin","language_name":"english","language_id":38}},{"id":30958,"position":17,"audio_url":"wbw/003_028_018.mp3","qpc_uthmani_hafs":"إِلَّآ","char_type_name":"word","page_number":53,"line_number":12,"text":"ﯭ","translation":{"text":"except","language_name":"english","language_id":38},"transliteration":{"text":"illā","language_name":"english","language_id":38}},{"id":30959,"position":18,"audio_url":"wbw/003_028_019.mp3","qpc_uthmani_hafs":"أَن","char_type_name":"word","page_number":53,"line_number":12,"text":"ﯮ","translation":{"text":"that","language_name":"english","language_id":38},"transliteration":{"text":"an","language_name":"english","language_id":38}},{"id":30960,"position":19,"audio_url":"wbw/003_028_020.mp3","qpc_uthmani_hafs":"تَتَّقُواْ","char_type_name":"word","page_number":53,"line_number":12,"text":"ﯯ","translation":{"text":"you fear","language_name":"english","language_id":38},"transliteration":{"text":"tattaqū","language_name":"english","language_id":38}},{"id":30961,"position":20,"audio_url":"wbw/003_028_021.mp3","qpc_uthmani_hafs":"مِنۡهُمۡ","char_type_name":"word","page_number":53,"line_number":12,"text":"ﯰ","translation":{"text":"from them","language_name":"english","language_id":38},"transliteration":{"text":"min'hum","language_name":"english","language_id":38}},{"id":30962,"position":21,"audio_url":"wbw/003_028_022.mp3","qpc_uthmani_hafs":"تُقَىٰةٗۗ","char_type_name":"word","page_number":53,"line_number":13,"text":"ﯱﯲ","translation":{"text":"(as) a precaution","language_name":"english","language_id":38},"transliteration":{"text":"tuqātan","language_name":"english","language_id":38}},{"id":30964,"position":22,"audio_url":"wbw/003_028_024.mp3","qpc_uthmani_hafs":"وَيُحَذِّرُكُمُ","char_type_name":"word","page_number":53,"line_number":13,"text":"ﯳ","translation":{"text":"And warns you","language_name":"english","language_id":38},"transliteration":{"text":"wayuḥadhirukumu","language_name":"english","language_id":38}},{"id":30965,"position":23,"audio_url":"wbw/003_028_025.mp3","qpc_uthmani_hafs":"ٱللَّهُ","char_type_name":"word","page_number":53,"line_number":13,"text":"ﯴ","translation":{"text":"Allah","language_name":"english","language_id":38},"transliteration":{"text":"l-lahu","language_name":"english","language_id":38}},{"id":30966,"position":24,"audio_url":"wbw/003_028_026.mp3","qpc_uthmani_hafs":"نَفۡسَهُۥۗ","char_type_name":"word","page_number":53,"line_number":13,"text":"ﯵﯶ","translation":{"text":"(of) Himself","language_name":"english","language_id":38},"transliteration":{"text":"nafsahu","language_name":"english","language_id":38}},{"id":30968,"position":25,"audio_url":"wbw/003_028_028.mp3","qpc_uthmani_hafs":"وَإِلَى","char_type_name":"word","page_number":53,"line_number":13,"text":"ﯷ","translation":{"text":"and to","language_name":"english","language_id":38},"transliteration":{"text":"wa-ilā","language_name":"english","language_id":38}},{"id":30969,"position":26,"audio_url":"wbw/003_028_029.mp3","qpc_uthmani_hafs":"ٱللَّهِ","char_type_name":"word","page_number":53,"line_number":13,"text":"ﯸ","translation":{"text":"Allah","language_name":"english","language_id":38},"transliteration":{"text":"l-lahi","language_name":"english","language_id":38}},{"id":30970,"position":27,"audio_url":"wbw/003_028_030.mp3","qpc_uthmani_hafs":"ٱلۡمَصِيرُ","char_type_name":"word","page_number":53,"line_number":13,"text":"ﯹ","translation":{"text":"(is) the final return","language_name":"english","language_id":38},"transliteration":{"text":"l-maṣīru","language_name":"english","language_id":38}},{"id":30971,"position":28,"audio_url":null,"qpc_uthmani_hafs":"٢٨","char_type_name":"end","page_number":53,"line_number":13,"text":"ﯺ","translation":{"text":"(28)","language_name":"english","language_id":38},"transliteration":{"text":null,"language_name":"english","language_id":38}}],"translations":[{"id":916750,"resource_id":134,"text":"Janganlah orang-orang mukmin mengambil orang-orang kafir menjadi wali<sup foot_note=209962>1</sup> dengan meninggalkan orang-orang mukmin.  Barang siapa berbuat demikian, niscaya lepaslah ia dari pertolongan Allah, kecuali karena (siasat) memelihara diri dari sesuatu yang ditakuti dari mereka.  Dan Allah memperingatkan kamu terhadap diri (siksa)-Nya.  Dan hanya kepada Allah kembali(mu)."}]},{"id":322,"verse_number":29,"verse_key":"3:29","juz_number":3,"hizb_number":6,"rub_el_hizb_number":21,"ruku_number":44,"manzil_number":1,"sajdah_number":null,"text_uthmani":"قُلْ إِن تُخْفُوا۟ مَا فِى صُدُورِكُمْ أَوْ تُبْدُوهُ يَعْلَمْهُ ٱللَّهُ ۗ وَيَعْلَمُ مَا فِى ٱلسَّمَـٰوَٰتِ وَمَا فِى ٱلْأَرْضِ ۗ وَٱللَّهُ عَلَىٰ كُلِّ شَىْءٍ قَدِيرٌ","page_number":53,"words":[{"id":31933,"position":1,"audio_url":"wbw/003_029_001.mp3","qpc_uthmani_hafs":"قُلۡ","char_type_name":"word","page_number":53,"line_number":13,"text":"ﯻ","translation":{"text":"Say","language_name":"english","language_id":38},"transliteration":{"text":"qul","language_name":"english","language_id":38}},{"id":31934,"position":2,"audio_url":"wbw/003_029_002.mp3","qpc_uthmani_hafs":"إِن","char_type_name":"word","page_number":53,"line_number":14,"text":"ﯼ","translation":{"text":"Whether","language_name":"english","language_id":38},"transliteration":{"text":"in","language_name":"english","language_id":38}},{"id":31935,"position":3,"audio_url":"wbw/003_029_003.mp3","qpc_uthmani_hafs":"تُخۡفُواْ","char_type_name":"word","page_number":53,"line_number":14,"text":"ﯽ","translation":{"text":"you conceal","language_name":"english","language_id":38},"transliteration":{"text":"tukh'fū","language_name":"english","language_id":38}},{"id":31936,"position":4,"audio_url":"wbw/003_029_004.mp3","qpc_uthmani_hafs":"مَا","char_type_name":"word","page_number":53,"line_number":14,"text":"ﯾ","translation":{"text":"what","language_name":"english","language_id":38},"transliteration":{"text":"mā","language_name":"english","language_id":38}},{"id":31937,"position":5,"audio_url":"wbw/003_029_005.mp3","qpc_uthmani_hafs":"فِي","char_type_name":"word","page_number":53,"line_number":14,"text":"ﯿ","translation":{"text":"(is) in","language_name":"english","language_id":38},"transliteration":{"text":"fī","language_name":"english","language_id":38}},{"id":31938,"position":6,"audio_url":"wbw/003_029_006.mp3","qpc_uthmani_hafs":"صُدُورِكُمۡ","char_type_name":"word","page_number":53,"line_number":14,"text":"ﰀ","translation":{"text":"your breasts","language_name":"english","language_id":38},"transliteration":{"text":"ṣudūrikum","language_name":"english","language_id":38}},{"id":31939,"position":7,"audio_url":"wbw/003_029_007.mp3","qpc_uthmani_hafs":"أَوۡ","char_type_name":"word","page_number":53,"line_number":14,"text":"ﰁ","translation":{"text":"or","language_name":"english","language_id":38},"transliteration":{"text":"aw","language_name":"english","language_id":38}},{"id":31940,"position":8,"audio_url":"wbw/003_029_008.mp3","qpc_uthmani_hafs":"تُبۡدُوهُ","char_type_name":"word","page_number":53,"line_number":14,"text":"ﰂ","translation":{"text":"you disclose it ","language_name":"english","language_id":38},"transliteration":{"text":"tub'dūhu","language_name":"english","language_id":38}},{"id":31941,"position":9,"audio_url":"wbw/003_029_009.mp3","qpc_uthmani_hafs":"يَعۡلَمۡهُ","char_type_name":"word","page_number":53,"line_number":14,"text":"ﰃ","translation":{"text":"knows it","language_name":"english","language_id":38},"transliteration":{"text":"yaʿlamhu","language_name":"english","language_id":38}},{"id":31942,"position":10,"audio_url":"wbw/003_029_010.mp3","qpc_uthmani_hafs":"ٱللَّهُۗ","char_type_name":"word","page_number":53,"line_number":14,"text":"ﰄﰅ","translation":{"text":"Allah","language_name":"english","language_id":38},"transliteration":{"text":"l-lahu","language_name":"english","language_id":38}},{"id":31944,"position":11,"audio_url":"wbw/003_029_012.mp3","qpc_uthmani_hafs":"وَيَعۡلَمُ","char_type_name":"word","page_number":53,"line_number":14,"text":"ﰆ","translation":{"text":"And He knows","language_name":"english","language_id":38},"transliteration":{"text":"wayaʿlamu","language_name":"english","language_id":38}},{"id":31945,"position":12,"audio_url":"wbw/003_029_013.mp3","qpc_uthmani_hafs":"مَا","char_type_name":"word","page_number":53,"line_number":14,"text":"ﰇ","translation":{"text":"what","language_name":"english","language_id":38},"transliteration":{"text":"mā","language_name":"english","language_id":38}},{"id":31946,"position":13,"audio_url":"wbw/003_029_014.mp3","qpc_uthmani_hafs":"فِي","char_type_name":"word","page_number":53,"line_number":14,"text":"ﰈ","translation":{"text":"(is) in","language_name":"english","language_id":38},"transliteration":{"text":"fī","language_name":"english","language_id":38}},{"id":31947,"position":14,"audio_url":"wbw/003_029_015.mp3","qpc_uthmani_hafs":"ٱلسَّمَٰوَٰتِ","char_type_name":"word","page_number":53,"line_number":15,"text":"ﰉ","translation":{"text":"the heavens","language_name":"english","language_id":38},"transliteration":{"text":"l-samāwāti","language_name":"english","language_id":38}},{"id":31948,"position":15,"audio_url":"wbw/003_029_016.mp3","qpc_uthmani_hafs":"وَمَا","char_type_name":"word","page_number":53,"line_number":15,"text":"ﰊ","translation":{"text":"and what","language_name":"english","language_id":38},"transliteration":{"text":"wamā","language_name":"english","language_id":38}},{"id":31949,"position":16,"audio_url":"wbw/003_029_017.mp3","qpc_uthmani_hafs":"فِي","char_type_name":"word","page_number":53,"line_number":15,"text":"ﰋ","translation":{"text":"(is) in","language_name":"english","language_id":38},"transliteration":{"text":"fī","language_name":"english","language_id":38}},{"id":31950,"position":17,"audio_url":"wbw/003_029_018.mp3","qpc_uthmani_hafs":"ٱلۡأَرۡضِۗ","char_type_name":"word","page_number":53,"line_number":15,"text":"ﰌﰍ","translation":{"text":"the earth","language_name":"english","language_id":38},"transliteration":{"text":"l-arḍi","language_name":"english","language_id":38}},{"id":31952,"position":18,"audio_url":"wbw/003_029_020.mp3","qpc_uthmani_hafs":"وَٱللَّهُ","char_type_name":"word","page_number":53,"line_number":15,"text":"ﰎ","translation":{"text":"And Allah","language_name":"english","language_id":38},"transliteration":{"text":"wal-lahu","language_name":"english","language_id":38}},{"id":31953,"position":19,"audio_url":"wbw/003_029_021.mp3","qpc_uthmani_hafs":"عَلَىٰ","char_type_name":"word","page_number":53,"line_number":15,"text":"ﰏ","translation":{"text":"(is) on","language_name":"english","language_id":38},"transliteration":{"text":"ʿalā","language_name":"english","language_id":38}},{"id":31954,"position":20,"audio_url":"wbw/003_029_022.mp3","qpc_uthmani_hafs":"كُلِّ","char_type_name":"word","page_number":53,"line_number":15,"text":"ﰐ","translation":{"text":"every","language_name":"english","language_id":38},"transliteration":{"text":"kulli","language_name":"english","language_id":38}},{"id":31955,"position":21,"audio_url":"wbw/003_029_023.mp3","qpc_uthmani_hafs":"شَيۡءٖ","char_type_name":"word","page_number":53,"line_number":15,"text":"ﰑ","translation":{"text":"thing","language_name":"english","language_id":38},"transliteration":{"text":"shayin","language_name":"english","language_id":38}},{"id":31956,"position":22,"audio_url":"wbw/003_029_024.mp3","qpc_uthmani_hafs":"قَدِيرٞ","char_type_name":"word","page_number":53,"line_number":15,"text":"ﰒ","translation":{"text":"All-Powerful","language_name":"english","language_id":38},"transliteration":{"text":"qadīrun","language_name":"english","language_id":38}},{"id":31957,"position":23,"audio_url":null,"qpc_uthmani_hafs":"٢٩","char_type_name":"end","page_number":53,"line_number":15,"text":"ﰓ","translation":{"text":"(29)","language_name":"english","language_id":38},"transliteration":{"text":null,"language_name":"english","language_id":38}}],"translations":[{"id":916751,"resource_id":134,"text":"Katakanlah, \"Jika kamu menyembunyikan apa yang ada dalam hatimu atau kamu melahirkannya, pasti Allah mengetahui\".  Allah mengetahui apa-apa yang ada di langit dan apa-apa yang ada di bumi.  Dan Allah Maha Kuasa atas segala sesuatu."}]}],"pagination":{"per_page":50,"current_page":1,"next_page":null,"total_pages":1,"total_records":7}}