{"verses":[{"id":5094,"verse_number":19,"verse_key":"57:19","juz_number":27,"hizb_number":54,"rub_el_hizb_number":216,"ruku_number":475,"manzil_number":7,"sajdah_number":null,"text_uthmani":"وَٱلَّذِينَ ءَامَنُوا۟ بِٱللَّهِ وَرُسُلِهِۦٓ أُو۟لَـٰٓئِكَ هُمُ ٱلصِّدِّيقُونَ ۖ وَٱلشُّهَدَآءُ عِندَ رَبِّهِمْ لَهُمْ أَجْرُهُمْ وَنُورُهُمْ ۖ وَٱلَّذِينَ كَفَرُوا۟ وَكَذَّبُوا۟ بِـَٔايَـٰتِنَآ أُو۟لَـٰٓئِكَ أَصْحَـٰبُ ٱلْجَحِيمِ","page_number":540,"words":[{"id":21282,"position":1,"audio_url":"wbw/057_019_001.mp3","qpc_uthmani_hafs":"وَٱلَّذِينَ","char_type_name":"word","page_number":540,"line_number":1,"text":"ﭑ","translation":{"text":"And those who","language_name":"english","language_id":38},"transliteration":{"text":"wa-alladhīna","language_name":"english","language_id":38}},{"id":21283,"position":2,"audio_url":"wbw/057_019_002.mp3","qpc_uthmani_hafs":"ءَامَنُواْ","char_type_name":"word","page_number":540,"line_number":1,"text":"ﭒ","translation":{"text":"believe","language_name":"english","language_id":38},"transliteration":{"text":"āmanū","language_name":"english","language_id":38}},{"id":21284,"position":3,"audio_url":"wbw/057_019_003.mp3","qpc_uthmani_hafs":"بِٱللَّهِ","char_type_name":"word","page_number":540,"line_number":1,"text":"ﭓ","translation":{"text":"in Allah","language_name":"english","language_id":38},"transliteration":{"text":"bil-lahi","language_name":"english","language_id":38}},{"id":21285,"position":4,"audio_url":"wbw/057_019_004.mp3","qpc_uthmani_hafs":"وَرُسُلِهِۦٓ","char_type_name":"word","page_number":540,"line_number":1,"text":"ﭔ","translation":{"text":"and His Messengers","language_name":"english","language_id":38},"transliteration":{"text":"warusulihi","language_name":"english","language_id":38}},{"id":21286,"position":5,"audio_url":"wbw/057_019_005.mp3","qpc_uthmani_hafs":"أُوْلَٰٓئِكَ","char_type_name":"word","page_number":540,"line_number":1,"text":"ﭕ","translation":{"text":"[those]","language_name":"english","language_id":38},"transliteration":{"text":"ulāika","language_name":"english","language_id":38}},{"id":21287,"position":6,"audio_url":"wbw/057_019_006.mp3","qpc_uthmani_hafs":"هُمُ","char_type_name":"word","page_number":540,"line_number":1,"text":"ﭖ","translation":{"text":"they","language_name":"english","language_id":38},"transliteration":{"text":"humu","language_name":"english","language_id":38}},{"id":21288,"position":7,"audio_url":"wbw/057_019_007.mp3","qpc_uthmani_hafs":"ٱلصِّدِّيقُونَۖ","char_type_name":"word","page_number":540,"line_number":1,"text":"ﭗﭘ","translation":{"text":"(are) the truthful","language_name":"english","language_id":38},"transliteration":{"text":"l-ṣidīqūna","language_name":"english","language_id":38}},{"id":21290,"position":8,"audio_url":"wbw/057_019_009.mp3","qpc_uthmani_hafs":"وَٱلشُّهَدَآءُ","char_type_name":"word","page_number":540,"line_number":1,"text":"ﭙ","translation":{"text":"and the martyrs","language_name":"english","language_id":38},"transliteration":{"text":"wal-shuhadāu","language_name":"english","language_id":38}},{"id":21291,"position":9,"audio_url":"wbw/057_019_010.mp3","qpc_uthmani_hafs":"عِندَ","char_type_name":"word","page_number":540,"line_number":2,"text":"ﭚ","translation":{"text":"(are) with","language_name":"english","language_id":38},"transliteration":{"text":"ʿinda","language_name":"english","language_id":38}},{"id":21292,"position":10,"audio_url":"wbw/057_019_011.mp3","qpc_uthmani_hafs":"رَبِّهِمۡ","char_type_name":"word","page_number":540,"line_number":2,"text":"ﭛ","translation":{"text":"their Lord","language_name":"english","language_id":38},"transliteration":{"text":"rabbihim","language_name":"english","language_id":38}},{"id":21293,"position":11,"audio_url":"wbw/057_019_012.mp3","qpc_uthmani_hafs":"لَهُمۡ","char_type_name":"word","page_number":540,"line_number":2,"text":"ﭜ","translation":{"text":"For them","language_name":"english","language_id":38},"transliteration":{"text":"lahum","language_name":"english","language_id":38}},{"id":21294,"position":12,"audio_url":"wbw/057_019_013.mp3","qpc_uthmani_hafs":"أَجۡرُهُمۡ","char_type_name":"word","page_number":540,"line_number":2,"text":"ﭝ","translation":{"text":"(is) their reward","language_name":"english","language_id":38},"transliteration":{"text":"ajruhum","language_name":"english","language_id":38}},{"id":21295,"position":13,"audio_url":"wbw/057_019_014.mp3","qpc_uthmani_hafs":"وَنُورُهُمۡۖ","char_type_name":"word","page_number":540,"line_number":2,"text":"ﭞﭟ","translation":{"text":"and their light","language_name":"english","language_id":38},"transliteration":{"text":"wanūruhum","language_name":"english","language_id":38}},{"id":21297,"position":14,"audio_url":"wbw/057_019_016.mp3","qpc_uthmani_hafs":"وَٱلَّذِينَ","char_type_name":"word","page_number":540,"line_number":2,"text":"ﭠ","translation":{"text":"But those who","language_name":"english","language_id":38},"transliteration":{"text":"wa-alladhīna","language_name":"english","language_id":38}},{"id":21298,"position":15,"audio_url":"wbw/057_019_017.mp3","qpc_uthmani_hafs":"كَفَرُواْ","char_type_name":"word","page_number":540,"line_number":2,"text":"ﭡ","translation":{"text":"disbelieve","language_name":"english","language_id":38},"transliteration":{"text":"kafarū","language_name":"english","language_id":38}},{"id":21299,"position":16,"audio_url":"wbw/057_019_018.mp3","qpc_uthmani_hafs":"وَكَذَّبُواْ","char_type_name":"word","page_number":540,"line_number":2,"text":"ﭢ","translation":{"text":"and deny","language_name":"english","language_id":38},"transliteration":{"text":"wakadhabū","language_name":"english","language_id":38}},{"id":21300,"position":17,"audio_url":"wbw/057_019_019.mp3","qpc_uthmani_hafs":"بِـَٔايَٰتِنَآ","char_type_name":"word","page_number":540,"line_number":3,"text":"ﭣ","translation":{"text":"Our Verses","language_name":"english","language_id":38},"transliteration":{"text":"biāyātinā","language_name":"english","language_id":38}},{"id":21301,"position":18,"audio_url":"wbw/057_019_020.mp3","qpc_uthmani_hafs":"أُوْلَٰٓئِكَ","char_type_name":"word","page_number":540,"line_number":3,"text":"ﭤ","translation":{"text":"those","language_name":"english","language_id":38},"transliteration":{"text":"ulāika","language_name":"english","language_id":38}},{"id":21302,"position":19,"audio_url":"wbw/057_019_021.mp3","qpc_uthmani_hafs":"أَصۡحَٰبُ","char_type_name":"word","page_number":540,"line_number":3,"text":"ﭥ","translation":{"text":"(are the) companions","language_name":"english","language_id":38},"transliteration":{"text":"aṣḥābu","language_name":"english","language_id":38}},{"id":21303,"position":20,"audio_url":"wbw/057_019_022.mp3","qpc_uthmani_hafs":"ٱلۡجَحِيمِ","char_type_name":"word","page_number":540,"line_number":3,"text":"ﭦ","translation":{"text":"(of) the Hellfire","language_name":"english","language_id":38},"transliteration":{"text":"l-jaḥīmi","language_name":"english","language_id":38}},{"id":21304,"position":21,"audio_url":null,"qpc_uthmani_hafs":"١٩","char_type_name":"end","page_number":540,"line_number":3,"text":"ﭧ","translation":{"text":"(19)","language_name":"english","language_id":38},"transliteration":{"text":null,"language_name":"english","language_id":38}}],"translations":[{"id":921523,"resource_id":134,"text":"Dan orang-orang yang beriman kepada Allah dan rasul-Nya, mereka itu orang-orang Ṣiddīqīn<sup foot_note=211228>1</sup> dan orang-orang yang menjadi saksi di sisi Tuhan mereka.  Bagi mereka pahala dan cahaya mereka.  Dan orang-orang yang kafir dan mendustakan ayat-ayat Kami, mereka itulah penghuni-penghuni neraka."}]},{"id":5095,"verse_number":20,"verse_key":"57:20","juz_number":27,"hizb_number":54,"rub_el_hizb_number":216,"ruku_number":476,"manzil_number":7,"sajdah_number":null,"text_uthmani":"ٱعْلَمُوٓا۟ أَنَّمَا ٱلْحَيَوٰةُ ٱلدُّنْيَا لَعِبٌ وَلَهْوٌ وَزِينَةٌ وَتَفَاخُرٌۢ بَيْنَكُمْ وَتَكَاثُرٌ فِى ٱلْأَمْوَٰلِ وَٱلْأَوْلَـٰدِ ۖ كَمَثَلِ غَيْثٍ أَعْجَبَ ٱلْكُفَّارَ نَبَاتُهُۥ ثُمَّ يَهِيجُ فَتَرَىٰهُ مُصْفَرًّا ثُمَّ يَكُونُ حُطَـٰمًا ۖ وَفِى ٱلْـَٔاخِرَةِ عَذَابٌ شَدِيدٌ وَمَغْفِرَةٌ مِّنَ ٱللَّهِ وَرِضْوَٰنٌ ۚ وَمَا ٱلْحَيَوٰةُ ٱلدُّنْيَآ إِلَّا مَتَـٰعُ ٱلْغُرُورِ","page_number":540,"words":[{"id":22603,"position":1,"audio_url":"wbw/057_020_001.mp3","qpc_uthmani_hafs":"ٱعۡلَمُوٓاْ","char_type_name":"word","page_number":540,"line_number":3,"text":"ﭨ","translation":{"text":"Know","language_name":"english","language_id":38},"transliteration":{"text":"iʿ'lamū","language_name":"english","language_id":38}},{"id":22604,"position":2,"audio_url":"wbw/057_020_002.mp3","qpc_uthmani_hafs":"أَنَّمَا","char_type_name":"word","page_number":540,"line_number":3,"text":"ﭩ","translation":{"text":"that","language_name":"english","language_id":38},"transliteration":{"text":"annamā","language_name":"english","language_id":38}},{"id":22605,"position":3,"audio_url":"wbw/057_020_003.mp3","qpc_uthmani_hafs":"ٱلۡحَيَوٰةُ","char_type_name":"word","page_number":540,"line_number":3,"text":"ﭪ","translation":{"text":"the life","language_name":"english","language_id":38},"transliteration":{"text":"l-ḥayatu","language_name":"english","language_id":38}},{"id":22606,"position":4,"audio_url":"wbw/057_020_004.mp3","qpc_uthmani_hafs":"ٱلدُّنۡيَا","char_type_name":"word","page_number":540,"line_number":4,"text":"ﭫ","translation":{"text":"(of) the world","language_name":"english","language_id":38},"transliteration":{"text":"l-dun'yā","language_name":"english","language_id":38}},{"id":22607,"position":5,"audio_url":"wbw/057_020_005.mp3","qpc_uthmani_hafs":"لَعِبٞ","char_type_name":"word","page_number":540,"line_number":4,"text":"ﭬ","translation":{"text":"(is) play","language_name":"english","language_id":38},"transliteration":{"text":"laʿibun","language_name":"english","language_id":38}},{"id":22608,"position":6,"audio_url":"wbw/057_020_006.mp3","qpc_uthmani_hafs":"وَلَهۡوٞ","char_type_name":"word","page_number":540,"line_number":4,"text":"ﭭ","translation":{"text":"and amusement","language_name":"english","language_id":38},"transliteration":{"text":"walahwun","language_name":"english","language_id":38}},{"id":22609,"position":7,"audio_url":"wbw/057_020_007.mp3","qpc_uthmani_hafs":"وَزِينَةٞ","char_type_name":"word","page_number":540,"line_number":4,"text":"ﭮ","translation":{"text":"and adornment","language_name":"english","language_id":38},"transliteration":{"text":"wazīnatun","language_name":"english","language_id":38}},{"id":22610,"position":8,"audio_url":"wbw/057_020_008.mp3","qpc_uthmani_hafs":"وَتَفَاخُرُۢ","char_type_name":"word","page_number":540,"line_number":4,"text":"ﭯ","translation":{"text":"and boasting","language_name":"english","language_id":38},"transliteration":{"text":"watafākhurun","language_name":"english","language_id":38}},{"id":22611,"position":9,"audio_url":"wbw/057_020_009.mp3","qpc_uthmani_hafs":"بَيۡنَكُمۡ","char_type_name":"word","page_number":540,"line_number":4,"text":"ﭰ","translation":{"text":"among you","language_name":"english","language_id":38},"transliteration":{"text":"baynakum","language_name":"english","language_id":38}},{"id":22612,"position":10,"audio_url":"wbw/057_020_010.mp3","qpc_uthmani_hafs":"وَتَكَاثُرٞ","char_type_name":"word","page_number":540,"line_number":4,"text":"ﭱ","translation":{"text":"and competition in increase","language_name":"english","language_id":38},"transliteration":{"text":"watakāthurun","language_name":"english","language_id":38}},{"id":22613,"position":11,"audio_url":"wbw/057_020_011.mp3","qpc_uthmani_hafs":"فِي","char_type_name":"word","page_number":540,"line_number":4,"text":"ﭲ","translation":{"text":"of","language_name":"english","language_id":38},"transliteration":{"text":"fī","language_name":"english","language_id":38}},{"id":22614,"position":12,"audio_url":"wbw/057_020_012.mp3","qpc_uthmani_hafs":"ٱلۡأَمۡوَٰلِ","char_type_name":"word","page_number":540,"line_number":4,"text":"ﭳ","translation":{"text":"the wealth","language_name":"english","language_id":38},"transliteration":{"text":"l-amwāli","language_name":"english","language_id":38}},{"id":22615,"position":13,"audio_url":"wbw/057_020_013.mp3","qpc_uthmani_hafs":"وَٱلۡأَوۡلَٰدِۖ","char_type_name":"word","page_number":540,"line_number":5,"text":"ﭴﭵ","translation":{"text":"and the children","language_name":"english","language_id":38},"transliteration":{"text":"wal-awlādi","language_name":"english","language_id":38}},{"id":22617,"position":14,"audio_url":"wbw/057_020_015.mp3","qpc_uthmani_hafs":"كَمَثَلِ","char_type_name":"word","page_number":540,"line_number":5,"text":"ﭶ","translation":{"text":"like (the) example","language_name":"english","language_id":38},"transliteration":{"text":"kamathali","language_name":"english","language_id":38}},{"id":22618,"position":15,"audio_url":"wbw/057_020_016.mp3","qpc_uthmani_hafs":"غَيۡثٍ","char_type_name":"word","page_number":540,"line_number":5,"text":"ﭷ","translation":{"text":"(of) a rain","language_name":"english","language_id":38},"transliteration":{"text":"ghaythin","language_name":"english","language_id":38}},{"id":22619,"position":16,"audio_url":"wbw/057_020_017.mp3","qpc_uthmani_hafs":"أَعۡجَبَ","char_type_name":"word","page_number":540,"line_number":5,"text":"ﭸ","translation":{"text":"pleases","language_name":"english","language_id":38},"transliteration":{"text":"aʿjaba","language_name":"english","language_id":38}},{"id":22620,"position":17,"audio_url":"wbw/057_020_018.mp3","qpc_uthmani_hafs":"ٱلۡكُفَّارَ","char_type_name":"word","page_number":540,"line_number":5,"text":"ﭹ","translation":{"text":"the tillers","language_name":"english","language_id":38},"transliteration":{"text":"l-kufāra","language_name":"english","language_id":38}},{"id":22621,"position":18,"audio_url":"wbw/057_020_019.mp3","qpc_uthmani_hafs":"نَبَاتُهُۥ","char_type_name":"word","page_number":540,"line_number":5,"text":"ﭺ","translation":{"text":"its growth","language_name":"english","language_id":38},"transliteration":{"text":"nabātuhu","language_name":"english","language_id":38}},{"id":22622,"position":19,"audio_url":"wbw/057_020_020.mp3","qpc_uthmani_hafs":"ثُمَّ","char_type_name":"word","page_number":540,"line_number":5,"text":"ﭻ","translation":{"text":"then","language_name":"english","language_id":38},"transliteration":{"text":"thumma","language_name":"english","language_id":38}},{"id":22623,"position":20,"audio_url":"wbw/057_020_021.mp3","qpc_uthmani_hafs":"يَهِيجُ","char_type_name":"word","page_number":540,"line_number":5,"text":"ﭼ","translation":{"text":"it dries","language_name":"english","language_id":38},"transliteration":{"text":"yahīju","language_name":"english","language_id":38}},{"id":22624,"position":21,"audio_url":"wbw/057_020_022.mp3","qpc_uthmani_hafs":"فَتَرَىٰهُ","char_type_name":"word","page_number":540,"line_number":5,"text":"ﭽ","translation":{"text":"and you see it","language_name":"english","language_id":38},"transliteration":{"text":"fatarāhu","language_name":"english","language_id":38}},{"id":22625,"position":22,"audio_url":"wbw/057_020_023.mp3","qpc_uthmani_hafs":"مُصۡفَرّٗا","char_type_name":"word","page_number":540,"line_number":6,"text":"ﭾ","translation":{"text":"turning yellow","language_name":"english","language_id":38},"transliteration":{"text":"muṣ'farran","language_name":"english","language_id":38}},{"id":22626,"position":23,"audio_url":"wbw/057_020_024.mp3","qpc_uthmani_hafs":"ثُمَّ","char_type_name":"word","page_number":540,"line_number":6,"text":"ﭿ","translation":{"text":"then","language_name":"english","language_id":38},"transliteration":{"text":"thumma","language_name":"english","language_id":38}},{"id":22627,"position":24,"audio_url":"wbw/057_020_025.mp3","qpc_uthmani_hafs":"يَكُونُ","char_type_name":"word","page_number":540,"line_number":6,"text":"ﮀ","translation":{"text":"becomes","language_name":"english","language_id":38},"transliteration":{"text":"yakūnu","language_name":"english","language_id":38}},{"id":22628,"position":25,"audio_url":"wbw/057_020_026.mp3","qpc_uthmani_hafs":"حُطَٰمٗاۖ","char_type_name":"word","page_number":540,"line_number":6,"text":"ﮁﮂ","translation":{"text":"debris","language_name":"english","language_id":38},"transliteration":{"text":"ḥuṭāman","language_name":"english","language_id":38}},{"id":22630,"position":26,"audio_url":"wbw/057_020_028.mp3","qpc_uthmani_hafs":"وَفِي","char_type_name":"word","page_number":540,"line_number":6,"text":"ﮃ","translation":{"text":"And in","language_name":"english","language_id":38},"transliteration":{"text":"wafī","language_name":"english","language_id":38}},{"id":22631,"position":27,"audio_url":"wbw/057_020_029.mp3","qpc_uthmani_hafs":"ٱلۡأٓخِرَةِ","char_type_name":"word","page_number":540,"line_number":6,"text":"ﮄ","translation":{"text":"the Hereafter","language_name":"english","language_id":38},"transliteration":{"text":"l-ākhirati","language_name":"english","language_id":38}},{"id":22632,"position":28,"audio_url":"wbw/057_020_030.mp3","qpc_uthmani_hafs":"عَذَابٞ","char_type_name":"word","page_number":540,"line_number":6,"text":"ﮅ","translation":{"text":"(is) a punishment","language_name":"english","language_id":38},"transliteration":{"text":"ʿadhābun","language_name":"english","language_id":38}},{"id":22633,"position":29,"audio_url":"wbw/057_020_031.mp3","qpc_uthmani_hafs":"شَدِيدٞ","char_type_name":"word","page_number":540,"line_number":6,"text":"ﮆ","translation":{"text":"severe","language_name":"english","language_id":38},"transliteration":{"text":"shadīdun","language_name":"english","language_id":38}},{"id":22634,"position":30,"audio_url":"wbw/057_020_032.mp3","qpc_uthmani_hafs":"وَمَغۡفِرَةٞ","char_type_name":"word","page_number":540,"line_number":6,"text":"ﮇ","translation":{"text":"and forgiveness","language_name":"english","language_id":38},"transliteration":{"text":"wamaghfiratun","language_name":"english","language_id":38}},{"id":22635,"position":31,"audio_url":"wbw/057_020_033.mp3","qpc_uthmani_hafs":"مِّنَ","char_type_name":"word","page_number":540,"line_number":7,"text":"ﮈ","translation":{"text":"from","language_name":"english","language_id":38},"transliteration":{"text":"mina","language_name":"english","language_id":38}},{"id":22636,"position":32,"audio_url":"wbw/057_020_034.mp3","qpc_uthmani_hafs":"ٱللَّهِ","char_type_name":"word","page_number":540,"line_number":7,"text":"ﮉ","translation":{"text":"Allah","language_name":"english","language_id":38},"transliteration":{"text":"l-lahi","language_name":"english","language_id":38}},{"id":22637,"position":33,"audio_url":"wbw/057_020_035.mp3","qpc_uthmani_hafs":"وَرِضۡوَٰنٞۚ","char_type_name":"word","page_number":540,"line_number":7,"text":"ﮊﮋ","translation":{"text":"and Pleasure","language_name":"english","language_id":38},"transliteration":{"text":"wariḍ'wānun","language_name":"english","language_id":38}},{"id":22639,"position":34,"audio_url":"wbw/057_020_037.mp3","qpc_uthmani_hafs":"وَمَا","char_type_name":"word","page_number":540,"line_number":7,"text":"ﮌ","translation":{"text":"But not","language_name":"english","language_id":38},"transliteration":{"text":"wamā","language_name":"english","language_id":38}},{"id":22640,"position":35,"audio_url":"wbw/057_020_038.mp3","qpc_uthmani_hafs":"ٱلۡحَيَوٰةُ","char_type_name":"word","page_number":540,"line_number":7,"text":"ﮍ","translation":{"text":"(is) the life","language_name":"english","language_id":38},"transliteration":{"text":"l-ḥayatu","language_name":"english","language_id":38}},{"id":22641,"position":36,"audio_url":"wbw/057_020_039.mp3","qpc_uthmani_hafs":"ٱلدُّنۡيَآ","char_type_name":"word","page_number":540,"line_number":7,"text":"ﮎ","translation":{"text":"(of) the world","language_name":"english","language_id":38},"transliteration":{"text":"l-dun'yā","language_name":"english","language_id":38}},{"id":22642,"position":37,"audio_url":"wbw/057_020_040.mp3","qpc_uthmani_hafs":"إِلَّا","char_type_name":"word","page_number":540,"line_number":7,"text":"ﮏ","translation":{"text":"except","language_name":"english","language_id":38},"transliteration":{"text":"illā","language_name":"english","language_id":38}},{"id":22643,"position":38,"audio_url":"wbw/057_020_041.mp3","qpc_uthmani_hafs":"مَتَٰعُ","char_type_name":"word","page_number":540,"line_number":7,"text":"ﮐ","translation":{"text":"(the) enjoyment","language_name":"english","language_id":38},"transliteration":{"text":"matāʿu","language_name":"english","language_id":38}},{"id":22644,"position":39,"audio_url":"wbw/057_020_042.mp3","qpc_uthmani_hafs":"ٱلۡغُرُورِ","char_type_name":"word","page_number":540,"line_number":7,"text":"ﮑ","translation":{"text":"(of) delusion","language_name":"english","language_id":38},"transliteration":{"text":"l-ghurūri","language_name":"english","language_id":38}},{"id":22645,"position":40,"audio_url":null,"qpc_uthmani_hafs":"٢٠","char_type_name":"end","page_number":540,"line_number":7,"text":"ﮒ","translation":{"text":"(20)","language_name":"english","language_id":38},"transliteration":{"text":null,"language_name":"english","language_id":38}}],"translations":[{"id":921524,"resource_id":134,"text":"Ketahuilah, bahwa sesungguhnya kehidupan dunia itu hanyalah permainan dan suatu yang melalaikan, perhiasan, dan bermegah-megah antara kamu serta berbangga-banggaan tentang banyaknya harta dan anak, seperti hujan yang tanam-tanamannya mengagumkan para petani; kemudian tanaman itu menjadi kering dan kamu lihat warnanya kuning kemudian menjadi hancur. Dan di akhirat (nanti) ada azab yang keras dan ampunan dari Allah serta keridaan-Nya.  Dan kehidupan dunia ini tidak lain hanyalah kesenangan yang menipu."}]},{"id":5096,"verse_number":21,"verse_key":"57:21","juz_number":27,"hizb_number":54,"rub_el_hizb_number":216,"ruku_number":476,"manzil_number":7,"sajdah_number":null,"text_uthmani":"سَابِقُوٓا۟ إِلَىٰ مَغْفِرَةٍ مِّن رَّبِّكُمْ وَجَنَّةٍ عَرْضُهَا كَعَرْضِ ٱلسَّمَآءِ وَٱلْأَرْضِ أُعِدَّتْ لِلَّذِينَ ءَامَنُوا۟ بِٱللَّهِ وَرُسُلِهِۦ ۚ ذَٰلِكَ فَضْلُ ٱللَّهِ يُؤْتِيهِ مَن يَشَآءُ ۚ وَٱللَّهُ ذُو ٱلْفَضْلِ ٱلْعَظِيمِ","page_number":540,"words":[{"id":23785,"position":1,"audio_url":"wbw/057_021_001.mp3","qpc_uthmani_hafs":"سَابِقُوٓاْ","char_type_name":"word","page_number":540,"line_number":8,"text":"ﮓ","translation":{"text":"Race","language_name":"english","language_id":38},"transliteration":{"text":"sābiqū","language_name":"english","language_id":38}},{"id":23786,"position":2,"audio_url":"wbw/057_021_002.mp3","qpc_uthmani_hafs":"إِلَىٰ","char_type_name":"word","page_number":540,"line_number":8,"text":"ﮔ","translation":{"text":"to","language_name":"english","language_id":38},"transliteration":{"text":"ilā","language_name":"english","language_id":38}},{"id":23787,"position":3,"audio_url":"wbw/057_021_003.mp3","qpc_uthmani_hafs":"مَغۡفِرَةٖ","char_type_name":"word","page_number":540,"line_number":8,"text":"ﮕ","translation":{"text":"(the) forgiveness","language_name":"english","language_id":38},"transliteration":{"text":"maghfiratin","language_name":"english","language_id":38}},{"id":23788,"position":4,"audio_url":"wbw/057_021_004.mp3","qpc_uthmani_hafs":"مِّن","char_type_name":"word","page_number":540,"line_number":8,"text":"ﮖ","translation":{"text":"from","language_name":"english","language_id":38},"transliteration":{"text":"min","language_name":"english","language_id":38}},{"id":23789,"position":5,"audio_url":"wbw/057_021_005.mp3","qpc_uthmani_hafs":"رَّبِّكُمۡ","char_type_name":"word","page_number":540,"line_number":8,"text":"ﮗ","translation":{"text":"your Lord","language_name":"english","language_id":38},"transliteration":{"text":"rabbikum","language_name":"english","language_id":38}},{"id":23790,"position":6,"audio_url":"wbw/057_021_006.mp3","qpc_uthmani_hafs":"وَجَنَّةٍ","char_type_name":"word","page_number":540,"line_number":8,"text":"ﮘ","translation":{"text":"and a Garden","language_name":"english","language_id":38},"transliteration":{"text":"wajannatin","language_name":"english","language_id":38}},{"id":23791,"position":7,"audio_url":"wbw/057_021_007.mp3","qpc_uthmani_hafs":"عَرۡضُهَا","char_type_name":"word","page_number":540,"line_number":8,"text":"ﮙ","translation":{"text":"its width","language_name":"english","language_id":38},"transliteration":{"text":"ʿarḍuhā","language_name":"english","language_id":38}},{"id":23792,"position":8,"audio_url":"wbw/057_021_008.mp3","qpc_uthmani_hafs":"كَعَرۡضِ","char_type_name":"word","page_number":540,"line_number":8,"text":"ﮚ","translation":{"text":"(is) like (the) width","language_name":"english","language_id":38},"transliteration":{"text":"kaʿarḍi","language_name":"english","language_id":38}},{"id":23793,"position":9,"audio_url":"wbw/057_021_009.mp3","qpc_uthmani_hafs":"ٱلسَّمَآءِ","char_type_name":"word","page_number":540,"line_number":8,"text":"ﮛ","translation":{"text":"(of) the heaven","language_name":"english","language_id":38},"transliteration":{"text":"l-samāi","language_name":"english","language_id":38}},{"id":23794,"position":10,"audio_url":"wbw/057_021_010.mp3","qpc_uthmani_hafs":"وَٱلۡأَرۡضِ","char_type_name":"word","page_number":540,"line_number":9,"text":"ﮜ","translation":{"text":"and the earth","language_name":"english","language_id":38},"transliteration":{"text":"wal-arḍi","language_name":"english","language_id":38}},{"id":23795,"position":11,"audio_url":"wbw/057_021_011.mp3","qpc_uthmani_hafs":"أُعِدَّتۡ","char_type_name":"word","page_number":540,"line_number":9,"text":"ﮝ","translation":{"text":"prepared","language_name":"english","language_id":38},"transliteration":{"text":"uʿiddat","language_name":"english","language_id":38}},{"id":23796,"position":12,"audio_url":"wbw/057_021_012.mp3","qpc_uthmani_hafs":"لِلَّذِينَ","char_type_name":"word","page_number":540,"line_number":9,"text":"ﮞ","translation":{"text":"for those who","language_name":"english","language_id":38},"transliteration":{"text":"lilladhīna","language_name":"english","language_id":38}},{"id":23797,"position":13,"audio_url":"wbw/057_021_013.mp3","qpc_uthmani_hafs":"ءَامَنُواْ","char_type_name":"word","page_number":540,"line_number":9,"text":"ﮟ","translation":{"text":"believe","language_name":"english","language_id":38},"transliteration":{"text":"āmanū","language_name":"english","language_id":38}},{"id":23798,"position":14,"audio_url":"wbw/057_021_014.mp3","qpc_uthmani_hafs":"بِٱللَّهِ","char_type_name":"word","page_number":540,"line_number":9,"text":"ﮠ","translation":{"text":"in Allah","language_name":"english","language_id":38},"transliteration":{"text":"bil-lahi","language_name":"english","language_id":38}},{"id":23799,"position":15,"audio_url":"wbw/057_021_015.mp3","qpc_uthmani_hafs":"وَرُسُلِهِۦۚ","char_type_name":"word","page_number":540,"line_number":9,"text":"ﮡﮢ","translation":{"text":"and His Messengers","language_name":"english","language_id":38},"transliteration":{"text":"warusulihi","language_name":"english","language_id":38}},{"id":23801,"position":16,"audio_url":"wbw/057_021_017.mp3","qpc_uthmani_hafs":"ذَٰلِكَ","char_type_name":"word","page_number":540,"line_number":9,"text":"ﮣ","translation":{"text":"That","language_name":"english","language_id":38},"transliteration":{"text":"dhālika","language_name":"english","language_id":38}},{"id":23802,"position":17,"audio_url":"wbw/057_021_018.mp3","qpc_uthmani_hafs":"فَضۡلُ","char_type_name":"word","page_number":540,"line_number":9,"text":"ﮤ","translation":{"text":"(is the) Bounty","language_name":"english","language_id":38},"transliteration":{"text":"faḍlu","language_name":"english","language_id":38}},{"id":23803,"position":18,"audio_url":"wbw/057_021_019.mp3","qpc_uthmani_hafs":"ٱللَّهِ","char_type_name":"word","page_number":540,"line_number":10,"text":"ﮥ","translation":{"text":"(of) Allah","language_name":"english","language_id":38},"transliteration":{"text":"l-lahi","language_name":"english","language_id":38}},{"id":23804,"position":19,"audio_url":"wbw/057_021_020.mp3","qpc_uthmani_hafs":"يُؤۡتِيهِ","char_type_name":"word","page_number":540,"line_number":10,"text":"ﮦ","translation":{"text":"He gives","language_name":"english","language_id":38},"transliteration":{"text":"yu'tīhi","language_name":"english","language_id":38}},{"id":23805,"position":20,"audio_url":"wbw/057_021_021.mp3","qpc_uthmani_hafs":"مَن","char_type_name":"word","page_number":540,"line_number":10,"text":"ﮧ","translation":{"text":"(to) whom","language_name":"english","language_id":38},"transliteration":{"text":"man","language_name":"english","language_id":38}},{"id":23806,"position":21,"audio_url":"wbw/057_021_022.mp3","qpc_uthmani_hafs":"يَشَآءُۚ","char_type_name":"word","page_number":540,"line_number":10,"text":"ﮨﮩ","translation":{"text":"He wills","language_name":"english","language_id":38},"transliteration":{"text":"yashāu","language_name":"english","language_id":38}},{"id":23808,"position":22,"audio_url":"wbw/057_021_024.mp3","qpc_uthmani_hafs":"وَٱللَّهُ","char_type_name":"word","page_number":540,"line_number":10,"text":"ﮪ","translation":{"text":"And Allah","language_name":"english","language_id":38},"transliteration":{"text":"wal-lahu","language_name":"english","language_id":38}},{"id":23809,"position":23,"audio_url":"wbw/057_021_025.mp3","qpc_uthmani_hafs":"ذُو","char_type_name":"word","page_number":540,"line_number":10,"text":"ﮫ","translation":{"text":"(is) the Possessor of Bounty","language_name":"english","language_id":38},"transliteration":{"text":"dhū","language_name":"english","language_id":38}},{"id":23810,"position":24,"audio_url":"wbw/057_021_026.mp3","qpc_uthmani_hafs":"ٱلۡفَضۡلِ","char_type_name":"word","page_number":540,"line_number":10,"text":"ﮬ","translation":{"text":"(is) the Possessor of Bounty","language_name":"english","language_id":38},"transliteration":{"text":"l-faḍli","language_name":"english","language_id":38}},{"id":23811,"position":25,"audio_url":"wbw/057_021_027.mp3","qpc_uthmani_hafs":"ٱلۡعَظِيمِ","char_type_name":"word","page_number":540,"line_number":10,"text":"ﮭ","translation":{"text":"the Great","language_name":"english","language_id":38},"transliteration":{"text":"l-ʿaẓīmi","language_name":"english","language_id":38}},{"id":23812,"position":26,"audio_url":null,"qpc_uthmani_hafs":"٢١","char_type_name":"end","page_number":540,"line_number":10,"text":"ﮮ","translation":{"text":"(21)","language_name":"english","language_id":38},"transliteration":{"text":null,"language_name":"english","language_id":38}}],"translations":[{"id":921525,"resource_id":134,"text":"Berlomba-lombalah kamu kepada (mendapatkan) ampunan dari Tuhan-mu dan surga yang luasnya seluas langit dan bumi, yang disediakan bagi orang-orang yang beriman kepada Allah dan rasul-rasul-Nya.  Itulah karunia Allah, diberikan-Nya kepada siapa yang dikehendaki-Nya.  Dan Allah mempunyai karunia yang besar."}]},{"id":5097,"verse_number":22,"verse_key":"57:22","juz_number":27,"hizb_number":54,"rub_el_hizb_number":216,"ruku_number":476,"manzil_number":7,"sajdah_number":null,"text_uthmani":"مَآ أَصَابَ مِن مُّصِيبَةٍ فِى ٱلْأَرْضِ وَلَا فِىٓ أَنفُسِكُمْ إِلَّا فِى كِتَـٰبٍ مِّن قَبْلِ أَن نَّبْرَأَهَآ ۚ إِنَّ ذَٰلِكَ عَلَى ٱللَّهِ يَسِيرٌ","page_number":540,"words":[{"id":24468,"position":1,"audio_url":"wbw/057_022_001.mp3","qpc_uthmani_hafs":"مَآ","char_type_name":"word","page_number":540,"line_number":10,"text":"ﮯ","translation":{"text":"Not","language_name":"english","language_id":38},"transliteration":{"text":"mā","language_name":"english","language_id":38}},{"id":24469,"position":2,"audio_url":"wbw/057_022_002.mp3","qpc_uthmani_hafs":"أَصَابَ","char_type_name":"word","page_number":540,"line_number":10,"text":"ﮰ","translation":{"text":"strikes","language_name":"english","language_id":38},"transliteration":{"text":"aṣāba","language_name":"english","language_id":38}},{"id":24470,"position":3,"audio_url":"wbw/057_022_003.mp3","qpc_uthmani_hafs":"مِن","char_type_name":"word","page_number":540,"line_number":11,"text":"ﮱ","translation":{"text":"any","language_name":"english","language_id":38},"transliteration":{"text":"min","language_name":"english","language_id":38}},{"id":24471,"position":4,"audio_url":"wbw/057_022_004.mp3","qpc_uthmani_hafs":"مُّصِيبَةٖ","char_type_name":"word","page_number":540,"line_number":11,"text":"ﯓ","translation":{"text":"disaster","language_name":"english","language_id":38},"transliteration":{"text":"muṣībatin","language_name":"english","language_id":38}},{"id":24472,"position":5,"audio_url":"wbw/057_022_005.mp3","qpc_uthmani_hafs":"فِي","char_type_name":"word","page_number":540,"line_number":11,"text":"ﯔ","translation":{"text":"in","language_name":"english","language_id":38},"transliteration":{"text":"fī","language_name":"english","language_id":38}},{"id":24473,"position":6,"audio_url":"wbw/057_022_006.mp3","qpc_uthmani_hafs":"ٱلۡأَرۡضِ","char_type_name":"word","page_number":540,"line_number":11,"text":"ﯕ","translation":{"text":"the earth","language_name":"english","language_id":38},"transliteration":{"text":"l-arḍi","language_name":"english","language_id":38}},{"id":24474,"position":7,"audio_url":"wbw/057_022_007.mp3","qpc_uthmani_hafs":"وَلَا","char_type_name":"word","page_number":540,"line_number":11,"text":"ﯖ","translation":{"text":"and not","language_name":"english","language_id":38},"transliteration":{"text":"walā","language_name":"english","language_id":38}},{"id":24475,"position":8,"audio_url":"wbw/057_022_008.mp3","qpc_uthmani_hafs":"فِيٓ","char_type_name":"word","page_number":540,"line_number":11,"text":"ﯗ","translation":{"text":"in","language_name":"english","language_id":38},"transliteration":{"text":"fī","language_name":"english","language_id":38}},{"id":24476,"position":9,"audio_url":"wbw/057_022_009.mp3","qpc_uthmani_hafs":"أَنفُسِكُمۡ","char_type_name":"word","page_number":540,"line_number":11,"text":"ﯘ","translation":{"text":"yourselves","language_name":"english","language_id":38},"transliteration":{"text":"anfusikum","language_name":"english","language_id":38}},{"id":24477,"position":10,"audio_url":"wbw/057_022_010.mp3","qpc_uthmani_hafs":"إِلَّا","char_type_name":"word","page_number":540,"line_number":11,"text":"ﯙ","translation":{"text":"but","language_name":"english","language_id":38},"transliteration":{"text":"illā","language_name":"english","language_id":38}},{"id":24478,"position":11,"audio_url":"wbw/057_022_011.mp3","qpc_uthmani_hafs":"فِي","char_type_name":"word","page_number":540,"line_number":11,"text":"ﯚ","translation":{"text":"in","language_name":"english","language_id":38},"transliteration":{"text":"fī","language_name":"english","language_id":38}},{"id":24479,"position":12,"audio_url":"wbw/057_022_012.mp3","qpc_uthmani_hafs":"كِتَٰبٖ","char_type_name":"word","page_number":540,"line_number":11,"text":"ﯛ","translation":{"text":"a Register","language_name":"english","language_id":38},"transliteration":{"text":"kitābin","language_name":"english","language_id":38}},{"id":24480,"position":13,"audio_url":"wbw/057_022_013.mp3","qpc_uthmani_hafs":"مِّن","char_type_name":"word","page_number":540,"line_number":12,"text":"ﯜ","translation":{"text":"before","language_name":"english","language_id":38},"transliteration":{"text":"min","language_name":"english","language_id":38}},{"id":24481,"position":14,"audio_url":"wbw/057_022_014.mp3","qpc_uthmani_hafs":"قَبۡلِ","char_type_name":"word","page_number":540,"line_number":12,"text":"ﯝ","translation":{"text":"before","language_name":"english","language_id":38},"transliteration":{"text":"qabli","language_name":"english","language_id":38}},{"id":24482,"position":15,"audio_url":"wbw/057_022_015.mp3","qpc_uthmani_hafs":"أَن","char_type_name":"word","page_number":540,"line_number":12,"text":"ﯞ","translation":{"text":"that","language_name":"english","language_id":38},"transliteration":{"text":"an","language_name":"english","language_id":38}},{"id":24483,"position":16,"audio_url":"wbw/057_022_016.mp3","qpc_uthmani_hafs":"نَّبۡرَأَهَآۚ","char_type_name":"word","page_number":540,"line_number":12,"text":"ﯟﯠ","translation":{"text":"We bring it into existence","language_name":"english","language_id":38},"transliteration":{"text":"nabra-ahā","language_name":"english","language_id":38}},{"id":24485,"position":17,"audio_url":"wbw/057_022_018.mp3","qpc_uthmani_hafs":"إِنَّ","char_type_name":"word","page_number":540,"line_number":12,"text":"ﯡ","translation":{"text":"Indeed","language_name":"english","language_id":38},"transliteration":{"text":"inna","language_name":"english","language_id":38}},{"id":24486,"position":18,"audio_url":"wbw/057_022_019.mp3","qpc_uthmani_hafs":"ذَٰلِكَ","char_type_name":"word","page_number":540,"line_number":12,"text":"ﯢ","translation":{"text":"that","language_name":"english","language_id":38},"transliteration":{"text":"dhālika","language_name":"english","language_id":38}},{"id":24487,"position":19,"audio_url":"wbw/057_022_020.mp3","qpc_uthmani_hafs":"عَلَى","char_type_name":"word","page_number":540,"line_number":12,"text":"ﯣ","translation":{"text":"for","language_name":"english","language_id":38},"transliteration":{"text":"ʿalā","language_name":"english","language_id":38}},{"id":24488,"position":20,"audio_url":"wbw/057_022_021.mp3","qpc_uthmani_hafs":"ٱللَّهِ","char_type_name":"word","page_number":540,"line_number":12,"text":"ﯤ","translation":{"text":"Allah","language_name":"english","language_id":38},"transliteration":{"text":"l-lahi","language_name":"english","language_id":38}},{"id":24489,"position":21,"audio_url":"wbw/057_022_022.mp3","qpc_uthmani_hafs":"يَسِيرٞ","char_type_name":"word","page_number":540,"line_number":12,"text":"ﯥ","translation":{"text":"(is) easy","language_name":"english","language_id":38},"transliteration":{"text":"yasīrun","language_name":"english","language_id":38}},{"id":24490,"position":22,"audio_url":null,"qpc_uthmani_hafs":"٢٢","char_type_name":"end","page_number":540,"line_number":12,"text":"ﯦ","translation":{"text":"(22)","language_name":"english","language_id":38},"transliteration":{"text":null,"language_name":"english","language_id":38}}],"translations":[{"id":921526,"resource_id":134,"text":"Tiada suatu bencana pun yang menimpa di bumi dan (tidak pula) pada dirimu sendiri melainkan telah tertulis dalam kitab (Lawḥ Maḥfūẓ) sebelum Kami menciptakannya.  Sesungguhnya yang demikian itu adalah mudah bagi Allah."}]},{"id":5098,"verse_number":23,"verse_key":"57:23","juz_number":27,"hizb_number":54,"rub_el_hizb_number":216,"ruku_number":476,"manzil_number":7,"sajdah_number":null,"text_uthmani":"لِّكَيْلَا تَأْسَوْا۟ عَلَىٰ مَا فَاتَكُمْ وَلَا تَفْرَحُوا۟ بِمَآ ءَاتَىٰكُمْ ۗ وَٱللَّهُ لَا يُحِبُّ كُلَّ مُخْتَالٍ فَخُورٍ","page_number":540,"words":[{"id":25812,"position":1,"audio_url":"wbw/057_023_001.mp3","qpc_uthmani_hafs":"لِّكَيۡلَا","char_type_name":"word","page_number":540,"line_number":12,"text":"ﯧ","translation":{"text":"So that you may not","language_name":"english","language_id":38},"transliteration":{"text":"likaylā","language_name":"english","language_id":38}},{"id":25813,"position":2,"audio_url":"wbw/057_023_002.mp3","qpc_uthmani_hafs":"تَأۡسَوۡاْ","char_type_name":"word","page_number":540,"line_number":13,"text":"ﯨ","translation":{"text":"grieve","language_name":"english","language_id":38},"transliteration":{"text":"tasaw","language_name":"english","language_id":38}},{"id":25814,"position":3,"audio_url":"wbw/057_023_003.mp3","qpc_uthmani_hafs":"عَلَىٰ","char_type_name":"word","page_number":540,"line_number":13,"text":"ﯩ","translation":{"text":"over","language_name":"english","language_id":38},"transliteration":{"text":"ʿalā","language_name":"english","language_id":38}},{"id":25815,"position":4,"audio_url":"wbw/057_023_004.mp3","qpc_uthmani_hafs":"مَا","char_type_name":"word","page_number":540,"line_number":13,"text":"ﯪ","translation":{"text":"what","language_name":"english","language_id":38},"transliteration":{"text":"mā","language_name":"english","language_id":38}},{"id":25816,"position":5,"audio_url":"wbw/057_023_005.mp3","qpc_uthmani_hafs":"فَاتَكُمۡ","char_type_name":"word","page_number":540,"line_number":13,"text":"ﯫ","translation":{"text":"has escaped you","language_name":"english","language_id":38},"transliteration":{"text":"fātakum","language_name":"english","language_id":38}},{"id":25817,"position":6,"audio_url":"wbw/057_023_006.mp3","qpc_uthmani_hafs":"وَلَا","char_type_name":"word","page_number":540,"line_number":13,"text":"ﯬ","translation":{"text":"and (do) not","language_name":"english","language_id":38},"transliteration":{"text":"walā","language_name":"english","language_id":38}},{"id":25818,"position":7,"audio_url":"wbw/057_023_007.mp3","qpc_uthmani_hafs":"تَفۡرَحُواْ","char_type_name":"word","page_number":540,"line_number":13,"text":"ﯭ","translation":{"text":"exult","language_name":"english","language_id":38},"transliteration":{"text":"tafraḥū","language_name":"english","language_id":38}},{"id":25819,"position":8,"audio_url":"wbw/057_023_008.mp3","qpc_uthmani_hafs":"بِمَآ","char_type_name":"word","page_number":540,"line_number":13,"text":"ﯮ","translation":{"text":"at what","language_name":"english","language_id":38},"transliteration":{"text":"bimā","language_name":"english","language_id":38}},{"id":25820,"position":9,"audio_url":"wbw/057_023_009.mp3","qpc_uthmani_hafs":"ءَاتَىٰكُمۡۗ","char_type_name":"word","page_number":540,"line_number":13,"text":"ﯯﯰ","translation":{"text":"He has given you","language_name":"english","language_id":38},"transliteration":{"text":"ātākum","language_name":"english","language_id":38}},{"id":25822,"position":10,"audio_url":"wbw/057_023_011.mp3","qpc_uthmani_hafs":"وَٱللَّهُ","char_type_name":"word","page_number":540,"line_number":13,"text":"ﯱ","translation":{"text":"And Allah","language_name":"english","language_id":38},"transliteration":{"text":"wal-lahu","language_name":"english","language_id":38}},{"id":25823,"position":11,"audio_url":"wbw/057_023_012.mp3","qpc_uthmani_hafs":"لَا","char_type_name":"word","page_number":540,"line_number":14,"text":"ﯲ","translation":{"text":"(does) not","language_name":"english","language_id":38},"transliteration":{"text":"lā","language_name":"english","language_id":38}},{"id":25824,"position":12,"audio_url":"wbw/057_023_013.mp3","qpc_uthmani_hafs":"يُحِبُّ","char_type_name":"word","page_number":540,"line_number":14,"text":"ﯳ","translation":{"text":"love","language_name":"english","language_id":38},"transliteration":{"text":"yuḥibbu","language_name":"english","language_id":38}},{"id":25825,"position":13,"audio_url":"wbw/057_023_014.mp3","qpc_uthmani_hafs":"كُلَّ","char_type_name":"word","page_number":540,"line_number":14,"text":"ﯴ","translation":{"text":"every","language_name":"english","language_id":38},"transliteration":{"text":"kulla","language_name":"english","language_id":38}},{"id":25826,"position":14,"audio_url":"wbw/057_023_015.mp3","qpc_uthmani_hafs":"مُخۡتَالٖ","char_type_name":"word","page_number":540,"line_number":14,"text":"ﯵ","translation":{"text":"self-deluded","language_name":"english","language_id":38},"transliteration":{"text":"mukh'tālin","language_name":"english","language_id":38}},{"id":25827,"position":15,"audio_url":"wbw/057_023_016.mp3","qpc_uthmani_hafs":"فَخُورٍ","char_type_name":"word","page_number":540,"line_number":14,"text":"ﯶ","translation":{"text":"boaster","language_name":"english","language_id":38},"transliteration":{"text":"fakhūrin","language_name":"english","language_id":38}},{"id":25828,"position":16,"audio_url":null,"qpc_uthmani_hafs":"٢٣","char_type_name":"end","page_number":540,"line_number":14,"text":"ﯷ","translation":{"text":"(23)","language_name":"english","language_id":38},"transliteration":{"text":null,"language_name":"english","language_id":38}}],"translations":[{"id":921527,"resource_id":134,"text":"(Kami jelaskan yang demikian itu) supaya kamu jangan berduka cita terhadap apa yang luput dari kamu, dan supaya kamu jangan terlalu gembira<sup foot_note=211229>1</sup> terhadap apa yang diberikan-Nya kepadamu.  Dan Allah tidak menyukai setiap orang yang sombong lagi membanggakan diri,"}]},{"id":5099,"verse_number":24,"verse_key":"57:24","juz_number":27,"hizb_number":54,"rub_el_hizb_number":216,"ruku_number":476,"manzil_number":7,"sajdah_number":null,"text_uthmani":"ٱلَّذِينَ يَبْخَلُونَ وَيَأْمُرُونَ ٱلنَّاسَ بِٱلْبُخْلِ ۗ وَمَن يَتَوَلَّ فَإِنَّ ٱللَّهَ هُوَ ٱلْغَنِىُّ ٱلْحَمِيدُ","page_number":540,"words":[{"id":26541,"position":1,"audio_url":"wbw/057_024_001.mp3","qpc_uthmani_hafs":"ٱلَّذِينَ","char_type_name":"word","page_number":540,"line_number":14,"text":"ﯸ","translation":{"text":"Those who","language_name":"english","language_id":38},"transliteration":{"text":"alladhīna","language_name":"english","language_id":38}},{"id":26542,"position":2,"audio_url":"wbw/057_024_002.mp3","qpc_uthmani_hafs":"يَبۡخَلُونَ","char_type_name":"word","page_number":540,"line_number":14,"text":"ﯹ","translation":{"text":"are stingy","language_name":"english","language_id":38},"transliteration":{"text":"yabkhalūna","language_name":"english","language_id":38}},{"id":26543,"position":3,"audio_url":"wbw/057_024_003.mp3","qpc_uthmani_hafs":"وَيَأۡمُرُونَ","char_type_name":"word","page_number":540,"line_number":14,"text":"ﯺ","translation":{"text":"and enjoin","language_name":"english","language_id":38},"transliteration":{"text":"wayamurūna","language_name":"english","language_id":38}},{"id":26544,"position":4,"audio_url":"wbw/057_024_004.mp3","qpc_uthmani_hafs":"ٱلنَّاسَ","char_type_name":"word","page_number":540,"line_number":15,"text":"ﯻ","translation":{"text":"(on) the people","language_name":"english","language_id":38},"transliteration":{"text":"l-nāsa","language_name":"english","language_id":38}},{"id":26545,"position":5,"audio_url":"wbw/057_024_005.mp3","qpc_uthmani_hafs":"بِٱلۡبُخۡلِۗ","char_type_name":"word","page_number":540,"line_number":15,"text":"ﯼﯽ","translation":{"text":"stinginess","language_name":"english","language_id":38},"transliteration":{"text":"bil-bukh'li","language_name":"english","language_id":38}},{"id":26547,"position":6,"audio_url":"wbw/057_024_007.mp3","qpc_uthmani_hafs":"وَمَن","char_type_name":"word","page_number":540,"line_number":15,"text":"ﯾ","translation":{"text":"And whoever","language_name":"english","language_id":38},"transliteration":{"text":"waman","language_name":"english","language_id":38}},{"id":26548,"position":7,"audio_url":"wbw/057_024_008.mp3","qpc_uthmani_hafs":"يَتَوَلَّ","char_type_name":"word","page_number":540,"line_number":15,"text":"ﯿ","translation":{"text":"turns away","language_name":"english","language_id":38},"transliteration":{"text":"yatawalla","language_name":"english","language_id":38}},{"id":26549,"position":8,"audio_url":"wbw/057_024_009.mp3","qpc_uthmani_hafs":"فَإِنَّ","char_type_name":"word","page_number":540,"line_number":15,"text":"ﰀ","translation":{"text":"then indeed","language_name":"english","language_id":38},"transliteration":{"text":"fa-inna","language_name":"english","language_id":38}},{"id":26550,"position":9,"audio_url":"wbw/057_024_010.mp3","qpc_uthmani_hafs":"ٱللَّهَ","char_type_name":"word","page_number":540,"line_number":15,"text":"ﰁ","translation":{"text":"Allah","language_name":"english","language_id":38},"transliteration":{"text":"l-laha","language_name":"english","language_id":38}},{"id":26551,"position":10,"audio_url":"wbw/057_024_011.mp3","qpc_uthmani_hafs":"هُوَ","char_type_name":"word","page_number":540,"line_number":15,"text":"ﰂ","translation":{"text":"He","language_name":"english","language_id":38},"transliteration":{"text":"huwa","language_name":"english","language_id":38}},{"id":26552,"position":11,"audio_url":"wbw/057_024_012.mp3","qpc_uthmani_hafs":"ٱلۡغَنِيُّ","char_type_name":"word","page_number":540,"line_number":15,"text":"ﰃ","translation":{"text":"(is) Free of need","language_name":"english","language_id":38},"transliteration":{"text":"l-ghaniyu","language_name":"english","language_id":38}},{"id":26553,"position":12,"audio_url":"wbw/057_024_013.mp3","qpc_uthmani_hafs":"ٱلۡحَمِيدُ","char_type_name":"word","page_number":540,"line_number":15,"text":"ﰄ","translation":{"text":"the Praiseworthy","language_name":"english","language_id":38},"transliteration":{"text":"l-ḥamīdu","language_name":"english","language_id":38}},{"id":26554,"position":13,"audio_url":null,"qpc_uthmani_hafs":"٢٤","char_type_name":"end","page_number":540,"line_number":15,"text":"ﰅ","translation":{"text":"(24)","language_name":"english","language_id":38},"transliteration":{"text":null,"language_name":"english","language_id":38}}],"translations":[{"id":921528,"resource_id":134,"text":"(yaitu) orang-orang yang kikir dan menyuruh manusia berbuat kikir.  Dan barang siapa yang berpaling (dari perintah-perintah Allah), maka sesungguhnya Allah Dia-lah Yang Maha Kaya lagi Maha Terpuji."}]}],"pagination":{"per_page":50,"current_page":1,"next_page":null,"total_pages":1,"total_records":6}}