{"verses":[{"id":5105,"verse_number":1,"verse_key":"58:1","juz_number":28,"hizb_number":55,"rub_el_hizb_number":217,"ruku_number":478,"manzil_number":7,"sajdah_number":null,"text_uthmani":" قَدْ سَمِعَ ٱللَّهُ قَوْلَ ٱلَّتِى تُجَـٰدِلُكَ فِى زَوْجِهَا وَتَشْتَكِىٓ إِلَى ٱللَّهِ وَٱللَّهُ يَسْمَعُ تَحَاوُرَكُمَآ ۚ إِنَّ ٱللَّهَ سَمِيعٌۢ بَصِيرٌ","page_number":542,"words":[{"id":358,"position":1,"audio_url":"wbw/058_001_001.mp3","qpc_uthmani_hafs":"قَدۡ","char_type_name":"word","page_number":542,"line_number":3,"text":"ﭑ","translation":{"text":"Indeed","language_name":"english","language_id":38},"transliteration":{"text":"qad","language_name":"english","language_id":38}},{"id":359,"position":2,"audio_url":"wbw/058_001_002.mp3","qpc_uthmani_hafs":"سَمِعَ","char_type_name":"word","page_number":542,"line_number":3,"text":"ﭒ","translation":{"text":"Allah has heard","language_name":"english","language_id":38},"transliteration":{"text":"samiʿa","language_name":"english","language_id":38}},{"id":360,"position":3,"audio_url":"wbw/058_001_003.mp3","qpc_uthmani_hafs":"ٱللَّهُ","char_type_name":"word","page_number":542,"line_number":3,"text":"ﭓ","translation":{"text":"Allah has heard","language_name":"english","language_id":38},"transliteration":{"text":"l-lahu","language_name":"english","language_id":38}},{"id":361,"position":4,"audio_url":"wbw/058_001_004.mp3","qpc_uthmani_hafs":"قَوۡلَ","char_type_name":"word","page_number":542,"line_number":3,"text":"ﭔ","translation":{"text":"(the) speech","language_name":"english","language_id":38},"transliteration":{"text":"qawla","language_name":"english","language_id":38}},{"id":362,"position":5,"audio_url":"wbw/058_001_005.mp3","qpc_uthmani_hafs":"ٱلَّتِي","char_type_name":"word","page_number":542,"line_number":3,"text":"ﭕ","translation":{"text":"(of one) who","language_name":"english","language_id":38},"transliteration":{"text":"allatī","language_name":"english","language_id":38}},{"id":363,"position":6,"audio_url":"wbw/058_001_006.mp3","qpc_uthmani_hafs":"تُجَٰدِلُكَ","char_type_name":"word","page_number":542,"line_number":3,"text":"ﭖ","translation":{"text":"disputes with you","language_name":"english","language_id":38},"transliteration":{"text":"tujādiluka","language_name":"english","language_id":38}},{"id":364,"position":7,"audio_url":"wbw/058_001_007.mp3","qpc_uthmani_hafs":"فِي","char_type_name":"word","page_number":542,"line_number":3,"text":"ﭗ","translation":{"text":"concerning","language_name":"english","language_id":38},"transliteration":{"text":"fī","language_name":"english","language_id":38}},{"id":365,"position":8,"audio_url":"wbw/058_001_008.mp3","qpc_uthmani_hafs":"زَوۡجِهَا","char_type_name":"word","page_number":542,"line_number":3,"text":"ﭘ","translation":{"text":"her husband","language_name":"english","language_id":38},"transliteration":{"text":"zawjihā","language_name":"english","language_id":38}},{"id":366,"position":9,"audio_url":"wbw/058_001_009.mp3","qpc_uthmani_hafs":"وَتَشۡتَكِيٓ","char_type_name":"word","page_number":542,"line_number":3,"text":"ﭙ","translation":{"text":"and she directs her complaint","language_name":"english","language_id":38},"transliteration":{"text":"watashtakī","language_name":"english","language_id":38}},{"id":367,"position":10,"audio_url":"wbw/058_001_010.mp3","qpc_uthmani_hafs":"إِلَى","char_type_name":"word","page_number":542,"line_number":3,"text":"ﭚ","translation":{"text":"to","language_name":"english","language_id":38},"transliteration":{"text":"ilā","language_name":"english","language_id":38}},{"id":368,"position":11,"audio_url":"wbw/058_001_011.mp3","qpc_uthmani_hafs":"ٱللَّهِ","char_type_name":"word","page_number":542,"line_number":3,"text":"ﭛ","translation":{"text":"Allah","language_name":"english","language_id":38},"transliteration":{"text":"l-lahi","language_name":"english","language_id":38}},{"id":369,"position":12,"audio_url":"wbw/058_001_012.mp3","qpc_uthmani_hafs":"وَٱللَّهُ","char_type_name":"word","page_number":542,"line_number":4,"text":"ﭜ","translation":{"text":"And Allah","language_name":"english","language_id":38},"transliteration":{"text":"wal-lahu","language_name":"english","language_id":38}},{"id":370,"position":13,"audio_url":"wbw/058_001_013.mp3","qpc_uthmani_hafs":"يَسۡمَعُ","char_type_name":"word","page_number":542,"line_number":4,"text":"ﭝ","translation":{"text":"hears","language_name":"english","language_id":38},"transliteration":{"text":"yasmaʿu","language_name":"english","language_id":38}},{"id":371,"position":14,"audio_url":"wbw/058_001_014.mp3","qpc_uthmani_hafs":"تَحَاوُرَكُمَآۚ","char_type_name":"word","page_number":542,"line_number":4,"text":"ﭞﭟ","translation":{"text":"(the) dialogue of both of you","language_name":"english","language_id":38},"transliteration":{"text":"taḥāwurakumā","language_name":"english","language_id":38}},{"id":373,"position":15,"audio_url":"wbw/058_001_016.mp3","qpc_uthmani_hafs":"إِنَّ","char_type_name":"word","page_number":542,"line_number":4,"text":"ﭠ","translation":{"text":"Indeed","language_name":"english","language_id":38},"transliteration":{"text":"inna","language_name":"english","language_id":38}},{"id":374,"position":16,"audio_url":"wbw/058_001_017.mp3","qpc_uthmani_hafs":"ٱللَّهَ","char_type_name":"word","page_number":542,"line_number":4,"text":"ﭡ","translation":{"text":"Allah","language_name":"english","language_id":38},"transliteration":{"text":"l-laha","language_name":"english","language_id":38}},{"id":375,"position":17,"audio_url":"wbw/058_001_018.mp3","qpc_uthmani_hafs":"سَمِيعُۢ","char_type_name":"word","page_number":542,"line_number":4,"text":"ﭢ","translation":{"text":"(is) All-Hearer","language_name":"english","language_id":38},"transliteration":{"text":"samīʿun","language_name":"english","language_id":38}},{"id":376,"position":18,"audio_url":"wbw/058_001_019.mp3","qpc_uthmani_hafs":"بَصِيرٌ","char_type_name":"word","page_number":542,"line_number":4,"text":"ﭣ","translation":{"text":"All-Seer","language_name":"english","language_id":38},"transliteration":{"text":"baṣīrun","language_name":"english","language_id":38}},{"id":377,"position":19,"audio_url":null,"qpc_uthmani_hafs":"١","char_type_name":"end","page_number":542,"line_number":4,"text":"ﭤ","translation":{"text":"(1)","language_name":"english","language_id":38},"transliteration":{"text":null,"language_name":"english","language_id":38}}],"translations":[{"id":921534,"resource_id":134,"text":"Sesungguhnya Allah telah mendengar perkataan wanita yang memajukan gugatan kepada kamu tentang suaminya, dan mengadukan (halnya) kepada Allah.  Dan Allah mendengar soal jawab antara kamu berdua.  Sesungguhnya Allah Maha Mendengar lagi Maha Melihat<sup foot_note=211231>1</sup>."}]},{"id":5106,"verse_number":2,"verse_key":"58:2","juz_number":28,"hizb_number":55,"rub_el_hizb_number":217,"ruku_number":478,"manzil_number":7,"sajdah_number":null,"text_uthmani":"ٱلَّذِينَ يُظَـٰهِرُونَ مِنكُم مِّن نِّسَآئِهِم مَّا هُنَّ أُمَّهَـٰتِهِمْ ۖ إِنْ أُمَّهَـٰتُهُمْ إِلَّا ٱلَّـٰٓـِٔى وَلَدْنَهُمْ ۚ وَإِنَّهُمْ لَيَقُولُونَ مُنكَرًا مِّنَ ٱلْقَوْلِ وَزُورًا ۚ وَإِنَّ ٱللَّهَ لَعَفُوٌّ غَفُورٌ","page_number":542,"words":[{"id":1632,"position":1,"audio_url":"wbw/058_002_001.mp3","qpc_uthmani_hafs":"ٱلَّذِينَ","char_type_name":"word","page_number":542,"line_number":4,"text":"ﭥ","translation":{"text":"Those who","language_name":"english","language_id":38},"transliteration":{"text":"alladhīna","language_name":"english","language_id":38}},{"id":1633,"position":2,"audio_url":"wbw/058_002_002.mp3","qpc_uthmani_hafs":"يُظَٰهِرُونَ","char_type_name":"word","page_number":542,"line_number":4,"text":"ﭦ","translation":{"text":"pronounce zihar","language_name":"english","language_id":38},"transliteration":{"text":"yuẓāhirūna","language_name":"english","language_id":38}},{"id":1634,"position":3,"audio_url":"wbw/058_002_003.mp3","qpc_uthmani_hafs":"مِنكُم","char_type_name":"word","page_number":542,"line_number":5,"text":"ﭧ","translation":{"text":"among you","language_name":"english","language_id":38},"transliteration":{"text":"minkum","language_name":"english","language_id":38}},{"id":1635,"position":4,"audio_url":"wbw/058_002_004.mp3","qpc_uthmani_hafs":"مِّن","char_type_name":"word","page_number":542,"line_number":5,"text":"ﭨ","translation":{"text":"[from]","language_name":"english","language_id":38},"transliteration":{"text":"min","language_name":"english","language_id":38}},{"id":1636,"position":5,"audio_url":"wbw/058_002_005.mp3","qpc_uthmani_hafs":"نِّسَآئِهِم","char_type_name":"word","page_number":542,"line_number":5,"text":"ﭩ","translation":{"text":"(to) their wives","language_name":"english","language_id":38},"transliteration":{"text":"nisāihim","language_name":"english","language_id":38}},{"id":1637,"position":6,"audio_url":"wbw/058_002_006.mp3","qpc_uthmani_hafs":"مَّا","char_type_name":"word","page_number":542,"line_number":5,"text":"ﭪ","translation":{"text":"not","language_name":"english","language_id":38},"transliteration":{"text":"mā","language_name":"english","language_id":38}},{"id":1638,"position":7,"audio_url":"wbw/058_002_007.mp3","qpc_uthmani_hafs":"هُنَّ","char_type_name":"word","page_number":542,"line_number":5,"text":"ﭫ","translation":{"text":"they","language_name":"english","language_id":38},"transliteration":{"text":"hunna","language_name":"english","language_id":38}},{"id":1639,"position":8,"audio_url":"wbw/058_002_008.mp3","qpc_uthmani_hafs":"أُمَّهَٰتِهِمۡۖ","char_type_name":"word","page_number":542,"line_number":5,"text":"ﭬﭭ","translation":{"text":"(are) their mothers","language_name":"english","language_id":38},"transliteration":{"text":"ummahātihim","language_name":"english","language_id":38}},{"id":1641,"position":9,"audio_url":"wbw/058_002_010.mp3","qpc_uthmani_hafs":"إِنۡ","char_type_name":"word","page_number":542,"line_number":5,"text":"ﭮ","translation":{"text":"Not","language_name":"english","language_id":38},"transliteration":{"text":"in","language_name":"english","language_id":38}},{"id":1642,"position":10,"audio_url":"wbw/058_002_011.mp3","qpc_uthmani_hafs":"أُمَّهَٰتُهُمۡ","char_type_name":"word","page_number":542,"line_number":5,"text":"ﭯ","translation":{"text":"(are) their mothers","language_name":"english","language_id":38},"transliteration":{"text":"ummahātuhum","language_name":"english","language_id":38}},{"id":1643,"position":11,"audio_url":"wbw/058_002_012.mp3","qpc_uthmani_hafs":"إِلَّا","char_type_name":"word","page_number":542,"line_number":5,"text":"ﭰ","translation":{"text":"except","language_name":"english","language_id":38},"transliteration":{"text":"illā","language_name":"english","language_id":38}},{"id":1644,"position":12,"audio_url":"wbw/058_002_013.mp3","qpc_uthmani_hafs":"ٱلَّٰٓـِٔي","char_type_name":"word","page_number":542,"line_number":5,"text":"ﭱ","translation":{"text":"those who","language_name":"english","language_id":38},"transliteration":{"text":"allāī","language_name":"english","language_id":38}},{"id":1645,"position":13,"audio_url":"wbw/058_002_014.mp3","qpc_uthmani_hafs":"وَلَدۡنَهُمۡۚ","char_type_name":"word","page_number":542,"line_number":6,"text":"ﭲﭳ","translation":{"text":"gave them birth","language_name":"english","language_id":38},"transliteration":{"text":"waladnahum","language_name":"english","language_id":38}},{"id":1647,"position":14,"audio_url":"wbw/058_002_016.mp3","qpc_uthmani_hafs":"وَإِنَّهُمۡ","char_type_name":"word","page_number":542,"line_number":6,"text":"ﭴ","translation":{"text":"And indeed, they","language_name":"english","language_id":38},"transliteration":{"text":"wa-innahum","language_name":"english","language_id":38}},{"id":1648,"position":15,"audio_url":"wbw/058_002_017.mp3","qpc_uthmani_hafs":"لَيَقُولُونَ","char_type_name":"word","page_number":542,"line_number":6,"text":"ﭵ","translation":{"text":"surely say","language_name":"english","language_id":38},"transliteration":{"text":"layaqūlūna","language_name":"english","language_id":38}},{"id":1649,"position":16,"audio_url":"wbw/058_002_018.mp3","qpc_uthmani_hafs":"مُنكَرٗا","char_type_name":"word","page_number":542,"line_number":6,"text":"ﭶ","translation":{"text":"an evil","language_name":"english","language_id":38},"transliteration":{"text":"munkaran","language_name":"english","language_id":38}},{"id":1650,"position":17,"audio_url":"wbw/058_002_019.mp3","qpc_uthmani_hafs":"مِّنَ","char_type_name":"word","page_number":542,"line_number":6,"text":"ﭷ","translation":{"text":"[of]","language_name":"english","language_id":38},"transliteration":{"text":"mina","language_name":"english","language_id":38}},{"id":1651,"position":18,"audio_url":"wbw/058_002_020.mp3","qpc_uthmani_hafs":"ٱلۡقَوۡلِ","char_type_name":"word","page_number":542,"line_number":6,"text":"ﭸ","translation":{"text":"[the] word","language_name":"english","language_id":38},"transliteration":{"text":"l-qawli","language_name":"english","language_id":38}},{"id":1652,"position":19,"audio_url":"wbw/058_002_021.mp3","qpc_uthmani_hafs":"وَزُورٗاۚ","char_type_name":"word","page_number":542,"line_number":6,"text":"ﭹﭺ","translation":{"text":"and a lie","language_name":"english","language_id":38},"transliteration":{"text":"wazūran","language_name":"english","language_id":38}},{"id":1654,"position":20,"audio_url":"wbw/058_002_023.mp3","qpc_uthmani_hafs":"وَإِنَّ","char_type_name":"word","page_number":542,"line_number":6,"text":"ﭻ","translation":{"text":"But indeed","language_name":"english","language_id":38},"transliteration":{"text":"wa-inna","language_name":"english","language_id":38}},{"id":1655,"position":21,"audio_url":"wbw/058_002_024.mp3","qpc_uthmani_hafs":"ٱللَّهَ","char_type_name":"word","page_number":542,"line_number":7,"text":"ﭼ","translation":{"text":"Allah","language_name":"english","language_id":38},"transliteration":{"text":"l-laha","language_name":"english","language_id":38}},{"id":1656,"position":22,"audio_url":"wbw/058_002_025.mp3","qpc_uthmani_hafs":"لَعَفُوٌّ","char_type_name":"word","page_number":542,"line_number":7,"text":"ﭽ","translation":{"text":"(is) surely, Oft-Pardoning","language_name":"english","language_id":38},"transliteration":{"text":"laʿafuwwun","language_name":"english","language_id":38}},{"id":1657,"position":23,"audio_url":"wbw/058_002_026.mp3","qpc_uthmani_hafs":"غَفُورٞ","char_type_name":"word","page_number":542,"line_number":7,"text":"ﭾ","translation":{"text":"Oft-Forgiving","language_name":"english","language_id":38},"transliteration":{"text":"ghafūrun","language_name":"english","language_id":38}},{"id":1658,"position":24,"audio_url":null,"qpc_uthmani_hafs":"٢","char_type_name":"end","page_number":542,"line_number":7,"text":"ﭿ","translation":{"text":"(2)","language_name":"english","language_id":38},"transliteration":{"text":null,"language_name":"english","language_id":38}}],"translations":[{"id":921535,"resource_id":134,"text":"Orang-orang yang men-ẓihār istrinya di antara kamu, (menganggap istrinya sebagai ibunya, padahal) tiadalah istri mereka itu ibu mereka.  Ibu-ibu mereka tidak lain hanyalah wanita yang melahirkan mereka.  Dan sesungguhnya mereka sungguh-sungguh mengucapkan suatu perkataan yang mungkar dan dusta.  Dan sesungguhnya Allah Maha Pemaaf lagi Maha Pengampun."}]},{"id":5107,"verse_number":3,"verse_key":"58:3","juz_number":28,"hizb_number":55,"rub_el_hizb_number":217,"ruku_number":478,"manzil_number":7,"sajdah_number":null,"text_uthmani":"وَٱلَّذِينَ يُظَـٰهِرُونَ مِن نِّسَآئِهِمْ ثُمَّ يَعُودُونَ لِمَا قَالُوا۟ فَتَحْرِيرُ رَقَبَةٍ مِّن قَبْلِ أَن يَتَمَآسَّا ۚ ذَٰلِكُمْ تُوعَظُونَ بِهِۦ ۚ وَٱللَّهُ بِمَا تَعْمَلُونَ خَبِيرٌ","page_number":542,"words":[{"id":2337,"position":1,"audio_url":"wbw/058_003_001.mp3","qpc_uthmani_hafs":"وَٱلَّذِينَ","char_type_name":"word","page_number":542,"line_number":7,"text":"ﮀ","translation":{"text":"And those who","language_name":"english","language_id":38},"transliteration":{"text":"wa-alladhīna","language_name":"english","language_id":38}},{"id":2338,"position":2,"audio_url":"wbw/058_003_002.mp3","qpc_uthmani_hafs":"يُظَٰهِرُونَ","char_type_name":"word","page_number":542,"line_number":7,"text":"ﮁ","translation":{"text":"pronounce zihar","language_name":"english","language_id":38},"transliteration":{"text":"yuẓāhirūna","language_name":"english","language_id":38}},{"id":2339,"position":3,"audio_url":"wbw/058_003_003.mp3","qpc_uthmani_hafs":"مِن","char_type_name":"word","page_number":542,"line_number":7,"text":"ﮂ","translation":{"text":"[from]","language_name":"english","language_id":38},"transliteration":{"text":"min","language_name":"english","language_id":38}},{"id":2340,"position":4,"audio_url":"wbw/058_003_004.mp3","qpc_uthmani_hafs":"نِّسَآئِهِمۡ","char_type_name":"word","page_number":542,"line_number":7,"text":"ﮃ","translation":{"text":"(to) their wives","language_name":"english","language_id":38},"transliteration":{"text":"nisāihim","language_name":"english","language_id":38}},{"id":2341,"position":5,"audio_url":"wbw/058_003_005.mp3","qpc_uthmani_hafs":"ثُمَّ","char_type_name":"word","page_number":542,"line_number":7,"text":"ﮄ","translation":{"text":"then","language_name":"english","language_id":38},"transliteration":{"text":"thumma","language_name":"english","language_id":38}},{"id":2342,"position":6,"audio_url":"wbw/058_003_006.mp3","qpc_uthmani_hafs":"يَعُودُونَ","char_type_name":"word","page_number":542,"line_number":7,"text":"ﮅ","translation":{"text":"go back","language_name":"english","language_id":38},"transliteration":{"text":"yaʿūdūna","language_name":"english","language_id":38}},{"id":2343,"position":7,"audio_url":"wbw/058_003_007.mp3","qpc_uthmani_hafs":"لِمَا","char_type_name":"word","page_number":542,"line_number":8,"text":"ﮆ","translation":{"text":"on what","language_name":"english","language_id":38},"transliteration":{"text":"limā","language_name":"english","language_id":38}},{"id":2344,"position":8,"audio_url":"wbw/058_003_008.mp3","qpc_uthmani_hafs":"قَالُواْ","char_type_name":"word","page_number":542,"line_number":8,"text":"ﮇ","translation":{"text":"they said","language_name":"english","language_id":38},"transliteration":{"text":"qālū","language_name":"english","language_id":38}},{"id":2345,"position":9,"audio_url":"wbw/058_003_009.mp3","qpc_uthmani_hafs":"فَتَحۡرِيرُ","char_type_name":"word","page_number":542,"line_number":8,"text":"ﮈ","translation":{"text":"then freeing","language_name":"english","language_id":38},"transliteration":{"text":"fataḥrīru","language_name":"english","language_id":38}},{"id":2346,"position":10,"audio_url":"wbw/058_003_010.mp3","qpc_uthmani_hafs":"رَقَبَةٖ","char_type_name":"word","page_number":542,"line_number":8,"text":"ﮉ","translation":{"text":"(of) a slave","language_name":"english","language_id":38},"transliteration":{"text":"raqabatin","language_name":"english","language_id":38}},{"id":2347,"position":11,"audio_url":"wbw/058_003_011.mp3","qpc_uthmani_hafs":"مِّن","char_type_name":"word","page_number":542,"line_number":8,"text":"ﮊ","translation":{"text":"before","language_name":"english","language_id":38},"transliteration":{"text":"min","language_name":"english","language_id":38}},{"id":2348,"position":12,"audio_url":"wbw/058_003_012.mp3","qpc_uthmani_hafs":"قَبۡلِ","char_type_name":"word","page_number":542,"line_number":8,"text":"ﮋ","translation":{"text":"before","language_name":"english","language_id":38},"transliteration":{"text":"qabli","language_name":"english","language_id":38}},{"id":2349,"position":13,"audio_url":"wbw/058_003_013.mp3","qpc_uthmani_hafs":"أَن","char_type_name":"word","page_number":542,"line_number":8,"text":"ﮌ","translation":{"text":"[that]","language_name":"english","language_id":38},"transliteration":{"text":"an","language_name":"english","language_id":38}},{"id":2350,"position":14,"audio_url":"wbw/058_003_014.mp3","qpc_uthmani_hafs":"يَتَمَآسَّاۚ","char_type_name":"word","page_number":542,"line_number":8,"text":"ﮍﮎ","translation":{"text":"they touch each other","language_name":"english","language_id":38},"transliteration":{"text":"yatamāssā","language_name":"english","language_id":38}},{"id":2352,"position":15,"audio_url":"wbw/058_003_016.mp3","qpc_uthmani_hafs":"ذَٰلِكُمۡ","char_type_name":"word","page_number":542,"line_number":8,"text":"ﮏ","translation":{"text":"That","language_name":"english","language_id":38},"transliteration":{"text":"dhālikum","language_name":"english","language_id":38}},{"id":2353,"position":16,"audio_url":"wbw/058_003_017.mp3","qpc_uthmani_hafs":"تُوعَظُونَ","char_type_name":"word","page_number":542,"line_number":8,"text":"ﮐ","translation":{"text":"you are admonished","language_name":"english","language_id":38},"transliteration":{"text":"tūʿaẓūna","language_name":"english","language_id":38}},{"id":2354,"position":17,"audio_url":"wbw/058_003_018.mp3","qpc_uthmani_hafs":"بِهِۦۚ","char_type_name":"word","page_number":542,"line_number":9,"text":"ﮑﮒ","translation":{"text":"to it","language_name":"english","language_id":38},"transliteration":{"text":"bihi","language_name":"english","language_id":38}},{"id":2356,"position":18,"audio_url":"wbw/058_003_020.mp3","qpc_uthmani_hafs":"وَٱللَّهُ","char_type_name":"word","page_number":542,"line_number":9,"text":"ﮓ","translation":{"text":"And Allah","language_name":"english","language_id":38},"transliteration":{"text":"wal-lahu","language_name":"english","language_id":38}},{"id":2357,"position":19,"audio_url":"wbw/058_003_021.mp3","qpc_uthmani_hafs":"بِمَا","char_type_name":"word","page_number":542,"line_number":9,"text":"ﮔ","translation":{"text":"of what","language_name":"english","language_id":38},"transliteration":{"text":"bimā","language_name":"english","language_id":38}},{"id":2358,"position":20,"audio_url":"wbw/058_003_022.mp3","qpc_uthmani_hafs":"تَعۡمَلُونَ","char_type_name":"word","page_number":542,"line_number":9,"text":"ﮕ","translation":{"text":"you do","language_name":"english","language_id":38},"transliteration":{"text":"taʿmalūna","language_name":"english","language_id":38}},{"id":2359,"position":21,"audio_url":"wbw/058_003_023.mp3","qpc_uthmani_hafs":"خَبِيرٞ","char_type_name":"word","page_number":542,"line_number":9,"text":"ﮖ","translation":{"text":"(is) All-Aware","language_name":"english","language_id":38},"transliteration":{"text":"khabīrun","language_name":"english","language_id":38}},{"id":2360,"position":22,"audio_url":null,"qpc_uthmani_hafs":"٣","char_type_name":"end","page_number":542,"line_number":9,"text":"ﮗ","translation":{"text":"(3)","language_name":"english","language_id":38},"transliteration":{"text":null,"language_name":"english","language_id":38}}],"translations":[{"id":921536,"resource_id":134,"text":"Orang-orang yang men-ẓihār istri mereka, kemudian mereka hendak menarik kembali apa yang mereka ucapkan, maka (wajib atasnya) memerdekakan seorang budak sebelum kedua suami istri itu bercampur.  Demikianlah yang diajarkan kepada kamu, dan Allah Maha Mengetahui apa yang kamu kerjakan."}]},{"id":5108,"verse_number":4,"verse_key":"58:4","juz_number":28,"hizb_number":55,"rub_el_hizb_number":217,"ruku_number":478,"manzil_number":7,"sajdah_number":null,"text_uthmani":"فَمَن لَّمْ يَجِدْ فَصِيَامُ شَهْرَيْنِ مُتَتَابِعَيْنِ مِن قَبْلِ أَن يَتَمَآسَّا ۖ فَمَن لَّمْ يَسْتَطِعْ فَإِطْعَامُ سِتِّينَ مِسْكِينًا ۚ ذَٰلِكَ لِتُؤْمِنُوا۟ بِٱللَّهِ وَرَسُولِهِۦ ۚ وَتِلْكَ حُدُودُ ٱللَّهِ ۗ وَلِلْكَـٰفِرِينَ عَذَابٌ أَلِيمٌ","page_number":542,"words":[{"id":3692,"position":1,"audio_url":"wbw/058_004_001.mp3","qpc_uthmani_hafs":"فَمَن","char_type_name":"word","page_number":542,"line_number":9,"text":"ﮘ","translation":{"text":"Then whoever","language_name":"english","language_id":38},"transliteration":{"text":"faman","language_name":"english","language_id":38}},{"id":3693,"position":2,"audio_url":"wbw/058_004_002.mp3","qpc_uthmani_hafs":"لَّمۡ","char_type_name":"word","page_number":542,"line_number":9,"text":"ﮙ","translation":{"text":"(does) not","language_name":"english","language_id":38},"transliteration":{"text":"lam","language_name":"english","language_id":38}},{"id":3694,"position":3,"audio_url":"wbw/058_004_003.mp3","qpc_uthmani_hafs":"يَجِدۡ","char_type_name":"word","page_number":542,"line_number":9,"text":"ﮚ","translation":{"text":"find","language_name":"english","language_id":38},"transliteration":{"text":"yajid","language_name":"english","language_id":38}},{"id":3695,"position":4,"audio_url":"wbw/058_004_004.mp3","qpc_uthmani_hafs":"فَصِيَامُ","char_type_name":"word","page_number":542,"line_number":9,"text":"ﮛ","translation":{"text":"then fasting","language_name":"english","language_id":38},"transliteration":{"text":"faṣiyāmu","language_name":"english","language_id":38}},{"id":3696,"position":5,"audio_url":"wbw/058_004_005.mp3","qpc_uthmani_hafs":"شَهۡرَيۡنِ","char_type_name":"word","page_number":542,"line_number":9,"text":"ﮜ","translation":{"text":"(for) two months","language_name":"english","language_id":38},"transliteration":{"text":"shahrayni","language_name":"english","language_id":38}},{"id":3697,"position":6,"audio_url":"wbw/058_004_006.mp3","qpc_uthmani_hafs":"مُتَتَابِعَيۡنِ","char_type_name":"word","page_number":542,"line_number":10,"text":"ﮝ","translation":{"text":"consecutively","language_name":"english","language_id":38},"transliteration":{"text":"mutatābiʿayni","language_name":"english","language_id":38}},{"id":3698,"position":7,"audio_url":"wbw/058_004_007.mp3","qpc_uthmani_hafs":"مِن","char_type_name":"word","page_number":542,"line_number":10,"text":"ﮞ","translation":{"text":"before","language_name":"english","language_id":38},"transliteration":{"text":"min","language_name":"english","language_id":38}},{"id":3699,"position":8,"audio_url":"wbw/058_004_008.mp3","qpc_uthmani_hafs":"قَبۡلِ","char_type_name":"word","page_number":542,"line_number":10,"text":"ﮟ","translation":{"text":"before","language_name":"english","language_id":38},"transliteration":{"text":"qabli","language_name":"english","language_id":38}},{"id":3700,"position":9,"audio_url":"wbw/058_004_009.mp3","qpc_uthmani_hafs":"أَن","char_type_name":"word","page_number":542,"line_number":10,"text":"ﮠ","translation":{"text":"[that]","language_name":"english","language_id":38},"transliteration":{"text":"an","language_name":"english","language_id":38}},{"id":3701,"position":10,"audio_url":"wbw/058_004_010.mp3","qpc_uthmani_hafs":"يَتَمَآسَّاۖ","char_type_name":"word","page_number":542,"line_number":10,"text":"ﮡﮢ","translation":{"text":"they both touch each other","language_name":"english","language_id":38},"transliteration":{"text":"yatamāssā","language_name":"english","language_id":38}},{"id":3703,"position":11,"audio_url":"wbw/058_004_012.mp3","qpc_uthmani_hafs":"فَمَن","char_type_name":"word","page_number":542,"line_number":10,"text":"ﮣ","translation":{"text":"But (he) who","language_name":"english","language_id":38},"transliteration":{"text":"faman","language_name":"english","language_id":38}},{"id":3704,"position":12,"audio_url":"wbw/058_004_013.mp3","qpc_uthmani_hafs":"لَّمۡ","char_type_name":"word","page_number":542,"line_number":10,"text":"ﮤ","translation":{"text":"not","language_name":"english","language_id":38},"transliteration":{"text":"lam","language_name":"english","language_id":38}},{"id":3705,"position":13,"audio_url":"wbw/058_004_014.mp3","qpc_uthmani_hafs":"يَسۡتَطِعۡ","char_type_name":"word","page_number":542,"line_number":10,"text":"ﮥ","translation":{"text":"is able","language_name":"english","language_id":38},"transliteration":{"text":"yastaṭiʿ","language_name":"english","language_id":38}},{"id":3706,"position":14,"audio_url":"wbw/058_004_015.mp3","qpc_uthmani_hafs":"فَإِطۡعَامُ","char_type_name":"word","page_number":542,"line_number":10,"text":"ﮦ","translation":{"text":"then (the) feeding","language_name":"english","language_id":38},"transliteration":{"text":"fa-iṭ'ʿāmu","language_name":"english","language_id":38}},{"id":3707,"position":15,"audio_url":"wbw/058_004_016.mp3","qpc_uthmani_hafs":"سِتِّينَ","char_type_name":"word","page_number":542,"line_number":10,"text":"ﮧ","translation":{"text":"(of) sixty","language_name":"english","language_id":38},"transliteration":{"text":"sittīna","language_name":"english","language_id":38}},{"id":3708,"position":16,"audio_url":"wbw/058_004_017.mp3","qpc_uthmani_hafs":"مِسۡكِينٗاۚ","char_type_name":"word","page_number":542,"line_number":11,"text":"ﮨﮩ","translation":{"text":"needy one(s)","language_name":"english","language_id":38},"transliteration":{"text":"mis'kīnan","language_name":"english","language_id":38}},{"id":3710,"position":17,"audio_url":"wbw/058_004_019.mp3","qpc_uthmani_hafs":"ذَٰلِكَ","char_type_name":"word","page_number":542,"line_number":11,"text":"ﮪ","translation":{"text":"That ","language_name":"english","language_id":38},"transliteration":{"text":"dhālika","language_name":"english","language_id":38}},{"id":3711,"position":18,"audio_url":"wbw/058_004_020.mp3","qpc_uthmani_hafs":"لِتُؤۡمِنُواْ","char_type_name":"word","page_number":542,"line_number":11,"text":"ﮫ","translation":{"text":"so that you may believe","language_name":"english","language_id":38},"transliteration":{"text":"litu'minū","language_name":"english","language_id":38}},{"id":3712,"position":19,"audio_url":"wbw/058_004_021.mp3","qpc_uthmani_hafs":"بِٱللَّهِ","char_type_name":"word","page_number":542,"line_number":11,"text":"ﮬ","translation":{"text":"in Allah","language_name":"english","language_id":38},"transliteration":{"text":"bil-lahi","language_name":"english","language_id":38}},{"id":3713,"position":20,"audio_url":"wbw/058_004_022.mp3","qpc_uthmani_hafs":"وَرَسُولِهِۦۚ","char_type_name":"word","page_number":542,"line_number":11,"text":"ﮭﮮ","translation":{"text":"and His Messenger","language_name":"english","language_id":38},"transliteration":{"text":"warasūlihi","language_name":"english","language_id":38}},{"id":3715,"position":21,"audio_url":"wbw/058_004_024.mp3","qpc_uthmani_hafs":"وَتِلۡكَ","char_type_name":"word","page_number":542,"line_number":11,"text":"ﮯ","translation":{"text":"and these","language_name":"english","language_id":38},"transliteration":{"text":"watil'ka","language_name":"english","language_id":38}},{"id":3716,"position":22,"audio_url":"wbw/058_004_025.mp3","qpc_uthmani_hafs":"حُدُودُ","char_type_name":"word","page_number":542,"line_number":11,"text":"ﮰ","translation":{"text":"(are the) limits","language_name":"english","language_id":38},"transliteration":{"text":"ḥudūdu","language_name":"english","language_id":38}},{"id":3717,"position":23,"audio_url":"wbw/058_004_026.mp3","qpc_uthmani_hafs":"ٱللَّهِۗ","char_type_name":"word","page_number":542,"line_number":11,"text":"ﮱﯓ","translation":{"text":"(of) Allah","language_name":"english","language_id":38},"transliteration":{"text":"l-lahi","language_name":"english","language_id":38}},{"id":3719,"position":24,"audio_url":"wbw/058_004_028.mp3","qpc_uthmani_hafs":"وَلِلۡكَٰفِرِينَ","char_type_name":"word","page_number":542,"line_number":12,"text":"ﯔ","translation":{"text":"and for the disbelievers","language_name":"english","language_id":38},"transliteration":{"text":"walil'kāfirīna","language_name":"english","language_id":38}},{"id":3720,"position":25,"audio_url":"wbw/058_004_029.mp3","qpc_uthmani_hafs":"عَذَابٌ","char_type_name":"word","page_number":542,"line_number":12,"text":"ﯕ","translation":{"text":"(is) a punishment","language_name":"english","language_id":38},"transliteration":{"text":"ʿadhābun","language_name":"english","language_id":38}},{"id":3721,"position":26,"audio_url":"wbw/058_004_030.mp3","qpc_uthmani_hafs":"أَلِيمٌ","char_type_name":"word","page_number":542,"line_number":12,"text":"ﯖ","translation":{"text":"painful","language_name":"english","language_id":38},"transliteration":{"text":"alīmun","language_name":"english","language_id":38}},{"id":3722,"position":27,"audio_url":null,"qpc_uthmani_hafs":"٤","char_type_name":"end","page_number":542,"line_number":12,"text":"ﯗ","translation":{"text":"(4)","language_name":"english","language_id":38},"transliteration":{"text":null,"language_name":"english","language_id":38}}],"translations":[{"id":921537,"resource_id":134,"text":"Barang siapa yang tidak mendapatkan (budak), maka (wajib atasnya) berpuasa dua bulan berturut-turut sebelum keduanya bercampur.  Maka siapa yang tidak kuasa (wajiblah atasnya) memberi makan enam puluh orang miskin.  Demikianlah supaya kamu beriman kepada Allah dan rasul-Nya.  Dan itulah hukum-hukum Allah, dan bagi orang-orang kafir ada siksaan yang sangat pedih."}]},{"id":5109,"verse_number":5,"verse_key":"58:5","juz_number":28,"hizb_number":55,"rub_el_hizb_number":217,"ruku_number":478,"manzil_number":7,"sajdah_number":null,"text_uthmani":"إِنَّ ٱلَّذِينَ يُحَآدُّونَ ٱللَّهَ وَرَسُولَهُۥ كُبِتُوا۟ كَمَا كُبِتَ ٱلَّذِينَ مِن قَبْلِهِمْ ۚ وَقَدْ أَنزَلْنَآ ءَايَـٰتٍۭ بَيِّنَـٰتٍ ۚ وَلِلْكَـٰفِرِينَ عَذَابٌ مُّهِينٌ","page_number":542,"words":[{"id":5004,"position":1,"audio_url":"wbw/058_005_001.mp3","qpc_uthmani_hafs":"إِنَّ","char_type_name":"word","page_number":542,"line_number":12,"text":"ﯘ","translation":{"text":"Indeed","language_name":"english","language_id":38},"transliteration":{"text":"inna","language_name":"english","language_id":38}},{"id":5005,"position":2,"audio_url":"wbw/058_005_002.mp3","qpc_uthmani_hafs":"ٱلَّذِينَ","char_type_name":"word","page_number":542,"line_number":12,"text":"ﯙ","translation":{"text":"those who","language_name":"english","language_id":38},"transliteration":{"text":"alladhīna","language_name":"english","language_id":38}},{"id":5006,"position":3,"audio_url":"wbw/058_005_003.mp3","qpc_uthmani_hafs":"يُحَآدُّونَ","char_type_name":"word","page_number":542,"line_number":12,"text":"ﯚ","translation":{"text":"oppose","language_name":"english","language_id":38},"transliteration":{"text":"yuḥāddūna","language_name":"english","language_id":38}},{"id":5007,"position":4,"audio_url":"wbw/058_005_004.mp3","qpc_uthmani_hafs":"ٱللَّهَ","char_type_name":"word","page_number":542,"line_number":12,"text":"ﯛ","translation":{"text":"Allah","language_name":"english","language_id":38},"transliteration":{"text":"l-laha","language_name":"english","language_id":38}},{"id":5008,"position":5,"audio_url":"wbw/058_005_005.mp3","qpc_uthmani_hafs":"وَرَسُولَهُۥ","char_type_name":"word","page_number":542,"line_number":12,"text":"ﯜ","translation":{"text":"and His Messenger","language_name":"english","language_id":38},"transliteration":{"text":"warasūlahu","language_name":"english","language_id":38}},{"id":5009,"position":6,"audio_url":"wbw/058_005_006.mp3","qpc_uthmani_hafs":"كُبِتُواْ","char_type_name":"word","page_number":542,"line_number":12,"text":"ﯝ","translation":{"text":"(will) be disgraced","language_name":"english","language_id":38},"transliteration":{"text":"kubitū","language_name":"english","language_id":38}},{"id":5010,"position":7,"audio_url":"wbw/058_005_007.mp3","qpc_uthmani_hafs":"كَمَا","char_type_name":"word","page_number":542,"line_number":13,"text":"ﯞ","translation":{"text":"as","language_name":"english","language_id":38},"transliteration":{"text":"kamā","language_name":"english","language_id":38}},{"id":5011,"position":8,"audio_url":"wbw/058_005_008.mp3","qpc_uthmani_hafs":"كُبِتَ","char_type_name":"word","page_number":542,"line_number":13,"text":"ﯟ","translation":{"text":"were disgraced","language_name":"english","language_id":38},"transliteration":{"text":"kubita","language_name":"english","language_id":38}},{"id":5012,"position":9,"audio_url":"wbw/058_005_009.mp3","qpc_uthmani_hafs":"ٱلَّذِينَ","char_type_name":"word","page_number":542,"line_number":13,"text":"ﯠ","translation":{"text":"those","language_name":"english","language_id":38},"transliteration":{"text":"alladhīna","language_name":"english","language_id":38}},{"id":5013,"position":10,"audio_url":"wbw/058_005_010.mp3","qpc_uthmani_hafs":"مِن","char_type_name":"word","page_number":542,"line_number":13,"text":"ﯡ","translation":{"text":"before them","language_name":"english","language_id":38},"transliteration":{"text":"min","language_name":"english","language_id":38}},{"id":5014,"position":11,"audio_url":"wbw/058_005_011.mp3","qpc_uthmani_hafs":"قَبۡلِهِمۡۚ","char_type_name":"word","page_number":542,"line_number":13,"text":"ﯢﯣ","translation":{"text":"before them","language_name":"english","language_id":38},"transliteration":{"text":"qablihim","language_name":"english","language_id":38}},{"id":5016,"position":12,"audio_url":"wbw/058_005_013.mp3","qpc_uthmani_hafs":"وَقَدۡ","char_type_name":"word","page_number":542,"line_number":13,"text":"ﯤ","translation":{"text":"And certainly","language_name":"english","language_id":38},"transliteration":{"text":"waqad","language_name":"english","language_id":38}},{"id":5017,"position":13,"audio_url":"wbw/058_005_014.mp3","qpc_uthmani_hafs":"أَنزَلۡنَآ","char_type_name":"word","page_number":542,"line_number":13,"text":"ﯥ","translation":{"text":"We have sent down","language_name":"english","language_id":38},"transliteration":{"text":"anzalnā","language_name":"english","language_id":38}},{"id":5018,"position":14,"audio_url":"wbw/058_005_015.mp3","qpc_uthmani_hafs":"ءَايَٰتِۭ","char_type_name":"word","page_number":542,"line_number":13,"text":"ﯦ","translation":{"text":"Verses","language_name":"english","language_id":38},"transliteration":{"text":"āyātin","language_name":"english","language_id":38}},{"id":5019,"position":15,"audio_url":"wbw/058_005_016.mp3","qpc_uthmani_hafs":"بَيِّنَٰتٖۚ","char_type_name":"word","page_number":542,"line_number":13,"text":"ﯧﯨ","translation":{"text":"clear","language_name":"english","language_id":38},"transliteration":{"text":"bayyinātin","language_name":"english","language_id":38}},{"id":5021,"position":16,"audio_url":"wbw/058_005_018.mp3","qpc_uthmani_hafs":"وَلِلۡكَٰفِرِينَ","char_type_name":"word","page_number":542,"line_number":13,"text":"ﯩ","translation":{"text":"And for the disbelievers","language_name":"english","language_id":38},"transliteration":{"text":"walil'kāfirīna","language_name":"english","language_id":38}},{"id":5022,"position":17,"audio_url":"wbw/058_005_019.mp3","qpc_uthmani_hafs":"عَذَابٞ","char_type_name":"word","page_number":542,"line_number":14,"text":"ﯪ","translation":{"text":"(is) a punishment","language_name":"english","language_id":38},"transliteration":{"text":"ʿadhābun","language_name":"english","language_id":38}},{"id":5023,"position":18,"audio_url":"wbw/058_005_020.mp3","qpc_uthmani_hafs":"مُّهِينٞ","char_type_name":"word","page_number":542,"line_number":14,"text":"ﯫ","translation":{"text":"humiliating","language_name":"english","language_id":38},"transliteration":{"text":"muhīnun","language_name":"english","language_id":38}},{"id":5024,"position":19,"audio_url":null,"qpc_uthmani_hafs":"٥","char_type_name":"end","page_number":542,"line_number":14,"text":"ﯬ","translation":{"text":"(5)","language_name":"english","language_id":38},"transliteration":{"text":null,"language_name":"english","language_id":38}}],"translations":[{"id":921538,"resource_id":134,"text":"Sesungguhnya orang-orang yang yang menentang Allah dan rasul-Nya pasti mendapat kehinaan sebagaimana orang-orang yang sebelum mereka telah mendapat kehinaan.  Sesungguhnya Kami telah menurunkan bukti-bukti nyata.  Dan bagi orang-orang kafir ada siksa yang menghinakan."}]},{"id":5110,"verse_number":6,"verse_key":"58:6","juz_number":28,"hizb_number":55,"rub_el_hizb_number":217,"ruku_number":478,"manzil_number":7,"sajdah_number":null,"text_uthmani":"يَوْمَ يَبْعَثُهُمُ ٱللَّهُ جَمِيعًا فَيُنَبِّئُهُم بِمَا عَمِلُوٓا۟ ۚ أَحْصَىٰهُ ٱللَّهُ وَنَسُوهُ ۚ وَٱللَّهُ عَلَىٰ كُلِّ شَىْءٍ شَهِيدٌ","page_number":542,"words":[{"id":6229,"position":1,"audio_url":"wbw/058_006_001.mp3","qpc_uthmani_hafs":"يَوۡمَ","char_type_name":"word","page_number":542,"line_number":14,"text":"ﯭ","translation":{"text":"(On the) Day","language_name":"english","language_id":38},"transliteration":{"text":"yawma","language_name":"english","language_id":38}},{"id":6230,"position":2,"audio_url":"wbw/058_006_002.mp3","qpc_uthmani_hafs":"يَبۡعَثُهُمُ","char_type_name":"word","page_number":542,"line_number":14,"text":"ﯮ","translation":{"text":"(when) Allah will raise them","language_name":"english","language_id":38},"transliteration":{"text":"yabʿathuhumu","language_name":"english","language_id":38}},{"id":6231,"position":3,"audio_url":"wbw/058_006_003.mp3","qpc_uthmani_hafs":"ٱللَّهُ","char_type_name":"word","page_number":542,"line_number":14,"text":"ﯯ","translation":{"text":"(when) Allah will raise them","language_name":"english","language_id":38},"transliteration":{"text":"l-lahu","language_name":"english","language_id":38}},{"id":6232,"position":4,"audio_url":"wbw/058_006_004.mp3","qpc_uthmani_hafs":"جَمِيعٗا","char_type_name":"word","page_number":542,"line_number":14,"text":"ﯰ","translation":{"text":"all","language_name":"english","language_id":38},"transliteration":{"text":"jamīʿan","language_name":"english","language_id":38}},{"id":6233,"position":5,"audio_url":"wbw/058_006_005.mp3","qpc_uthmani_hafs":"فَيُنَبِّئُهُم","char_type_name":"word","page_number":542,"line_number":14,"text":"ﯱ","translation":{"text":"and inform them","language_name":"english","language_id":38},"transliteration":{"text":"fayunabbi-uhum","language_name":"english","language_id":38}},{"id":6234,"position":6,"audio_url":"wbw/058_006_006.mp3","qpc_uthmani_hafs":"بِمَا","char_type_name":"word","page_number":542,"line_number":14,"text":"ﯲ","translation":{"text":"of what","language_name":"english","language_id":38},"transliteration":{"text":"bimā","language_name":"english","language_id":38}},{"id":6235,"position":7,"audio_url":"wbw/058_006_007.mp3","qpc_uthmani_hafs":"عَمِلُوٓاْۚ","char_type_name":"word","page_number":542,"line_number":15,"text":"ﯳﯴ","translation":{"text":"they did","language_name":"english","language_id":38},"transliteration":{"text":"ʿamilū","language_name":"english","language_id":38}},{"id":6237,"position":8,"audio_url":"wbw/058_006_009.mp3","qpc_uthmani_hafs":"أَحۡصَىٰهُ","char_type_name":"word","page_number":542,"line_number":15,"text":"ﯵ","translation":{"text":"Allah has recorded it","language_name":"english","language_id":38},"transliteration":{"text":"aḥṣāhu","language_name":"english","language_id":38}},{"id":6238,"position":9,"audio_url":"wbw/058_006_010.mp3","qpc_uthmani_hafs":"ٱللَّهُ","char_type_name":"word","page_number":542,"line_number":15,"text":"ﯶ","translation":{"text":"Allah has recorded it","language_name":"english","language_id":38},"transliteration":{"text":"l-lahu","language_name":"english","language_id":38}},{"id":6239,"position":10,"audio_url":"wbw/058_006_011.mp3","qpc_uthmani_hafs":"وَنَسُوهُۚ","char_type_name":"word","page_number":542,"line_number":15,"text":"ﯷﯸ","translation":{"text":"while they forgot it","language_name":"english","language_id":38},"transliteration":{"text":"wanasūhu","language_name":"english","language_id":38}},{"id":6241,"position":11,"audio_url":"wbw/058_006_013.mp3","qpc_uthmani_hafs":"وَٱللَّهُ","char_type_name":"word","page_number":542,"line_number":15,"text":"ﯹ","translation":{"text":"And Allah","language_name":"english","language_id":38},"transliteration":{"text":"wal-lahu","language_name":"english","language_id":38}},{"id":6242,"position":12,"audio_url":"wbw/058_006_014.mp3","qpc_uthmani_hafs":"عَلَىٰ","char_type_name":"word","page_number":542,"line_number":15,"text":"ﯺ","translation":{"text":"(is) over","language_name":"english","language_id":38},"transliteration":{"text":"ʿalā","language_name":"english","language_id":38}},{"id":6243,"position":13,"audio_url":"wbw/058_006_015.mp3","qpc_uthmani_hafs":"كُلِّ","char_type_name":"word","page_number":542,"line_number":15,"text":"ﯻ","translation":{"text":"all","language_name":"english","language_id":38},"transliteration":{"text":"kulli","language_name":"english","language_id":38}},{"id":6244,"position":14,"audio_url":"wbw/058_006_016.mp3","qpc_uthmani_hafs":"شَيۡءٖ","char_type_name":"word","page_number":542,"line_number":15,"text":"ﯼ","translation":{"text":"things","language_name":"english","language_id":38},"transliteration":{"text":"shayin","language_name":"english","language_id":38}},{"id":6245,"position":15,"audio_url":"wbw/058_006_017.mp3","qpc_uthmani_hafs":"شَهِيدٌ","char_type_name":"word","page_number":542,"line_number":15,"text":"ﯽ","translation":{"text":"a Witness","language_name":"english","language_id":38},"transliteration":{"text":"shahīdun","language_name":"english","language_id":38}},{"id":6246,"position":16,"audio_url":null,"qpc_uthmani_hafs":"٦","char_type_name":"end","page_number":542,"line_number":15,"text":"ﯾ","translation":{"text":"(6)","language_name":"english","language_id":38},"transliteration":{"text":null,"language_name":"english","language_id":38}}],"translations":[{"id":921539,"resource_id":134,"text":"Pada hari ketika mereka dibangkitkan Allah semuanya, lalu diberitakan-Nya kepada mereka apa yang telah mereka kerjakan.  Allah mengumpulkan (mencatat) amal perbuatan itu, padahal mereka telah melupakannya.  Dan Allah Maha Menyaksikan segala sesuatu."}]}],"pagination":{"per_page":50,"current_page":1,"next_page":null,"total_pages":1,"total_records":6}}