{"verses":[{"id":5151,"verse_number":1,"verse_key":"60:1","juz_number":28,"hizb_number":55,"rub_el_hizb_number":219,"ruku_number":484,"manzil_number":7,"sajdah_number":null,"text_uthmani":" يَـٰٓأَيُّهَا ٱلَّذِينَ ءَامَنُوا۟ لَا تَتَّخِذُوا۟ عَدُوِّى وَعَدُوَّكُمْ أَوْلِيَآءَ تُلْقُونَ إِلَيْهِم بِٱلْمَوَدَّةِ وَقَدْ كَفَرُوا۟ بِمَا جَآءَكُم مِّنَ ٱلْحَقِّ يُخْرِجُونَ ٱلرَّسُولَ وَإِيَّاكُمْ ۙ أَن تُؤْمِنُوا۟ بِٱللَّهِ رَبِّكُمْ إِن كُنتُمْ خَرَجْتُمْ جِهَـٰدًا فِى سَبِيلِى وَٱبْتِغَآءَ مَرْضَاتِى ۚ تُسِرُّونَ إِلَيْهِم بِٱلْمَوَدَّةِ وَأَنَا۠ أَعْلَمُ بِمَآ أَخْفَيْتُمْ وَمَآ أَعْلَنتُمْ ۚ وَمَن يَفْعَلْهُ مِنكُمْ فَقَدْ ضَلَّ سَوَآءَ ٱلسَّبِيلِ","page_number":549,"words":[{"id":391,"position":1,"audio_url":"wbw/060_001_001.mp3","qpc_uthmani_hafs":"يَٰٓأَيُّهَا","char_type_name":"word","page_number":549,"line_number":2,"text":"ﭑ","translation":{"text":"O you","language_name":"english","language_id":38},"transliteration":{"text":"yāayyuhā","language_name":"english","language_id":38}},{"id":392,"position":2,"audio_url":"wbw/060_001_002.mp3","qpc_uthmani_hafs":"ٱلَّذِينَ","char_type_name":"word","page_number":549,"line_number":2,"text":"ﭒ","translation":{"text":"who","language_name":"english","language_id":38},"transliteration":{"text":"alladhīna","language_name":"english","language_id":38}},{"id":393,"position":3,"audio_url":"wbw/060_001_003.mp3","qpc_uthmani_hafs":"ءَامَنُواْ","char_type_name":"word","page_number":549,"line_number":2,"text":"ﭓ","translation":{"text":"believe","language_name":"english","language_id":38},"transliteration":{"text":"āmanū","language_name":"english","language_id":38}},{"id":394,"position":4,"audio_url":"wbw/060_001_004.mp3","qpc_uthmani_hafs":"لَا","char_type_name":"word","page_number":549,"line_number":2,"text":"ﭔ","translation":{"text":"(Do) not","language_name":"english","language_id":38},"transliteration":{"text":"lā","language_name":"english","language_id":38}},{"id":395,"position":5,"audio_url":"wbw/060_001_005.mp3","qpc_uthmani_hafs":"تَتَّخِذُواْ","char_type_name":"word","page_number":549,"line_number":2,"text":"ﭕ","translation":{"text":"take","language_name":"english","language_id":38},"transliteration":{"text":"tattakhidhū","language_name":"english","language_id":38}},{"id":396,"position":6,"audio_url":"wbw/060_001_006.mp3","qpc_uthmani_hafs":"عَدُوِّي","char_type_name":"word","page_number":549,"line_number":2,"text":"ﭖ","translation":{"text":"My enemies","language_name":"english","language_id":38},"transliteration":{"text":"ʿaduwwī","language_name":"english","language_id":38}},{"id":397,"position":7,"audio_url":"wbw/060_001_007.mp3","qpc_uthmani_hafs":"وَعَدُوَّكُمۡ","char_type_name":"word","page_number":549,"line_number":2,"text":"ﭗ","translation":{"text":"and your enemies","language_name":"english","language_id":38},"transliteration":{"text":"waʿaduwwakum","language_name":"english","language_id":38}},{"id":398,"position":8,"audio_url":"wbw/060_001_008.mp3","qpc_uthmani_hafs":"أَوۡلِيَآءَ","char_type_name":"word","page_number":549,"line_number":2,"text":"ﭘ","translation":{"text":"(as) allies","language_name":"english","language_id":38},"transliteration":{"text":"awliyāa","language_name":"english","language_id":38}},{"id":399,"position":9,"audio_url":"wbw/060_001_009.mp3","qpc_uthmani_hafs":"تُلۡقُونَ","char_type_name":"word","page_number":549,"line_number":2,"text":"ﭙ","translation":{"text":"offering","language_name":"english","language_id":38},"transliteration":{"text":"tul'qūna","language_name":"english","language_id":38}},{"id":400,"position":10,"audio_url":"wbw/060_001_010.mp3","qpc_uthmani_hafs":"إِلَيۡهِم","char_type_name":"word","page_number":549,"line_number":3,"text":"ﭚ","translation":{"text":"them","language_name":"english","language_id":38},"transliteration":{"text":"ilayhim","language_name":"english","language_id":38}},{"id":401,"position":11,"audio_url":"wbw/060_001_011.mp3","qpc_uthmani_hafs":"بِٱلۡمَوَدَّةِ","char_type_name":"word","page_number":549,"line_number":3,"text":"ﭛ","translation":{"text":"love","language_name":"english","language_id":38},"transliteration":{"text":"bil-mawadati","language_name":"english","language_id":38}},{"id":402,"position":12,"audio_url":"wbw/060_001_012.mp3","qpc_uthmani_hafs":"وَقَدۡ","char_type_name":"word","page_number":549,"line_number":3,"text":"ﭜ","translation":{"text":"while","language_name":"english","language_id":38},"transliteration":{"text":"waqad","language_name":"english","language_id":38}},{"id":403,"position":13,"audio_url":"wbw/060_001_013.mp3","qpc_uthmani_hafs":"كَفَرُواْ","char_type_name":"word","page_number":549,"line_number":3,"text":"ﭝ","translation":{"text":"they have disbelieved","language_name":"english","language_id":38},"transliteration":{"text":"kafarū","language_name":"english","language_id":38}},{"id":404,"position":14,"audio_url":"wbw/060_001_014.mp3","qpc_uthmani_hafs":"بِمَا","char_type_name":"word","page_number":549,"line_number":3,"text":"ﭞ","translation":{"text":"in what","language_name":"english","language_id":38},"transliteration":{"text":"bimā","language_name":"english","language_id":38}},{"id":405,"position":15,"audio_url":"wbw/060_001_015.mp3","qpc_uthmani_hafs":"جَآءَكُم","char_type_name":"word","page_number":549,"line_number":3,"text":"ﭟ","translation":{"text":"came to you","language_name":"english","language_id":38},"transliteration":{"text":"jāakum","language_name":"english","language_id":38}},{"id":406,"position":16,"audio_url":"wbw/060_001_016.mp3","qpc_uthmani_hafs":"مِّنَ","char_type_name":"word","page_number":549,"line_number":3,"text":"ﭠ","translation":{"text":"of","language_name":"english","language_id":38},"transliteration":{"text":"mina","language_name":"english","language_id":38}},{"id":407,"position":17,"audio_url":"wbw/060_001_017.mp3","qpc_uthmani_hafs":"ٱلۡحَقِّ","char_type_name":"word","page_number":549,"line_number":3,"text":"ﭡ","translation":{"text":"the truth","language_name":"english","language_id":38},"transliteration":{"text":"l-ḥaqi","language_name":"english","language_id":38}},{"id":408,"position":18,"audio_url":"wbw/060_001_018.mp3","qpc_uthmani_hafs":"يُخۡرِجُونَ","char_type_name":"word","page_number":549,"line_number":3,"text":"ﭢ","translation":{"text":"driving out","language_name":"english","language_id":38},"transliteration":{"text":"yukh'rijūna","language_name":"english","language_id":38}},{"id":409,"position":19,"audio_url":"wbw/060_001_019.mp3","qpc_uthmani_hafs":"ٱلرَّسُولَ","char_type_name":"word","page_number":549,"line_number":3,"text":"ﭣ","translation":{"text":"the Messenger","language_name":"english","language_id":38},"transliteration":{"text":"l-rasūla","language_name":"english","language_id":38}},{"id":410,"position":20,"audio_url":"wbw/060_001_020.mp3","qpc_uthmani_hafs":"وَإِيَّاكُمۡ","char_type_name":"word","page_number":549,"line_number":4,"text":"ﭤﭥ","translation":{"text":"and yourselves","language_name":"english","language_id":38},"transliteration":{"text":"wa-iyyākum","language_name":"english","language_id":38}},{"id":412,"position":21,"audio_url":"wbw/060_001_022.mp3","qpc_uthmani_hafs":"أَن","char_type_name":"word","page_number":549,"line_number":4,"text":"ﭦ","translation":{"text":"because","language_name":"english","language_id":38},"transliteration":{"text":"an","language_name":"english","language_id":38}},{"id":413,"position":22,"audio_url":"wbw/060_001_023.mp3","qpc_uthmani_hafs":"تُؤۡمِنُواْ","char_type_name":"word","page_number":549,"line_number":4,"text":"ﭧ","translation":{"text":"you believe","language_name":"english","language_id":38},"transliteration":{"text":"tu'minū","language_name":"english","language_id":38}},{"id":414,"position":23,"audio_url":"wbw/060_001_024.mp3","qpc_uthmani_hafs":"بِٱللَّهِ","char_type_name":"word","page_number":549,"line_number":4,"text":"ﭨ","translation":{"text":"in Allah","language_name":"english","language_id":38},"transliteration":{"text":"bil-lahi","language_name":"english","language_id":38}},{"id":415,"position":24,"audio_url":"wbw/060_001_025.mp3","qpc_uthmani_hafs":"رَبِّكُمۡ","char_type_name":"word","page_number":549,"line_number":4,"text":"ﭩ","translation":{"text":"your Lord","language_name":"english","language_id":38},"transliteration":{"text":"rabbikum","language_name":"english","language_id":38}},{"id":416,"position":25,"audio_url":"wbw/060_001_026.mp3","qpc_uthmani_hafs":"إِن","char_type_name":"word","page_number":549,"line_number":4,"text":"ﭪ","translation":{"text":"If","language_name":"english","language_id":38},"transliteration":{"text":"in","language_name":"english","language_id":38}},{"id":417,"position":26,"audio_url":"wbw/060_001_027.mp3","qpc_uthmani_hafs":"كُنتُمۡ","char_type_name":"word","page_number":549,"line_number":4,"text":"ﭫ","translation":{"text":"you","language_name":"english","language_id":38},"transliteration":{"text":"kuntum","language_name":"english","language_id":38}},{"id":418,"position":27,"audio_url":"wbw/060_001_028.mp3","qpc_uthmani_hafs":"خَرَجۡتُمۡ","char_type_name":"word","page_number":549,"line_number":4,"text":"ﭬ","translation":{"text":"come forth","language_name":"english","language_id":38},"transliteration":{"text":"kharajtum","language_name":"english","language_id":38}},{"id":419,"position":28,"audio_url":"wbw/060_001_029.mp3","qpc_uthmani_hafs":"جِهَٰدٗا","char_type_name":"word","page_number":549,"line_number":4,"text":"ﭭ","translation":{"text":"(to) strive","language_name":"english","language_id":38},"transliteration":{"text":"jihādan","language_name":"english","language_id":38}},{"id":420,"position":29,"audio_url":"wbw/060_001_030.mp3","qpc_uthmani_hafs":"فِي","char_type_name":"word","page_number":549,"line_number":4,"text":"ﭮ","translation":{"text":"in","language_name":"english","language_id":38},"transliteration":{"text":"fī","language_name":"english","language_id":38}},{"id":421,"position":30,"audio_url":"wbw/060_001_031.mp3","qpc_uthmani_hafs":"سَبِيلِي","char_type_name":"word","page_number":549,"line_number":4,"text":"ﭯ","translation":{"text":"My way","language_name":"english","language_id":38},"transliteration":{"text":"sabīlī","language_name":"english","language_id":38}},{"id":422,"position":31,"audio_url":"wbw/060_001_032.mp3","qpc_uthmani_hafs":"وَٱبۡتِغَآءَ","char_type_name":"word","page_number":549,"line_number":5,"text":"ﭰ","translation":{"text":"and (to) seek","language_name":"english","language_id":38},"transliteration":{"text":"wa-ib'tighāa","language_name":"english","language_id":38}},{"id":423,"position":32,"audio_url":"wbw/060_001_033.mp3","qpc_uthmani_hafs":"مَرۡضَاتِيۚ","char_type_name":"word","page_number":549,"line_number":5,"text":"ﭱﭲ","translation":{"text":"My Pleasure","language_name":"english","language_id":38},"transliteration":{"text":"marḍātī","language_name":"english","language_id":38}},{"id":425,"position":33,"audio_url":"wbw/060_001_035.mp3","qpc_uthmani_hafs":"تُسِرُّونَ","char_type_name":"word","page_number":549,"line_number":5,"text":"ﭳ","translation":{"text":"You confide","language_name":"english","language_id":38},"transliteration":{"text":"tusirrūna","language_name":"english","language_id":38}},{"id":426,"position":34,"audio_url":"wbw/060_001_036.mp3","qpc_uthmani_hafs":"إِلَيۡهِم","char_type_name":"word","page_number":549,"line_number":5,"text":"ﭴ","translation":{"text":"to them","language_name":"english","language_id":38},"transliteration":{"text":"ilayhim","language_name":"english","language_id":38}},{"id":427,"position":35,"audio_url":"wbw/060_001_037.mp3","qpc_uthmani_hafs":"بِٱلۡمَوَدَّةِ","char_type_name":"word","page_number":549,"line_number":5,"text":"ﭵ","translation":{"text":"love","language_name":"english","language_id":38},"transliteration":{"text":"bil-mawadati","language_name":"english","language_id":38}},{"id":428,"position":36,"audio_url":"wbw/060_001_038.mp3","qpc_uthmani_hafs":"وَأَنَا۠","char_type_name":"word","page_number":549,"line_number":5,"text":"ﭶ","translation":{"text":"but I Am","language_name":"english","language_id":38},"transliteration":{"text":"wa-anā","language_name":"english","language_id":38}},{"id":429,"position":37,"audio_url":"wbw/060_001_039.mp3","qpc_uthmani_hafs":"أَعۡلَمُ","char_type_name":"word","page_number":549,"line_number":5,"text":"ﭷ","translation":{"text":"most knowing","language_name":"english","language_id":38},"transliteration":{"text":"aʿlamu","language_name":"english","language_id":38}},{"id":430,"position":38,"audio_url":"wbw/060_001_040.mp3","qpc_uthmani_hafs":"بِمَآ","char_type_name":"word","page_number":549,"line_number":5,"text":"ﭸ","translation":{"text":"of what","language_name":"english","language_id":38},"transliteration":{"text":"bimā","language_name":"english","language_id":38}},{"id":431,"position":39,"audio_url":"wbw/060_001_041.mp3","qpc_uthmani_hafs":"أَخۡفَيۡتُمۡ","char_type_name":"word","page_number":549,"line_number":5,"text":"ﭹ","translation":{"text":"you conceal","language_name":"english","language_id":38},"transliteration":{"text":"akhfaytum","language_name":"english","language_id":38}},{"id":432,"position":40,"audio_url":"wbw/060_001_042.mp3","qpc_uthmani_hafs":"وَمَآ","char_type_name":"word","page_number":549,"line_number":6,"text":"ﭺ","translation":{"text":"and what","language_name":"english","language_id":38},"transliteration":{"text":"wamā","language_name":"english","language_id":38}},{"id":433,"position":41,"audio_url":"wbw/060_001_043.mp3","qpc_uthmani_hafs":"أَعۡلَنتُمۡۚ","char_type_name":"word","page_number":549,"line_number":6,"text":"ﭻﭼ","translation":{"text":"you declare","language_name":"english","language_id":38},"transliteration":{"text":"aʿlantum","language_name":"english","language_id":38}},{"id":435,"position":42,"audio_url":"wbw/060_001_045.mp3","qpc_uthmani_hafs":"وَمَن","char_type_name":"word","page_number":549,"line_number":6,"text":"ﭽ","translation":{"text":"And whoever","language_name":"english","language_id":38},"transliteration":{"text":"waman","language_name":"english","language_id":38}},{"id":436,"position":43,"audio_url":"wbw/060_001_046.mp3","qpc_uthmani_hafs":"يَفۡعَلۡهُ","char_type_name":"word","page_number":549,"line_number":6,"text":"ﭾ","translation":{"text":"does it","language_name":"english","language_id":38},"transliteration":{"text":"yafʿalhu","language_name":"english","language_id":38}},{"id":437,"position":44,"audio_url":"wbw/060_001_047.mp3","qpc_uthmani_hafs":"مِنكُمۡ","char_type_name":"word","page_number":549,"line_number":6,"text":"ﭿ","translation":{"text":"among you","language_name":"english","language_id":38},"transliteration":{"text":"minkum","language_name":"english","language_id":38}},{"id":438,"position":45,"audio_url":"wbw/060_001_048.mp3","qpc_uthmani_hafs":"فَقَدۡ","char_type_name":"word","page_number":549,"line_number":6,"text":"ﮀ","translation":{"text":"then certainly","language_name":"english","language_id":38},"transliteration":{"text":"faqad","language_name":"english","language_id":38}},{"id":439,"position":46,"audio_url":"wbw/060_001_049.mp3","qpc_uthmani_hafs":"ضَلَّ","char_type_name":"word","page_number":549,"line_number":6,"text":"ﮁ","translation":{"text":"he has strayed","language_name":"english","language_id":38},"transliteration":{"text":"ḍalla","language_name":"english","language_id":38}},{"id":440,"position":47,"audio_url":"wbw/060_001_050.mp3","qpc_uthmani_hafs":"سَوَآءَ","char_type_name":"word","page_number":549,"line_number":6,"text":"ﮂ","translation":{"text":"(from the) straight","language_name":"english","language_id":38},"transliteration":{"text":"sawāa","language_name":"english","language_id":38}},{"id":441,"position":48,"audio_url":"wbw/060_001_051.mp3","qpc_uthmani_hafs":"ٱلسَّبِيلِ","char_type_name":"word","page_number":549,"line_number":6,"text":"ﮃ","translation":{"text":"path","language_name":"english","language_id":38},"transliteration":{"text":"l-sabīli","language_name":"english","language_id":38}},{"id":442,"position":49,"audio_url":null,"qpc_uthmani_hafs":"١","char_type_name":"end","page_number":549,"line_number":6,"text":"ﮄ","translation":{"text":"(1)","language_name":"english","language_id":38},"transliteration":{"text":null,"language_name":"english","language_id":38}}],"translations":[{"id":921580,"resource_id":134,"text":"Hai orang-orang yang beriman, janganlah kamu mengambil musuh-Ku dan musuhmu menjadi teman-teman setia yang kamu sampaikan kepada mereka (berita-berita Muhammad), karena rasa kasih sayang; padahal sesungguhnya mereka telah ingkar kepada kebenaran yang datang kepadamu, mereka mengusir rasul dan (mengusir) kamu karena kamu beriman kepada Allah, Tuhan-mu.  Jika kamu benar-benar keluar untuk berjihad di jalan-Ku dan mencari keridaan-Ku (janganlah kamu berbuat demikian).  Kamu memberitahukan secara rahasia (berita-berita Muhammad) kepada mereka, karena rasa kasih sayang.  Aku lebih mengetahui apa yang kamu sembunyikan dan apa yang kamu nyatakan.  Dan barang siapa di antara kamu yang melakukannya, maka sesungguhnya dia telah tersesat dari jalan yang lurus."}]},{"id":5152,"verse_number":2,"verse_key":"60:2","juz_number":28,"hizb_number":55,"rub_el_hizb_number":219,"ruku_number":484,"manzil_number":7,"sajdah_number":null,"text_uthmani":"إِن يَثْقَفُوكُمْ يَكُونُوا۟ لَكُمْ أَعْدَآءً وَيَبْسُطُوٓا۟ إِلَيْكُمْ أَيْدِيَهُمْ وَأَلْسِنَتَهُم بِٱلسُّوٓءِ وَوَدُّوا۟ لَوْ تَكْفُرُونَ","page_number":549,"words":[{"id":1316,"position":1,"audio_url":"wbw/060_002_001.mp3","qpc_uthmani_hafs":"إِن","char_type_name":"word","page_number":549,"line_number":6,"text":"ﮅ","translation":{"text":"If","language_name":"english","language_id":38},"transliteration":{"text":"in","language_name":"english","language_id":38}},{"id":1317,"position":2,"audio_url":"wbw/060_002_002.mp3","qpc_uthmani_hafs":"يَثۡقَفُوكُمۡ","char_type_name":"word","page_number":549,"line_number":7,"text":"ﮆ","translation":{"text":"they gain dominance over you","language_name":"english","language_id":38},"transliteration":{"text":"yathqafūkum","language_name":"english","language_id":38}},{"id":1318,"position":3,"audio_url":"wbw/060_002_003.mp3","qpc_uthmani_hafs":"يَكُونُواْ","char_type_name":"word","page_number":549,"line_number":7,"text":"ﮇ","translation":{"text":"they would be","language_name":"english","language_id":38},"transliteration":{"text":"yakūnū","language_name":"english","language_id":38}},{"id":1319,"position":4,"audio_url":"wbw/060_002_004.mp3","qpc_uthmani_hafs":"لَكُمۡ","char_type_name":"word","page_number":549,"line_number":7,"text":"ﮈ","translation":{"text":"to you","language_name":"english","language_id":38},"transliteration":{"text":"lakum","language_name":"english","language_id":38}},{"id":1320,"position":5,"audio_url":"wbw/060_002_005.mp3","qpc_uthmani_hafs":"أَعۡدَآءٗ","char_type_name":"word","page_number":549,"line_number":7,"text":"ﮉ","translation":{"text":"enemies","language_name":"english","language_id":38},"transliteration":{"text":"aʿdāan","language_name":"english","language_id":38}},{"id":1321,"position":6,"audio_url":"wbw/060_002_006.mp3","qpc_uthmani_hafs":"وَيَبۡسُطُوٓاْ","char_type_name":"word","page_number":549,"line_number":7,"text":"ﮊ","translation":{"text":"and extend","language_name":"english","language_id":38},"transliteration":{"text":"wayabsuṭū","language_name":"english","language_id":38}},{"id":1322,"position":7,"audio_url":"wbw/060_002_007.mp3","qpc_uthmani_hafs":"إِلَيۡكُمۡ","char_type_name":"word","page_number":549,"line_number":7,"text":"ﮋ","translation":{"text":"against you","language_name":"english","language_id":38},"transliteration":{"text":"ilaykum","language_name":"english","language_id":38}},{"id":1323,"position":8,"audio_url":"wbw/060_002_008.mp3","qpc_uthmani_hafs":"أَيۡدِيَهُمۡ","char_type_name":"word","page_number":549,"line_number":7,"text":"ﮌ","translation":{"text":"their hands","language_name":"english","language_id":38},"transliteration":{"text":"aydiyahum","language_name":"english","language_id":38}},{"id":1324,"position":9,"audio_url":"wbw/060_002_009.mp3","qpc_uthmani_hafs":"وَأَلۡسِنَتَهُم","char_type_name":"word","page_number":549,"line_number":7,"text":"ﮍ","translation":{"text":"and their tongues","language_name":"english","language_id":38},"transliteration":{"text":"wa-alsinatahum","language_name":"english","language_id":38}},{"id":1325,"position":10,"audio_url":"wbw/060_002_010.mp3","qpc_uthmani_hafs":"بِٱلسُّوٓءِ","char_type_name":"word","page_number":549,"line_number":8,"text":"ﮎ","translation":{"text":"with evil","language_name":"english","language_id":38},"transliteration":{"text":"bil-sūi","language_name":"english","language_id":38}},{"id":1326,"position":11,"audio_url":"wbw/060_002_011.mp3","qpc_uthmani_hafs":"وَوَدُّواْ","char_type_name":"word","page_number":549,"line_number":8,"text":"ﮏ","translation":{"text":"and they desire","language_name":"english","language_id":38},"transliteration":{"text":"wawaddū","language_name":"english","language_id":38}},{"id":1327,"position":12,"audio_url":"wbw/060_002_012.mp3","qpc_uthmani_hafs":"لَوۡ","char_type_name":"word","page_number":549,"line_number":8,"text":"ﮐ","translation":{"text":"that","language_name":"english","language_id":38},"transliteration":{"text":"law","language_name":"english","language_id":38}},{"id":1328,"position":13,"audio_url":"wbw/060_002_013.mp3","qpc_uthmani_hafs":"تَكۡفُرُونَ","char_type_name":"word","page_number":549,"line_number":8,"text":"ﮑ","translation":{"text":"you would disbelieve","language_name":"english","language_id":38},"transliteration":{"text":"takfurūna","language_name":"english","language_id":38}},{"id":1329,"position":14,"audio_url":null,"qpc_uthmani_hafs":"٢","char_type_name":"end","page_number":549,"line_number":8,"text":"ﮒ","translation":{"text":"(2)","language_name":"english","language_id":38},"transliteration":{"text":null,"language_name":"english","language_id":38}}],"translations":[{"id":921581,"resource_id":134,"text":"Jika mereka menangkap kamu, niscaya mereka bertindak sebagai musuh bagimu dan melepaskan tangan dan lidah mereka kepadamu dengan menyakiti(mu); dan mereka ingin supaya kamu (kembali) kafir."}]},{"id":5153,"verse_number":3,"verse_key":"60:3","juz_number":28,"hizb_number":55,"rub_el_hizb_number":219,"ruku_number":484,"manzil_number":7,"sajdah_number":null,"text_uthmani":"لَن تَنفَعَكُمْ أَرْحَامُكُمْ وَلَآ أَوْلَـٰدُكُمْ ۚ يَوْمَ ٱلْقِيَـٰمَةِ يَفْصِلُ بَيْنَكُمْ ۚ وَٱللَّهُ بِمَا تَعْمَلُونَ بَصِيرٌ","page_number":549,"words":[{"id":2382,"position":1,"audio_url":"wbw/060_003_001.mp3","qpc_uthmani_hafs":"لَن","char_type_name":"word","page_number":549,"line_number":8,"text":"ﮓ","translation":{"text":"Never","language_name":"english","language_id":38},"transliteration":{"text":"lan","language_name":"english","language_id":38}},{"id":2383,"position":2,"audio_url":"wbw/060_003_002.mp3","qpc_uthmani_hafs":"تَنفَعَكُمۡ","char_type_name":"word","page_number":549,"line_number":8,"text":"ﮔ","translation":{"text":"will benefit you","language_name":"english","language_id":38},"transliteration":{"text":"tanfaʿakum","language_name":"english","language_id":38}},{"id":2384,"position":3,"audio_url":"wbw/060_003_003.mp3","qpc_uthmani_hafs":"أَرۡحَامُكُمۡ","char_type_name":"word","page_number":549,"line_number":8,"text":"ﮕ","translation":{"text":"your relatives","language_name":"english","language_id":38},"transliteration":{"text":"arḥāmukum","language_name":"english","language_id":38}},{"id":2385,"position":4,"audio_url":"wbw/060_003_004.mp3","qpc_uthmani_hafs":"وَلَآ","char_type_name":"word","page_number":549,"line_number":8,"text":"ﮖ","translation":{"text":"and not","language_name":"english","language_id":38},"transliteration":{"text":"walā","language_name":"english","language_id":38}},{"id":2386,"position":5,"audio_url":"wbw/060_003_005.mp3","qpc_uthmani_hafs":"أَوۡلَٰدُكُمۡۚ","char_type_name":"word","page_number":549,"line_number":8,"text":"ﮗﮘ","translation":{"text":"your children","language_name":"english","language_id":38},"transliteration":{"text":"awlādukum","language_name":"english","language_id":38}},{"id":2388,"position":6,"audio_url":"wbw/060_003_007.mp3","qpc_uthmani_hafs":"يَوۡمَ","char_type_name":"word","page_number":549,"line_number":9,"text":"ﮙ","translation":{"text":"(on the) Day","language_name":"english","language_id":38},"transliteration":{"text":"yawma","language_name":"english","language_id":38}},{"id":2389,"position":7,"audio_url":"wbw/060_003_008.mp3","qpc_uthmani_hafs":"ٱلۡقِيَٰمَةِ","char_type_name":"word","page_number":549,"line_number":9,"text":"ﮚ","translation":{"text":"(of) the Resurrection","language_name":"english","language_id":38},"transliteration":{"text":"l-qiyāmati","language_name":"english","language_id":38}},{"id":2390,"position":8,"audio_url":"wbw/060_003_009.mp3","qpc_uthmani_hafs":"يَفۡصِلُ","char_type_name":"word","page_number":549,"line_number":9,"text":"ﮛ","translation":{"text":"He will judge","language_name":"english","language_id":38},"transliteration":{"text":"yafṣilu","language_name":"english","language_id":38}},{"id":2391,"position":9,"audio_url":"wbw/060_003_010.mp3","qpc_uthmani_hafs":"بَيۡنَكُمۡۚ","char_type_name":"word","page_number":549,"line_number":9,"text":"ﮜﮝ","translation":{"text":"between you","language_name":"english","language_id":38},"transliteration":{"text":"baynakum","language_name":"english","language_id":38}},{"id":2393,"position":10,"audio_url":"wbw/060_003_012.mp3","qpc_uthmani_hafs":"وَٱللَّهُ","char_type_name":"word","page_number":549,"line_number":9,"text":"ﮞ","translation":{"text":"And Allah","language_name":"english","language_id":38},"transliteration":{"text":"wal-lahu","language_name":"english","language_id":38}},{"id":2394,"position":11,"audio_url":"wbw/060_003_013.mp3","qpc_uthmani_hafs":"بِمَا","char_type_name":"word","page_number":549,"line_number":9,"text":"ﮟ","translation":{"text":"of what","language_name":"english","language_id":38},"transliteration":{"text":"bimā","language_name":"english","language_id":38}},{"id":2395,"position":12,"audio_url":"wbw/060_003_014.mp3","qpc_uthmani_hafs":"تَعۡمَلُونَ","char_type_name":"word","page_number":549,"line_number":9,"text":"ﮠ","translation":{"text":"you do","language_name":"english","language_id":38},"transliteration":{"text":"taʿmalūna","language_name":"english","language_id":38}},{"id":2396,"position":13,"audio_url":"wbw/060_003_015.mp3","qpc_uthmani_hafs":"بَصِيرٞ","char_type_name":"word","page_number":549,"line_number":9,"text":"ﮡ","translation":{"text":"(is) All-Seer","language_name":"english","language_id":38},"transliteration":{"text":"baṣīrun","language_name":"english","language_id":38}},{"id":2397,"position":14,"audio_url":null,"qpc_uthmani_hafs":"٣","char_type_name":"end","page_number":549,"line_number":9,"text":"ﮢ","translation":{"text":"(3)","language_name":"english","language_id":38},"transliteration":{"text":null,"language_name":"english","language_id":38}}],"translations":[{"id":921582,"resource_id":134,"text":"Karib kerabat dan anak-anakmu sekali-sekali tiada bermanfaat bagimu pada hari Kiamat.  Dia akan memisahkan antara kamu.  Dan Allah Maha Melihat apa yang kamu kerjakan."}]},{"id":5154,"verse_number":4,"verse_key":"60:4","juz_number":28,"hizb_number":55,"rub_el_hizb_number":219,"ruku_number":484,"manzil_number":7,"sajdah_number":null,"text_uthmani":"قَدْ كَانَتْ لَكُمْ أُسْوَةٌ حَسَنَةٌ فِىٓ إِبْرَٰهِيمَ وَٱلَّذِينَ مَعَهُۥٓ إِذْ قَالُوا۟ لِقَوْمِهِمْ إِنَّا بُرَءَٰٓؤُا۟ مِنكُمْ وَمِمَّا تَعْبُدُونَ مِن دُونِ ٱللَّهِ كَفَرْنَا بِكُمْ وَبَدَا بَيْنَنَا وَبَيْنَكُمُ ٱلْعَدَٰوَةُ وَٱلْبَغْضَآءُ أَبَدًا حَتَّىٰ تُؤْمِنُوا۟ بِٱللَّهِ وَحْدَهُۥٓ إِلَّا قَوْلَ إِبْرَٰهِيمَ لِأَبِيهِ لَأَسْتَغْفِرَنَّ لَكَ وَمَآ أَمْلِكُ لَكَ مِنَ ٱللَّهِ مِن شَىْءٍ ۖ رَّبَّنَا عَلَيْكَ تَوَكَّلْنَا وَإِلَيْكَ أَنَبْنَا وَإِلَيْكَ ٱلْمَصِيرُ","page_number":549,"words":[{"id":3739,"position":1,"audio_url":"wbw/060_004_001.mp3","qpc_uthmani_hafs":"قَدۡ","char_type_name":"word","page_number":549,"line_number":9,"text":"ﮣ","translation":{"text":"Indeed","language_name":"english","language_id":38},"transliteration":{"text":"qad","language_name":"english","language_id":38}},{"id":3740,"position":2,"audio_url":"wbw/060_004_002.mp3","qpc_uthmani_hafs":"كَانَتۡ","char_type_name":"word","page_number":549,"line_number":10,"text":"ﮤ","translation":{"text":"(there) is","language_name":"english","language_id":38},"transliteration":{"text":"kānat","language_name":"english","language_id":38}},{"id":3741,"position":3,"audio_url":"wbw/060_004_003.mp3","qpc_uthmani_hafs":"لَكُمۡ","char_type_name":"word","page_number":549,"line_number":10,"text":"ﮥ","translation":{"text":"for you","language_name":"english","language_id":38},"transliteration":{"text":"lakum","language_name":"english","language_id":38}},{"id":3742,"position":4,"audio_url":"wbw/060_004_004.mp3","qpc_uthmani_hafs":"أُسۡوَةٌ","char_type_name":"word","page_number":549,"line_number":10,"text":"ﮦ","translation":{"text":"an example","language_name":"english","language_id":38},"transliteration":{"text":"us'watun","language_name":"english","language_id":38}},{"id":3743,"position":5,"audio_url":"wbw/060_004_005.mp3","qpc_uthmani_hafs":"حَسَنَةٞ","char_type_name":"word","page_number":549,"line_number":10,"text":"ﮧ","translation":{"text":"good","language_name":"english","language_id":38},"transliteration":{"text":"ḥasanatun","language_name":"english","language_id":38}},{"id":3744,"position":6,"audio_url":"wbw/060_004_006.mp3","qpc_uthmani_hafs":"فِيٓ","char_type_name":"word","page_number":549,"line_number":10,"text":"ﮨ","translation":{"text":"in","language_name":"english","language_id":38},"transliteration":{"text":"fī","language_name":"english","language_id":38}},{"id":3745,"position":7,"audio_url":"wbw/060_004_007.mp3","qpc_uthmani_hafs":"إِبۡرَٰهِيمَ","char_type_name":"word","page_number":549,"line_number":10,"text":"ﮩ","translation":{"text":"Ibrahim","language_name":"english","language_id":38},"transliteration":{"text":"ib'rāhīma","language_name":"english","language_id":38}},{"id":3746,"position":8,"audio_url":"wbw/060_004_008.mp3","qpc_uthmani_hafs":"وَٱلَّذِينَ","char_type_name":"word","page_number":549,"line_number":10,"text":"ﮪ","translation":{"text":"and those","language_name":"english","language_id":38},"transliteration":{"text":"wa-alladhīna","language_name":"english","language_id":38}},{"id":3747,"position":9,"audio_url":"wbw/060_004_009.mp3","qpc_uthmani_hafs":"مَعَهُۥٓ","char_type_name":"word","page_number":549,"line_number":10,"text":"ﮫ","translation":{"text":"with him","language_name":"english","language_id":38},"transliteration":{"text":"maʿahu","language_name":"english","language_id":38}},{"id":3748,"position":10,"audio_url":"wbw/060_004_010.mp3","qpc_uthmani_hafs":"إِذۡ","char_type_name":"word","page_number":549,"line_number":10,"text":"ﮬ","translation":{"text":"when","language_name":"english","language_id":38},"transliteration":{"text":"idh","language_name":"english","language_id":38}},{"id":3749,"position":11,"audio_url":"wbw/060_004_011.mp3","qpc_uthmani_hafs":"قَالُواْ","char_type_name":"word","page_number":549,"line_number":10,"text":"ﮭ","translation":{"text":"they said","language_name":"english","language_id":38},"transliteration":{"text":"qālū","language_name":"english","language_id":38}},{"id":3750,"position":12,"audio_url":"wbw/060_004_012.mp3","qpc_uthmani_hafs":"لِقَوۡمِهِمۡ","char_type_name":"word","page_number":549,"line_number":10,"text":"ﮮ","translation":{"text":"to their people","language_name":"english","language_id":38},"transliteration":{"text":"liqawmihim","language_name":"english","language_id":38}},{"id":3751,"position":13,"audio_url":"wbw/060_004_013.mp3","qpc_uthmani_hafs":"إِنَّا","char_type_name":"word","page_number":549,"line_number":11,"text":"ﮯ","translation":{"text":"Indeed, we","language_name":"english","language_id":38},"transliteration":{"text":"innā","language_name":"english","language_id":38}},{"id":3752,"position":14,"audio_url":"wbw/060_004_014.mp3","qpc_uthmani_hafs":"بُرَءَٰٓؤُاْ","char_type_name":"word","page_number":549,"line_number":11,"text":"ﮰ","translation":{"text":"(are) disassociated","language_name":"english","language_id":38},"transliteration":{"text":"buraāu","language_name":"english","language_id":38}},{"id":3753,"position":15,"audio_url":"wbw/060_004_015.mp3","qpc_uthmani_hafs":"مِنكُمۡ","char_type_name":"word","page_number":549,"line_number":11,"text":"ﮱ","translation":{"text":"from you","language_name":"english","language_id":38},"transliteration":{"text":"minkum","language_name":"english","language_id":38}},{"id":3754,"position":16,"audio_url":"wbw/060_004_016.mp3","qpc_uthmani_hafs":"وَمِمَّا","char_type_name":"word","page_number":549,"line_number":11,"text":"ﯓ","translation":{"text":"and from what","language_name":"english","language_id":38},"transliteration":{"text":"wamimmā","language_name":"english","language_id":38}},{"id":3755,"position":17,"audio_url":"wbw/060_004_017.mp3","qpc_uthmani_hafs":"تَعۡبُدُونَ","char_type_name":"word","page_number":549,"line_number":11,"text":"ﯔ","translation":{"text":"you worship","language_name":"english","language_id":38},"transliteration":{"text":"taʿbudūna","language_name":"english","language_id":38}},{"id":3756,"position":18,"audio_url":"wbw/060_004_018.mp3","qpc_uthmani_hafs":"مِن","char_type_name":"word","page_number":549,"line_number":11,"text":"ﯕ","translation":{"text":"from","language_name":"english","language_id":38},"transliteration":{"text":"min","language_name":"english","language_id":38}},{"id":3757,"position":19,"audio_url":"wbw/060_004_019.mp3","qpc_uthmani_hafs":"دُونِ","char_type_name":"word","page_number":549,"line_number":11,"text":"ﯖ","translation":{"text":"besides","language_name":"english","language_id":38},"transliteration":{"text":"dūni","language_name":"english","language_id":38}},{"id":3758,"position":20,"audio_url":"wbw/060_004_020.mp3","qpc_uthmani_hafs":"ٱللَّهِ","char_type_name":"word","page_number":549,"line_number":11,"text":"ﯗ","translation":{"text":"Allah","language_name":"english","language_id":38},"transliteration":{"text":"l-lahi","language_name":"english","language_id":38}},{"id":3759,"position":21,"audio_url":"wbw/060_004_021.mp3","qpc_uthmani_hafs":"كَفَرۡنَا","char_type_name":"word","page_number":549,"line_number":11,"text":"ﯘ","translation":{"text":"We have denied","language_name":"english","language_id":38},"transliteration":{"text":"kafarnā","language_name":"english","language_id":38}},{"id":3760,"position":22,"audio_url":"wbw/060_004_022.mp3","qpc_uthmani_hafs":"بِكُمۡ","char_type_name":"word","page_number":549,"line_number":11,"text":"ﯙ","translation":{"text":"you","language_name":"english","language_id":38},"transliteration":{"text":"bikum","language_name":"english","language_id":38}},{"id":3761,"position":23,"audio_url":"wbw/060_004_023.mp3","qpc_uthmani_hafs":"وَبَدَا","char_type_name":"word","page_number":549,"line_number":11,"text":"ﯚ","translation":{"text":"and has appeared","language_name":"english","language_id":38},"transliteration":{"text":"wabadā","language_name":"english","language_id":38}},{"id":3762,"position":24,"audio_url":"wbw/060_004_024.mp3","qpc_uthmani_hafs":"بَيۡنَنَا","char_type_name":"word","page_number":549,"line_number":11,"text":"ﯛ","translation":{"text":"between us","language_name":"english","language_id":38},"transliteration":{"text":"baynanā","language_name":"english","language_id":38}},{"id":3763,"position":25,"audio_url":"wbw/060_004_025.mp3","qpc_uthmani_hafs":"وَبَيۡنَكُمُ","char_type_name":"word","page_number":549,"line_number":12,"text":"ﯜ","translation":{"text":"and between you","language_name":"english","language_id":38},"transliteration":{"text":"wabaynakumu","language_name":"english","language_id":38}},{"id":3764,"position":26,"audio_url":"wbw/060_004_026.mp3","qpc_uthmani_hafs":"ٱلۡعَدَٰوَةُ","char_type_name":"word","page_number":549,"line_number":12,"text":"ﯝ","translation":{"text":"enmity","language_name":"english","language_id":38},"transliteration":{"text":"l-ʿadāwatu","language_name":"english","language_id":38}},{"id":3765,"position":27,"audio_url":"wbw/060_004_027.mp3","qpc_uthmani_hafs":"وَٱلۡبَغۡضَآءُ","char_type_name":"word","page_number":549,"line_number":12,"text":"ﯞ","translation":{"text":"and hatred","language_name":"english","language_id":38},"transliteration":{"text":"wal-baghḍāu","language_name":"english","language_id":38}},{"id":3766,"position":28,"audio_url":"wbw/060_004_028.mp3","qpc_uthmani_hafs":"أَبَدًا","char_type_name":"word","page_number":549,"line_number":12,"text":"ﯟ","translation":{"text":"forever","language_name":"english","language_id":38},"transliteration":{"text":"abadan","language_name":"english","language_id":38}},{"id":3767,"position":29,"audio_url":"wbw/060_004_029.mp3","qpc_uthmani_hafs":"حَتَّىٰ","char_type_name":"word","page_number":549,"line_number":12,"text":"ﯠ","translation":{"text":"until","language_name":"english","language_id":38},"transliteration":{"text":"ḥattā","language_name":"english","language_id":38}},{"id":3768,"position":30,"audio_url":"wbw/060_004_030.mp3","qpc_uthmani_hafs":"تُؤۡمِنُواْ","char_type_name":"word","page_number":549,"line_number":12,"text":"ﯡ","translation":{"text":"you believe","language_name":"english","language_id":38},"transliteration":{"text":"tu'minū","language_name":"english","language_id":38}},{"id":3769,"position":31,"audio_url":"wbw/060_004_031.mp3","qpc_uthmani_hafs":"بِٱللَّهِ","char_type_name":"word","page_number":549,"line_number":12,"text":"ﯢ","translation":{"text":"in Allah","language_name":"english","language_id":38},"transliteration":{"text":"bil-lahi","language_name":"english","language_id":38}},{"id":3770,"position":32,"audio_url":"wbw/060_004_032.mp3","qpc_uthmani_hafs":"وَحۡدَهُۥٓ","char_type_name":"word","page_number":549,"line_number":12,"text":"ﯣ","translation":{"text":"Alone","language_name":"english","language_id":38},"transliteration":{"text":"waḥdahu","language_name":"english","language_id":38}},{"id":3771,"position":33,"audio_url":"wbw/060_004_033.mp3","qpc_uthmani_hafs":"إِلَّا","char_type_name":"word","page_number":549,"line_number":12,"text":"ﯤ","translation":{"text":"Except","language_name":"english","language_id":38},"transliteration":{"text":"illā","language_name":"english","language_id":38}},{"id":3772,"position":34,"audio_url":"wbw/060_004_034.mp3","qpc_uthmani_hafs":"قَوۡلَ","char_type_name":"word","page_number":549,"line_number":13,"text":"ﯥ","translation":{"text":"(the) saying","language_name":"english","language_id":38},"transliteration":{"text":"qawla","language_name":"english","language_id":38}},{"id":3773,"position":35,"audio_url":"wbw/060_004_035.mp3","qpc_uthmani_hafs":"إِبۡرَٰهِيمَ","char_type_name":"word","page_number":549,"line_number":13,"text":"ﯦ","translation":{"text":"(of) Ibrahim","language_name":"english","language_id":38},"transliteration":{"text":"ib'rāhīma","language_name":"english","language_id":38}},{"id":3774,"position":36,"audio_url":"wbw/060_004_036.mp3","qpc_uthmani_hafs":"لِأَبِيهِ","char_type_name":"word","page_number":549,"line_number":13,"text":"ﯧ","translation":{"text":"to his father","language_name":"english","language_id":38},"transliteration":{"text":"li-abīhi","language_name":"english","language_id":38}},{"id":3775,"position":37,"audio_url":"wbw/060_004_037.mp3","qpc_uthmani_hafs":"لَأَسۡتَغۡفِرَنَّ","char_type_name":"word","page_number":549,"line_number":13,"text":"ﯨ","translation":{"text":"Surely I ask forgiveness","language_name":"english","language_id":38},"transliteration":{"text":"la-astaghfiranna","language_name":"english","language_id":38}},{"id":3776,"position":38,"audio_url":"wbw/060_004_038.mp3","qpc_uthmani_hafs":"لَكَ","char_type_name":"word","page_number":549,"line_number":13,"text":"ﯩ","translation":{"text":"for you","language_name":"english","language_id":38},"transliteration":{"text":"laka","language_name":"english","language_id":38}},{"id":3777,"position":39,"audio_url":"wbw/060_004_039.mp3","qpc_uthmani_hafs":"وَمَآ","char_type_name":"word","page_number":549,"line_number":13,"text":"ﯪ","translation":{"text":"but not","language_name":"english","language_id":38},"transliteration":{"text":"wamā","language_name":"english","language_id":38}},{"id":3778,"position":40,"audio_url":"wbw/060_004_040.mp3","qpc_uthmani_hafs":"أَمۡلِكُ","char_type_name":"word","page_number":549,"line_number":13,"text":"ﯫ","translation":{"text":"I have power","language_name":"english","language_id":38},"transliteration":{"text":"amliku","language_name":"english","language_id":38}},{"id":3779,"position":41,"audio_url":"wbw/060_004_041.mp3","qpc_uthmani_hafs":"لَكَ","char_type_name":"word","page_number":549,"line_number":13,"text":"ﯬ","translation":{"text":"for you","language_name":"english","language_id":38},"transliteration":{"text":"laka","language_name":"english","language_id":38}},{"id":3780,"position":42,"audio_url":"wbw/060_004_042.mp3","qpc_uthmani_hafs":"مِنَ","char_type_name":"word","page_number":549,"line_number":13,"text":"ﯭ","translation":{"text":"from","language_name":"english","language_id":38},"transliteration":{"text":"mina","language_name":"english","language_id":38}},{"id":3781,"position":43,"audio_url":"wbw/060_004_043.mp3","qpc_uthmani_hafs":"ٱللَّهِ","char_type_name":"word","page_number":549,"line_number":13,"text":"ﯮ","translation":{"text":"Allah","language_name":"english","language_id":38},"transliteration":{"text":"l-lahi","language_name":"english","language_id":38}},{"id":3782,"position":44,"audio_url":"wbw/060_004_044.mp3","qpc_uthmani_hafs":"مِن","char_type_name":"word","page_number":549,"line_number":13,"text":"ﯯ","translation":{"text":"of","language_name":"english","language_id":38},"transliteration":{"text":"min","language_name":"english","language_id":38}},{"id":3783,"position":45,"audio_url":"wbw/060_004_045.mp3","qpc_uthmani_hafs":"شَيۡءٖۖ","char_type_name":"word","page_number":549,"line_number":13,"text":"ﯰﯱ","translation":{"text":"anything","language_name":"english","language_id":38},"transliteration":{"text":"shayin","language_name":"english","language_id":38}},{"id":3785,"position":46,"audio_url":"wbw/060_004_047.mp3","qpc_uthmani_hafs":"رَّبَّنَا","char_type_name":"word","page_number":549,"line_number":14,"text":"ﯲ","translation":{"text":"Our Lord","language_name":"english","language_id":38},"transliteration":{"text":"rabbanā","language_name":"english","language_id":38}},{"id":3786,"position":47,"audio_url":"wbw/060_004_048.mp3","qpc_uthmani_hafs":"عَلَيۡكَ","char_type_name":"word","page_number":549,"line_number":14,"text":"ﯳ","translation":{"text":"upon You","language_name":"english","language_id":38},"transliteration":{"text":"ʿalayka","language_name":"english","language_id":38}},{"id":3787,"position":48,"audio_url":"wbw/060_004_049.mp3","qpc_uthmani_hafs":"تَوَكَّلۡنَا","char_type_name":"word","page_number":549,"line_number":14,"text":"ﯴ","translation":{"text":"we put our trust","language_name":"english","language_id":38},"transliteration":{"text":"tawakkalnā","language_name":"english","language_id":38}},{"id":3788,"position":49,"audio_url":"wbw/060_004_050.mp3","qpc_uthmani_hafs":"وَإِلَيۡكَ","char_type_name":"word","page_number":549,"line_number":14,"text":"ﯵ","translation":{"text":"and to You","language_name":"english","language_id":38},"transliteration":{"text":"wa-ilayka","language_name":"english","language_id":38}},{"id":3789,"position":50,"audio_url":"wbw/060_004_051.mp3","qpc_uthmani_hafs":"أَنَبۡنَا","char_type_name":"word","page_number":549,"line_number":14,"text":"ﯶ","translation":{"text":"we turn","language_name":"english","language_id":38},"transliteration":{"text":"anabnā","language_name":"english","language_id":38}},{"id":3790,"position":51,"audio_url":"wbw/060_004_052.mp3","qpc_uthmani_hafs":"وَإِلَيۡكَ","char_type_name":"word","page_number":549,"line_number":14,"text":"ﯷ","translation":{"text":"and to You","language_name":"english","language_id":38},"transliteration":{"text":"wa-ilayka","language_name":"english","language_id":38}},{"id":3791,"position":52,"audio_url":"wbw/060_004_053.mp3","qpc_uthmani_hafs":"ٱلۡمَصِيرُ","char_type_name":"word","page_number":549,"line_number":14,"text":"ﯸ","translation":{"text":"(is) the final return","language_name":"english","language_id":38},"transliteration":{"text":"l-maṣīru","language_name":"english","language_id":38}},{"id":3792,"position":53,"audio_url":null,"qpc_uthmani_hafs":"٤","char_type_name":"end","page_number":549,"line_number":14,"text":"ﯹ","translation":{"text":"(4)","language_name":"english","language_id":38},"transliteration":{"text":null,"language_name":"english","language_id":38}}],"translations":[{"id":921583,"resource_id":134,"text":"Sesungguhnya telah ada suri teladan yang baik bagimu pada Ibrāhīm dan orang-orang yang bersama dengan dia; ketika mereka berkata kepada kaum mereka, \"Sesungguhnya kami berlepas diri dari kamu dari dari apa yang kamu sembah selain Allah, kami ingkari (kekafiran)mu dan telah nyata antara kami dan kamu permusuhan dan kebencian buat selama-lamanya sampai kamu beriman kepada Allah saja\".  Kecuali perkataan Ibrāhīm kepada bapaknya<sup foot_note=211240>1</sup>, \"Sesungguhnya aku akan memohonkan ampunan bagi kamu dan aku tiada dapat menolak sesuatu pun dari kamu (siksaan) Allah\".  (Ibrāhīm berkata), \"Ya Tuhan kami hanya kepada Engkau-lah kami bertawakal dan hanya kepada Engkau-lah kami bertobat dan hanya kepada Engkau-lah kami kembali,"}]},{"id":5155,"verse_number":5,"verse_key":"60:5","juz_number":28,"hizb_number":55,"rub_el_hizb_number":219,"ruku_number":484,"manzil_number":7,"sajdah_number":null,"text_uthmani":"رَبَّنَا لَا تَجْعَلْنَا فِتْنَةً لِّلَّذِينَ كَفَرُوا۟ وَٱغْفِرْ لَنَا رَبَّنَآ ۖ إِنَّكَ أَنتَ ٱلْعَزِيزُ ٱلْحَكِيمُ","page_number":549,"words":[{"id":5025,"position":1,"audio_url":"wbw/060_005_001.mp3","qpc_uthmani_hafs":"رَبَّنَا","char_type_name":"word","page_number":549,"line_number":14,"text":"ﯺ","translation":{"text":"Our Lord","language_name":"english","language_id":38},"transliteration":{"text":"rabbanā","language_name":"english","language_id":38}},{"id":5026,"position":2,"audio_url":"wbw/060_005_002.mp3","qpc_uthmani_hafs":"لَا","char_type_name":"word","page_number":549,"line_number":14,"text":"ﯻ","translation":{"text":"(do) not","language_name":"english","language_id":38},"transliteration":{"text":"lā","language_name":"english","language_id":38}},{"id":5027,"position":3,"audio_url":"wbw/060_005_003.mp3","qpc_uthmani_hafs":"تَجۡعَلۡنَا","char_type_name":"word","page_number":549,"line_number":14,"text":"ﯼ","translation":{"text":"make us","language_name":"english","language_id":38},"transliteration":{"text":"tajʿalnā","language_name":"english","language_id":38}},{"id":5028,"position":4,"audio_url":"wbw/060_005_004.mp3","qpc_uthmani_hafs":"فِتۡنَةٗ","char_type_name":"word","page_number":549,"line_number":15,"text":"ﯽ","translation":{"text":"a trial","language_name":"english","language_id":38},"transliteration":{"text":"fit'natan","language_name":"english","language_id":38}},{"id":5029,"position":5,"audio_url":"wbw/060_005_005.mp3","qpc_uthmani_hafs":"لِّلَّذِينَ","char_type_name":"word","page_number":549,"line_number":15,"text":"ﯾ","translation":{"text":"for those who","language_name":"english","language_id":38},"transliteration":{"text":"lilladhīna","language_name":"english","language_id":38}},{"id":5030,"position":6,"audio_url":"wbw/060_005_006.mp3","qpc_uthmani_hafs":"كَفَرُواْ","char_type_name":"word","page_number":549,"line_number":15,"text":"ﯿ","translation":{"text":"disbelieve","language_name":"english","language_id":38},"transliteration":{"text":"kafarū","language_name":"english","language_id":38}},{"id":5031,"position":7,"audio_url":"wbw/060_005_007.mp3","qpc_uthmani_hafs":"وَٱغۡفِرۡ","char_type_name":"word","page_number":549,"line_number":15,"text":"ﰀ","translation":{"text":"and forgive","language_name":"english","language_id":38},"transliteration":{"text":"wa-igh'fir","language_name":"english","language_id":38}},{"id":5032,"position":8,"audio_url":"wbw/060_005_008.mp3","qpc_uthmani_hafs":"لَنَا","char_type_name":"word","page_number":549,"line_number":15,"text":"ﰁ","translation":{"text":"us","language_name":"english","language_id":38},"transliteration":{"text":"lanā","language_name":"english","language_id":38}},{"id":5033,"position":9,"audio_url":"wbw/060_005_009.mp3","qpc_uthmani_hafs":"رَبَّنَآۖ","char_type_name":"word","page_number":549,"line_number":15,"text":"ﰂﰃ","translation":{"text":"our Lord","language_name":"english","language_id":38},"transliteration":{"text":"rabbanā","language_name":"english","language_id":38}},{"id":5035,"position":10,"audio_url":"wbw/060_005_011.mp3","qpc_uthmani_hafs":"إِنَّكَ","char_type_name":"word","page_number":549,"line_number":15,"text":"ﰄ","translation":{"text":"Indeed You","language_name":"english","language_id":38},"transliteration":{"text":"innaka","language_name":"english","language_id":38}},{"id":5036,"position":11,"audio_url":"wbw/060_005_012.mp3","qpc_uthmani_hafs":"أَنتَ","char_type_name":"word","page_number":549,"line_number":15,"text":"ﰅ","translation":{"text":"[You]","language_name":"english","language_id":38},"transliteration":{"text":"anta","language_name":"english","language_id":38}},{"id":5037,"position":12,"audio_url":"wbw/060_005_013.mp3","qpc_uthmani_hafs":"ٱلۡعَزِيزُ","char_type_name":"word","page_number":549,"line_number":15,"text":"ﰆ","translation":{"text":"(are) the All-Mighty","language_name":"english","language_id":38},"transliteration":{"text":"l-ʿazīzu","language_name":"english","language_id":38}},{"id":5038,"position":13,"audio_url":"wbw/060_005_014.mp3","qpc_uthmani_hafs":"ٱلۡحَكِيمُ","char_type_name":"word","page_number":549,"line_number":15,"text":"ﰇ","translation":{"text":"the All-Wise","language_name":"english","language_id":38},"transliteration":{"text":"l-ḥakīmu","language_name":"english","language_id":38}},{"id":5039,"position":14,"audio_url":null,"qpc_uthmani_hafs":"٥","char_type_name":"end","page_number":549,"line_number":15,"text":"ﰈ","translation":{"text":"(5)","language_name":"english","language_id":38},"transliteration":{"text":null,"language_name":"english","language_id":38}}],"translations":[{"id":921584,"resource_id":134,"text":"\"Ya Tuhan kami, janganlah Engkau jadikan kami (sasaran) fitnah bagi orang-orang kafir.  Dan ampunilah kami ya Tuhan kami.  Sesungguhnya Engkau-lah Yang Maha Perkasa lagi Maha Bijaksana\"."}]}],"pagination":{"per_page":50,"current_page":1,"next_page":null,"total_pages":1,"total_records":5}}