{"verses":[{"id":5169,"verse_number":6,"verse_key":"61:6","juz_number":28,"hizb_number":55,"rub_el_hizb_number":220,"ruku_number":486,"manzil_number":7,"sajdah_number":null,"text_uthmani":"وَإِذْ قَالَ عِيسَى ٱبْنُ مَرْيَمَ يَـٰبَنِىٓ إِسْرَٰٓءِيلَ إِنِّى رَسُولُ ٱللَّهِ إِلَيْكُم مُّصَدِّقًا لِّمَا بَيْنَ يَدَىَّ مِنَ ٱلتَّوْرَىٰةِ وَمُبَشِّرًۢا بِرَسُولٍ يَأْتِى مِنۢ بَعْدِى ٱسْمُهُۥٓ أَحْمَدُ ۖ فَلَمَّا جَآءَهُم بِٱلْبَيِّنَـٰتِ قَالُوا۟ هَـٰذَا سِحْرٌ مُّبِينٌ","page_number":552,"words":[{"id":6295,"position":1,"audio_url":"wbw/061_006_001.mp3","qpc_uthmani_hafs":"وَإِذۡ","char_type_name":"word","page_number":552,"line_number":1,"text":"ﭑ","translation":{"text":"And when","language_name":"english","language_id":38},"transliteration":{"text":"wa-idh","language_name":"english","language_id":38}},{"id":6296,"position":2,"audio_url":"wbw/061_006_002.mp3","qpc_uthmani_hafs":"قَالَ","char_type_name":"word","page_number":552,"line_number":1,"text":"ﭒ","translation":{"text":"said","language_name":"english","language_id":38},"transliteration":{"text":"qāla","language_name":"english","language_id":38}},{"id":6297,"position":3,"audio_url":"wbw/061_006_003.mp3","qpc_uthmani_hafs":"عِيسَى","char_type_name":"word","page_number":552,"line_number":1,"text":"ﭓ","translation":{"text":"Isa","language_name":"english","language_id":38},"transliteration":{"text":"ʿīsā","language_name":"english","language_id":38}},{"id":6298,"position":4,"audio_url":"wbw/061_006_004.mp3","qpc_uthmani_hafs":"ٱبۡنُ","char_type_name":"word","page_number":552,"line_number":1,"text":"ﭔ","translation":{"text":"son","language_name":"english","language_id":38},"transliteration":{"text":"ub'nu","language_name":"english","language_id":38}},{"id":6299,"position":5,"audio_url":"wbw/061_006_005.mp3","qpc_uthmani_hafs":"مَرۡيَمَ","char_type_name":"word","page_number":552,"line_number":1,"text":"ﭕ","translation":{"text":"(of) Maryam","language_name":"english","language_id":38},"transliteration":{"text":"maryama","language_name":"english","language_id":38}},{"id":6300,"position":6,"audio_url":"wbw/061_006_006.mp3","qpc_uthmani_hafs":"يَٰبَنِيٓ","char_type_name":"word","page_number":552,"line_number":1,"text":"ﭖ","translation":{"text":"O Children","language_name":"english","language_id":38},"transliteration":{"text":"yābanī","language_name":"english","language_id":38}},{"id":6301,"position":7,"audio_url":"wbw/061_006_007.mp3","qpc_uthmani_hafs":"إِسۡرَٰٓءِيلَ","char_type_name":"word","page_number":552,"line_number":1,"text":"ﭗ","translation":{"text":"(of) Israel","language_name":"english","language_id":38},"transliteration":{"text":"is'rāīla","language_name":"english","language_id":38}},{"id":6302,"position":8,"audio_url":"wbw/061_006_008.mp3","qpc_uthmani_hafs":"إِنِّي","char_type_name":"word","page_number":552,"line_number":1,"text":"ﭘ","translation":{"text":"Indeed, I am","language_name":"english","language_id":38},"transliteration":{"text":"innī","language_name":"english","language_id":38}},{"id":6303,"position":9,"audio_url":"wbw/061_006_009.mp3","qpc_uthmani_hafs":"رَسُولُ","char_type_name":"word","page_number":552,"line_number":1,"text":"ﭙ","translation":{"text":"(the) Messenger","language_name":"english","language_id":38},"transliteration":{"text":"rasūlu","language_name":"english","language_id":38}},{"id":6304,"position":10,"audio_url":"wbw/061_006_010.mp3","qpc_uthmani_hafs":"ٱللَّهِ","char_type_name":"word","page_number":552,"line_number":1,"text":"ﭚ","translation":{"text":"(of) Allah","language_name":"english","language_id":38},"transliteration":{"text":"l-lahi","language_name":"english","language_id":38}},{"id":6305,"position":11,"audio_url":"wbw/061_006_011.mp3","qpc_uthmani_hafs":"إِلَيۡكُم","char_type_name":"word","page_number":552,"line_number":1,"text":"ﭛ","translation":{"text":"to you","language_name":"english","language_id":38},"transliteration":{"text":"ilaykum","language_name":"english","language_id":38}},{"id":6306,"position":12,"audio_url":"wbw/061_006_012.mp3","qpc_uthmani_hafs":"مُّصَدِّقٗا","char_type_name":"word","page_number":552,"line_number":1,"text":"ﭜ","translation":{"text":"confirming","language_name":"english","language_id":38},"transliteration":{"text":"muṣaddiqan","language_name":"english","language_id":38}},{"id":6307,"position":13,"audio_url":"wbw/061_006_013.mp3","qpc_uthmani_hafs":"لِّمَا","char_type_name":"word","page_number":552,"line_number":2,"text":"ﭝ","translation":{"text":"that which","language_name":"english","language_id":38},"transliteration":{"text":"limā","language_name":"english","language_id":38}},{"id":6308,"position":14,"audio_url":"wbw/061_006_014.mp3","qpc_uthmani_hafs":"بَيۡنَ","char_type_name":"word","page_number":552,"line_number":2,"text":"ﭞ","translation":{"text":"(was) between","language_name":"english","language_id":38},"transliteration":{"text":"bayna","language_name":"english","language_id":38}},{"id":6309,"position":15,"audio_url":"wbw/061_006_015.mp3","qpc_uthmani_hafs":"يَدَيَّ","char_type_name":"word","page_number":552,"line_number":2,"text":"ﭟ","translation":{"text":"my hands","language_name":"english","language_id":38},"transliteration":{"text":"yadayya","language_name":"english","language_id":38}},{"id":6310,"position":16,"audio_url":"wbw/061_006_016.mp3","qpc_uthmani_hafs":"مِنَ","char_type_name":"word","page_number":552,"line_number":2,"text":"ﭠ","translation":{"text":"of","language_name":"english","language_id":38},"transliteration":{"text":"mina","language_name":"english","language_id":38}},{"id":6311,"position":17,"audio_url":"wbw/061_006_017.mp3","qpc_uthmani_hafs":"ٱلتَّوۡرَىٰةِ","char_type_name":"word","page_number":552,"line_number":2,"text":"ﭡ","translation":{"text":"the Taurat","language_name":"english","language_id":38},"transliteration":{"text":"l-tawrāti","language_name":"english","language_id":38}},{"id":6312,"position":18,"audio_url":"wbw/061_006_018.mp3","qpc_uthmani_hafs":"وَمُبَشِّرَۢا","char_type_name":"word","page_number":552,"line_number":2,"text":"ﭢ","translation":{"text":"and bringing glad tidings","language_name":"english","language_id":38},"transliteration":{"text":"wamubashiran","language_name":"english","language_id":38}},{"id":6313,"position":19,"audio_url":"wbw/061_006_019.mp3","qpc_uthmani_hafs":"بِرَسُولٖ","char_type_name":"word","page_number":552,"line_number":2,"text":"ﭣ","translation":{"text":"(of) a Messenger","language_name":"english","language_id":38},"transliteration":{"text":"birasūlin","language_name":"english","language_id":38}},{"id":6314,"position":20,"audio_url":"wbw/061_006_020.mp3","qpc_uthmani_hafs":"يَأۡتِي","char_type_name":"word","page_number":552,"line_number":2,"text":"ﭤ","translation":{"text":"to come","language_name":"english","language_id":38},"transliteration":{"text":"yatī","language_name":"english","language_id":38}},{"id":6315,"position":21,"audio_url":"wbw/061_006_021.mp3","qpc_uthmani_hafs":"مِنۢ","char_type_name":"word","page_number":552,"line_number":2,"text":"ﭥ","translation":{"text":"from","language_name":"english","language_id":38},"transliteration":{"text":"min","language_name":"english","language_id":38}},{"id":6316,"position":22,"audio_url":"wbw/061_006_022.mp3","qpc_uthmani_hafs":"بَعۡدِي","char_type_name":"word","page_number":552,"line_number":2,"text":"ﭦ","translation":{"text":"after me","language_name":"english","language_id":38},"transliteration":{"text":"baʿdī","language_name":"english","language_id":38}},{"id":6317,"position":23,"audio_url":"wbw/061_006_023.mp3","qpc_uthmani_hafs":"ٱسۡمُهُۥٓ","char_type_name":"word","page_number":552,"line_number":2,"text":"ﭧ","translation":{"text":"whose name (will be)","language_name":"english","language_id":38},"transliteration":{"text":"us'muhu","language_name":"english","language_id":38}},{"id":6318,"position":24,"audio_url":"wbw/061_006_024.mp3","qpc_uthmani_hafs":"أَحۡمَدُۖ","char_type_name":"word","page_number":552,"line_number":2,"text":"ﭨﭩ","translation":{"text":"Ahmad","language_name":"english","language_id":38},"transliteration":{"text":"aḥmadu","language_name":"english","language_id":38}},{"id":6320,"position":25,"audio_url":"wbw/061_006_026.mp3","qpc_uthmani_hafs":"فَلَمَّا","char_type_name":"word","page_number":552,"line_number":2,"text":"ﭪ","translation":{"text":"But when","language_name":"english","language_id":38},"transliteration":{"text":"falammā","language_name":"english","language_id":38}},{"id":6321,"position":26,"audio_url":"wbw/061_006_027.mp3","qpc_uthmani_hafs":"جَآءَهُم","char_type_name":"word","page_number":552,"line_number":3,"text":"ﭫ","translation":{"text":"he came to them","language_name":"english","language_id":38},"transliteration":{"text":"jāahum","language_name":"english","language_id":38}},{"id":6322,"position":27,"audio_url":"wbw/061_006_028.mp3","qpc_uthmani_hafs":"بِٱلۡبَيِّنَٰتِ","char_type_name":"word","page_number":552,"line_number":3,"text":"ﭬ","translation":{"text":"with clear proofs","language_name":"english","language_id":38},"transliteration":{"text":"bil-bayināti","language_name":"english","language_id":38}},{"id":6323,"position":28,"audio_url":"wbw/061_006_029.mp3","qpc_uthmani_hafs":"قَالُواْ","char_type_name":"word","page_number":552,"line_number":3,"text":"ﭭ","translation":{"text":"they said","language_name":"english","language_id":38},"transliteration":{"text":"qālū","language_name":"english","language_id":38}},{"id":6324,"position":29,"audio_url":"wbw/061_006_030.mp3","qpc_uthmani_hafs":"هَٰذَا","char_type_name":"word","page_number":552,"line_number":3,"text":"ﭮ","translation":{"text":"This","language_name":"english","language_id":38},"transliteration":{"text":"hādhā","language_name":"english","language_id":38}},{"id":6325,"position":30,"audio_url":"wbw/061_006_031.mp3","qpc_uthmani_hafs":"سِحۡرٞ","char_type_name":"word","page_number":552,"line_number":3,"text":"ﭯ","translation":{"text":"(is) a magic","language_name":"english","language_id":38},"transliteration":{"text":"siḥ'run","language_name":"english","language_id":38}},{"id":6326,"position":31,"audio_url":"wbw/061_006_032.mp3","qpc_uthmani_hafs":"مُّبِينٞ","char_type_name":"word","page_number":552,"line_number":3,"text":"ﭰ","translation":{"text":"clear","language_name":"english","language_id":38},"transliteration":{"text":"mubīnun","language_name":"english","language_id":38}},{"id":6327,"position":32,"audio_url":null,"qpc_uthmani_hafs":"٦","char_type_name":"end","page_number":552,"line_number":3,"text":"ﭱ","translation":{"text":"(6)","language_name":"english","language_id":38},"transliteration":{"text":null,"language_name":"english","language_id":38}}],"translations":[{"id":921598,"resource_id":134,"text":"Dan (ingatlah) ketika ʻIsa putra Maryam berkata, \"Hai Bani Isrā`īl, sesungguhnya aku adalah utusan Allah kepadamu, membenarkan kitab (yang turun) sebelumku, yaitu Taurat, dan memberi kabar gembira dengan (datangnya) seorang rasul yang akan datang sesudahku, yang namanya Ahmad (Muhammad)\".  Maka tatkala rasul itu datang kepada mereka dengan membawa bukti-bukti yang nyata, mereka berkata, \"Ini adalah sihir yang nyata\"."}]},{"id":5170,"verse_number":7,"verse_key":"61:7","juz_number":28,"hizb_number":55,"rub_el_hizb_number":220,"ruku_number":486,"manzil_number":7,"sajdah_number":null,"text_uthmani":"وَمَنْ أَظْلَمُ مِمَّنِ ٱفْتَرَىٰ عَلَى ٱللَّهِ ٱلْكَذِبَ وَهُوَ يُدْعَىٰٓ إِلَى ٱلْإِسْلَـٰمِ ۚ وَٱللَّهُ لَا يَهْدِى ٱلْقَوْمَ ٱلظَّـٰلِمِينَ","page_number":552,"words":[{"id":7736,"position":1,"audio_url":"wbw/061_007_001.mp3","qpc_uthmani_hafs":"وَمَنۡ","char_type_name":"word","page_number":552,"line_number":3,"text":"ﭲ","translation":{"text":"And who","language_name":"english","language_id":38},"transliteration":{"text":"waman","language_name":"english","language_id":38}},{"id":7737,"position":2,"audio_url":"wbw/061_007_002.mp3","qpc_uthmani_hafs":"أَظۡلَمُ","char_type_name":"word","page_number":552,"line_number":3,"text":"ﭳ","translation":{"text":"(is) more wrong","language_name":"english","language_id":38},"transliteration":{"text":"aẓlamu","language_name":"english","language_id":38}},{"id":7738,"position":3,"audio_url":"wbw/061_007_003.mp3","qpc_uthmani_hafs":"مِمَّنِ","char_type_name":"word","page_number":552,"line_number":3,"text":"ﭴ","translation":{"text":"than (one) who","language_name":"english","language_id":38},"transliteration":{"text":"mimmani","language_name":"english","language_id":38}},{"id":7739,"position":4,"audio_url":"wbw/061_007_004.mp3","qpc_uthmani_hafs":"ٱفۡتَرَىٰ","char_type_name":"word","page_number":552,"line_number":3,"text":"ﭵ","translation":{"text":"invents","language_name":"english","language_id":38},"transliteration":{"text":"if'tarā","language_name":"english","language_id":38}},{"id":7740,"position":5,"audio_url":"wbw/061_007_005.mp3","qpc_uthmani_hafs":"عَلَى","char_type_name":"word","page_number":552,"line_number":4,"text":"ﭶ","translation":{"text":"upon","language_name":"english","language_id":38},"transliteration":{"text":"ʿalā","language_name":"english","language_id":38}},{"id":7741,"position":6,"audio_url":"wbw/061_007_006.mp3","qpc_uthmani_hafs":"ٱللَّهِ","char_type_name":"word","page_number":552,"line_number":4,"text":"ﭷ","translation":{"text":"Allah","language_name":"english","language_id":38},"transliteration":{"text":"l-lahi","language_name":"english","language_id":38}},{"id":7742,"position":7,"audio_url":"wbw/061_007_007.mp3","qpc_uthmani_hafs":"ٱلۡكَذِبَ","char_type_name":"word","page_number":552,"line_number":4,"text":"ﭸ","translation":{"text":"the lie","language_name":"english","language_id":38},"transliteration":{"text":"l-kadhiba","language_name":"english","language_id":38}},{"id":7743,"position":8,"audio_url":"wbw/061_007_008.mp3","qpc_uthmani_hafs":"وَهُوَ","char_type_name":"word","page_number":552,"line_number":4,"text":"ﭹ","translation":{"text":"while he","language_name":"english","language_id":38},"transliteration":{"text":"wahuwa","language_name":"english","language_id":38}},{"id":7744,"position":9,"audio_url":"wbw/061_007_009.mp3","qpc_uthmani_hafs":"يُدۡعَىٰٓ","char_type_name":"word","page_number":552,"line_number":4,"text":"ﭺ","translation":{"text":"is invited","language_name":"english","language_id":38},"transliteration":{"text":"yud'ʿā","language_name":"english","language_id":38}},{"id":7745,"position":10,"audio_url":"wbw/061_007_010.mp3","qpc_uthmani_hafs":"إِلَى","char_type_name":"word","page_number":552,"line_number":4,"text":"ﭻ","translation":{"text":"to","language_name":"english","language_id":38},"transliteration":{"text":"ilā","language_name":"english","language_id":38}},{"id":7746,"position":11,"audio_url":"wbw/061_007_011.mp3","qpc_uthmani_hafs":"ٱلۡإِسۡلَٰمِۚ","char_type_name":"word","page_number":552,"line_number":4,"text":"ﭼﭽ","translation":{"text":"Islam","language_name":"english","language_id":38},"transliteration":{"text":"l-is'lāmi","language_name":"english","language_id":38}},{"id":7748,"position":12,"audio_url":"wbw/061_007_013.mp3","qpc_uthmani_hafs":"وَٱللَّهُ","char_type_name":"word","page_number":552,"line_number":4,"text":"ﭾ","translation":{"text":"And Allah","language_name":"english","language_id":38},"transliteration":{"text":"wal-lahu","language_name":"english","language_id":38}},{"id":7749,"position":13,"audio_url":"wbw/061_007_014.mp3","qpc_uthmani_hafs":"لَا","char_type_name":"word","page_number":552,"line_number":4,"text":"ﭿ","translation":{"text":"(does) not","language_name":"english","language_id":38},"transliteration":{"text":"lā","language_name":"english","language_id":38}},{"id":7750,"position":14,"audio_url":"wbw/061_007_015.mp3","qpc_uthmani_hafs":"يَهۡدِي","char_type_name":"word","page_number":552,"line_number":4,"text":"ﮀ","translation":{"text":"guide","language_name":"english","language_id":38},"transliteration":{"text":"yahdī","language_name":"english","language_id":38}},{"id":7751,"position":15,"audio_url":"wbw/061_007_016.mp3","qpc_uthmani_hafs":"ٱلۡقَوۡمَ","char_type_name":"word","page_number":552,"line_number":4,"text":"ﮁ","translation":{"text":"the people","language_name":"english","language_id":38},"transliteration":{"text":"l-qawma","language_name":"english","language_id":38}},{"id":7752,"position":16,"audio_url":"wbw/061_007_017.mp3","qpc_uthmani_hafs":"ٱلظَّٰلِمِينَ","char_type_name":"word","page_number":552,"line_number":4,"text":"ﮂ","translation":{"text":"[the] wrongdoers","language_name":"english","language_id":38},"transliteration":{"text":"l-ẓālimīna","language_name":"english","language_id":38}},{"id":7753,"position":17,"audio_url":null,"qpc_uthmani_hafs":"٧","char_type_name":"end","page_number":552,"line_number":5,"text":"ﮃ","translation":{"text":"(7)","language_name":"english","language_id":38},"transliteration":{"text":null,"language_name":"english","language_id":38}}],"translations":[{"id":921599,"resource_id":134,"text":"Dan siapakah yang lebih zalim daripada orang yang mengada-adakan dusta terhadap Allah sedang dia diajak kepada Islam? Dan Allah tiada memberi petunjuk kepada orang-orang zalim."}]},{"id":5171,"verse_number":8,"verse_key":"61:8","juz_number":28,"hizb_number":55,"rub_el_hizb_number":220,"ruku_number":486,"manzil_number":7,"sajdah_number":null,"text_uthmani":"يُرِيدُونَ لِيُطْفِـُٔوا۟ نُورَ ٱللَّهِ بِأَفْوَٰهِهِمْ وَٱللَّهُ مُتِمُّ نُورِهِۦ وَلَوْ كَرِهَ ٱلْكَـٰفِرُونَ","page_number":552,"words":[{"id":8908,"position":1,"audio_url":"wbw/061_008_001.mp3","qpc_uthmani_hafs":"يُرِيدُونَ","char_type_name":"word","page_number":552,"line_number":5,"text":"ﮄ","translation":{"text":"They intend","language_name":"english","language_id":38},"transliteration":{"text":"yurīdūna","language_name":"english","language_id":38}},{"id":8909,"position":2,"audio_url":"wbw/061_008_002.mp3","qpc_uthmani_hafs":"لِيُطۡفِـُٔواْ","char_type_name":"word","page_number":552,"line_number":5,"text":"ﮅ","translation":{"text":"to put out","language_name":"english","language_id":38},"transliteration":{"text":"liyuṭ'fiū","language_name":"english","language_id":38}},{"id":8910,"position":3,"audio_url":"wbw/061_008_003.mp3","qpc_uthmani_hafs":"نُورَ","char_type_name":"word","page_number":552,"line_number":5,"text":"ﮆ","translation":{"text":"(the) light","language_name":"english","language_id":38},"transliteration":{"text":"nūra","language_name":"english","language_id":38}},{"id":8911,"position":4,"audio_url":"wbw/061_008_004.mp3","qpc_uthmani_hafs":"ٱللَّهِ","char_type_name":"word","page_number":552,"line_number":5,"text":"ﮇ","translation":{"text":"(of) Allah","language_name":"english","language_id":38},"transliteration":{"text":"l-lahi","language_name":"english","language_id":38}},{"id":8912,"position":5,"audio_url":"wbw/061_008_005.mp3","qpc_uthmani_hafs":"بِأَفۡوَٰهِهِمۡ","char_type_name":"word","page_number":552,"line_number":5,"text":"ﮈ","translation":{"text":"with their mouths","language_name":"english","language_id":38},"transliteration":{"text":"bi-afwāhihim","language_name":"english","language_id":38}},{"id":8913,"position":6,"audio_url":"wbw/061_008_006.mp3","qpc_uthmani_hafs":"وَٱللَّهُ","char_type_name":"word","page_number":552,"line_number":5,"text":"ﮉ","translation":{"text":"but Allah","language_name":"english","language_id":38},"transliteration":{"text":"wal-lahu","language_name":"english","language_id":38}},{"id":8914,"position":7,"audio_url":"wbw/061_008_007.mp3","qpc_uthmani_hafs":"مُتِمُّ","char_type_name":"word","page_number":552,"line_number":5,"text":"ﮊ","translation":{"text":"will perfect","language_name":"english","language_id":38},"transliteration":{"text":"mutimmu","language_name":"english","language_id":38}},{"id":8915,"position":8,"audio_url":"wbw/061_008_008.mp3","qpc_uthmani_hafs":"نُورِهِۦ","char_type_name":"word","page_number":552,"line_number":5,"text":"ﮋ","translation":{"text":"His Light","language_name":"english","language_id":38},"transliteration":{"text":"nūrihi","language_name":"english","language_id":38}},{"id":8916,"position":9,"audio_url":"wbw/061_008_009.mp3","qpc_uthmani_hafs":"وَلَوۡ","char_type_name":"word","page_number":552,"line_number":5,"text":"ﮌ","translation":{"text":"although","language_name":"english","language_id":38},"transliteration":{"text":"walaw","language_name":"english","language_id":38}},{"id":8917,"position":10,"audio_url":"wbw/061_008_010.mp3","qpc_uthmani_hafs":"كَرِهَ","char_type_name":"word","page_number":552,"line_number":5,"text":"ﮍ","translation":{"text":"dislike","language_name":"english","language_id":38},"transliteration":{"text":"kariha","language_name":"english","language_id":38}},{"id":8918,"position":11,"audio_url":"wbw/061_008_011.mp3","qpc_uthmani_hafs":"ٱلۡكَٰفِرُونَ","char_type_name":"word","page_number":552,"line_number":6,"text":"ﮎ","translation":{"text":"the disbelievers","language_name":"english","language_id":38},"transliteration":{"text":"l-kāfirūna","language_name":"english","language_id":38}},{"id":8919,"position":12,"audio_url":null,"qpc_uthmani_hafs":"٨","char_type_name":"end","page_number":552,"line_number":6,"text":"ﮏ","translation":{"text":"(8)","language_name":"english","language_id":38},"transliteration":{"text":null,"language_name":"english","language_id":38}}],"translations":[{"id":921600,"resource_id":134,"text":"Mereka ingin hendak memadamkan cahaya (agama) Allah dengan mulut (ucapan-ucapan) mereka, dan Allah tetap menyempurnakan cahaya-Nya, walau orang-orang kafir benci."}]},{"id":5172,"verse_number":9,"verse_key":"61:9","juz_number":28,"hizb_number":55,"rub_el_hizb_number":220,"ruku_number":486,"manzil_number":7,"sajdah_number":null,"text_uthmani":"هُوَ ٱلَّذِىٓ أَرْسَلَ رَسُولَهُۥ بِٱلْهُدَىٰ وَدِينِ ٱلْحَقِّ لِيُظْهِرَهُۥ عَلَى ٱلدِّينِ كُلِّهِۦ وَلَوْ كَرِهَ ٱلْمُشْرِكُونَ","page_number":552,"words":[{"id":10121,"position":1,"audio_url":"wbw/061_009_001.mp3","qpc_uthmani_hafs":"هُوَ","char_type_name":"word","page_number":552,"line_number":6,"text":"ﮐ","translation":{"text":"He","language_name":"english","language_id":38},"transliteration":{"text":"huwa","language_name":"english","language_id":38}},{"id":10122,"position":2,"audio_url":"wbw/061_009_002.mp3","qpc_uthmani_hafs":"ٱلَّذِيٓ","char_type_name":"word","page_number":552,"line_number":6,"text":"ﮑ","translation":{"text":"(is) the One Who","language_name":"english","language_id":38},"transliteration":{"text":"alladhī","language_name":"english","language_id":38}},{"id":10123,"position":3,"audio_url":"wbw/061_009_003.mp3","qpc_uthmani_hafs":"أَرۡسَلَ","char_type_name":"word","page_number":552,"line_number":6,"text":"ﮒ","translation":{"text":"sent","language_name":"english","language_id":38},"transliteration":{"text":"arsala","language_name":"english","language_id":38}},{"id":10124,"position":4,"audio_url":"wbw/061_009_004.mp3","qpc_uthmani_hafs":"رَسُولَهُۥ","char_type_name":"word","page_number":552,"line_number":6,"text":"ﮓ","translation":{"text":"His Messenger","language_name":"english","language_id":38},"transliteration":{"text":"rasūlahu","language_name":"english","language_id":38}},{"id":10125,"position":5,"audio_url":"wbw/061_009_005.mp3","qpc_uthmani_hafs":"بِٱلۡهُدَىٰ","char_type_name":"word","page_number":552,"line_number":6,"text":"ﮔ","translation":{"text":"with guidance","language_name":"english","language_id":38},"transliteration":{"text":"bil-hudā","language_name":"english","language_id":38}},{"id":10126,"position":6,"audio_url":"wbw/061_009_006.mp3","qpc_uthmani_hafs":"وَدِينِ","char_type_name":"word","page_number":552,"line_number":6,"text":"ﮕ","translation":{"text":"and (the) religion","language_name":"english","language_id":38},"transliteration":{"text":"wadīni","language_name":"english","language_id":38}},{"id":10127,"position":7,"audio_url":"wbw/061_009_007.mp3","qpc_uthmani_hafs":"ٱلۡحَقِّ","char_type_name":"word","page_number":552,"line_number":6,"text":"ﮖ","translation":{"text":"(of) the truth","language_name":"english","language_id":38},"transliteration":{"text":"l-ḥaqi","language_name":"english","language_id":38}},{"id":10128,"position":8,"audio_url":"wbw/061_009_008.mp3","qpc_uthmani_hafs":"لِيُظۡهِرَهُۥ","char_type_name":"word","page_number":552,"line_number":6,"text":"ﮗ","translation":{"text":"to make it prevail","language_name":"english","language_id":38},"transliteration":{"text":"liyuẓ'hirahu","language_name":"english","language_id":38}},{"id":10129,"position":9,"audio_url":"wbw/061_009_009.mp3","qpc_uthmani_hafs":"عَلَى","char_type_name":"word","page_number":552,"line_number":7,"text":"ﮘ","translation":{"text":"over","language_name":"english","language_id":38},"transliteration":{"text":"ʿalā","language_name":"english","language_id":38}},{"id":10130,"position":10,"audio_url":"wbw/061_009_010.mp3","qpc_uthmani_hafs":"ٱلدِّينِ","char_type_name":"word","page_number":552,"line_number":7,"text":"ﮙ","translation":{"text":"the religion","language_name":"english","language_id":38},"transliteration":{"text":"l-dīni","language_name":"english","language_id":38}},{"id":10131,"position":11,"audio_url":"wbw/061_009_011.mp3","qpc_uthmani_hafs":"كُلِّهِۦ","char_type_name":"word","page_number":552,"line_number":7,"text":"ﮚ","translation":{"text":"all of them","language_name":"english","language_id":38},"transliteration":{"text":"kullihi","language_name":"english","language_id":38}},{"id":10132,"position":12,"audio_url":"wbw/061_009_012.mp3","qpc_uthmani_hafs":"وَلَوۡ","char_type_name":"word","page_number":552,"line_number":7,"text":"ﮛ","translation":{"text":"although","language_name":"english","language_id":38},"transliteration":{"text":"walaw","language_name":"english","language_id":38}},{"id":10133,"position":13,"audio_url":"wbw/061_009_013.mp3","qpc_uthmani_hafs":"كَرِهَ","char_type_name":"word","page_number":552,"line_number":7,"text":"ﮜ","translation":{"text":"dislike (it)","language_name":"english","language_id":38},"transliteration":{"text":"kariha","language_name":"english","language_id":38}},{"id":10134,"position":14,"audio_url":"wbw/061_009_014.mp3","qpc_uthmani_hafs":"ٱلۡمُشۡرِكُونَ","char_type_name":"word","page_number":552,"line_number":7,"text":"ﮝ","translation":{"text":"the polytheists","language_name":"english","language_id":38},"transliteration":{"text":"l-mush'rikūna","language_name":"english","language_id":38}},{"id":10135,"position":15,"audio_url":null,"qpc_uthmani_hafs":"٩","char_type_name":"end","page_number":552,"line_number":7,"text":"ﮞ","translation":{"text":"(9)","language_name":"english","language_id":38},"transliteration":{"text":null,"language_name":"english","language_id":38}}],"translations":[{"id":921601,"resource_id":134,"text":"Dia-lah yang mengutus rasul-Nya dengan membawa petunjuk dan agama yang benar agar Dia memenangkannya di atas segala agama-agama meskipun orang musyrik benci."}]},{"id":5173,"verse_number":10,"verse_key":"61:10","juz_number":28,"hizb_number":55,"rub_el_hizb_number":220,"ruku_number":487,"manzil_number":7,"sajdah_number":null,"text_uthmani":"يَـٰٓأَيُّهَا ٱلَّذِينَ ءَامَنُوا۟ هَلْ أَدُلُّكُمْ عَلَىٰ تِجَـٰرَةٍ تُنجِيكُم مِّنْ عَذَابٍ أَلِيمٍ","page_number":552,"words":[{"id":11364,"position":1,"audio_url":"wbw/061_010_001.mp3","qpc_uthmani_hafs":"يَٰٓأَيُّهَا","char_type_name":"word","page_number":552,"line_number":7,"text":"ﮟ","translation":{"text":"O","language_name":"english","language_id":38},"transliteration":{"text":"yāayyuhā","language_name":"english","language_id":38}},{"id":11365,"position":2,"audio_url":"wbw/061_010_002.mp3","qpc_uthmani_hafs":"ٱلَّذِينَ","char_type_name":"word","page_number":552,"line_number":7,"text":"ﮠ","translation":{"text":"(you) who","language_name":"english","language_id":38},"transliteration":{"text":"alladhīna","language_name":"english","language_id":38}},{"id":11366,"position":3,"audio_url":"wbw/061_010_003.mp3","qpc_uthmani_hafs":"ءَامَنُواْ","char_type_name":"word","page_number":552,"line_number":7,"text":"ﮡ","translation":{"text":"believe","language_name":"english","language_id":38},"transliteration":{"text":"āmanū","language_name":"english","language_id":38}},{"id":11367,"position":4,"audio_url":"wbw/061_010_004.mp3","qpc_uthmani_hafs":"هَلۡ","char_type_name":"word","page_number":552,"line_number":7,"text":"ﮢ","translation":{"text":"Shall","language_name":"english","language_id":38},"transliteration":{"text":"hal","language_name":"english","language_id":38}},{"id":11368,"position":5,"audio_url":"wbw/061_010_005.mp3","qpc_uthmani_hafs":"أَدُلُّكُمۡ","char_type_name":"word","page_number":552,"line_number":7,"text":"ﮣ","translation":{"text":"I guide you","language_name":"english","language_id":38},"transliteration":{"text":"adullukum","language_name":"english","language_id":38}},{"id":11369,"position":6,"audio_url":"wbw/061_010_006.mp3","qpc_uthmani_hafs":"عَلَىٰ","char_type_name":"word","page_number":552,"line_number":8,"text":"ﮤ","translation":{"text":"to","language_name":"english","language_id":38},"transliteration":{"text":"ʿalā","language_name":"english","language_id":38}},{"id":11370,"position":7,"audio_url":"wbw/061_010_007.mp3","qpc_uthmani_hafs":"تِجَٰرَةٖ","char_type_name":"word","page_number":552,"line_number":8,"text":"ﮥ","translation":{"text":"a transaction","language_name":"english","language_id":38},"transliteration":{"text":"tijāratin","language_name":"english","language_id":38}},{"id":11371,"position":8,"audio_url":"wbw/061_010_008.mp3","qpc_uthmani_hafs":"تُنجِيكُم","char_type_name":"word","page_number":552,"line_number":8,"text":"ﮦ","translation":{"text":"(that) will save you","language_name":"english","language_id":38},"transliteration":{"text":"tunjīkum","language_name":"english","language_id":38}},{"id":11372,"position":9,"audio_url":"wbw/061_010_009.mp3","qpc_uthmani_hafs":"مِّنۡ","char_type_name":"word","page_number":552,"line_number":8,"text":"ﮧ","translation":{"text":"from","language_name":"english","language_id":38},"transliteration":{"text":"min","language_name":"english","language_id":38}},{"id":11373,"position":10,"audio_url":"wbw/061_010_010.mp3","qpc_uthmani_hafs":"عَذَابٍ","char_type_name":"word","page_number":552,"line_number":8,"text":"ﮨ","translation":{"text":"a punishment","language_name":"english","language_id":38},"transliteration":{"text":"ʿadhābin","language_name":"english","language_id":38}},{"id":11374,"position":11,"audio_url":"wbw/061_010_011.mp3","qpc_uthmani_hafs":"أَلِيمٖ","char_type_name":"word","page_number":552,"line_number":8,"text":"ﮩ","translation":{"text":"painful","language_name":"english","language_id":38},"transliteration":{"text":"alīmin","language_name":"english","language_id":38}},{"id":11375,"position":12,"audio_url":null,"qpc_uthmani_hafs":"١٠","char_type_name":"end","page_number":552,"line_number":8,"text":"ﮪ","translation":{"text":"(10)","language_name":"english","language_id":38},"transliteration":{"text":null,"language_name":"english","language_id":38}}],"translations":[{"id":921602,"resource_id":134,"text":"Hai orang-orang yang beriman, sukakah kamu aku tunjukkan suatu perniagaan yang dapat menyelamatkanmu dari azab yang pedih?"}]},{"id":5174,"verse_number":11,"verse_key":"61:11","juz_number":28,"hizb_number":55,"rub_el_hizb_number":220,"ruku_number":487,"manzil_number":7,"sajdah_number":null,"text_uthmani":"تُؤْمِنُونَ بِٱللَّهِ وَرَسُولِهِۦ وَتُجَـٰهِدُونَ فِى سَبِيلِ ٱللَّهِ بِأَمْوَٰلِكُمْ وَأَنفُسِكُمْ ۚ ذَٰلِكُمْ خَيْرٌ لَّكُمْ إِن كُنتُمْ تَعْلَمُونَ","page_number":552,"words":[{"id":12656,"position":1,"audio_url":"wbw/061_011_001.mp3","qpc_uthmani_hafs":"تُؤۡمِنُونَ","char_type_name":"word","page_number":552,"line_number":8,"text":"ﮫ","translation":{"text":"Believe","language_name":"english","language_id":38},"transliteration":{"text":"tu'minūna","language_name":"english","language_id":38}},{"id":12657,"position":2,"audio_url":"wbw/061_011_002.mp3","qpc_uthmani_hafs":"بِٱللَّهِ","char_type_name":"word","page_number":552,"line_number":8,"text":"ﮬ","translation":{"text":"in Allah","language_name":"english","language_id":38},"transliteration":{"text":"bil-lahi","language_name":"english","language_id":38}},{"id":12658,"position":3,"audio_url":"wbw/061_011_003.mp3","qpc_uthmani_hafs":"وَرَسُولِهِۦ","char_type_name":"word","page_number":552,"line_number":8,"text":"ﮭ","translation":{"text":"and His Messenger","language_name":"english","language_id":38},"transliteration":{"text":"warasūlihi","language_name":"english","language_id":38}},{"id":12659,"position":4,"audio_url":"wbw/061_011_004.mp3","qpc_uthmani_hafs":"وَتُجَٰهِدُونَ","char_type_name":"word","page_number":552,"line_number":8,"text":"ﮮ","translation":{"text":"and strive","language_name":"english","language_id":38},"transliteration":{"text":"watujāhidūna","language_name":"english","language_id":38}},{"id":12660,"position":5,"audio_url":"wbw/061_011_005.mp3","qpc_uthmani_hafs":"فِي","char_type_name":"word","page_number":552,"line_number":9,"text":"ﮯ","translation":{"text":"in","language_name":"english","language_id":38},"transliteration":{"text":"fī","language_name":"english","language_id":38}},{"id":12661,"position":6,"audio_url":"wbw/061_011_006.mp3","qpc_uthmani_hafs":"سَبِيلِ","char_type_name":"word","page_number":552,"line_number":9,"text":"ﮰ","translation":{"text":"(the) way","language_name":"english","language_id":38},"transliteration":{"text":"sabīli","language_name":"english","language_id":38}},{"id":12662,"position":7,"audio_url":"wbw/061_011_007.mp3","qpc_uthmani_hafs":"ٱللَّهِ","char_type_name":"word","page_number":552,"line_number":9,"text":"ﮱ","translation":{"text":"(of) Allah","language_name":"english","language_id":38},"transliteration":{"text":"l-lahi","language_name":"english","language_id":38}},{"id":12663,"position":8,"audio_url":"wbw/061_011_008.mp3","qpc_uthmani_hafs":"بِأَمۡوَٰلِكُمۡ","char_type_name":"word","page_number":552,"line_number":9,"text":"ﯓ","translation":{"text":"with your wealth","language_name":"english","language_id":38},"transliteration":{"text":"bi-amwālikum","language_name":"english","language_id":38}},{"id":12664,"position":9,"audio_url":"wbw/061_011_009.mp3","qpc_uthmani_hafs":"وَأَنفُسِكُمۡۚ","char_type_name":"word","page_number":552,"line_number":9,"text":"ﯔﯕ","translation":{"text":"and your lives","language_name":"english","language_id":38},"transliteration":{"text":"wa-anfusikum","language_name":"english","language_id":38}},{"id":12666,"position":10,"audio_url":"wbw/061_011_011.mp3","qpc_uthmani_hafs":"ذَٰلِكُمۡ","char_type_name":"word","page_number":552,"line_number":9,"text":"ﯖ","translation":{"text":"That","language_name":"english","language_id":38},"transliteration":{"text":"dhālikum","language_name":"english","language_id":38}},{"id":12667,"position":11,"audio_url":"wbw/061_011_012.mp3","qpc_uthmani_hafs":"خَيۡرٞ","char_type_name":"word","page_number":552,"line_number":9,"text":"ﯗ","translation":{"text":"(is) better","language_name":"english","language_id":38},"transliteration":{"text":"khayrun","language_name":"english","language_id":38}},{"id":12668,"position":12,"audio_url":"wbw/061_011_013.mp3","qpc_uthmani_hafs":"لَّكُمۡ","char_type_name":"word","page_number":552,"line_number":9,"text":"ﯘ","translation":{"text":"for you","language_name":"english","language_id":38},"transliteration":{"text":"lakum","language_name":"english","language_id":38}},{"id":12669,"position":13,"audio_url":"wbw/061_011_014.mp3","qpc_uthmani_hafs":"إِن","char_type_name":"word","page_number":552,"line_number":9,"text":"ﯙ","translation":{"text":"if","language_name":"english","language_id":38},"transliteration":{"text":"in","language_name":"english","language_id":38}},{"id":12670,"position":14,"audio_url":"wbw/061_011_015.mp3","qpc_uthmani_hafs":"كُنتُمۡ","char_type_name":"word","page_number":552,"line_number":9,"text":"ﯚ","translation":{"text":"you","language_name":"english","language_id":38},"transliteration":{"text":"kuntum","language_name":"english","language_id":38}},{"id":12671,"position":15,"audio_url":"wbw/061_011_016.mp3","qpc_uthmani_hafs":"تَعۡلَمُونَ","char_type_name":"word","page_number":552,"line_number":9,"text":"ﯛ","translation":{"text":"know","language_name":"english","language_id":38},"transliteration":{"text":"taʿlamūna","language_name":"english","language_id":38}},{"id":12672,"position":16,"audio_url":null,"qpc_uthmani_hafs":"١١","char_type_name":"end","page_number":552,"line_number":9,"text":"ﯜ","translation":{"text":"(11)","language_name":"english","language_id":38},"transliteration":{"text":null,"language_name":"english","language_id":38}}],"translations":[{"id":921603,"resource_id":134,"text":"(yaitu) kamu beriman kepada Allah dan rasul-Nya dan berjihad di jalan Allah dengan harta dan jiwamu.  Itulah yang lebih baik bagi kamu, jika kamu mengetahui,"}]},{"id":5175,"verse_number":12,"verse_key":"61:12","juz_number":28,"hizb_number":55,"rub_el_hizb_number":220,"ruku_number":487,"manzil_number":7,"sajdah_number":null,"text_uthmani":"يَغْفِرْ لَكُمْ ذُنُوبَكُمْ وَيُدْخِلْكُمْ جَنَّـٰتٍ تَجْرِى مِن تَحْتِهَا ٱلْأَنْهَـٰرُ وَمَسَـٰكِنَ طَيِّبَةً فِى جَنَّـٰتِ عَدْنٍ ۚ ذَٰلِكَ ٱلْفَوْزُ ٱلْعَظِيمُ","page_number":552,"words":[{"id":13998,"position":1,"audio_url":"wbw/061_012_001.mp3","qpc_uthmani_hafs":"يَغۡفِرۡ","char_type_name":"word","page_number":552,"line_number":10,"text":"ﯝ","translation":{"text":"He will forgive","language_name":"english","language_id":38},"transliteration":{"text":"yaghfir","language_name":"english","language_id":38}},{"id":13999,"position":2,"audio_url":"wbw/061_012_002.mp3","qpc_uthmani_hafs":"لَكُمۡ","char_type_name":"word","page_number":552,"line_number":10,"text":"ﯞ","translation":{"text":"for you","language_name":"english","language_id":38},"transliteration":{"text":"lakum","language_name":"english","language_id":38}},{"id":14000,"position":3,"audio_url":"wbw/061_012_003.mp3","qpc_uthmani_hafs":"ذُنُوبَكُمۡ","char_type_name":"word","page_number":552,"line_number":10,"text":"ﯟ","translation":{"text":"your sins","language_name":"english","language_id":38},"transliteration":{"text":"dhunūbakum","language_name":"english","language_id":38}},{"id":14001,"position":4,"audio_url":"wbw/061_012_004.mp3","qpc_uthmani_hafs":"وَيُدۡخِلۡكُمۡ","char_type_name":"word","page_number":552,"line_number":10,"text":"ﯠ","translation":{"text":"and admit you","language_name":"english","language_id":38},"transliteration":{"text":"wayud'khil'kum","language_name":"english","language_id":38}},{"id":14002,"position":5,"audio_url":"wbw/061_012_005.mp3","qpc_uthmani_hafs":"جَنَّٰتٖ","char_type_name":"word","page_number":552,"line_number":10,"text":"ﯡ","translation":{"text":"(in) Gardens","language_name":"english","language_id":38},"transliteration":{"text":"jannātin","language_name":"english","language_id":38}},{"id":14003,"position":6,"audio_url":"wbw/061_012_006.mp3","qpc_uthmani_hafs":"تَجۡرِي","char_type_name":"word","page_number":552,"line_number":10,"text":"ﯢ","translation":{"text":"flow","language_name":"english","language_id":38},"transliteration":{"text":"tajrī","language_name":"english","language_id":38}},{"id":14004,"position":7,"audio_url":"wbw/061_012_007.mp3","qpc_uthmani_hafs":"مِن","char_type_name":"word","page_number":552,"line_number":10,"text":"ﯣ","translation":{"text":"from","language_name":"english","language_id":38},"transliteration":{"text":"min","language_name":"english","language_id":38}},{"id":14005,"position":8,"audio_url":"wbw/061_012_008.mp3","qpc_uthmani_hafs":"تَحۡتِهَا","char_type_name":"word","page_number":552,"line_number":10,"text":"ﯤ","translation":{"text":"underneath it","language_name":"english","language_id":38},"transliteration":{"text":"taḥtihā","language_name":"english","language_id":38}},{"id":14006,"position":9,"audio_url":"wbw/061_012_009.mp3","qpc_uthmani_hafs":"ٱلۡأَنۡهَٰرُ","char_type_name":"word","page_number":552,"line_number":10,"text":"ﯥ","translation":{"text":"the rivers","language_name":"english","language_id":38},"transliteration":{"text":"l-anhāru","language_name":"english","language_id":38}},{"id":14007,"position":10,"audio_url":"wbw/061_012_010.mp3","qpc_uthmani_hafs":"وَمَسَٰكِنَ","char_type_name":"word","page_number":552,"line_number":10,"text":"ﯦ","translation":{"text":"and dwellings","language_name":"english","language_id":38},"transliteration":{"text":"wamasākina","language_name":"english","language_id":38}},{"id":14008,"position":11,"audio_url":"wbw/061_012_011.mp3","qpc_uthmani_hafs":"طَيِّبَةٗ","char_type_name":"word","page_number":552,"line_number":11,"text":"ﯧ","translation":{"text":"pleasant","language_name":"english","language_id":38},"transliteration":{"text":"ṭayyibatan","language_name":"english","language_id":38}},{"id":14009,"position":12,"audio_url":"wbw/061_012_012.mp3","qpc_uthmani_hafs":"فِي","char_type_name":"word","page_number":552,"line_number":11,"text":"ﯨ","translation":{"text":"in","language_name":"english","language_id":38},"transliteration":{"text":"fī","language_name":"english","language_id":38}},{"id":14010,"position":13,"audio_url":"wbw/061_012_013.mp3","qpc_uthmani_hafs":"جَنَّٰتِ","char_type_name":"word","page_number":552,"line_number":11,"text":"ﯩ","translation":{"text":"Gardens","language_name":"english","language_id":38},"transliteration":{"text":"jannāti","language_name":"english","language_id":38}},{"id":14011,"position":14,"audio_url":"wbw/061_012_014.mp3","qpc_uthmani_hafs":"عَدۡنٖۚ","char_type_name":"word","page_number":552,"line_number":11,"text":"ﯪﯫ","translation":{"text":"(of) Eternity","language_name":"english","language_id":38},"transliteration":{"text":"ʿadnin","language_name":"english","language_id":38}},{"id":14013,"position":15,"audio_url":"wbw/061_012_016.mp3","qpc_uthmani_hafs":"ذَٰلِكَ","char_type_name":"word","page_number":552,"line_number":11,"text":"ﯬ","translation":{"text":"That","language_name":"english","language_id":38},"transliteration":{"text":"dhālika","language_name":"english","language_id":38}},{"id":14014,"position":16,"audio_url":"wbw/061_012_017.mp3","qpc_uthmani_hafs":"ٱلۡفَوۡزُ","char_type_name":"word","page_number":552,"line_number":11,"text":"ﯭ","translation":{"text":"(is) the success","language_name":"english","language_id":38},"transliteration":{"text":"l-fawzu","language_name":"english","language_id":38}},{"id":14015,"position":17,"audio_url":"wbw/061_012_018.mp3","qpc_uthmani_hafs":"ٱلۡعَظِيمُ","char_type_name":"word","page_number":552,"line_number":11,"text":"ﯮ","translation":{"text":"the great","language_name":"english","language_id":38},"transliteration":{"text":"l-ʿaẓīmu","language_name":"english","language_id":38}},{"id":14016,"position":18,"audio_url":null,"qpc_uthmani_hafs":"١٢","char_type_name":"end","page_number":552,"line_number":11,"text":"ﯯ","translation":{"text":"(12)","language_name":"english","language_id":38},"transliteration":{"text":null,"language_name":"english","language_id":38}}],"translations":[{"id":921604,"resource_id":134,"text":"niscaya Allah akan mengampuni dosa-dosamu dan memasukkanmu ke dalam surga yang mengalir di bawahnya sungai-sungai, dan (memasukkan kamu) ke tempat tinggal yang baik di dalam surga ʻAdn.  Itulah keberuntungan yang besar."}]},{"id":5176,"verse_number":13,"verse_key":"61:13","juz_number":28,"hizb_number":55,"rub_el_hizb_number":220,"ruku_number":487,"manzil_number":7,"sajdah_number":null,"text_uthmani":"وَأُخْرَىٰ تُحِبُّونَهَا ۖ نَصْرٌ مِّنَ ٱللَّهِ وَفَتْحٌ قَرِيبٌ ۗ وَبَشِّرِ ٱلْمُؤْمِنِينَ","page_number":552,"words":[{"id":15113,"position":1,"audio_url":"wbw/061_013_001.mp3","qpc_uthmani_hafs":"وَأُخۡرَىٰ","char_type_name":"word","page_number":552,"line_number":11,"text":"ﯰ","translation":{"text":"And another","language_name":"english","language_id":38},"transliteration":{"text":"wa-ukh'rā","language_name":"english","language_id":38}},{"id":15114,"position":2,"audio_url":"wbw/061_013_002.mp3","qpc_uthmani_hafs":"تُحِبُّونَهَاۖ","char_type_name":"word","page_number":552,"line_number":11,"text":"ﯱﯲ","translation":{"text":"that you love ","language_name":"english","language_id":38},"transliteration":{"text":"tuḥibbūnahā","language_name":"english","language_id":38}},{"id":15116,"position":3,"audio_url":"wbw/061_013_004.mp3","qpc_uthmani_hafs":"نَصۡرٞ","char_type_name":"word","page_number":552,"line_number":11,"text":"ﯳ","translation":{"text":"a help","language_name":"english","language_id":38},"transliteration":{"text":"naṣrun","language_name":"english","language_id":38}},{"id":15117,"position":4,"audio_url":"wbw/061_013_005.mp3","qpc_uthmani_hafs":"مِّنَ","char_type_name":"word","page_number":552,"line_number":12,"text":"ﯴ","translation":{"text":"from","language_name":"english","language_id":38},"transliteration":{"text":"mina","language_name":"english","language_id":38}},{"id":15118,"position":5,"audio_url":"wbw/061_013_006.mp3","qpc_uthmani_hafs":"ٱللَّهِ","char_type_name":"word","page_number":552,"line_number":12,"text":"ﯵ","translation":{"text":"Allah","language_name":"english","language_id":38},"transliteration":{"text":"l-lahi","language_name":"english","language_id":38}},{"id":15119,"position":6,"audio_url":"wbw/061_013_007.mp3","qpc_uthmani_hafs":"وَفَتۡحٞ","char_type_name":"word","page_number":552,"line_number":12,"text":"ﯶ","translation":{"text":"and a victory","language_name":"english","language_id":38},"transliteration":{"text":"wafatḥun","language_name":"english","language_id":38}},{"id":15120,"position":7,"audio_url":"wbw/061_013_008.mp3","qpc_uthmani_hafs":"قَرِيبٞۗ","char_type_name":"word","page_number":552,"line_number":12,"text":"ﯷﯸ","translation":{"text":"near","language_name":"english","language_id":38},"transliteration":{"text":"qarībun","language_name":"english","language_id":38}},{"id":15122,"position":8,"audio_url":"wbw/061_013_010.mp3","qpc_uthmani_hafs":"وَبَشِّرِ","char_type_name":"word","page_number":552,"line_number":12,"text":"ﯹ","translation":{"text":"and give glad tidings","language_name":"english","language_id":38},"transliteration":{"text":"wabashiri","language_name":"english","language_id":38}},{"id":15123,"position":9,"audio_url":"wbw/061_013_011.mp3","qpc_uthmani_hafs":"ٱلۡمُؤۡمِنِينَ","char_type_name":"word","page_number":552,"line_number":12,"text":"ﯺ","translation":{"text":"(to) the believers","language_name":"english","language_id":38},"transliteration":{"text":"l-mu'minīna","language_name":"english","language_id":38}},{"id":15124,"position":10,"audio_url":null,"qpc_uthmani_hafs":"١٣","char_type_name":"end","page_number":552,"line_number":12,"text":"ﯻ","translation":{"text":"(13)","language_name":"english","language_id":38},"transliteration":{"text":null,"language_name":"english","language_id":38}}],"translations":[{"id":921605,"resource_id":134,"text":"Dan (ada lagi) karunia yang lain yang kamu sukai, (yaitu) pertolongan dari Allah dan kemenangan yang dekat (waktunya).  Dan sampaikanlah berita gembira kepada orang-orang yang beriman."}]},{"id":5177,"verse_number":14,"verse_key":"61:14","juz_number":28,"hizb_number":55,"rub_el_hizb_number":220,"ruku_number":487,"manzil_number":7,"sajdah_number":null,"text_uthmani":"يَـٰٓأَيُّهَا ٱلَّذِينَ ءَامَنُوا۟ كُونُوٓا۟ أَنصَارَ ٱللَّهِ كَمَا قَالَ عِيسَى ٱبْنُ مَرْيَمَ لِلْحَوَارِيِّـۧنَ مَنْ أَنصَارِىٓ إِلَى ٱللَّهِ ۖ قَالَ ٱلْحَوَارِيُّونَ نَحْنُ أَنصَارُ ٱللَّهِ ۖ فَـَٔامَنَت طَّآئِفَةٌ مِّنۢ بَنِىٓ إِسْرَٰٓءِيلَ وَكَفَرَت طَّآئِفَةٌ ۖ فَأَيَّدْنَا ٱلَّذِينَ ءَامَنُوا۟ عَلَىٰ عَدُوِّهِمْ فَأَصْبَحُوا۟ ظَـٰهِرِينَ","page_number":552,"words":[{"id":16163,"position":1,"audio_url":"wbw/061_014_001.mp3","qpc_uthmani_hafs":"يَٰٓأَيُّهَا","char_type_name":"word","page_number":552,"line_number":12,"text":"ﯼ","translation":{"text":"O you","language_name":"english","language_id":38},"transliteration":{"text":"yāayyuhā","language_name":"english","language_id":38}},{"id":16164,"position":2,"audio_url":"wbw/061_014_002.mp3","qpc_uthmani_hafs":"ٱلَّذِينَ","char_type_name":"word","page_number":552,"line_number":12,"text":"ﯽ","translation":{"text":"who","language_name":"english","language_id":38},"transliteration":{"text":"alladhīna","language_name":"english","language_id":38}},{"id":16165,"position":3,"audio_url":"wbw/061_014_003.mp3","qpc_uthmani_hafs":"ءَامَنُواْ","char_type_name":"word","page_number":552,"line_number":12,"text":"ﯾ","translation":{"text":"believe","language_name":"english","language_id":38},"transliteration":{"text":"āmanū","language_name":"english","language_id":38}},{"id":16166,"position":4,"audio_url":"wbw/061_014_004.mp3","qpc_uthmani_hafs":"كُونُوٓاْ","char_type_name":"word","page_number":552,"line_number":12,"text":"ﯿ","translation":{"text":"Be","language_name":"english","language_id":38},"transliteration":{"text":"kūnū","language_name":"english","language_id":38}},{"id":16167,"position":5,"audio_url":"wbw/061_014_005.mp3","qpc_uthmani_hafs":"أَنصَارَ","char_type_name":"word","page_number":552,"line_number":13,"text":"ﰀ","translation":{"text":"helpers","language_name":"english","language_id":38},"transliteration":{"text":"anṣāra","language_name":"english","language_id":38}},{"id":16168,"position":6,"audio_url":"wbw/061_014_006.mp3","qpc_uthmani_hafs":"ٱللَّهِ","char_type_name":"word","page_number":552,"line_number":13,"text":"ﰁ","translation":{"text":"(of) Allah","language_name":"english","language_id":38},"transliteration":{"text":"l-lahi","language_name":"english","language_id":38}},{"id":16169,"position":7,"audio_url":"wbw/061_014_007.mp3","qpc_uthmani_hafs":"كَمَا","char_type_name":"word","page_number":552,"line_number":13,"text":"ﰂ","translation":{"text":"as","language_name":"english","language_id":38},"transliteration":{"text":"kamā","language_name":"english","language_id":38}},{"id":16170,"position":8,"audio_url":"wbw/061_014_008.mp3","qpc_uthmani_hafs":"قَالَ","char_type_name":"word","page_number":552,"line_number":13,"text":"ﰃ","translation":{"text":"said","language_name":"english","language_id":38},"transliteration":{"text":"qāla","language_name":"english","language_id":38}},{"id":16171,"position":9,"audio_url":"wbw/061_014_009.mp3","qpc_uthmani_hafs":"عِيسَى","char_type_name":"word","page_number":552,"line_number":13,"text":"ﰄ","translation":{"text":"Isa","language_name":"english","language_id":38},"transliteration":{"text":"ʿīsā","language_name":"english","language_id":38}},{"id":16172,"position":10,"audio_url":"wbw/061_014_010.mp3","qpc_uthmani_hafs":"ٱبۡنُ","char_type_name":"word","page_number":552,"line_number":13,"text":"ﰅ","translation":{"text":"son","language_name":"english","language_id":38},"transliteration":{"text":"ub'nu","language_name":"english","language_id":38}},{"id":16173,"position":11,"audio_url":"wbw/061_014_011.mp3","qpc_uthmani_hafs":"مَرۡيَمَ","char_type_name":"word","page_number":552,"line_number":13,"text":"ﰆ","translation":{"text":"(of) Maryam","language_name":"english","language_id":38},"transliteration":{"text":"maryama","language_name":"english","language_id":38}},{"id":16174,"position":12,"audio_url":"wbw/061_014_012.mp3","qpc_uthmani_hafs":"لِلۡحَوَارِيِّـۧنَ","char_type_name":"word","page_number":552,"line_number":13,"text":"ﰇ","translation":{"text":"to the disciples","language_name":"english","language_id":38},"transliteration":{"text":"lil'ḥawāriyyīna","language_name":"english","language_id":38}},{"id":16175,"position":13,"audio_url":"wbw/061_014_013.mp3","qpc_uthmani_hafs":"مَنۡ","char_type_name":"word","page_number":552,"line_number":13,"text":"ﰈ","translation":{"text":"Who","language_name":"english","language_id":38},"transliteration":{"text":"man","language_name":"english","language_id":38}},{"id":16176,"position":14,"audio_url":"wbw/061_014_014.mp3","qpc_uthmani_hafs":"أَنصَارِيٓ","char_type_name":"word","page_number":552,"line_number":13,"text":"ﰉ","translation":{"text":"(are) my helpers","language_name":"english","language_id":38},"transliteration":{"text":"anṣārī","language_name":"english","language_id":38}},{"id":16177,"position":15,"audio_url":"wbw/061_014_015.mp3","qpc_uthmani_hafs":"إِلَى","char_type_name":"word","page_number":552,"line_number":13,"text":"ﰊ","translation":{"text":"for","language_name":"english","language_id":38},"transliteration":{"text":"ilā","language_name":"english","language_id":38}},{"id":16178,"position":16,"audio_url":"wbw/061_014_016.mp3","qpc_uthmani_hafs":"ٱللَّهِۖ","char_type_name":"word","page_number":552,"line_number":13,"text":"ﰋﰌ","translation":{"text":"Allah","language_name":"english","language_id":38},"transliteration":{"text":"l-lahi","language_name":"english","language_id":38}},{"id":16180,"position":17,"audio_url":"wbw/061_014_018.mp3","qpc_uthmani_hafs":"قَالَ","char_type_name":"word","page_number":552,"line_number":14,"text":"ﰍ","translation":{"text":"Said","language_name":"english","language_id":38},"transliteration":{"text":"qāla","language_name":"english","language_id":38}},{"id":16181,"position":18,"audio_url":"wbw/061_014_019.mp3","qpc_uthmani_hafs":"ٱلۡحَوَارِيُّونَ","char_type_name":"word","page_number":552,"line_number":14,"text":"ﰎ","translation":{"text":"the disciples","language_name":"english","language_id":38},"transliteration":{"text":"l-ḥawāriyūna","language_name":"english","language_id":38}},{"id":16182,"position":19,"audio_url":"wbw/061_014_020.mp3","qpc_uthmani_hafs":"نَحۡنُ","char_type_name":"word","page_number":552,"line_number":14,"text":"ﰏ","translation":{"text":"We","language_name":"english","language_id":38},"transliteration":{"text":"naḥnu","language_name":"english","language_id":38}},{"id":16183,"position":20,"audio_url":"wbw/061_014_021.mp3","qpc_uthmani_hafs":"أَنصَارُ","char_type_name":"word","page_number":552,"line_number":14,"text":"ﰐ","translation":{"text":"(are) the helpers","language_name":"english","language_id":38},"transliteration":{"text":"anṣāru","language_name":"english","language_id":38}},{"id":16184,"position":21,"audio_url":"wbw/061_014_022.mp3","qpc_uthmani_hafs":"ٱللَّهِۖ","char_type_name":"word","page_number":552,"line_number":14,"text":"ﰑﰒ","translation":{"text":"(of) Allah","language_name":"english","language_id":38},"transliteration":{"text":"l-lahi","language_name":"english","language_id":38}},{"id":16186,"position":22,"audio_url":"wbw/061_014_024.mp3","qpc_uthmani_hafs":"فَـَٔامَنَت","char_type_name":"word","page_number":552,"line_number":14,"text":"ﰓ","translation":{"text":"Then believed","language_name":"english","language_id":38},"transliteration":{"text":"faāmanat","language_name":"english","language_id":38}},{"id":16187,"position":23,"audio_url":"wbw/061_014_025.mp3","qpc_uthmani_hafs":"طَّآئِفَةٞ","char_type_name":"word","page_number":552,"line_number":14,"text":"ﰔ","translation":{"text":"a group","language_name":"english","language_id":38},"transliteration":{"text":"ṭāifatun","language_name":"english","language_id":38}},{"id":16188,"position":24,"audio_url":"wbw/061_014_026.mp3","qpc_uthmani_hafs":"مِّنۢ","char_type_name":"word","page_number":552,"line_number":14,"text":"ﰕ","translation":{"text":"of","language_name":"english","language_id":38},"transliteration":{"text":"min","language_name":"english","language_id":38}},{"id":16189,"position":25,"audio_url":"wbw/061_014_027.mp3","qpc_uthmani_hafs":"بَنِيٓ","char_type_name":"word","page_number":552,"line_number":14,"text":"ﰖ","translation":{"text":"Children","language_name":"english","language_id":38},"transliteration":{"text":"banī","language_name":"english","language_id":38}},{"id":16190,"position":26,"audio_url":"wbw/061_014_028.mp3","qpc_uthmani_hafs":"إِسۡرَٰٓءِيلَ","char_type_name":"word","page_number":552,"line_number":14,"text":"ﰗ","translation":{"text":"(of) Israel","language_name":"english","language_id":38},"transliteration":{"text":"is'rāīla","language_name":"english","language_id":38}},{"id":16191,"position":27,"audio_url":"wbw/061_014_029.mp3","qpc_uthmani_hafs":"وَكَفَرَت","char_type_name":"word","page_number":552,"line_number":15,"text":"ﰘ","translation":{"text":"and disbelieved","language_name":"english","language_id":38},"transliteration":{"text":"wakafarat","language_name":"english","language_id":38}},{"id":16192,"position":28,"audio_url":"wbw/061_014_030.mp3","qpc_uthmani_hafs":"طَّآئِفَةٞۖ","char_type_name":"word","page_number":552,"line_number":15,"text":"ﰙﰚ","translation":{"text":"a group","language_name":"english","language_id":38},"transliteration":{"text":"ṭāifatun","language_name":"english","language_id":38}},{"id":16194,"position":29,"audio_url":"wbw/061_014_032.mp3","qpc_uthmani_hafs":"فَأَيَّدۡنَا","char_type_name":"word","page_number":552,"line_number":15,"text":"ﰛ","translation":{"text":"So We supported","language_name":"english","language_id":38},"transliteration":{"text":"fa-ayyadnā","language_name":"english","language_id":38}},{"id":16195,"position":30,"audio_url":"wbw/061_014_033.mp3","qpc_uthmani_hafs":"ٱلَّذِينَ","char_type_name":"word","page_number":552,"line_number":15,"text":"ﰜ","translation":{"text":"those who","language_name":"english","language_id":38},"transliteration":{"text":"alladhīna","language_name":"english","language_id":38}},{"id":16196,"position":31,"audio_url":"wbw/061_014_034.mp3","qpc_uthmani_hafs":"ءَامَنُواْ","char_type_name":"word","page_number":552,"line_number":15,"text":"ﰝ","translation":{"text":"believed","language_name":"english","language_id":38},"transliteration":{"text":"āmanū","language_name":"english","language_id":38}},{"id":16197,"position":32,"audio_url":"wbw/061_014_035.mp3","qpc_uthmani_hafs":"عَلَىٰ","char_type_name":"word","page_number":552,"line_number":15,"text":"ﰞ","translation":{"text":"against","language_name":"english","language_id":38},"transliteration":{"text":"ʿalā","language_name":"english","language_id":38}},{"id":16198,"position":33,"audio_url":"wbw/061_014_036.mp3","qpc_uthmani_hafs":"عَدُوِّهِمۡ","char_type_name":"word","page_number":552,"line_number":15,"text":"ﰟ","translation":{"text":"their enemy","language_name":"english","language_id":38},"transliteration":{"text":"ʿaduwwihim","language_name":"english","language_id":38}},{"id":16199,"position":34,"audio_url":"wbw/061_014_037.mp3","qpc_uthmani_hafs":"فَأَصۡبَحُواْ","char_type_name":"word","page_number":552,"line_number":15,"text":"ﰠ","translation":{"text":"and they became","language_name":"english","language_id":38},"transliteration":{"text":"fa-aṣbaḥū","language_name":"english","language_id":38}},{"id":16200,"position":35,"audio_url":"wbw/061_014_038.mp3","qpc_uthmani_hafs":"ظَٰهِرِينَ","char_type_name":"word","page_number":552,"line_number":15,"text":"ﰡ","translation":{"text":"dominant","language_name":"english","language_id":38},"transliteration":{"text":"ẓāhirīna","language_name":"english","language_id":38}},{"id":16201,"position":36,"audio_url":null,"qpc_uthmani_hafs":"١٤","char_type_name":"end","page_number":552,"line_number":15,"text":"ﰢ","translation":{"text":"(14)","language_name":"english","language_id":38},"transliteration":{"text":null,"language_name":"english","language_id":38}}],"translations":[{"id":921606,"resource_id":134,"text":"Hai orang-orang yang beriman, jadilah kamu penolong-penolong (agama) Allah sebagaimana ʻIsa putra Maryam telah berkata kepada pengikut-pengikutnya yang setia, \"Siapakah yang akan menjadi penolong-penolongku (untuk menegakkan agama) Allah?\" Pengikut-pengikut yang setia itu berkata, \"Kamilah penolong-penolong agama Allah\", lalu segolongan dari Bani Isrā`īl beriman dan segolongan lain kafir; maka Kami berikan kekuatan kepada orang-orang yang beriman terhadap musuh-musuh mereka, lalu mereka menjadi orang-orang yang menang."}]}],"pagination":{"per_page":50,"current_page":1,"next_page":null,"total_pages":1,"total_records":9}}