{"verses":[{"id":5209,"verse_number":10,"verse_key":"64:10","juz_number":28,"hizb_number":56,"rub_el_hizb_number":222,"ruku_number":492,"manzil_number":7,"sajdah_number":null,"text_uthmani":"وَٱلَّذِينَ كَفَرُوا۟ وَكَذَّبُوا۟ بِـَٔايَـٰتِنَآ أُو۟لَـٰٓئِكَ أَصْحَـٰبُ ٱلنَّارِ خَـٰلِدِينَ فِيهَا ۖ وَبِئْسَ ٱلْمَصِيرُ","page_number":557,"words":[{"id":11426,"position":1,"audio_url":"wbw/064_010_001.mp3","qpc_uthmani_hafs":"وَٱلَّذِينَ","char_type_name":"word","page_number":557,"line_number":1,"text":"ﭑ","translation":{"text":"But those who","language_name":"english","language_id":38},"transliteration":{"text":"wa-alladhīna","language_name":"english","language_id":38}},{"id":11427,"position":2,"audio_url":"wbw/064_010_002.mp3","qpc_uthmani_hafs":"كَفَرُواْ","char_type_name":"word","page_number":557,"line_number":1,"text":"ﭒ","translation":{"text":"disbelieved","language_name":"english","language_id":38},"transliteration":{"text":"kafarū","language_name":"english","language_id":38}},{"id":11428,"position":3,"audio_url":"wbw/064_010_003.mp3","qpc_uthmani_hafs":"وَكَذَّبُواْ","char_type_name":"word","page_number":557,"line_number":1,"text":"ﭓ","translation":{"text":"and denied","language_name":"english","language_id":38},"transliteration":{"text":"wakadhabū","language_name":"english","language_id":38}},{"id":11429,"position":4,"audio_url":"wbw/064_010_004.mp3","qpc_uthmani_hafs":"بِـَٔايَٰتِنَآ","char_type_name":"word","page_number":557,"line_number":1,"text":"ﭔ","translation":{"text":"[in] Our Verses","language_name":"english","language_id":38},"transliteration":{"text":"biāyātinā","language_name":"english","language_id":38}},{"id":11430,"position":5,"audio_url":"wbw/064_010_005.mp3","qpc_uthmani_hafs":"أُوْلَٰٓئِكَ","char_type_name":"word","page_number":557,"line_number":1,"text":"ﭕ","translation":{"text":"those","language_name":"english","language_id":38},"transliteration":{"text":"ulāika","language_name":"english","language_id":38}},{"id":11431,"position":6,"audio_url":"wbw/064_010_006.mp3","qpc_uthmani_hafs":"أَصۡحَٰبُ","char_type_name":"word","page_number":557,"line_number":1,"text":"ﭖ","translation":{"text":"(are the) companions","language_name":"english","language_id":38},"transliteration":{"text":"aṣḥābu","language_name":"english","language_id":38}},{"id":11432,"position":7,"audio_url":"wbw/064_010_007.mp3","qpc_uthmani_hafs":"ٱلنَّارِ","char_type_name":"word","page_number":557,"line_number":2,"text":"ﭗ","translation":{"text":"(of) the Fire","language_name":"english","language_id":38},"transliteration":{"text":"l-nāri","language_name":"english","language_id":38}},{"id":11433,"position":8,"audio_url":"wbw/064_010_008.mp3","qpc_uthmani_hafs":"خَٰلِدِينَ","char_type_name":"word","page_number":557,"line_number":2,"text":"ﭘ","translation":{"text":"abiding forever","language_name":"english","language_id":38},"transliteration":{"text":"khālidīna","language_name":"english","language_id":38}},{"id":11434,"position":9,"audio_url":"wbw/064_010_009.mp3","qpc_uthmani_hafs":"فِيهَاۖ","char_type_name":"word","page_number":557,"line_number":2,"text":"ﭙﭚ","translation":{"text":"therein","language_name":"english","language_id":38},"transliteration":{"text":"fīhā","language_name":"english","language_id":38}},{"id":11436,"position":10,"audio_url":"wbw/064_010_011.mp3","qpc_uthmani_hafs":"وَبِئۡسَ","char_type_name":"word","page_number":557,"line_number":2,"text":"ﭛ","translation":{"text":"And wretched is","language_name":"english","language_id":38},"transliteration":{"text":"wabi'sa","language_name":"english","language_id":38}},{"id":11437,"position":11,"audio_url":"wbw/064_010_012.mp3","qpc_uthmani_hafs":"ٱلۡمَصِيرُ","char_type_name":"word","page_number":557,"line_number":2,"text":"ﭜ","translation":{"text":"the destination","language_name":"english","language_id":38},"transliteration":{"text":"l-maṣīru","language_name":"english","language_id":38}},{"id":11438,"position":12,"audio_url":null,"qpc_uthmani_hafs":"١٠","char_type_name":"end","page_number":557,"line_number":2,"text":"ﭝ","translation":{"text":"(10)","language_name":"english","language_id":38},"transliteration":{"text":null,"language_name":"english","language_id":38}}],"translations":[{"id":921638,"resource_id":134,"text":"Dan orang-orang yang kafir dan mendustakan ayat-ayat Kami, mereka itulah penghuni-penghuni neraka, mereka kekal di dalamnya.  Dan itulah seburuk-buruk tempat kembali."}]},{"id":5210,"verse_number":11,"verse_key":"64:11","juz_number":28,"hizb_number":56,"rub_el_hizb_number":222,"ruku_number":493,"manzil_number":7,"sajdah_number":null,"text_uthmani":"مَآ أَصَابَ مِن مُّصِيبَةٍ إِلَّا بِإِذْنِ ٱللَّهِ ۗ وَمَن يُؤْمِنۢ بِٱللَّهِ يَهْدِ قَلْبَهُۥ ۚ وَٱللَّهُ بِكُلِّ شَىْءٍ عَلِيمٌ","page_number":557,"words":[{"id":12714,"position":1,"audio_url":"wbw/064_011_001.mp3","qpc_uthmani_hafs":"مَآ","char_type_name":"word","page_number":557,"line_number":2,"text":"ﭞ","translation":{"text":"Not","language_name":"english","language_id":38},"transliteration":{"text":"mā","language_name":"english","language_id":38}},{"id":12715,"position":2,"audio_url":"wbw/064_011_002.mp3","qpc_uthmani_hafs":"أَصَابَ","char_type_name":"word","page_number":557,"line_number":2,"text":"ﭟ","translation":{"text":"strikes","language_name":"english","language_id":38},"transliteration":{"text":"aṣāba","language_name":"english","language_id":38}},{"id":12716,"position":3,"audio_url":"wbw/064_011_003.mp3","qpc_uthmani_hafs":"مِن","char_type_name":"word","page_number":557,"line_number":2,"text":"ﭠ","translation":{"text":"any","language_name":"english","language_id":38},"transliteration":{"text":"min","language_name":"english","language_id":38}},{"id":12717,"position":4,"audio_url":"wbw/064_011_004.mp3","qpc_uthmani_hafs":"مُّصِيبَةٍ","char_type_name":"word","page_number":557,"line_number":3,"text":"ﭡ","translation":{"text":"disaster","language_name":"english","language_id":38},"transliteration":{"text":"muṣībatin","language_name":"english","language_id":38}},{"id":12718,"position":5,"audio_url":"wbw/064_011_005.mp3","qpc_uthmani_hafs":"إِلَّا","char_type_name":"word","page_number":557,"line_number":3,"text":"ﭢ","translation":{"text":"except","language_name":"english","language_id":38},"transliteration":{"text":"illā","language_name":"english","language_id":38}},{"id":12719,"position":6,"audio_url":"wbw/064_011_006.mp3","qpc_uthmani_hafs":"بِإِذۡنِ","char_type_name":"word","page_number":557,"line_number":3,"text":"ﭣ","translation":{"text":"by (the) permission","language_name":"english","language_id":38},"transliteration":{"text":"bi-idh'ni","language_name":"english","language_id":38}},{"id":12720,"position":7,"audio_url":"wbw/064_011_007.mp3","qpc_uthmani_hafs":"ٱللَّهِۗ","char_type_name":"word","page_number":557,"line_number":3,"text":"ﭤﭥ","translation":{"text":"(of) Allah","language_name":"english","language_id":38},"transliteration":{"text":"l-lahi","language_name":"english","language_id":38}},{"id":12722,"position":8,"audio_url":"wbw/064_011_009.mp3","qpc_uthmani_hafs":"وَمَن","char_type_name":"word","page_number":557,"line_number":3,"text":"ﭦ","translation":{"text":"And whoever","language_name":"english","language_id":38},"transliteration":{"text":"waman","language_name":"english","language_id":38}},{"id":12723,"position":9,"audio_url":"wbw/064_011_010.mp3","qpc_uthmani_hafs":"يُؤۡمِنۢ","char_type_name":"word","page_number":557,"line_number":3,"text":"ﭧ","translation":{"text":"believes","language_name":"english","language_id":38},"transliteration":{"text":"yu'min","language_name":"english","language_id":38}},{"id":12724,"position":10,"audio_url":"wbw/064_011_011.mp3","qpc_uthmani_hafs":"بِٱللَّهِ","char_type_name":"word","page_number":557,"line_number":3,"text":"ﭨ","translation":{"text":"in Allah","language_name":"english","language_id":38},"transliteration":{"text":"bil-lahi","language_name":"english","language_id":38}},{"id":12725,"position":11,"audio_url":"wbw/064_011_012.mp3","qpc_uthmani_hafs":"يَهۡدِ","char_type_name":"word","page_number":557,"line_number":3,"text":"ﭩ","translation":{"text":"He guides","language_name":"english","language_id":38},"transliteration":{"text":"yahdi","language_name":"english","language_id":38}},{"id":12726,"position":12,"audio_url":"wbw/064_011_013.mp3","qpc_uthmani_hafs":"قَلۡبَهُۥۚ","char_type_name":"word","page_number":557,"line_number":3,"text":"ﭪﭫ","translation":{"text":"his heart","language_name":"english","language_id":38},"transliteration":{"text":"qalbahu","language_name":"english","language_id":38}},{"id":12728,"position":13,"audio_url":"wbw/064_011_015.mp3","qpc_uthmani_hafs":"وَٱللَّهُ","char_type_name":"word","page_number":557,"line_number":3,"text":"ﭬ","translation":{"text":"And Allah","language_name":"english","language_id":38},"transliteration":{"text":"wal-lahu","language_name":"english","language_id":38}},{"id":12729,"position":14,"audio_url":"wbw/064_011_016.mp3","qpc_uthmani_hafs":"بِكُلِّ","char_type_name":"word","page_number":557,"line_number":3,"text":"ﭭ","translation":{"text":"of every","language_name":"english","language_id":38},"transliteration":{"text":"bikulli","language_name":"english","language_id":38}},{"id":12730,"position":15,"audio_url":"wbw/064_011_017.mp3","qpc_uthmani_hafs":"شَيۡءٍ","char_type_name":"word","page_number":557,"line_number":4,"text":"ﭮ","translation":{"text":"thing","language_name":"english","language_id":38},"transliteration":{"text":"shayin","language_name":"english","language_id":38}},{"id":12731,"position":16,"audio_url":"wbw/064_011_018.mp3","qpc_uthmani_hafs":"عَلِيمٞ","char_type_name":"word","page_number":557,"line_number":4,"text":"ﭯ","translation":{"text":"(is) All-Knowing","language_name":"english","language_id":38},"transliteration":{"text":"ʿalīmun","language_name":"english","language_id":38}},{"id":12732,"position":17,"audio_url":null,"qpc_uthmani_hafs":"١١","char_type_name":"end","page_number":557,"line_number":4,"text":"ﭰ","translation":{"text":"(11)","language_name":"english","language_id":38},"transliteration":{"text":null,"language_name":"english","language_id":38}}],"translations":[{"id":921639,"resource_id":134,"text":"Tidak ada suatu musibah pun yang menimpa seseorang kecuali dengan izin Allah; dan barang siapa yang beriman kepada Allah, niscaya Dia akan memberi petunjuk kepada hatinya.  Dan Allah Maha Mengetahui segala sesuatu."}]},{"id":5211,"verse_number":12,"verse_key":"64:12","juz_number":28,"hizb_number":56,"rub_el_hizb_number":222,"ruku_number":493,"manzil_number":7,"sajdah_number":null,"text_uthmani":"وَأَطِيعُوا۟ ٱللَّهَ وَأَطِيعُوا۟ ٱلرَّسُولَ ۚ فَإِن تَوَلَّيْتُمْ فَإِنَّمَا عَلَىٰ رَسُولِنَا ٱلْبَلَـٰغُ ٱلْمُبِينُ","page_number":557,"words":[{"id":14017,"position":1,"audio_url":"wbw/064_012_001.mp3","qpc_uthmani_hafs":"وَأَطِيعُواْ","char_type_name":"word","page_number":557,"line_number":4,"text":"ﭱ","translation":{"text":"So obey","language_name":"english","language_id":38},"transliteration":{"text":"wa-aṭīʿū","language_name":"english","language_id":38}},{"id":14018,"position":2,"audio_url":"wbw/064_012_002.mp3","qpc_uthmani_hafs":"ٱللَّهَ","char_type_name":"word","page_number":557,"line_number":4,"text":"ﭲ","translation":{"text":"Allah","language_name":"english","language_id":38},"transliteration":{"text":"l-laha","language_name":"english","language_id":38}},{"id":14019,"position":3,"audio_url":"wbw/064_012_003.mp3","qpc_uthmani_hafs":"وَأَطِيعُواْ","char_type_name":"word","page_number":557,"line_number":4,"text":"ﭳ","translation":{"text":"and obey","language_name":"english","language_id":38},"transliteration":{"text":"wa-aṭīʿū","language_name":"english","language_id":38}},{"id":14020,"position":4,"audio_url":"wbw/064_012_004.mp3","qpc_uthmani_hafs":"ٱلرَّسُولَۚ","char_type_name":"word","page_number":557,"line_number":4,"text":"ﭴﭵ","translation":{"text":"the Messenger","language_name":"english","language_id":38},"transliteration":{"text":"l-rasūla","language_name":"english","language_id":38}},{"id":14022,"position":5,"audio_url":"wbw/064_012_006.mp3","qpc_uthmani_hafs":"فَإِن","char_type_name":"word","page_number":557,"line_number":4,"text":"ﭶ","translation":{"text":"but if","language_name":"english","language_id":38},"transliteration":{"text":"fa-in","language_name":"english","language_id":38}},{"id":14023,"position":6,"audio_url":"wbw/064_012_007.mp3","qpc_uthmani_hafs":"تَوَلَّيۡتُمۡ","char_type_name":"word","page_number":557,"line_number":5,"text":"ﭷ","translation":{"text":"you turn away","language_name":"english","language_id":38},"transliteration":{"text":"tawallaytum","language_name":"english","language_id":38}},{"id":14024,"position":7,"audio_url":"wbw/064_012_008.mp3","qpc_uthmani_hafs":"فَإِنَّمَا","char_type_name":"word","page_number":557,"line_number":5,"text":"ﭸ","translation":{"text":"then only","language_name":"english","language_id":38},"transliteration":{"text":"fa-innamā","language_name":"english","language_id":38}},{"id":14025,"position":8,"audio_url":"wbw/064_012_009.mp3","qpc_uthmani_hafs":"عَلَىٰ","char_type_name":"word","page_number":557,"line_number":5,"text":"ﭹ","translation":{"text":"upon","language_name":"english","language_id":38},"transliteration":{"text":"ʿalā","language_name":"english","language_id":38}},{"id":14026,"position":9,"audio_url":"wbw/064_012_010.mp3","qpc_uthmani_hafs":"رَسُولِنَا","char_type_name":"word","page_number":557,"line_number":5,"text":"ﭺ","translation":{"text":"Our Messenger","language_name":"english","language_id":38},"transliteration":{"text":"rasūlinā","language_name":"english","language_id":38}},{"id":14027,"position":10,"audio_url":"wbw/064_012_011.mp3","qpc_uthmani_hafs":"ٱلۡبَلَٰغُ","char_type_name":"word","page_number":557,"line_number":5,"text":"ﭻ","translation":{"text":"(is) the conveyance","language_name":"english","language_id":38},"transliteration":{"text":"l-balāghu","language_name":"english","language_id":38}},{"id":14028,"position":11,"audio_url":"wbw/064_012_012.mp3","qpc_uthmani_hafs":"ٱلۡمُبِينُ","char_type_name":"word","page_number":557,"line_number":5,"text":"ﭼ","translation":{"text":"clear","language_name":"english","language_id":38},"transliteration":{"text":"l-mubīnu","language_name":"english","language_id":38}},{"id":14029,"position":12,"audio_url":null,"qpc_uthmani_hafs":"١٢","char_type_name":"end","page_number":557,"line_number":5,"text":"ﭽ","translation":{"text":"(12)","language_name":"english","language_id":38},"transliteration":{"text":null,"language_name":"english","language_id":38}}],"translations":[{"id":921640,"resource_id":134,"text":"Dan taatlah kepada Allah dan taatlah kepada rasul-Nya; jika kamu berpaling, sesungguhnya kewajiban rasul Kami hanyalah menyampaikan (amanat Allah) dengan terang."}]},{"id":5212,"verse_number":13,"verse_key":"64:13","juz_number":28,"hizb_number":56,"rub_el_hizb_number":222,"ruku_number":493,"manzil_number":7,"sajdah_number":null,"text_uthmani":"ٱللَّهُ لَآ إِلَـٰهَ إِلَّا هُوَ ۚ وَعَلَى ٱللَّهِ فَلْيَتَوَكَّلِ ٱلْمُؤْمِنُونَ","page_number":557,"words":[{"id":15169,"position":1,"audio_url":"wbw/064_013_001.mp3","qpc_uthmani_hafs":"ٱللَّهُ","char_type_name":"word","page_number":557,"line_number":5,"text":"ﭾ","translation":{"text":"Allah","language_name":"english","language_id":38},"transliteration":{"text":"al-lahu","language_name":"english","language_id":38}},{"id":15170,"position":2,"audio_url":"wbw/064_013_002.mp3","qpc_uthmani_hafs":"لَآ","char_type_name":"word","page_number":557,"line_number":5,"text":"ﭿ","translation":{"text":"(there is) no","language_name":"english","language_id":38},"transliteration":{"text":"lā","language_name":"english","language_id":38}},{"id":15171,"position":3,"audio_url":"wbw/064_013_003.mp3","qpc_uthmani_hafs":"إِلَٰهَ","char_type_name":"word","page_number":557,"line_number":5,"text":"ﮀ","translation":{"text":"god","language_name":"english","language_id":38},"transliteration":{"text":"ilāha","language_name":"english","language_id":38}},{"id":15172,"position":4,"audio_url":"wbw/064_013_004.mp3","qpc_uthmani_hafs":"إِلَّا","char_type_name":"word","page_number":557,"line_number":6,"text":"ﮁ","translation":{"text":"except","language_name":"english","language_id":38},"transliteration":{"text":"illā","language_name":"english","language_id":38}},{"id":15173,"position":5,"audio_url":"wbw/064_013_005.mp3","qpc_uthmani_hafs":"هُوَۚ","char_type_name":"word","page_number":557,"line_number":6,"text":"ﮂﮃ","translation":{"text":"Him","language_name":"english","language_id":38},"transliteration":{"text":"huwa","language_name":"english","language_id":38}},{"id":15175,"position":6,"audio_url":"wbw/064_013_007.mp3","qpc_uthmani_hafs":"وَعَلَى","char_type_name":"word","page_number":557,"line_number":6,"text":"ﮄ","translation":{"text":"And upon","language_name":"english","language_id":38},"transliteration":{"text":"waʿalā","language_name":"english","language_id":38}},{"id":15176,"position":7,"audio_url":"wbw/064_013_008.mp3","qpc_uthmani_hafs":"ٱللَّهِ","char_type_name":"word","page_number":557,"line_number":6,"text":"ﮅ","translation":{"text":"Allah","language_name":"english","language_id":38},"transliteration":{"text":"l-lahi","language_name":"english","language_id":38}},{"id":15177,"position":8,"audio_url":"wbw/064_013_009.mp3","qpc_uthmani_hafs":"فَلۡيَتَوَكَّلِ","char_type_name":"word","page_number":557,"line_number":6,"text":"ﮆ","translation":{"text":"let put (their) trust","language_name":"english","language_id":38},"transliteration":{"text":"falyatawakkali","language_name":"english","language_id":38}},{"id":15178,"position":9,"audio_url":"wbw/064_013_010.mp3","qpc_uthmani_hafs":"ٱلۡمُؤۡمِنُونَ","char_type_name":"word","page_number":557,"line_number":6,"text":"ﮇ","translation":{"text":"the believers","language_name":"english","language_id":38},"transliteration":{"text":"l-mu'minūna","language_name":"english","language_id":38}},{"id":15179,"position":10,"audio_url":null,"qpc_uthmani_hafs":"١٣","char_type_name":"end","page_number":557,"line_number":6,"text":"ﮈ","translation":{"text":"(13)","language_name":"english","language_id":38},"transliteration":{"text":null,"language_name":"english","language_id":38}}],"translations":[{"id":921641,"resource_id":134,"text":"(Dia-lah) Allah tidak ada Tuhan (yang berhak disembah) selain Dia.  Dan hendaklah orang-orang mukmin bertawakal kepada Allah saja."}]},{"id":5213,"verse_number":14,"verse_key":"64:14","juz_number":28,"hizb_number":56,"rub_el_hizb_number":222,"ruku_number":493,"manzil_number":7,"sajdah_number":null,"text_uthmani":"يَـٰٓأَيُّهَا ٱلَّذِينَ ءَامَنُوٓا۟ إِنَّ مِنْ أَزْوَٰجِكُمْ وَأَوْلَـٰدِكُمْ عَدُوًّا لَّكُمْ فَٱحْذَرُوهُمْ ۚ وَإِن تَعْفُوا۟ وَتَصْفَحُوا۟ وَتَغْفِرُوا۟ فَإِنَّ ٱللَّهَ غَفُورٌ رَّحِيمٌ","page_number":557,"words":[{"id":16210,"position":1,"audio_url":"wbw/064_014_001.mp3","qpc_uthmani_hafs":"يَٰٓأَيُّهَا","char_type_name":"word","page_number":557,"line_number":6,"text":"ﮉ","translation":{"text":"O","language_name":"english","language_id":38},"transliteration":{"text":"yāayyuhā","language_name":"english","language_id":38}},{"id":16211,"position":2,"audio_url":"wbw/064_014_002.mp3","qpc_uthmani_hafs":"ٱلَّذِينَ","char_type_name":"word","page_number":557,"line_number":7,"text":"ﮊ","translation":{"text":"(you) who","language_name":"english","language_id":38},"transliteration":{"text":"alladhīna","language_name":"english","language_id":38}},{"id":16212,"position":3,"audio_url":"wbw/064_014_003.mp3","qpc_uthmani_hafs":"ءَامَنُوٓاْ","char_type_name":"word","page_number":557,"line_number":7,"text":"ﮋ","translation":{"text":"believe","language_name":"english","language_id":38},"transliteration":{"text":"āmanū","language_name":"english","language_id":38}},{"id":16213,"position":4,"audio_url":"wbw/064_014_004.mp3","qpc_uthmani_hafs":"إِنَّ","char_type_name":"word","page_number":557,"line_number":7,"text":"ﮌ","translation":{"text":"Indeed","language_name":"english","language_id":38},"transliteration":{"text":"inna","language_name":"english","language_id":38}},{"id":16214,"position":5,"audio_url":"wbw/064_014_005.mp3","qpc_uthmani_hafs":"مِنۡ","char_type_name":"word","page_number":557,"line_number":7,"text":"ﮍ","translation":{"text":"from","language_name":"english","language_id":38},"transliteration":{"text":"min","language_name":"english","language_id":38}},{"id":16215,"position":6,"audio_url":"wbw/064_014_006.mp3","qpc_uthmani_hafs":"أَزۡوَٰجِكُمۡ","char_type_name":"word","page_number":557,"line_number":7,"text":"ﮎ","translation":{"text":"your spouses","language_name":"english","language_id":38},"transliteration":{"text":"azwājikum","language_name":"english","language_id":38}},{"id":16216,"position":7,"audio_url":"wbw/064_014_007.mp3","qpc_uthmani_hafs":"وَأَوۡلَٰدِكُمۡ","char_type_name":"word","page_number":557,"line_number":7,"text":"ﮏ","translation":{"text":"and your children","language_name":"english","language_id":38},"transliteration":{"text":"wa-awlādikum","language_name":"english","language_id":38}},{"id":16217,"position":8,"audio_url":"wbw/064_014_008.mp3","qpc_uthmani_hafs":"عَدُوّٗا","char_type_name":"word","page_number":557,"line_number":7,"text":"ﮐ","translation":{"text":"(are) enemies","language_name":"english","language_id":38},"transliteration":{"text":"ʿaduwwan","language_name":"english","language_id":38}},{"id":16218,"position":9,"audio_url":"wbw/064_014_009.mp3","qpc_uthmani_hafs":"لَّكُمۡ","char_type_name":"word","page_number":557,"line_number":8,"text":"ﮑ","translation":{"text":"to you","language_name":"english","language_id":38},"transliteration":{"text":"lakum","language_name":"english","language_id":38}},{"id":16219,"position":10,"audio_url":"wbw/064_014_010.mp3","qpc_uthmani_hafs":"فَٱحۡذَرُوهُمۡۚ","char_type_name":"word","page_number":557,"line_number":8,"text":"ﮒﮓ","translation":{"text":"so beware of them","language_name":"english","language_id":38},"transliteration":{"text":"fa-iḥ'dharūhum","language_name":"english","language_id":38}},{"id":16221,"position":11,"audio_url":"wbw/064_014_012.mp3","qpc_uthmani_hafs":"وَإِن","char_type_name":"word","page_number":557,"line_number":8,"text":"ﮔ","translation":{"text":"But if","language_name":"english","language_id":38},"transliteration":{"text":"wa-in","language_name":"english","language_id":38}},{"id":16222,"position":12,"audio_url":"wbw/064_014_013.mp3","qpc_uthmani_hafs":"تَعۡفُواْ","char_type_name":"word","page_number":557,"line_number":8,"text":"ﮕ","translation":{"text":"you pardon","language_name":"english","language_id":38},"transliteration":{"text":"taʿfū","language_name":"english","language_id":38}},{"id":16223,"position":13,"audio_url":"wbw/064_014_014.mp3","qpc_uthmani_hafs":"وَتَصۡفَحُواْ","char_type_name":"word","page_number":557,"line_number":8,"text":"ﮖ","translation":{"text":"and overlook","language_name":"english","language_id":38},"transliteration":{"text":"wataṣfaḥū","language_name":"english","language_id":38}},{"id":16224,"position":14,"audio_url":"wbw/064_014_015.mp3","qpc_uthmani_hafs":"وَتَغۡفِرُواْ","char_type_name":"word","page_number":557,"line_number":8,"text":"ﮗ","translation":{"text":"and forgive","language_name":"english","language_id":38},"transliteration":{"text":"wataghfirū","language_name":"english","language_id":38}},{"id":16225,"position":15,"audio_url":"wbw/064_014_016.mp3","qpc_uthmani_hafs":"فَإِنَّ","char_type_name":"word","page_number":557,"line_number":9,"text":"ﮘ","translation":{"text":"then indeed","language_name":"english","language_id":38},"transliteration":{"text":"fa-inna","language_name":"english","language_id":38}},{"id":16226,"position":16,"audio_url":"wbw/064_014_017.mp3","qpc_uthmani_hafs":"ٱللَّهَ","char_type_name":"word","page_number":557,"line_number":9,"text":"ﮙ","translation":{"text":"Allah","language_name":"english","language_id":38},"transliteration":{"text":"l-laha","language_name":"english","language_id":38}},{"id":16227,"position":17,"audio_url":"wbw/064_014_018.mp3","qpc_uthmani_hafs":"غَفُورٞ","char_type_name":"word","page_number":557,"line_number":9,"text":"ﮚ","translation":{"text":"(is) Oft-Forgiving","language_name":"english","language_id":38},"transliteration":{"text":"ghafūrun","language_name":"english","language_id":38}},{"id":16228,"position":18,"audio_url":"wbw/064_014_019.mp3","qpc_uthmani_hafs":"رَّحِيمٌ","char_type_name":"word","page_number":557,"line_number":9,"text":"ﮛ","translation":{"text":"Most Merciful","language_name":"english","language_id":38},"transliteration":{"text":"raḥīmun","language_name":"english","language_id":38}},{"id":16229,"position":19,"audio_url":null,"qpc_uthmani_hafs":"١٤","char_type_name":"end","page_number":557,"line_number":9,"text":"ﮜ","translation":{"text":"(14)","language_name":"english","language_id":38},"transliteration":{"text":null,"language_name":"english","language_id":38}}],"translations":[{"id":921642,"resource_id":134,"text":"Hai orang-orang yang beriman, sesungguhnya di antara istri-istrimu dan anak-anakmu ada yang menjadi musuh bagimu<sup foot_note=211249>1</sup>, maka berhati-hatilah kamu terhadap mereka; dan jika kamu memaafkan dan tidak memarahi serta mengampuni (mereka), maka sesungguhnya Allah Maha Pengampun lagi Maha Penyayang."}]},{"id":5214,"verse_number":15,"verse_key":"64:15","juz_number":28,"hizb_number":56,"rub_el_hizb_number":222,"ruku_number":493,"manzil_number":7,"sajdah_number":null,"text_uthmani":"إِنَّمَآ أَمْوَٰلُكُمْ وَأَوْلَـٰدُكُمْ فِتْنَةٌ ۚ وَٱللَّهُ عِندَهُۥٓ أَجْرٌ عَظِيمٌ","page_number":557,"words":[{"id":17379,"position":1,"audio_url":"wbw/064_015_001.mp3","qpc_uthmani_hafs":"إِنَّمَآ","char_type_name":"word","page_number":557,"line_number":9,"text":"ﮝ","translation":{"text":"Only","language_name":"english","language_id":38},"transliteration":{"text":"innamā","language_name":"english","language_id":38}},{"id":17380,"position":2,"audio_url":"wbw/064_015_002.mp3","qpc_uthmani_hafs":"أَمۡوَٰلُكُمۡ","char_type_name":"word","page_number":557,"line_number":9,"text":"ﮞ","translation":{"text":"your wealth","language_name":"english","language_id":38},"transliteration":{"text":"amwālukum","language_name":"english","language_id":38}},{"id":17381,"position":3,"audio_url":"wbw/064_015_003.mp3","qpc_uthmani_hafs":"وَأَوۡلَٰدُكُمۡ","char_type_name":"word","page_number":557,"line_number":9,"text":"ﮟ","translation":{"text":"and your children","language_name":"english","language_id":38},"transliteration":{"text":"wa-awlādukum","language_name":"english","language_id":38}},{"id":17382,"position":4,"audio_url":"wbw/064_015_004.mp3","qpc_uthmani_hafs":"فِتۡنَةٞۚ","char_type_name":"word","page_number":557,"line_number":10,"text":"ﮠﮡ","translation":{"text":"(are) a trial","language_name":"english","language_id":38},"transliteration":{"text":"fit'natun","language_name":"english","language_id":38}},{"id":17384,"position":5,"audio_url":"wbw/064_015_006.mp3","qpc_uthmani_hafs":"وَٱللَّهُ","char_type_name":"word","page_number":557,"line_number":10,"text":"ﮢ","translation":{"text":"and Allah ","language_name":"english","language_id":38},"transliteration":{"text":"wal-lahu","language_name":"english","language_id":38}},{"id":17385,"position":6,"audio_url":"wbw/064_015_007.mp3","qpc_uthmani_hafs":"عِندَهُۥٓ","char_type_name":"word","page_number":557,"line_number":10,"text":"ﮣ","translation":{"text":"with Him","language_name":"english","language_id":38},"transliteration":{"text":"ʿindahu","language_name":"english","language_id":38}},{"id":17386,"position":7,"audio_url":"wbw/064_015_008.mp3","qpc_uthmani_hafs":"أَجۡرٌ","char_type_name":"word","page_number":557,"line_number":10,"text":"ﮤ","translation":{"text":"(is) a reward","language_name":"english","language_id":38},"transliteration":{"text":"ajrun","language_name":"english","language_id":38}},{"id":17387,"position":8,"audio_url":"wbw/064_015_009.mp3","qpc_uthmani_hafs":"عَظِيمٞ","char_type_name":"word","page_number":557,"line_number":10,"text":"ﮥ","translation":{"text":"great","language_name":"english","language_id":38},"transliteration":{"text":"ʿaẓīmun","language_name":"english","language_id":38}},{"id":17388,"position":9,"audio_url":null,"qpc_uthmani_hafs":"١٥","char_type_name":"end","page_number":557,"line_number":10,"text":"ﮦ","translation":{"text":"(15)","language_name":"english","language_id":38},"transliteration":{"text":null,"language_name":"english","language_id":38}}],"translations":[{"id":921643,"resource_id":134,"text":"Sesungguhnya hartamu dan anak-anakmu hanyalah cobaan (bagimu), di sisi Allah-lah pahala yang besar."}]},{"id":5215,"verse_number":16,"verse_key":"64:16","juz_number":28,"hizb_number":56,"rub_el_hizb_number":222,"ruku_number":493,"manzil_number":7,"sajdah_number":null,"text_uthmani":"فَٱتَّقُوا۟ ٱللَّهَ مَا ٱسْتَطَعْتُمْ وَٱسْمَعُوا۟ وَأَطِيعُوا۟ وَأَنفِقُوا۟ خَيْرًا لِّأَنفُسِكُمْ ۗ وَمَن يُوقَ شُحَّ نَفْسِهِۦ فَأُو۟لَـٰٓئِكَ هُمُ ٱلْمُفْلِحُونَ","page_number":557,"words":[{"id":18461,"position":1,"audio_url":"wbw/064_016_001.mp3","qpc_uthmani_hafs":"فَٱتَّقُواْ","char_type_name":"word","page_number":557,"line_number":10,"text":"ﮧ","translation":{"text":"So fear","language_name":"english","language_id":38},"transliteration":{"text":"fa-ittaqū","language_name":"english","language_id":38}},{"id":18462,"position":2,"audio_url":"wbw/064_016_002.mp3","qpc_uthmani_hafs":"ٱللَّهَ","char_type_name":"word","page_number":557,"line_number":10,"text":"ﮨ","translation":{"text":"Allah","language_name":"english","language_id":38},"transliteration":{"text":"l-laha","language_name":"english","language_id":38}},{"id":18463,"position":3,"audio_url":"wbw/064_016_003.mp3","qpc_uthmani_hafs":"مَا","char_type_name":"word","page_number":557,"line_number":10,"text":"ﮩ","translation":{"text":"what","language_name":"english","language_id":38},"transliteration":{"text":"mā","language_name":"english","language_id":38}},{"id":18464,"position":4,"audio_url":"wbw/064_016_004.mp3","qpc_uthmani_hafs":"ٱسۡتَطَعۡتُمۡ","char_type_name":"word","page_number":557,"line_number":10,"text":"ﮪ","translation":{"text":"you are able","language_name":"english","language_id":38},"transliteration":{"text":"is'taṭaʿtum","language_name":"english","language_id":38}},{"id":18465,"position":5,"audio_url":"wbw/064_016_005.mp3","qpc_uthmani_hafs":"وَٱسۡمَعُواْ","char_type_name":"word","page_number":557,"line_number":11,"text":"ﮫ","translation":{"text":"and listen","language_name":"english","language_id":38},"transliteration":{"text":"wa-is'maʿū","language_name":"english","language_id":38}},{"id":18466,"position":6,"audio_url":"wbw/064_016_006.mp3","qpc_uthmani_hafs":"وَأَطِيعُواْ","char_type_name":"word","page_number":557,"line_number":11,"text":"ﮬ","translation":{"text":"and obey","language_name":"english","language_id":38},"transliteration":{"text":"wa-aṭīʿū","language_name":"english","language_id":38}},{"id":18467,"position":7,"audio_url":"wbw/064_016_007.mp3","qpc_uthmani_hafs":"وَأَنفِقُواْ","char_type_name":"word","page_number":557,"line_number":11,"text":"ﮭ","translation":{"text":"and spend","language_name":"english","language_id":38},"transliteration":{"text":"wa-anfiqū","language_name":"english","language_id":38}},{"id":18468,"position":8,"audio_url":"wbw/064_016_008.mp3","qpc_uthmani_hafs":"خَيۡرٗا","char_type_name":"word","page_number":557,"line_number":11,"text":"ﮮ","translation":{"text":"(it is) better","language_name":"english","language_id":38},"transliteration":{"text":"khayran","language_name":"english","language_id":38}},{"id":18469,"position":9,"audio_url":"wbw/064_016_009.mp3","qpc_uthmani_hafs":"لِّأَنفُسِكُمۡۗ","char_type_name":"word","page_number":557,"line_number":11,"text":"ﮯﮰ","translation":{"text":"for yourselves","language_name":"english","language_id":38},"transliteration":{"text":"li-anfusikum","language_name":"english","language_id":38}},{"id":18471,"position":10,"audio_url":"wbw/064_016_011.mp3","qpc_uthmani_hafs":"وَمَن","char_type_name":"word","page_number":557,"line_number":11,"text":"ﮱ","translation":{"text":"And whoever","language_name":"english","language_id":38},"transliteration":{"text":"waman","language_name":"english","language_id":38}},{"id":18472,"position":11,"audio_url":"wbw/064_016_012.mp3","qpc_uthmani_hafs":"يُوقَ","char_type_name":"word","page_number":557,"line_number":12,"text":"ﯓ","translation":{"text":"is saved","language_name":"english","language_id":38},"transliteration":{"text":"yūqa","language_name":"english","language_id":38}},{"id":18473,"position":12,"audio_url":"wbw/064_016_013.mp3","qpc_uthmani_hafs":"شُحَّ","char_type_name":"word","page_number":557,"line_number":12,"text":"ﯔ","translation":{"text":"(from the) greediness","language_name":"english","language_id":38},"transliteration":{"text":"shuḥḥa","language_name":"english","language_id":38}},{"id":18474,"position":13,"audio_url":"wbw/064_016_014.mp3","qpc_uthmani_hafs":"نَفۡسِهِۦ","char_type_name":"word","page_number":557,"line_number":12,"text":"ﯕ","translation":{"text":"(of) his soul","language_name":"english","language_id":38},"transliteration":{"text":"nafsihi","language_name":"english","language_id":38}},{"id":18475,"position":14,"audio_url":"wbw/064_016_015.mp3","qpc_uthmani_hafs":"فَأُوْلَٰٓئِكَ","char_type_name":"word","page_number":557,"line_number":12,"text":"ﯖ","translation":{"text":"then those","language_name":"english","language_id":38},"transliteration":{"text":"fa-ulāika","language_name":"english","language_id":38}},{"id":18476,"position":15,"audio_url":"wbw/064_016_016.mp3","qpc_uthmani_hafs":"هُمُ","char_type_name":"word","page_number":557,"line_number":12,"text":"ﯗ","translation":{"text":"[they]","language_name":"english","language_id":38},"transliteration":{"text":"humu","language_name":"english","language_id":38}},{"id":18477,"position":16,"audio_url":"wbw/064_016_017.mp3","qpc_uthmani_hafs":"ٱلۡمُفۡلِحُونَ","char_type_name":"word","page_number":557,"line_number":12,"text":"ﯘ","translation":{"text":"(are) the successful ones","language_name":"english","language_id":38},"transliteration":{"text":"l-muf'liḥūna","language_name":"english","language_id":38}},{"id":18478,"position":17,"audio_url":null,"qpc_uthmani_hafs":"١٦","char_type_name":"end","page_number":557,"line_number":12,"text":"ﯙ","translation":{"text":"(16)","language_name":"english","language_id":38},"transliteration":{"text":null,"language_name":"english","language_id":38}}],"translations":[{"id":921644,"resource_id":134,"text":"Maka bertakwalah kamu kepada Allah menurut kesanggupanmu dan dengarlah serta taatlah; dan nafkahkanlah nafkah yang baik untuk dirimu<sup foot_note=211250>1</sup>.  Dan barang siapa yang dipelihara dari kekikiran dirinya, maka mereka itulah orang-orang yang beruntung."}]},{"id":5216,"verse_number":17,"verse_key":"64:17","juz_number":28,"hizb_number":56,"rub_el_hizb_number":222,"ruku_number":493,"manzil_number":7,"sajdah_number":null,"text_uthmani":"إِن تُقْرِضُوا۟ ٱللَّهَ قَرْضًا حَسَنًا يُضَـٰعِفْهُ لَكُمْ وَيَغْفِرْ لَكُمْ ۚ وَٱللَّهُ شَكُورٌ حَلِيمٌ","page_number":557,"words":[{"id":19441,"position":1,"audio_url":"wbw/064_017_001.mp3","qpc_uthmani_hafs":"إِن","char_type_name":"word","page_number":557,"line_number":12,"text":"ﯚ","translation":{"text":"If","language_name":"english","language_id":38},"transliteration":{"text":"in","language_name":"english","language_id":38}},{"id":19442,"position":2,"audio_url":"wbw/064_017_002.mp3","qpc_uthmani_hafs":"تُقۡرِضُواْ","char_type_name":"word","page_number":557,"line_number":12,"text":"ﯛ","translation":{"text":"you loan","language_name":"english","language_id":38},"transliteration":{"text":"tuq'riḍū","language_name":"english","language_id":38}},{"id":19443,"position":3,"audio_url":"wbw/064_017_003.mp3","qpc_uthmani_hafs":"ٱللَّهَ","char_type_name":"word","page_number":557,"line_number":13,"text":"ﯜ","translation":{"text":"(to) Allah","language_name":"english","language_id":38},"transliteration":{"text":"l-laha","language_name":"english","language_id":38}},{"id":19444,"position":4,"audio_url":"wbw/064_017_004.mp3","qpc_uthmani_hafs":"قَرۡضًا","char_type_name":"word","page_number":557,"line_number":13,"text":"ﯝ","translation":{"text":"a loan","language_name":"english","language_id":38},"transliteration":{"text":"qarḍan","language_name":"english","language_id":38}},{"id":19445,"position":5,"audio_url":"wbw/064_017_005.mp3","qpc_uthmani_hafs":"حَسَنٗا","char_type_name":"word","page_number":557,"line_number":13,"text":"ﯞ","translation":{"text":"goodly","language_name":"english","language_id":38},"transliteration":{"text":"ḥasanan","language_name":"english","language_id":38}},{"id":19446,"position":6,"audio_url":"wbw/064_017_006.mp3","qpc_uthmani_hafs":"يُضَٰعِفۡهُ","char_type_name":"word","page_number":557,"line_number":13,"text":"ﯟ","translation":{"text":"He will multiply it","language_name":"english","language_id":38},"transliteration":{"text":"yuḍāʿif'hu","language_name":"english","language_id":38}},{"id":19447,"position":7,"audio_url":"wbw/064_017_007.mp3","qpc_uthmani_hafs":"لَكُمۡ","char_type_name":"word","page_number":557,"line_number":13,"text":"ﯠ","translation":{"text":"for you","language_name":"english","language_id":38},"transliteration":{"text":"lakum","language_name":"english","language_id":38}},{"id":19448,"position":8,"audio_url":"wbw/064_017_008.mp3","qpc_uthmani_hafs":"وَيَغۡفِرۡ","char_type_name":"word","page_number":557,"line_number":13,"text":"ﯡ","translation":{"text":"and will forgive","language_name":"english","language_id":38},"transliteration":{"text":"wayaghfir","language_name":"english","language_id":38}},{"id":19449,"position":9,"audio_url":"wbw/064_017_009.mp3","qpc_uthmani_hafs":"لَكُمۡۚ","char_type_name":"word","page_number":557,"line_number":13,"text":"ﯢﯣ","translation":{"text":"you","language_name":"english","language_id":38},"transliteration":{"text":"lakum","language_name":"english","language_id":38}},{"id":19451,"position":10,"audio_url":"wbw/064_017_011.mp3","qpc_uthmani_hafs":"وَٱللَّهُ","char_type_name":"word","page_number":557,"line_number":13,"text":"ﯤ","translation":{"text":"And Allah","language_name":"english","language_id":38},"transliteration":{"text":"wal-lahu","language_name":"english","language_id":38}},{"id":19452,"position":11,"audio_url":"wbw/064_017_012.mp3","qpc_uthmani_hafs":"شَكُورٌ","char_type_name":"word","page_number":557,"line_number":13,"text":"ﯥ","translation":{"text":"(is) Most Appreciative","language_name":"english","language_id":38},"transliteration":{"text":"shakūrun","language_name":"english","language_id":38}},{"id":19453,"position":12,"audio_url":"wbw/064_017_013.mp3","qpc_uthmani_hafs":"حَلِيمٌ","char_type_name":"word","page_number":557,"line_number":14,"text":"ﯦ","translation":{"text":"Most Forbearing","language_name":"english","language_id":38},"transliteration":{"text":"ḥalīmun","language_name":"english","language_id":38}},{"id":19454,"position":13,"audio_url":null,"qpc_uthmani_hafs":"١٧","char_type_name":"end","page_number":557,"line_number":14,"text":"ﯧ","translation":{"text":"(17)","language_name":"english","language_id":38},"transliteration":{"text":null,"language_name":"english","language_id":38}}],"translations":[{"id":921645,"resource_id":134,"text":"Jika kamu meminjamkan kepada Allah pinjaman yang baik, niscaya Allah melipat gandakan (pembalasannya) kepadamu dan mengampuni kamu.  Dan Allah Maha Pembalas Jasa lagi Maha Penyantun."}]},{"id":5217,"verse_number":18,"verse_key":"64:18","juz_number":28,"hizb_number":56,"rub_el_hizb_number":222,"ruku_number":493,"manzil_number":7,"sajdah_number":null,"text_uthmani":"عَـٰلِمُ ٱلْغَيْبِ وَٱلشَّهَـٰدَةِ ٱلْعَزِيزُ ٱلْحَكِيمُ","page_number":557,"words":[{"id":20696,"position":1,"audio_url":"wbw/064_018_001.mp3","qpc_uthmani_hafs":"عَٰلِمُ","char_type_name":"word","page_number":557,"line_number":14,"text":"ﯨ","translation":{"text":"(The) Knower","language_name":"english","language_id":38},"transliteration":{"text":"ʿālimu","language_name":"english","language_id":38}},{"id":20697,"position":2,"audio_url":"wbw/064_018_002.mp3","qpc_uthmani_hafs":"ٱلۡغَيۡبِ","char_type_name":"word","page_number":557,"line_number":14,"text":"ﯩ","translation":{"text":"(of) the unseen","language_name":"english","language_id":38},"transliteration":{"text":"l-ghaybi","language_name":"english","language_id":38}},{"id":20698,"position":3,"audio_url":"wbw/064_018_003.mp3","qpc_uthmani_hafs":"وَٱلشَّهَٰدَةِ","char_type_name":"word","page_number":557,"line_number":14,"text":"ﯪ","translation":{"text":"and the witnessed","language_name":"english","language_id":38},"transliteration":{"text":"wal-shahādati","language_name":"english","language_id":38}},{"id":20699,"position":4,"audio_url":"wbw/064_018_004.mp3","qpc_uthmani_hafs":"ٱلۡعَزِيزُ","char_type_name":"word","page_number":557,"line_number":14,"text":"ﯫ","translation":{"text":"the All-Mighty","language_name":"english","language_id":38},"transliteration":{"text":"l-ʿazīzu","language_name":"english","language_id":38}},{"id":20700,"position":5,"audio_url":"wbw/064_018_005.mp3","qpc_uthmani_hafs":"ٱلۡحَكِيمُ","char_type_name":"word","page_number":557,"line_number":14,"text":"ﯬ","translation":{"text":"the All-Wise","language_name":"english","language_id":38},"transliteration":{"text":"l-ḥakīmu","language_name":"english","language_id":38}},{"id":20701,"position":6,"audio_url":null,"qpc_uthmani_hafs":"١٨","char_type_name":"end","page_number":557,"line_number":14,"text":"ﯭ","translation":{"text":"(18)","language_name":"english","language_id":38},"transliteration":{"text":null,"language_name":"english","language_id":38}}],"translations":[{"id":921646,"resource_id":134,"text":"Yang mengetahui yang gaib dan yang nyata.  Yang Maha Perkasa lagi Maha Bijaksana."}]}],"pagination":{"per_page":50,"current_page":1,"next_page":null,"total_pages":1,"total_records":9}}