{"verses":[{"id":5358,"verse_number":35,"verse_key":"69:35","juz_number":29,"hizb_number":57,"rub_el_hizb_number":227,"ruku_number":502,"manzil_number":7,"sajdah_number":null,"text_uthmani":"فَلَيْسَ لَهُ ٱلْيَوْمَ هَـٰهُنَا حَمِيمٌ","page_number":568,"words":[{"id":37301,"position":1,"audio_url":"wbw/069_035_001.mp3","qpc_uthmani_hafs":"فَلَيۡسَ","char_type_name":"word","page_number":568,"line_number":1,"text":"ﭑ","translation":{"text":"So not","language_name":"english","language_id":38},"transliteration":{"text":"falaysa","language_name":"english","language_id":38}},{"id":37302,"position":2,"audio_url":"wbw/069_035_002.mp3","qpc_uthmani_hafs":"لَهُ","char_type_name":"word","page_number":568,"line_number":1,"text":"ﭒ","translation":{"text":"for him","language_name":"english","language_id":38},"transliteration":{"text":"lahu","language_name":"english","language_id":38}},{"id":37303,"position":3,"audio_url":"wbw/069_035_003.mp3","qpc_uthmani_hafs":"ٱلۡيَوۡمَ","char_type_name":"word","page_number":568,"line_number":1,"text":"ﭓ","translation":{"text":"today","language_name":"english","language_id":38},"transliteration":{"text":"l-yawma","language_name":"english","language_id":38}},{"id":37304,"position":4,"audio_url":"wbw/069_035_004.mp3","qpc_uthmani_hafs":"هَٰهُنَا","char_type_name":"word","page_number":568,"line_number":1,"text":"ﭔ","translation":{"text":"here","language_name":"english","language_id":38},"transliteration":{"text":"hāhunā","language_name":"english","language_id":38}},{"id":37305,"position":5,"audio_url":"wbw/069_035_005.mp3","qpc_uthmani_hafs":"حَمِيمٞ","char_type_name":"word","page_number":568,"line_number":1,"text":"ﭕ","translation":{"text":"any devoted friend","language_name":"english","language_id":38},"transliteration":{"text":"ḥamīmun","language_name":"english","language_id":38}},{"id":37306,"position":6,"audio_url":null,"qpc_uthmani_hafs":"٣٥","char_type_name":"end","page_number":568,"line_number":1,"text":"ﭖ","translation":{"text":"(35)","language_name":"english","language_id":38},"transliteration":{"text":null,"language_name":"english","language_id":38}}],"translations":[{"id":921787,"resource_id":134,"text":"Maka tiada seorang teman pun baginya pada hari ini di sini."}]},{"id":5359,"verse_number":36,"verse_key":"69:36","juz_number":29,"hizb_number":57,"rub_el_hizb_number":227,"ruku_number":502,"manzil_number":7,"sajdah_number":null,"text_uthmani":"وَلَا طَعَامٌ إِلَّا مِنْ غِسْلِينٍ","page_number":568,"words":[{"id":38032,"position":1,"audio_url":"wbw/069_036_001.mp3","qpc_uthmani_hafs":"وَلَا","char_type_name":"word","page_number":568,"line_number":1,"text":"ﭗ","translation":{"text":"And not","language_name":"english","language_id":38},"transliteration":{"text":"walā","language_name":"english","language_id":38}},{"id":38033,"position":2,"audio_url":"wbw/069_036_002.mp3","qpc_uthmani_hafs":"طَعَامٌ","char_type_name":"word","page_number":568,"line_number":1,"text":"ﭘ","translation":{"text":"any food","language_name":"english","language_id":38},"transliteration":{"text":"ṭaʿāmun","language_name":"english","language_id":38}},{"id":38034,"position":3,"audio_url":"wbw/069_036_003.mp3","qpc_uthmani_hafs":"إِلَّا","char_type_name":"word","page_number":568,"line_number":1,"text":"ﭙ","translation":{"text":"except","language_name":"english","language_id":38},"transliteration":{"text":"illā","language_name":"english","language_id":38}},{"id":38035,"position":4,"audio_url":"wbw/069_036_004.mp3","qpc_uthmani_hafs":"مِنۡ","char_type_name":"word","page_number":568,"line_number":1,"text":"ﭚ","translation":{"text":"from","language_name":"english","language_id":38},"transliteration":{"text":"min","language_name":"english","language_id":38}},{"id":38036,"position":5,"audio_url":"wbw/069_036_005.mp3","qpc_uthmani_hafs":"غِسۡلِينٖ","char_type_name":"word","page_number":568,"line_number":1,"text":"ﭛ","translation":{"text":"(the) discharge of wounds","language_name":"english","language_id":38},"transliteration":{"text":"ghis'līnin","language_name":"english","language_id":38}},{"id":38037,"position":6,"audio_url":null,"qpc_uthmani_hafs":"٣٦","char_type_name":"end","page_number":568,"line_number":1,"text":"ﭜ","translation":{"text":"(36)","language_name":"english","language_id":38},"transliteration":{"text":null,"language_name":"english","language_id":38}}],"translations":[{"id":921788,"resource_id":134,"text":"Dan tiada (pula) makanan sedikit pun (baginya) kecuali dari darah dan nanah."}]},{"id":5360,"verse_number":37,"verse_key":"69:37","juz_number":29,"hizb_number":57,"rub_el_hizb_number":227,"ruku_number":502,"manzil_number":7,"sajdah_number":null,"text_uthmani":"لَّا يَأْكُلُهُۥٓ إِلَّا ٱلْخَـٰطِـُٔونَ","page_number":568,"words":[{"id":38955,"position":1,"audio_url":"wbw/069_037_001.mp3","qpc_uthmani_hafs":"لَّا","char_type_name":"word","page_number":568,"line_number":1,"text":"ﭝ","translation":{"text":"Not","language_name":"english","language_id":38},"transliteration":{"text":"lā","language_name":"english","language_id":38}},{"id":38956,"position":2,"audio_url":"wbw/069_037_002.mp3","qpc_uthmani_hafs":"يَأۡكُلُهُۥٓ","char_type_name":"word","page_number":568,"line_number":1,"text":"ﭞ","translation":{"text":"will eat it","language_name":"english","language_id":38},"transliteration":{"text":"yakuluhu","language_name":"english","language_id":38}},{"id":38957,"position":3,"audio_url":"wbw/069_037_003.mp3","qpc_uthmani_hafs":"إِلَّا","char_type_name":"word","page_number":568,"line_number":2,"text":"ﭟ","translation":{"text":"except","language_name":"english","language_id":38},"transliteration":{"text":"illā","language_name":"english","language_id":38}},{"id":38958,"position":4,"audio_url":"wbw/069_037_004.mp3","qpc_uthmani_hafs":"ٱلۡخَٰطِـُٔونَ","char_type_name":"word","page_number":568,"line_number":2,"text":"ﭠ","translation":{"text":"the sinners","language_name":"english","language_id":38},"transliteration":{"text":"l-khāṭiūna","language_name":"english","language_id":38}},{"id":38959,"position":5,"audio_url":null,"qpc_uthmani_hafs":"٣٧","char_type_name":"end","page_number":568,"line_number":2,"text":"ﭡ","translation":{"text":"(37)","language_name":"english","language_id":38},"transliteration":{"text":null,"language_name":"english","language_id":38}}],"translations":[{"id":921789,"resource_id":134,"text":"Tidak ada yang memakannya kecuali orang-orang yang berdosa."}]},{"id":5361,"verse_number":38,"verse_key":"69:38","juz_number":29,"hizb_number":57,"rub_el_hizb_number":227,"ruku_number":503,"manzil_number":7,"sajdah_number":null,"text_uthmani":"فَلَآ أُقْسِمُ بِمَا تُبْصِرُونَ","page_number":568,"words":[{"id":39803,"position":1,"audio_url":"wbw/069_038_001.mp3","qpc_uthmani_hafs":"فَلَآ","char_type_name":"word","page_number":568,"line_number":2,"text":"ﭢ","translation":{"text":"But nay","language_name":"english","language_id":38},"transliteration":{"text":"falā","language_name":"english","language_id":38}},{"id":39804,"position":2,"audio_url":"wbw/069_038_002.mp3","qpc_uthmani_hafs":"أُقۡسِمُ","char_type_name":"word","page_number":568,"line_number":2,"text":"ﭣ","translation":{"text":"I swear","language_name":"english","language_id":38},"transliteration":{"text":"uq'simu","language_name":"english","language_id":38}},{"id":39805,"position":3,"audio_url":"wbw/069_038_003.mp3","qpc_uthmani_hafs":"بِمَا","char_type_name":"word","page_number":568,"line_number":2,"text":"ﭤ","translation":{"text":"by what","language_name":"english","language_id":38},"transliteration":{"text":"bimā","language_name":"english","language_id":38}},{"id":39806,"position":4,"audio_url":"wbw/069_038_004.mp3","qpc_uthmani_hafs":"تُبۡصِرُونَ","char_type_name":"word","page_number":568,"line_number":2,"text":"ﭥ","translation":{"text":"you see","language_name":"english","language_id":38},"transliteration":{"text":"tub'ṣirūna","language_name":"english","language_id":38}},{"id":39807,"position":5,"audio_url":null,"qpc_uthmani_hafs":"٣٨","char_type_name":"end","page_number":568,"line_number":2,"text":"ﭦ","translation":{"text":"(38)","language_name":"english","language_id":38},"transliteration":{"text":null,"language_name":"english","language_id":38}}],"translations":[{"id":921790,"resource_id":134,"text":"Maka Aku bersumpah dengan apa yang kamu lihat."}]},{"id":5362,"verse_number":39,"verse_key":"69:39","juz_number":29,"hizb_number":57,"rub_el_hizb_number":227,"ruku_number":503,"manzil_number":7,"sajdah_number":null,"text_uthmani":"وَمَا لَا تُبْصِرُونَ","page_number":568,"words":[{"id":40595,"position":1,"audio_url":"wbw/069_039_001.mp3","qpc_uthmani_hafs":"وَمَا","char_type_name":"word","page_number":568,"line_number":2,"text":"ﭧ","translation":{"text":"And what","language_name":"english","language_id":38},"transliteration":{"text":"wamā","language_name":"english","language_id":38}},{"id":40596,"position":2,"audio_url":"wbw/069_039_002.mp3","qpc_uthmani_hafs":"لَا","char_type_name":"word","page_number":568,"line_number":2,"text":"ﭨ","translation":{"text":"not","language_name":"english","language_id":38},"transliteration":{"text":"lā","language_name":"english","language_id":38}},{"id":40597,"position":3,"audio_url":"wbw/069_039_003.mp3","qpc_uthmani_hafs":"تُبۡصِرُونَ","char_type_name":"word","page_number":568,"line_number":2,"text":"ﭩ","translation":{"text":"you see","language_name":"english","language_id":38},"transliteration":{"text":"tub'ṣirūna","language_name":"english","language_id":38}},{"id":40598,"position":4,"audio_url":null,"qpc_uthmani_hafs":"٣٩","char_type_name":"end","page_number":568,"line_number":2,"text":"ﭪ","translation":{"text":"(39)","language_name":"english","language_id":38},"transliteration":{"text":null,"language_name":"english","language_id":38}}],"translations":[{"id":921791,"resource_id":134,"text":"Dan dengan apa yang tidak kamu lihat."}]},{"id":5363,"verse_number":40,"verse_key":"69:40","juz_number":29,"hizb_number":57,"rub_el_hizb_number":227,"ruku_number":503,"manzil_number":7,"sajdah_number":null,"text_uthmani":"إِنَّهُۥ لَقَوْلُ رَسُولٍ كَرِيمٍ","page_number":568,"words":[{"id":41152,"position":1,"audio_url":"wbw/069_040_001.mp3","qpc_uthmani_hafs":"إِنَّهُۥ","char_type_name":"word","page_number":568,"line_number":3,"text":"ﭫ","translation":{"text":"Indeed, it (is)","language_name":"english","language_id":38},"transliteration":{"text":"innahu","language_name":"english","language_id":38}},{"id":41153,"position":2,"audio_url":"wbw/069_040_002.mp3","qpc_uthmani_hafs":"لَقَوۡلُ","char_type_name":"word","page_number":568,"line_number":3,"text":"ﭬ","translation":{"text":"surely (the) Word","language_name":"english","language_id":38},"transliteration":{"text":"laqawlu","language_name":"english","language_id":38}},{"id":41154,"position":3,"audio_url":"wbw/069_040_003.mp3","qpc_uthmani_hafs":"رَسُولٖ","char_type_name":"word","page_number":568,"line_number":3,"text":"ﭭ","translation":{"text":"(of) a Messenger","language_name":"english","language_id":38},"transliteration":{"text":"rasūlin","language_name":"english","language_id":38}},{"id":41155,"position":4,"audio_url":"wbw/069_040_004.mp3","qpc_uthmani_hafs":"كَرِيمٖ","char_type_name":"word","page_number":568,"line_number":3,"text":"ﭮ","translation":{"text":"noble","language_name":"english","language_id":38},"transliteration":{"text":"karīmin","language_name":"english","language_id":38}},{"id":41156,"position":5,"audio_url":null,"qpc_uthmani_hafs":"٤٠","char_type_name":"end","page_number":568,"line_number":3,"text":"ﭯ","translation":{"text":"(40)","language_name":"english","language_id":38},"transliteration":{"text":null,"language_name":"english","language_id":38}}],"translations":[{"id":921792,"resource_id":134,"text":"Sesungguhnya Al-Qur`ān itu adalah benar-benar wahyu (Allah yang diturunkan kepada) rasul yang mulia,"}]},{"id":5364,"verse_number":41,"verse_key":"69:41","juz_number":29,"hizb_number":57,"rub_el_hizb_number":227,"ruku_number":503,"manzil_number":7,"sajdah_number":null,"text_uthmani":"وَمَا هُوَ بِقَوْلِ شَاعِرٍ ۚ قَلِيلًا مَّا تُؤْمِنُونَ","page_number":568,"words":[{"id":42179,"position":1,"audio_url":"wbw/069_041_001.mp3","qpc_uthmani_hafs":"وَمَا","char_type_name":"word","page_number":568,"line_number":3,"text":"ﭰ","translation":{"text":"And not","language_name":"english","language_id":38},"transliteration":{"text":"wamā","language_name":"english","language_id":38}},{"id":42180,"position":2,"audio_url":"wbw/069_041_002.mp3","qpc_uthmani_hafs":"هُوَ","char_type_name":"word","page_number":568,"line_number":3,"text":"ﭱ","translation":{"text":"it","language_name":"english","language_id":38},"transliteration":{"text":"huwa","language_name":"english","language_id":38}},{"id":42181,"position":3,"audio_url":"wbw/069_041_003.mp3","qpc_uthmani_hafs":"بِقَوۡلِ","char_type_name":"word","page_number":568,"line_number":3,"text":"ﭲ","translation":{"text":"(is the) word","language_name":"english","language_id":38},"transliteration":{"text":"biqawli","language_name":"english","language_id":38}},{"id":42182,"position":4,"audio_url":"wbw/069_041_004.mp3","qpc_uthmani_hafs":"شَاعِرٖۚ","char_type_name":"word","page_number":568,"line_number":3,"text":"ﭳﭴ","translation":{"text":"(of) a poet","language_name":"english","language_id":38},"transliteration":{"text":"shāʿirin","language_name":"english","language_id":38}},{"id":42184,"position":5,"audio_url":"wbw/069_041_006.mp3","qpc_uthmani_hafs":"قَلِيلٗا","char_type_name":"word","page_number":568,"line_number":3,"text":"ﭵ","translation":{"text":"little","language_name":"english","language_id":38},"transliteration":{"text":"qalīlan","language_name":"english","language_id":38}},{"id":42185,"position":6,"audio_url":"wbw/069_041_007.mp3","qpc_uthmani_hafs":"مَّا","char_type_name":"word","page_number":568,"line_number":3,"text":"ﭶ","translation":{"text":"(is) what","language_name":"english","language_id":38},"transliteration":{"text":"mā","language_name":"english","language_id":38}},{"id":42186,"position":7,"audio_url":"wbw/069_041_008.mp3","qpc_uthmani_hafs":"تُؤۡمِنُونَ","char_type_name":"word","page_number":568,"line_number":3,"text":"ﭷ","translation":{"text":"you believe","language_name":"english","language_id":38},"transliteration":{"text":"tu'minūna","language_name":"english","language_id":38}},{"id":42187,"position":8,"audio_url":null,"qpc_uthmani_hafs":"٤١","char_type_name":"end","page_number":568,"line_number":3,"text":"ﭸ","translation":{"text":"(41)","language_name":"english","language_id":38},"transliteration":{"text":null,"language_name":"english","language_id":38}}],"translations":[{"id":921793,"resource_id":134,"text":"dan Al-Qur`ān itu bukanlah perkataan seorang penyair.  Sedikit sekali kamu beriman kepadanya."}]},{"id":5365,"verse_number":42,"verse_key":"69:42","juz_number":29,"hizb_number":57,"rub_el_hizb_number":227,"ruku_number":503,"manzil_number":7,"sajdah_number":null,"text_uthmani":"وَلَا بِقَوْلِ كَاهِنٍ ۚ قَلِيلًا مَّا تَذَكَّرُونَ","page_number":568,"words":[{"id":43018,"position":1,"audio_url":"wbw/069_042_001.mp3","qpc_uthmani_hafs":"وَلَا","char_type_name":"word","page_number":568,"line_number":4,"text":"ﭹ","translation":{"text":"And not","language_name":"english","language_id":38},"transliteration":{"text":"walā","language_name":"english","language_id":38}},{"id":43019,"position":2,"audio_url":"wbw/069_042_002.mp3","qpc_uthmani_hafs":"بِقَوۡلِ","char_type_name":"word","page_number":568,"line_number":4,"text":"ﭺ","translation":{"text":"(it is the) word","language_name":"english","language_id":38},"transliteration":{"text":"biqawli","language_name":"english","language_id":38}},{"id":43020,"position":3,"audio_url":"wbw/069_042_003.mp3","qpc_uthmani_hafs":"كَاهِنٖۚ","char_type_name":"word","page_number":568,"line_number":4,"text":"ﭻﭼ","translation":{"text":"(of) a soothsayer","language_name":"english","language_id":38},"transliteration":{"text":"kāhinin","language_name":"english","language_id":38}},{"id":43022,"position":4,"audio_url":"wbw/069_042_005.mp3","qpc_uthmani_hafs":"قَلِيلٗا","char_type_name":"word","page_number":568,"line_number":4,"text":"ﭽ","translation":{"text":"little","language_name":"english","language_id":38},"transliteration":{"text":"qalīlan","language_name":"english","language_id":38}},{"id":43023,"position":5,"audio_url":"wbw/069_042_006.mp3","qpc_uthmani_hafs":"مَّا","char_type_name":"word","page_number":568,"line_number":4,"text":"ﭾ","translation":{"text":"(is) what","language_name":"english","language_id":38},"transliteration":{"text":"mā","language_name":"english","language_id":38}},{"id":43024,"position":6,"audio_url":"wbw/069_042_007.mp3","qpc_uthmani_hafs":"تَذَكَّرُونَ","char_type_name":"word","page_number":568,"line_number":4,"text":"ﭿ","translation":{"text":"you take heed","language_name":"english","language_id":38},"transliteration":{"text":"tadhakkarūna","language_name":"english","language_id":38}},{"id":43025,"position":7,"audio_url":null,"qpc_uthmani_hafs":"٤٢","char_type_name":"end","page_number":568,"line_number":4,"text":"ﮀ","translation":{"text":"(42)","language_name":"english","language_id":38},"transliteration":{"text":null,"language_name":"english","language_id":38}}],"translations":[{"id":921794,"resource_id":134,"text":"Dan bukan pula perkataan tukang tenung.  Sedikit sekali kamu mengambil pelajaran darinya."}]},{"id":5366,"verse_number":43,"verse_key":"69:43","juz_number":29,"hizb_number":57,"rub_el_hizb_number":227,"ruku_number":503,"manzil_number":7,"sajdah_number":null,"text_uthmani":"تَنزِيلٌ مِّن رَّبِّ ٱلْعَـٰلَمِينَ","page_number":568,"words":[{"id":43710,"position":1,"audio_url":"wbw/069_043_001.mp3","qpc_uthmani_hafs":"تَنزِيلٞ","char_type_name":"word","page_number":568,"line_number":4,"text":"ﮁ","translation":{"text":"(It is) a revelation","language_name":"english","language_id":38},"transliteration":{"text":"tanzīlun","language_name":"english","language_id":38}},{"id":43711,"position":2,"audio_url":"wbw/069_043_002.mp3","qpc_uthmani_hafs":"مِّن","char_type_name":"word","page_number":568,"line_number":4,"text":"ﮂ","translation":{"text":"from","language_name":"english","language_id":38},"transliteration":{"text":"min","language_name":"english","language_id":38}},{"id":43712,"position":3,"audio_url":"wbw/069_043_003.mp3","qpc_uthmani_hafs":"رَّبِّ","char_type_name":"word","page_number":568,"line_number":4,"text":"ﮃ","translation":{"text":"(the) Lord","language_name":"english","language_id":38},"transliteration":{"text":"rabbi","language_name":"english","language_id":38}},{"id":43713,"position":4,"audio_url":"wbw/069_043_004.mp3","qpc_uthmani_hafs":"ٱلۡعَٰلَمِينَ","char_type_name":"word","page_number":568,"line_number":4,"text":"ﮄ","translation":{"text":"(of) the worlds","language_name":"english","language_id":38},"transliteration":{"text":"l-ʿālamīna","language_name":"english","language_id":38}},{"id":43714,"position":5,"audio_url":null,"qpc_uthmani_hafs":"٤٣","char_type_name":"end","page_number":568,"line_number":4,"text":"ﮅ","translation":{"text":"(43)","language_name":"english","language_id":38},"transliteration":{"text":null,"language_name":"english","language_id":38}}],"translations":[{"id":921795,"resource_id":134,"text":"Ia adalah wahyu yang diturunkan dari Tuhan semesta alam."}]},{"id":5367,"verse_number":44,"verse_key":"69:44","juz_number":29,"hizb_number":57,"rub_el_hizb_number":227,"ruku_number":503,"manzil_number":7,"sajdah_number":null,"text_uthmani":"وَلَوْ تَقَوَّلَ عَلَيْنَا بَعْضَ ٱلْأَقَاوِيلِ","page_number":568,"words":[{"id":44524,"position":1,"audio_url":"wbw/069_044_001.mp3","qpc_uthmani_hafs":"وَلَوۡ","char_type_name":"word","page_number":568,"line_number":4,"text":"ﮆ","translation":{"text":"And if","language_name":"english","language_id":38},"transliteration":{"text":"walaw","language_name":"english","language_id":38}},{"id":44525,"position":2,"audio_url":"wbw/069_044_002.mp3","qpc_uthmani_hafs":"تَقَوَّلَ","char_type_name":"word","page_number":568,"line_number":5,"text":"ﮇ","translation":{"text":"he (had) fabricated","language_name":"english","language_id":38},"transliteration":{"text":"taqawwala","language_name":"english","language_id":38}},{"id":44526,"position":3,"audio_url":"wbw/069_044_003.mp3","qpc_uthmani_hafs":"عَلَيۡنَا","char_type_name":"word","page_number":568,"line_number":5,"text":"ﮈ","translation":{"text":"against Us","language_name":"english","language_id":38},"transliteration":{"text":"ʿalaynā","language_name":"english","language_id":38}},{"id":44527,"position":4,"audio_url":"wbw/069_044_004.mp3","qpc_uthmani_hafs":"بَعۡضَ","char_type_name":"word","page_number":568,"line_number":5,"text":"ﮉ","translation":{"text":"some","language_name":"english","language_id":38},"transliteration":{"text":"baʿḍa","language_name":"english","language_id":38}},{"id":44528,"position":5,"audio_url":"wbw/069_044_005.mp3","qpc_uthmani_hafs":"ٱلۡأَقَاوِيلِ","char_type_name":"word","page_number":568,"line_number":5,"text":"ﮊ","translation":{"text":"sayings","language_name":"english","language_id":38},"transliteration":{"text":"l-aqāwīli","language_name":"english","language_id":38}},{"id":44529,"position":6,"audio_url":null,"qpc_uthmani_hafs":"٤٤","char_type_name":"end","page_number":568,"line_number":5,"text":"ﮋ","translation":{"text":"(44)","language_name":"english","language_id":38},"transliteration":{"text":null,"language_name":"english","language_id":38}}],"translations":[{"id":921796,"resource_id":134,"text":"Seandainya dia (Muhammad) mengadakan sebagian perkataan atas (nama) Kami,"}]},{"id":5368,"verse_number":45,"verse_key":"69:45","juz_number":29,"hizb_number":57,"rub_el_hizb_number":227,"ruku_number":503,"manzil_number":7,"sajdah_number":null,"text_uthmani":"لَأَخَذْنَا مِنْهُ بِٱلْيَمِينِ","page_number":568,"words":[{"id":45227,"position":1,"audio_url":"wbw/069_045_001.mp3","qpc_uthmani_hafs":"لَأَخَذۡنَا","char_type_name":"word","page_number":568,"line_number":5,"text":"ﮌ","translation":{"text":"Certainly We (would) have seized","language_name":"english","language_id":38},"transliteration":{"text":"la-akhadhnā","language_name":"english","language_id":38}},{"id":45228,"position":2,"audio_url":"wbw/069_045_002.mp3","qpc_uthmani_hafs":"مِنۡهُ","char_type_name":"word","page_number":568,"line_number":5,"text":"ﮍ","translation":{"text":"him","language_name":"english","language_id":38},"transliteration":{"text":"min'hu","language_name":"english","language_id":38}},{"id":45229,"position":3,"audio_url":"wbw/069_045_003.mp3","qpc_uthmani_hafs":"بِٱلۡيَمِينِ","char_type_name":"word","page_number":568,"line_number":5,"text":"ﮎ","translation":{"text":"by the right hand","language_name":"english","language_id":38},"transliteration":{"text":"bil-yamīni","language_name":"english","language_id":38}},{"id":45230,"position":4,"audio_url":null,"qpc_uthmani_hafs":"٤٥","char_type_name":"end","page_number":568,"line_number":5,"text":"ﮏ","translation":{"text":"(45)","language_name":"english","language_id":38},"transliteration":{"text":null,"language_name":"english","language_id":38}}],"translations":[{"id":921797,"resource_id":134,"text":"niscaya benar-benar Kami pegang dia pada tangan kanannya<sup foot_note=211279>1</sup>."}]},{"id":5369,"verse_number":46,"verse_key":"69:46","juz_number":29,"hizb_number":57,"rub_el_hizb_number":227,"ruku_number":503,"manzil_number":7,"sajdah_number":null,"text_uthmani":"ثُمَّ لَقَطَعْنَا مِنْهُ ٱلْوَتِينَ","page_number":568,"words":[{"id":45965,"position":1,"audio_url":"wbw/069_046_001.mp3","qpc_uthmani_hafs":"ثُمَّ","char_type_name":"word","page_number":568,"line_number":5,"text":"ﮐ","translation":{"text":"Then","language_name":"english","language_id":38},"transliteration":{"text":"thumma","language_name":"english","language_id":38}},{"id":45966,"position":2,"audio_url":"wbw/069_046_002.mp3","qpc_uthmani_hafs":"لَقَطَعۡنَا","char_type_name":"word","page_number":568,"line_number":5,"text":"ﮑ","translation":{"text":"certainly We (would) have cut off","language_name":"english","language_id":38},"transliteration":{"text":"laqaṭaʿnā","language_name":"english","language_id":38}},{"id":45967,"position":3,"audio_url":"wbw/069_046_003.mp3","qpc_uthmani_hafs":"مِنۡهُ","char_type_name":"word","page_number":568,"line_number":6,"text":"ﮒ","translation":{"text":"from him","language_name":"english","language_id":38},"transliteration":{"text":"min'hu","language_name":"english","language_id":38}},{"id":45968,"position":4,"audio_url":"wbw/069_046_004.mp3","qpc_uthmani_hafs":"ٱلۡوَتِينَ","char_type_name":"word","page_number":568,"line_number":6,"text":"ﮓ","translation":{"text":"the aorta","language_name":"english","language_id":38},"transliteration":{"text":"l-watīna","language_name":"english","language_id":38}},{"id":45969,"position":5,"audio_url":null,"qpc_uthmani_hafs":"٤٦","char_type_name":"end","page_number":568,"line_number":6,"text":"ﮔ","translation":{"text":"(46)","language_name":"english","language_id":38},"transliteration":{"text":null,"language_name":"english","language_id":38}}],"translations":[{"id":921798,"resource_id":134,"text":"Kemudian benar-benar Kami potong urat tali jantungnya."}]},{"id":5370,"verse_number":47,"verse_key":"69:47","juz_number":29,"hizb_number":57,"rub_el_hizb_number":227,"ruku_number":503,"manzil_number":7,"sajdah_number":null,"text_uthmani":"فَمَا مِنكُم مِّنْ أَحَدٍ عَنْهُ حَـٰجِزِينَ","page_number":568,"words":[{"id":46593,"position":1,"audio_url":"wbw/069_047_001.mp3","qpc_uthmani_hafs":"فَمَا","char_type_name":"word","page_number":568,"line_number":6,"text":"ﮕ","translation":{"text":"And not","language_name":"english","language_id":38},"transliteration":{"text":"famā","language_name":"english","language_id":38}},{"id":46594,"position":2,"audio_url":"wbw/069_047_002.mp3","qpc_uthmani_hafs":"مِنكُم","char_type_name":"word","page_number":568,"line_number":6,"text":"ﮖ","translation":{"text":"from you","language_name":"english","language_id":38},"transliteration":{"text":"minkum","language_name":"english","language_id":38}},{"id":46595,"position":3,"audio_url":"wbw/069_047_003.mp3","qpc_uthmani_hafs":"مِّنۡ","char_type_name":"word","page_number":568,"line_number":6,"text":"ﮗ","translation":{"text":"any","language_name":"english","language_id":38},"transliteration":{"text":"min","language_name":"english","language_id":38}},{"id":46596,"position":4,"audio_url":"wbw/069_047_004.mp3","qpc_uthmani_hafs":"أَحَدٍ","char_type_name":"word","page_number":568,"line_number":6,"text":"ﮘ","translation":{"text":"one","language_name":"english","language_id":38},"transliteration":{"text":"aḥadin","language_name":"english","language_id":38}},{"id":46597,"position":5,"audio_url":"wbw/069_047_005.mp3","qpc_uthmani_hafs":"عَنۡهُ","char_type_name":"word","page_number":568,"line_number":6,"text":"ﮙ","translation":{"text":"[from him]","language_name":"english","language_id":38},"transliteration":{"text":"ʿanhu","language_name":"english","language_id":38}},{"id":46598,"position":6,"audio_url":"wbw/069_047_006.mp3","qpc_uthmani_hafs":"حَٰجِزِينَ","char_type_name":"word","page_number":568,"line_number":6,"text":"ﮚ","translation":{"text":"(who could) prevent (it)","language_name":"english","language_id":38},"transliteration":{"text":"ḥājizīna","language_name":"english","language_id":38}},{"id":46599,"position":7,"audio_url":null,"qpc_uthmani_hafs":"٤٧","char_type_name":"end","page_number":568,"line_number":6,"text":"ﮛ","translation":{"text":"(47)","language_name":"english","language_id":38},"transliteration":{"text":null,"language_name":"english","language_id":38}}],"translations":[{"id":921799,"resource_id":134,"text":"Maka sekali-kali tidak ada seorang pun dari kamu yang dapat menghalangi (Kami), dari pemotongan urat nadi itu."}]},{"id":5371,"verse_number":48,"verse_key":"69:48","juz_number":29,"hizb_number":57,"rub_el_hizb_number":227,"ruku_number":503,"manzil_number":7,"sajdah_number":null,"text_uthmani":"وَإِنَّهُۥ لَتَذْكِرَةٌ لِّلْمُتَّقِينَ","page_number":568,"words":[{"id":47088,"position":1,"audio_url":"wbw/069_048_001.mp3","qpc_uthmani_hafs":"وَإِنَّهُۥ","char_type_name":"word","page_number":568,"line_number":6,"text":"ﮜ","translation":{"text":"And indeed, it","language_name":"english","language_id":38},"transliteration":{"text":"wa-innahu","language_name":"english","language_id":38}},{"id":47089,"position":2,"audio_url":"wbw/069_048_002.mp3","qpc_uthmani_hafs":"لَتَذۡكِرَةٞ","char_type_name":"word","page_number":568,"line_number":6,"text":"ﮝ","translation":{"text":"(is) surely a reminder","language_name":"english","language_id":38},"transliteration":{"text":"latadhkiratun","language_name":"english","language_id":38}},{"id":47090,"position":3,"audio_url":"wbw/069_048_003.mp3","qpc_uthmani_hafs":"لِّلۡمُتَّقِينَ","char_type_name":"word","page_number":568,"line_number":7,"text":"ﮞ","translation":{"text":"for the Allah-fearing","language_name":"english","language_id":38},"transliteration":{"text":"lil'muttaqīna","language_name":"english","language_id":38}},{"id":47091,"position":4,"audio_url":null,"qpc_uthmani_hafs":"٤٨","char_type_name":"end","page_number":568,"line_number":7,"text":"ﮟ","translation":{"text":"(48)","language_name":"english","language_id":38},"transliteration":{"text":null,"language_name":"english","language_id":38}}],"translations":[{"id":921800,"resource_id":134,"text":"Dan sesungguhnya Al-Qur`ān itu benar-benar suatu pelajaran bagi orang-orang yang bertakwa."}]},{"id":5372,"verse_number":49,"verse_key":"69:49","juz_number":29,"hizb_number":57,"rub_el_hizb_number":227,"ruku_number":503,"manzil_number":7,"sajdah_number":null,"text_uthmani":"وَإِنَّا لَنَعْلَمُ أَنَّ مِنكُم مُّكَذِّبِينَ","page_number":568,"words":[{"id":47934,"position":1,"audio_url":"wbw/069_049_001.mp3","qpc_uthmani_hafs":"وَإِنَّا","char_type_name":"word","page_number":568,"line_number":7,"text":"ﮠ","translation":{"text":"And indeed, We","language_name":"english","language_id":38},"transliteration":{"text":"wa-innā","language_name":"english","language_id":38}},{"id":47935,"position":2,"audio_url":"wbw/069_049_002.mp3","qpc_uthmani_hafs":"لَنَعۡلَمُ","char_type_name":"word","page_number":568,"line_number":7,"text":"ﮡ","translation":{"text":"surely know","language_name":"english","language_id":38},"transliteration":{"text":"lanaʿlamu","language_name":"english","language_id":38}},{"id":47936,"position":3,"audio_url":"wbw/069_049_003.mp3","qpc_uthmani_hafs":"أَنَّ","char_type_name":"word","page_number":568,"line_number":7,"text":"ﮢ","translation":{"text":"that","language_name":"english","language_id":38},"transliteration":{"text":"anna","language_name":"english","language_id":38}},{"id":47937,"position":4,"audio_url":"wbw/069_049_004.mp3","qpc_uthmani_hafs":"مِنكُم","char_type_name":"word","page_number":568,"line_number":7,"text":"ﮣ","translation":{"text":"among you","language_name":"english","language_id":38},"transliteration":{"text":"minkum","language_name":"english","language_id":38}},{"id":47938,"position":5,"audio_url":"wbw/069_049_005.mp3","qpc_uthmani_hafs":"مُّكَذِّبِينَ","char_type_name":"word","page_number":568,"line_number":7,"text":"ﮤ","translation":{"text":"(are) deniers","language_name":"english","language_id":38},"transliteration":{"text":"mukadhibīna","language_name":"english","language_id":38}},{"id":47939,"position":6,"audio_url":null,"qpc_uthmani_hafs":"٤٩","char_type_name":"end","page_number":568,"line_number":7,"text":"ﮥ","translation":{"text":"(49)","language_name":"english","language_id":38},"transliteration":{"text":null,"language_name":"english","language_id":38}}],"translations":[{"id":921801,"resource_id":134,"text":"Dan sesungguhnya Kami benar-benar mengetahui bahwa di antara kamu ada orang yang mendustakan(nya)."}]},{"id":5373,"verse_number":50,"verse_key":"69:50","juz_number":29,"hizb_number":57,"rub_el_hizb_number":227,"ruku_number":503,"manzil_number":7,"sajdah_number":null,"text_uthmani":"وَإِنَّهُۥ لَحَسْرَةٌ عَلَى ٱلْكَـٰفِرِينَ","page_number":568,"words":[{"id":48697,"position":1,"audio_url":"wbw/069_050_001.mp3","qpc_uthmani_hafs":"وَإِنَّهُۥ","char_type_name":"word","page_number":568,"line_number":7,"text":"ﮦ","translation":{"text":"And indeed, it","language_name":"english","language_id":38},"transliteration":{"text":"wa-innahu","language_name":"english","language_id":38}},{"id":48698,"position":2,"audio_url":"wbw/069_050_002.mp3","qpc_uthmani_hafs":"لَحَسۡرَةٌ","char_type_name":"word","page_number":568,"line_number":7,"text":"ﮧ","translation":{"text":"(is) surely a regret","language_name":"english","language_id":38},"transliteration":{"text":"laḥasratun","language_name":"english","language_id":38}},{"id":48699,"position":3,"audio_url":"wbw/069_050_003.mp3","qpc_uthmani_hafs":"عَلَى","char_type_name":"word","page_number":568,"line_number":7,"text":"ﮨ","translation":{"text":"upon","language_name":"english","language_id":38},"transliteration":{"text":"ʿalā","language_name":"english","language_id":38}},{"id":48700,"position":4,"audio_url":"wbw/069_050_004.mp3","qpc_uthmani_hafs":"ٱلۡكَٰفِرِينَ","char_type_name":"word","page_number":568,"line_number":8,"text":"ﮩ","translation":{"text":"the disbelievers","language_name":"english","language_id":38},"transliteration":{"text":"l-kāfirīna","language_name":"english","language_id":38}},{"id":48701,"position":5,"audio_url":null,"qpc_uthmani_hafs":"٥٠","char_type_name":"end","page_number":568,"line_number":8,"text":"ﮪ","translation":{"text":"(50)","language_name":"english","language_id":38},"transliteration":{"text":null,"language_name":"english","language_id":38}}],"translations":[{"id":921802,"resource_id":134,"text":"Dan sesungguhnya Al-Qur`ān itu benar-benar menjadi penyesalan bagi orang-orang kafir (di akhirat)."}]},{"id":5374,"verse_number":51,"verse_key":"69:51","juz_number":29,"hizb_number":57,"rub_el_hizb_number":227,"ruku_number":503,"manzil_number":7,"sajdah_number":null,"text_uthmani":"وَإِنَّهُۥ لَحَقُّ ٱلْيَقِينِ","page_number":568,"words":[{"id":49239,"position":1,"audio_url":"wbw/069_051_001.mp3","qpc_uthmani_hafs":"وَإِنَّهُۥ","char_type_name":"word","page_number":568,"line_number":8,"text":"ﮫ","translation":{"text":"And indeed, it (is)","language_name":"english","language_id":38},"transliteration":{"text":"wa-innahu","language_name":"english","language_id":38}},{"id":49240,"position":2,"audio_url":"wbw/069_051_002.mp3","qpc_uthmani_hafs":"لَحَقُّ","char_type_name":"word","page_number":568,"line_number":8,"text":"ﮬ","translation":{"text":"surely (the) truth","language_name":"english","language_id":38},"transliteration":{"text":"laḥaqqu","language_name":"english","language_id":38}},{"id":49241,"position":3,"audio_url":"wbw/069_051_003.mp3","qpc_uthmani_hafs":"ٱلۡيَقِينِ","char_type_name":"word","page_number":568,"line_number":8,"text":"ﮭ","translation":{"text":"(of) certainty","language_name":"english","language_id":38},"transliteration":{"text":"l-yaqīni","language_name":"english","language_id":38}},{"id":49242,"position":4,"audio_url":null,"qpc_uthmani_hafs":"٥١","char_type_name":"end","page_number":568,"line_number":8,"text":"ﮮ","translation":{"text":"(51)","language_name":"english","language_id":38},"transliteration":{"text":null,"language_name":"english","language_id":38}}],"translations":[{"id":921803,"resource_id":134,"text":"Dan sesungguhnya Al-Qur`ān itu benar-benar kebenaran yang diyakini."}]},{"id":5375,"verse_number":52,"verse_key":"69:52","juz_number":29,"hizb_number":57,"rub_el_hizb_number":227,"ruku_number":503,"manzil_number":7,"sajdah_number":null,"text_uthmani":"فَسَبِّحْ بِٱسْمِ رَبِّكَ ٱلْعَظِيمِ","page_number":568,"words":[{"id":49973,"position":1,"audio_url":"wbw/069_052_001.mp3","qpc_uthmani_hafs":"فَسَبِّحۡ","char_type_name":"word","page_number":568,"line_number":8,"text":"ﮯ","translation":{"text":"So glorify","language_name":"english","language_id":38},"transliteration":{"text":"fasabbiḥ","language_name":"english","language_id":38}},{"id":49974,"position":2,"audio_url":"wbw/069_052_002.mp3","qpc_uthmani_hafs":"بِٱسۡمِ","char_type_name":"word","page_number":568,"line_number":8,"text":"ﮰ","translation":{"text":"(the) name","language_name":"english","language_id":38},"transliteration":{"text":"bi-is'mi","language_name":"english","language_id":38}},{"id":49975,"position":3,"audio_url":"wbw/069_052_003.mp3","qpc_uthmani_hafs":"رَبِّكَ","char_type_name":"word","page_number":568,"line_number":8,"text":"ﮱ","translation":{"text":"(of) your Lord","language_name":"english","language_id":38},"transliteration":{"text":"rabbika","language_name":"english","language_id":38}},{"id":49976,"position":4,"audio_url":"wbw/069_052_004.mp3","qpc_uthmani_hafs":"ٱلۡعَظِيمِ","char_type_name":"word","page_number":568,"line_number":8,"text":"ﯓ","translation":{"text":"the Most Great","language_name":"english","language_id":38},"transliteration":{"text":"l-ʿaẓīmi","language_name":"english","language_id":38}},{"id":49977,"position":5,"audio_url":null,"qpc_uthmani_hafs":"٥٢","char_type_name":"end","page_number":568,"line_number":8,"text":"ﯔ","translation":{"text":"(52)","language_name":"english","language_id":38},"transliteration":{"text":null,"language_name":"english","language_id":38}}],"translations":[{"id":921804,"resource_id":134,"text":"Maka bertasbihlah dengan (menyebut) nama Tuhan-mu Yang Maha Besar."}]},{"id":5376,"verse_number":1,"verse_key":"70:1","juz_number":29,"hizb_number":57,"rub_el_hizb_number":227,"ruku_number":504,"manzil_number":7,"sajdah_number":null,"text_uthmani":" سَأَلَ سَآئِلٌۢ بِعَذَابٍ وَاقِعٍ","page_number":568,"words":[{"id":594,"position":1,"audio_url":"wbw/070_001_001.mp3","qpc_uthmani_hafs":"سَأَلَ","char_type_name":"word","page_number":568,"line_number":11,"text":"ﯕ","translation":{"text":"Asked","language_name":"english","language_id":38},"transliteration":{"text":"sa-ala","language_name":"english","language_id":38}},{"id":595,"position":2,"audio_url":"wbw/070_001_002.mp3","qpc_uthmani_hafs":"سَآئِلُۢ","char_type_name":"word","page_number":568,"line_number":11,"text":"ﯖ","translation":{"text":"a questioner","language_name":"english","language_id":38},"transliteration":{"text":"sāilun","language_name":"english","language_id":38}},{"id":596,"position":3,"audio_url":"wbw/070_001_003.mp3","qpc_uthmani_hafs":"بِعَذَابٖ","char_type_name":"word","page_number":568,"line_number":11,"text":"ﯗ","translation":{"text":"about a punishment","language_name":"english","language_id":38},"transliteration":{"text":"biʿadhābin","language_name":"english","language_id":38}},{"id":597,"position":4,"audio_url":"wbw/070_001_004.mp3","qpc_uthmani_hafs":"وَاقِعٖ","char_type_name":"word","page_number":568,"line_number":11,"text":"ﯘ","translation":{"text":"bound to happen","language_name":"english","language_id":38},"transliteration":{"text":"wāqiʿin","language_name":"english","language_id":38}},{"id":598,"position":5,"audio_url":null,"qpc_uthmani_hafs":"١","char_type_name":"end","page_number":568,"line_number":11,"text":"ﯙ","translation":{"text":"(1)","language_name":"english","language_id":38},"transliteration":{"text":null,"language_name":"english","language_id":38}}],"translations":[{"id":921805,"resource_id":134,"text":"Seseorang peminta telah meminta kedatangan azab yang bakal terjadi,"}]},{"id":5377,"verse_number":2,"verse_key":"70:2","juz_number":29,"hizb_number":57,"rub_el_hizb_number":227,"ruku_number":504,"manzil_number":7,"sajdah_number":null,"text_uthmani":"لِّلْكَـٰفِرِينَ لَيْسَ لَهُۥ دَافِعٌ","page_number":568,"words":[{"id":1552,"position":1,"audio_url":"wbw/070_002_001.mp3","qpc_uthmani_hafs":"لِّلۡكَٰفِرِينَ","char_type_name":"word","page_number":568,"line_number":11,"text":"ﯚ","translation":{"text":"To the disbelievers","language_name":"english","language_id":38},"transliteration":{"text":"lil'kāfirīna","language_name":"english","language_id":38}},{"id":1553,"position":2,"audio_url":"wbw/070_002_002.mp3","qpc_uthmani_hafs":"لَيۡسَ","char_type_name":"word","page_number":568,"line_number":11,"text":"ﯛ","translation":{"text":"not","language_name":"english","language_id":38},"transliteration":{"text":"laysa","language_name":"english","language_id":38}},{"id":1554,"position":3,"audio_url":"wbw/070_002_003.mp3","qpc_uthmani_hafs":"لَهُۥ","char_type_name":"word","page_number":568,"line_number":11,"text":"ﯜ","translation":{"text":"of it","language_name":"english","language_id":38},"transliteration":{"text":"lahu","language_name":"english","language_id":38}},{"id":1555,"position":4,"audio_url":"wbw/070_002_004.mp3","qpc_uthmani_hafs":"دَافِعٞ","char_type_name":"word","page_number":568,"line_number":11,"text":"ﯝ","translation":{"text":"any preventer","language_name":"english","language_id":38},"transliteration":{"text":"dāfiʿun","language_name":"english","language_id":38}},{"id":1556,"position":5,"audio_url":null,"qpc_uthmani_hafs":"٢","char_type_name":"end","page_number":568,"line_number":11,"text":"ﯞ","translation":{"text":"(2)","language_name":"english","language_id":38},"transliteration":{"text":null,"language_name":"english","language_id":38}}],"translations":[{"id":921806,"resource_id":134,"text":"untuk orang-orang kafir, yang tidak seorang pun dapat menolaknya,"}]},{"id":5378,"verse_number":3,"verse_key":"70:3","juz_number":29,"hizb_number":57,"rub_el_hizb_number":227,"ruku_number":504,"manzil_number":7,"sajdah_number":null,"text_uthmani":"مِّنَ ٱللَّهِ ذِى ٱلْمَعَارِجِ","page_number":568,"words":[{"id":2576,"position":1,"audio_url":"wbw/070_003_001.mp3","qpc_uthmani_hafs":"مِّنَ","char_type_name":"word","page_number":568,"line_number":11,"text":"ﯟ","translation":{"text":"From","language_name":"english","language_id":38},"transliteration":{"text":"mina","language_name":"english","language_id":38}},{"id":2577,"position":2,"audio_url":"wbw/070_003_002.mp3","qpc_uthmani_hafs":"ٱللَّهِ","char_type_name":"word","page_number":568,"line_number":12,"text":"ﯠ","translation":{"text":"Allah","language_name":"english","language_id":38},"transliteration":{"text":"l-lahi","language_name":"english","language_id":38}},{"id":2578,"position":3,"audio_url":"wbw/070_003_003.mp3","qpc_uthmani_hafs":"ذِي","char_type_name":"word","page_number":568,"line_number":12,"text":"ﯡ","translation":{"text":"Owner","language_name":"english","language_id":38},"transliteration":{"text":"dhī","language_name":"english","language_id":38}},{"id":2579,"position":4,"audio_url":"wbw/070_003_004.mp3","qpc_uthmani_hafs":"ٱلۡمَعَارِجِ","char_type_name":"word","page_number":568,"line_number":12,"text":"ﯢ","translation":{"text":"(of) the ways of ascent","language_name":"english","language_id":38},"transliteration":{"text":"l-maʿāriji","language_name":"english","language_id":38}},{"id":2580,"position":5,"audio_url":null,"qpc_uthmani_hafs":"٣","char_type_name":"end","page_number":568,"line_number":12,"text":"ﯣ","translation":{"text":"(3)","language_name":"english","language_id":38},"transliteration":{"text":null,"language_name":"english","language_id":38}}],"translations":[{"id":921807,"resource_id":134,"text":"(yang datang) dari Allah, Yang mempunyai tempat-tempat naik."}]},{"id":5379,"verse_number":4,"verse_key":"70:4","juz_number":29,"hizb_number":57,"rub_el_hizb_number":227,"ruku_number":504,"manzil_number":7,"sajdah_number":null,"text_uthmani":"تَعْرُجُ ٱلْمَلَـٰٓئِكَةُ وَٱلرُّوحُ إِلَيْهِ فِى يَوْمٍ كَانَ مِقْدَارُهُۥ خَمْسِينَ أَلْفَ سَنَةٍ","page_number":568,"words":[{"id":3975,"position":1,"audio_url":"wbw/070_004_001.mp3","qpc_uthmani_hafs":"تَعۡرُجُ","char_type_name":"word","page_number":568,"line_number":12,"text":"ﯤ","translation":{"text":"Ascend","language_name":"english","language_id":38},"transliteration":{"text":"taʿruju","language_name":"english","language_id":38}},{"id":3976,"position":2,"audio_url":"wbw/070_004_002.mp3","qpc_uthmani_hafs":"ٱلۡمَلَٰٓئِكَةُ","char_type_name":"word","page_number":568,"line_number":12,"text":"ﯥ","translation":{"text":"the Angels","language_name":"english","language_id":38},"transliteration":{"text":"l-malāikatu","language_name":"english","language_id":38}},{"id":3977,"position":3,"audio_url":"wbw/070_004_003.mp3","qpc_uthmani_hafs":"وَٱلرُّوحُ","char_type_name":"word","page_number":568,"line_number":12,"text":"ﯦ","translation":{"text":"and the Spirit","language_name":"english","language_id":38},"transliteration":{"text":"wal-rūḥu","language_name":"english","language_id":38}},{"id":3978,"position":4,"audio_url":"wbw/070_004_004.mp3","qpc_uthmani_hafs":"إِلَيۡهِ","char_type_name":"word","page_number":568,"line_number":12,"text":"ﯧ","translation":{"text":"to Him","language_name":"english","language_id":38},"transliteration":{"text":"ilayhi","language_name":"english","language_id":38}},{"id":3979,"position":5,"audio_url":"wbw/070_004_005.mp3","qpc_uthmani_hafs":"فِي","char_type_name":"word","page_number":568,"line_number":12,"text":"ﯨ","translation":{"text":"in","language_name":"english","language_id":38},"transliteration":{"text":"fī","language_name":"english","language_id":38}},{"id":3980,"position":6,"audio_url":"wbw/070_004_006.mp3","qpc_uthmani_hafs":"يَوۡمٖ","char_type_name":"word","page_number":568,"line_number":13,"text":"ﯩ","translation":{"text":"a Day","language_name":"english","language_id":38},"transliteration":{"text":"yawmin","language_name":"english","language_id":38}},{"id":3981,"position":7,"audio_url":"wbw/070_004_007.mp3","qpc_uthmani_hafs":"كَانَ","char_type_name":"word","page_number":568,"line_number":13,"text":"ﯪ","translation":{"text":"[is]","language_name":"english","language_id":38},"transliteration":{"text":"kāna","language_name":"english","language_id":38}},{"id":3982,"position":8,"audio_url":"wbw/070_004_008.mp3","qpc_uthmani_hafs":"مِقۡدَارُهُۥ","char_type_name":"word","page_number":568,"line_number":13,"text":"ﯫ","translation":{"text":"its measure","language_name":"english","language_id":38},"transliteration":{"text":"miq'dāruhu","language_name":"english","language_id":38}},{"id":3983,"position":9,"audio_url":"wbw/070_004_009.mp3","qpc_uthmani_hafs":"خَمۡسِينَ","char_type_name":"word","page_number":568,"line_number":13,"text":"ﯬ","translation":{"text":"(is) fifty","language_name":"english","language_id":38},"transliteration":{"text":"khamsīna","language_name":"english","language_id":38}},{"id":3984,"position":10,"audio_url":"wbw/070_004_010.mp3","qpc_uthmani_hafs":"أَلۡفَ","char_type_name":"word","page_number":568,"line_number":13,"text":"ﯭ","translation":{"text":"thousand","language_name":"english","language_id":38},"transliteration":{"text":"alfa","language_name":"english","language_id":38}},{"id":3985,"position":11,"audio_url":"wbw/070_004_011.mp3","qpc_uthmani_hafs":"سَنَةٖ","char_type_name":"word","page_number":568,"line_number":13,"text":"ﯮ","translation":{"text":"year(s)","language_name":"english","language_id":38},"transliteration":{"text":"sanatin","language_name":"english","language_id":38}},{"id":3986,"position":12,"audio_url":null,"qpc_uthmani_hafs":"٤","char_type_name":"end","page_number":568,"line_number":13,"text":"ﯯ","translation":{"text":"(4)","language_name":"english","language_id":38},"transliteration":{"text":null,"language_name":"english","language_id":38}}],"translations":[{"id":921808,"resource_id":134,"text":"Malaikat-malaikat dan Jibril naik (menghadap) kepada Tuhan dalam sehari yang kadarnya lima puluh ribu tahun<sup foot_note=211280>1</sup>."}]},{"id":5380,"verse_number":5,"verse_key":"70:5","juz_number":29,"hizb_number":57,"rub_el_hizb_number":227,"ruku_number":504,"manzil_number":7,"sajdah_number":null,"text_uthmani":"فَٱصْبِرْ صَبْرًا جَمِيلًا","page_number":568,"words":[{"id":5286,"position":1,"audio_url":"wbw/070_005_001.mp3","qpc_uthmani_hafs":"فَٱصۡبِرۡ","char_type_name":"word","page_number":568,"line_number":13,"text":"ﯰ","translation":{"text":"So be patient","language_name":"english","language_id":38},"transliteration":{"text":"fa-iṣ'bir","language_name":"english","language_id":38}},{"id":5287,"position":2,"audio_url":"wbw/070_005_002.mp3","qpc_uthmani_hafs":"صَبۡرٗا","char_type_name":"word","page_number":568,"line_number":13,"text":"ﯱ","translation":{"text":"a patience","language_name":"english","language_id":38},"transliteration":{"text":"ṣabran","language_name":"english","language_id":38}},{"id":5288,"position":3,"audio_url":"wbw/070_005_003.mp3","qpc_uthmani_hafs":"جَمِيلًا","char_type_name":"word","page_number":568,"line_number":13,"text":"ﯲ","translation":{"text":"good","language_name":"english","language_id":38},"transliteration":{"text":"jamīlan","language_name":"english","language_id":38}},{"id":5289,"position":4,"audio_url":null,"qpc_uthmani_hafs":"٥","char_type_name":"end","page_number":568,"line_number":13,"text":"ﯳ","translation":{"text":"(5)","language_name":"english","language_id":38},"transliteration":{"text":null,"language_name":"english","language_id":38}}],"translations":[{"id":921809,"resource_id":134,"text":"Maka bersabarlah kamu dengan sabar yang baik."}]},{"id":5381,"verse_number":6,"verse_key":"70:6","juz_number":29,"hizb_number":57,"rub_el_hizb_number":227,"ruku_number":504,"manzil_number":7,"sajdah_number":null,"text_uthmani":"إِنَّهُمْ يَرَوْنَهُۥ بَعِيدًا","page_number":568,"words":[{"id":6494,"position":1,"audio_url":"wbw/070_006_001.mp3","qpc_uthmani_hafs":"إِنَّهُمۡ","char_type_name":"word","page_number":568,"line_number":14,"text":"ﯴ","translation":{"text":"Indeed, they","language_name":"english","language_id":38},"transliteration":{"text":"innahum","language_name":"english","language_id":38}},{"id":6495,"position":2,"audio_url":"wbw/070_006_002.mp3","qpc_uthmani_hafs":"يَرَوۡنَهُۥ","char_type_name":"word","page_number":568,"line_number":14,"text":"ﯵ","translation":{"text":"see it","language_name":"english","language_id":38},"transliteration":{"text":"yarawnahu","language_name":"english","language_id":38}},{"id":6496,"position":3,"audio_url":"wbw/070_006_003.mp3","qpc_uthmani_hafs":"بَعِيدٗا","char_type_name":"word","page_number":568,"line_number":14,"text":"ﯶ","translation":{"text":"(as) far off","language_name":"english","language_id":38},"transliteration":{"text":"baʿīdan","language_name":"english","language_id":38}},{"id":6497,"position":4,"audio_url":null,"qpc_uthmani_hafs":"٦","char_type_name":"end","page_number":568,"line_number":14,"text":"ﯷ","translation":{"text":"(6)","language_name":"english","language_id":38},"transliteration":{"text":null,"language_name":"english","language_id":38}}],"translations":[{"id":921810,"resource_id":134,"text":"Sesungguhnya mereka memandang siksaaan itu jauh (mustahil)."}]},{"id":5382,"verse_number":7,"verse_key":"70:7","juz_number":29,"hizb_number":57,"rub_el_hizb_number":227,"ruku_number":504,"manzil_number":7,"sajdah_number":null,"text_uthmani":"وَنَرَىٰهُ قَرِيبًا","page_number":568,"words":[{"id":7904,"position":1,"audio_url":"wbw/070_007_001.mp3","qpc_uthmani_hafs":"وَنَرَىٰهُ","char_type_name":"word","page_number":568,"line_number":14,"text":"ﯸ","translation":{"text":"But We see it","language_name":"english","language_id":38},"transliteration":{"text":"wanarāhu","language_name":"english","language_id":38}},{"id":7905,"position":2,"audio_url":"wbw/070_007_002.mp3","qpc_uthmani_hafs":"قَرِيبٗا","char_type_name":"word","page_number":568,"line_number":14,"text":"ﯹ","translation":{"text":"near","language_name":"english","language_id":38},"transliteration":{"text":"qarīban","language_name":"english","language_id":38}},{"id":7906,"position":3,"audio_url":null,"qpc_uthmani_hafs":"٧","char_type_name":"end","page_number":568,"line_number":14,"text":"ﯺ","translation":{"text":"(7)","language_name":"english","language_id":38},"transliteration":{"text":null,"language_name":"english","language_id":38}}],"translations":[{"id":921811,"resource_id":134,"text":"Sedangkan Kami memandangnya dekat (pasti terjadi)."}]},{"id":5383,"verse_number":8,"verse_key":"70:8","juz_number":29,"hizb_number":57,"rub_el_hizb_number":227,"ruku_number":504,"manzil_number":7,"sajdah_number":null,"text_uthmani":"يَوْمَ تَكُونُ ٱلسَّمَآءُ كَٱلْمُهْلِ","page_number":568,"words":[{"id":9081,"position":1,"audio_url":"wbw/070_008_001.mp3","qpc_uthmani_hafs":"يَوۡمَ","char_type_name":"word","page_number":568,"line_number":14,"text":"ﯻ","translation":{"text":"(The) Day ","language_name":"english","language_id":38},"transliteration":{"text":"yawma","language_name":"english","language_id":38}},{"id":9082,"position":2,"audio_url":"wbw/070_008_002.mp3","qpc_uthmani_hafs":"تَكُونُ","char_type_name":"word","page_number":568,"line_number":14,"text":"ﯼ","translation":{"text":"will be","language_name":"english","language_id":38},"transliteration":{"text":"takūnu","language_name":"english","language_id":38}},{"id":9083,"position":3,"audio_url":"wbw/070_008_003.mp3","qpc_uthmani_hafs":"ٱلسَّمَآءُ","char_type_name":"word","page_number":568,"line_number":14,"text":"ﯽ","translation":{"text":"the sky","language_name":"english","language_id":38},"transliteration":{"text":"l-samāu","language_name":"english","language_id":38}},{"id":9084,"position":4,"audio_url":"wbw/070_008_004.mp3","qpc_uthmani_hafs":"كَٱلۡمُهۡلِ","char_type_name":"word","page_number":568,"line_number":14,"text":"ﯾ","translation":{"text":"like molten copper","language_name":"english","language_id":38},"transliteration":{"text":"kal-muh'li","language_name":"english","language_id":38}},{"id":9085,"position":5,"audio_url":null,"qpc_uthmani_hafs":"٨","char_type_name":"end","page_number":568,"line_number":15,"text":"ﯿ","translation":{"text":"(8)","language_name":"english","language_id":38},"transliteration":{"text":null,"language_name":"english","language_id":38}}],"translations":[{"id":921812,"resource_id":134,"text":"Pada hari ketika langit menjadi seperti luluhan perak."}]},{"id":5384,"verse_number":9,"verse_key":"70:9","juz_number":29,"hizb_number":57,"rub_el_hizb_number":227,"ruku_number":504,"manzil_number":7,"sajdah_number":null,"text_uthmani":"وَتَكُونُ ٱلْجِبَالُ كَٱلْعِهْنِ","page_number":568,"words":[{"id":10295,"position":1,"audio_url":"wbw/070_009_001.mp3","qpc_uthmani_hafs":"وَتَكُونُ","char_type_name":"word","page_number":568,"line_number":15,"text":"ﰀ","translation":{"text":"And will be","language_name":"english","language_id":38},"transliteration":{"text":"watakūnu","language_name":"english","language_id":38}},{"id":10296,"position":2,"audio_url":"wbw/070_009_002.mp3","qpc_uthmani_hafs":"ٱلۡجِبَالُ","char_type_name":"word","page_number":568,"line_number":15,"text":"ﰁ","translation":{"text":"the mountains","language_name":"english","language_id":38},"transliteration":{"text":"l-jibālu","language_name":"english","language_id":38}},{"id":10297,"position":3,"audio_url":"wbw/070_009_003.mp3","qpc_uthmani_hafs":"كَٱلۡعِهۡنِ","char_type_name":"word","page_number":568,"line_number":15,"text":"ﰂ","translation":{"text":"like wool","language_name":"english","language_id":38},"transliteration":{"text":"kal-ʿih'ni","language_name":"english","language_id":38}},{"id":10298,"position":4,"audio_url":null,"qpc_uthmani_hafs":"٩","char_type_name":"end","page_number":568,"line_number":15,"text":"ﰃ","translation":{"text":"(9)","language_name":"english","language_id":38},"transliteration":{"text":null,"language_name":"english","language_id":38}}],"translations":[{"id":921813,"resource_id":134,"text":"Dan gunung-gunung menjadi seperti bulu (yang berterbangan)."}]},{"id":5385,"verse_number":10,"verse_key":"70:10","juz_number":29,"hizb_number":57,"rub_el_hizb_number":227,"ruku_number":504,"manzil_number":7,"sajdah_number":null,"text_uthmani":"وَلَا يَسْـَٔلُ حَمِيمٌ حَمِيمًا","page_number":568,"words":[{"id":11526,"position":1,"audio_url":"wbw/070_010_001.mp3","qpc_uthmani_hafs":"وَلَا","char_type_name":"word","page_number":568,"line_number":15,"text":"ﰄ","translation":{"text":"And not","language_name":"english","language_id":38},"transliteration":{"text":"walā","language_name":"english","language_id":38}},{"id":11527,"position":2,"audio_url":"wbw/070_010_002.mp3","qpc_uthmani_hafs":"يَسۡـَٔلُ","char_type_name":"word","page_number":568,"line_number":15,"text":"ﰅ","translation":{"text":"will ask","language_name":"english","language_id":38},"transliteration":{"text":"yasalu","language_name":"english","language_id":38}},{"id":11528,"position":3,"audio_url":"wbw/070_010_003.mp3","qpc_uthmani_hafs":"حَمِيمٌ","char_type_name":"word","page_number":568,"line_number":15,"text":"ﰆ","translation":{"text":"a friend","language_name":"english","language_id":38},"transliteration":{"text":"ḥamīmun","language_name":"english","language_id":38}},{"id":11529,"position":4,"audio_url":"wbw/070_010_004.mp3","qpc_uthmani_hafs":"حَمِيمٗا","char_type_name":"word","page_number":568,"line_number":15,"text":"ﰇ","translation":{"text":"(about) a friend","language_name":"english","language_id":38},"transliteration":{"text":"ḥamīman","language_name":"english","language_id":38}},{"id":11530,"position":5,"audio_url":null,"qpc_uthmani_hafs":"١٠","char_type_name":"end","page_number":568,"line_number":15,"text":"ﰈ","translation":{"text":"(10)","language_name":"english","language_id":38},"transliteration":{"text":null,"language_name":"english","language_id":38}}],"translations":[{"id":921814,"resource_id":134,"text":"Dan tidak ada seorang teman akrab pun menanyakan temannya."}]}],"pagination":{"per_page":50,"current_page":1,"next_page":null,"total_pages":1,"total_records":28}}