{"verses":[{"id":5673,"verse_number":1,"verse_key":"78:1","juz_number":30,"hizb_number":59,"rub_el_hizb_number":233,"ruku_number":520,"manzil_number":7,"sajdah_number":null,"text_uthmani":" عَمَّ يَتَسَآءَلُونَ","page_number":582,"words":[{"id":676,"position":1,"audio_url":"wbw/078_001_001.mp3","qpc_uthmani_hafs":"عَمَّ","char_type_name":"word","page_number":582,"line_number":3,"text":"ﭑ","translation":{"text":"About what","language_name":"english","language_id":38},"transliteration":{"text":"ʿamma","language_name":"english","language_id":38}},{"id":677,"position":2,"audio_url":"wbw/078_001_002.mp3","qpc_uthmani_hafs":"يَتَسَآءَلُونَ","char_type_name":"word","page_number":582,"line_number":3,"text":"ﭒ","translation":{"text":"are they asking one another","language_name":"english","language_id":38},"transliteration":{"text":"yatasāalūna","language_name":"english","language_id":38}},{"id":678,"position":3,"audio_url":null,"qpc_uthmani_hafs":"١","char_type_name":"end","page_number":582,"line_number":3,"text":"ﭓ","translation":{"text":"(1)","language_name":"english","language_id":38},"transliteration":{"text":null,"language_name":"english","language_id":38}}],"translations":[{"id":922102,"resource_id":134,"text":"Tentang apakah mereka saling bertanya-tanya?"}]},{"id":5674,"verse_number":2,"verse_key":"78:2","juz_number":30,"hizb_number":59,"rub_el_hizb_number":233,"ruku_number":520,"manzil_number":7,"sajdah_number":null,"text_uthmani":"عَنِ ٱلنَّبَإِ ٱلْعَظِيمِ","page_number":582,"words":[{"id":1691,"position":1,"audio_url":"wbw/078_002_001.mp3","qpc_uthmani_hafs":"عَنِ","char_type_name":"word","page_number":582,"line_number":3,"text":"ﭔ","translation":{"text":"About","language_name":"english","language_id":38},"transliteration":{"text":"ʿani","language_name":"english","language_id":38}},{"id":1692,"position":2,"audio_url":"wbw/078_002_002.mp3","qpc_uthmani_hafs":"ٱلنَّبَإِ","char_type_name":"word","page_number":582,"line_number":3,"text":"ﭕ","translation":{"text":"the News","language_name":"english","language_id":38},"transliteration":{"text":"l-naba-i","language_name":"english","language_id":38}},{"id":1693,"position":3,"audio_url":"wbw/078_002_003.mp3","qpc_uthmani_hafs":"ٱلۡعَظِيمِ","char_type_name":"word","page_number":582,"line_number":3,"text":"ﭖ","translation":{"text":"the Great","language_name":"english","language_id":38},"transliteration":{"text":"l-ʿaẓīmi","language_name":"english","language_id":38}},{"id":1694,"position":4,"audio_url":null,"qpc_uthmani_hafs":"٢","char_type_name":"end","page_number":582,"line_number":3,"text":"ﭗ","translation":{"text":"(2)","language_name":"english","language_id":38},"transliteration":{"text":null,"language_name":"english","language_id":38}}],"translations":[{"id":922103,"resource_id":134,"text":"Tentang berita yang besar<sup foot_note=211314>1</sup>,"}]},{"id":5675,"verse_number":3,"verse_key":"78:3","juz_number":30,"hizb_number":59,"rub_el_hizb_number":233,"ruku_number":520,"manzil_number":7,"sajdah_number":null,"text_uthmani":"ٱلَّذِى هُمْ فِيهِ مُخْتَلِفُونَ","page_number":582,"words":[{"id":2799,"position":1,"audio_url":"wbw/078_003_001.mp3","qpc_uthmani_hafs":"ٱلَّذِي","char_type_name":"word","page_number":582,"line_number":3,"text":"ﭘ","translation":{"text":"(About) which","language_name":"english","language_id":38},"transliteration":{"text":"alladhī","language_name":"english","language_id":38}},{"id":2800,"position":2,"audio_url":"wbw/078_003_002.mp3","qpc_uthmani_hafs":"هُمۡ","char_type_name":"word","page_number":582,"line_number":3,"text":"ﭙ","translation":{"text":"they","language_name":"english","language_id":38},"transliteration":{"text":"hum","language_name":"english","language_id":38}},{"id":2801,"position":3,"audio_url":"wbw/078_003_003.mp3","qpc_uthmani_hafs":"فِيهِ","char_type_name":"word","page_number":582,"line_number":3,"text":"ﭚ","translation":{"text":"(are) concerning it","language_name":"english","language_id":38},"transliteration":{"text":"fīhi","language_name":"english","language_id":38}},{"id":2802,"position":4,"audio_url":"wbw/078_003_004.mp3","qpc_uthmani_hafs":"مُخۡتَلِفُونَ","char_type_name":"word","page_number":582,"line_number":3,"text":"ﭛ","translation":{"text":"(in) disagreement","language_name":"english","language_id":38},"transliteration":{"text":"mukh'talifūna","language_name":"english","language_id":38}},{"id":2803,"position":5,"audio_url":null,"qpc_uthmani_hafs":"٣","char_type_name":"end","page_number":582,"line_number":3,"text":"ﭜ","translation":{"text":"(3)","language_name":"english","language_id":38},"transliteration":{"text":null,"language_name":"english","language_id":38}}],"translations":[{"id":922104,"resource_id":134,"text":"yang mereka perselisihkan tentang ini."}]},{"id":5676,"verse_number":4,"verse_key":"78:4","juz_number":30,"hizb_number":59,"rub_el_hizb_number":233,"ruku_number":520,"manzil_number":7,"sajdah_number":null,"text_uthmani":"كَلَّا سَيَعْلَمُونَ","page_number":582,"words":[{"id":4175,"position":1,"audio_url":"wbw/078_004_001.mp3","qpc_uthmani_hafs":"كـَلَّا","char_type_name":"word","page_number":582,"line_number":4,"text":"ﭝ","translation":{"text":"Nay","language_name":"english","language_id":38},"transliteration":{"text":"kallā","language_name":"english","language_id":38}},{"id":4176,"position":2,"audio_url":"wbw/078_004_002.mp3","qpc_uthmani_hafs":"سَيَعۡلَمُونَ","char_type_name":"word","page_number":582,"line_number":4,"text":"ﭞ","translation":{"text":"(soon) they will know","language_name":"english","language_id":38},"transliteration":{"text":"sayaʿlamūna","language_name":"english","language_id":38}},{"id":4177,"position":3,"audio_url":null,"qpc_uthmani_hafs":"٤","char_type_name":"end","page_number":582,"line_number":4,"text":"ﭟ","translation":{"text":"(4)","language_name":"english","language_id":38},"transliteration":{"text":null,"language_name":"english","language_id":38}}],"translations":[{"id":922105,"resource_id":134,"text":"Sekali-kali tidak<sup foot_note=211315>1</sup>; kelak mereka akan mengetahui,"}]},{"id":5677,"verse_number":5,"verse_key":"78:5","juz_number":30,"hizb_number":59,"rub_el_hizb_number":233,"ruku_number":520,"manzil_number":7,"sajdah_number":null,"text_uthmani":"ثُمَّ كَلَّا سَيَعْلَمُونَ","page_number":582,"words":[{"id":5448,"position":1,"audio_url":"wbw/078_005_001.mp3","qpc_uthmani_hafs":"ثُمَّ","char_type_name":"word","page_number":582,"line_number":4,"text":"ﭠ","translation":{"text":"Then","language_name":"english","language_id":38},"transliteration":{"text":"thumma","language_name":"english","language_id":38}},{"id":5449,"position":2,"audio_url":"wbw/078_005_002.mp3","qpc_uthmani_hafs":"كـَلَّا","char_type_name":"word","page_number":582,"line_number":4,"text":"ﭡ","translation":{"text":"Nay","language_name":"english","language_id":38},"transliteration":{"text":"kallā","language_name":"english","language_id":38}},{"id":5450,"position":3,"audio_url":"wbw/078_005_003.mp3","qpc_uthmani_hafs":"سَيَعۡلَمُونَ","char_type_name":"word","page_number":582,"line_number":4,"text":"ﭢ","translation":{"text":"(soon) they will know","language_name":"english","language_id":38},"transliteration":{"text":"sayaʿlamūna","language_name":"english","language_id":38}},{"id":5451,"position":4,"audio_url":null,"qpc_uthmani_hafs":"٥","char_type_name":"end","page_number":582,"line_number":4,"text":"ﭣ","translation":{"text":"(5)","language_name":"english","language_id":38},"transliteration":{"text":null,"language_name":"english","language_id":38}}],"translations":[{"id":922106,"resource_id":134,"text":"kemudian sekali-kali tidak; kelak mereka akan mengetahui."}]},{"id":5678,"verse_number":6,"verse_key":"78:6","juz_number":30,"hizb_number":59,"rub_el_hizb_number":233,"ruku_number":520,"manzil_number":7,"sajdah_number":null,"text_uthmani":"أَلَمْ نَجْعَلِ ٱلْأَرْضَ مِهَـٰدًا","page_number":582,"words":[{"id":6671,"position":1,"audio_url":"wbw/078_006_001.mp3","qpc_uthmani_hafs":"أَلَمۡ","char_type_name":"word","page_number":582,"line_number":4,"text":"ﭤ","translation":{"text":"Have not","language_name":"english","language_id":38},"transliteration":{"text":"alam","language_name":"english","language_id":38}},{"id":6672,"position":2,"audio_url":"wbw/078_006_002.mp3","qpc_uthmani_hafs":"نَجۡعَلِ","char_type_name":"word","page_number":582,"line_number":4,"text":"ﭥ","translation":{"text":"We made","language_name":"english","language_id":38},"transliteration":{"text":"najʿali","language_name":"english","language_id":38}},{"id":6673,"position":3,"audio_url":"wbw/078_006_003.mp3","qpc_uthmani_hafs":"ٱلۡأَرۡضَ","char_type_name":"word","page_number":582,"line_number":4,"text":"ﭦ","translation":{"text":"the earth","language_name":"english","language_id":38},"transliteration":{"text":"l-arḍa","language_name":"english","language_id":38}},{"id":6674,"position":4,"audio_url":"wbw/078_006_004.mp3","qpc_uthmani_hafs":"مِهَٰدٗا","char_type_name":"word","page_number":582,"line_number":4,"text":"ﭧ","translation":{"text":"a resting place","language_name":"english","language_id":38},"transliteration":{"text":"mihādan","language_name":"english","language_id":38}},{"id":6675,"position":5,"audio_url":null,"qpc_uthmani_hafs":"٦","char_type_name":"end","page_number":582,"line_number":4,"text":"ﭨ","translation":{"text":"(6)","language_name":"english","language_id":38},"transliteration":{"text":null,"language_name":"english","language_id":38}}],"translations":[{"id":922107,"resource_id":134,"text":"Bukankah Kami telah menjadikan bumi itu sebagai hamparan,"}]},{"id":5679,"verse_number":7,"verse_key":"78:7","juz_number":30,"hizb_number":59,"rub_el_hizb_number":233,"ruku_number":520,"manzil_number":7,"sajdah_number":null,"text_uthmani":"وَٱلْجِبَالَ أَوْتَادًا","page_number":582,"words":[{"id":8023,"position":1,"audio_url":"wbw/078_007_001.mp3","qpc_uthmani_hafs":"وَٱلۡجِبَالَ","char_type_name":"word","page_number":582,"line_number":5,"text":"ﭩ","translation":{"text":"And the mountains","language_name":"english","language_id":38},"transliteration":{"text":"wal-jibāla","language_name":"english","language_id":38}},{"id":8024,"position":2,"audio_url":"wbw/078_007_002.mp3","qpc_uthmani_hafs":"أَوۡتَادٗا","char_type_name":"word","page_number":582,"line_number":5,"text":"ﭪ","translation":{"text":"(as) pegs","language_name":"english","language_id":38},"transliteration":{"text":"awtādan","language_name":"english","language_id":38}},{"id":8025,"position":3,"audio_url":null,"qpc_uthmani_hafs":"٧","char_type_name":"end","page_number":582,"line_number":5,"text":"ﭫ","translation":{"text":"(7)","language_name":"english","language_id":38},"transliteration":{"text":null,"language_name":"english","language_id":38}}],"translations":[{"id":922108,"resource_id":134,"text":"dan gunung-gunung sebagai pasak?,"}]},{"id":5680,"verse_number":8,"verse_key":"78:8","juz_number":30,"hizb_number":59,"rub_el_hizb_number":233,"ruku_number":520,"manzil_number":7,"sajdah_number":null,"text_uthmani":"وَخَلَقْنَـٰكُمْ أَزْوَٰجًا","page_number":582,"words":[{"id":9186,"position":1,"audio_url":"wbw/078_008_001.mp3","qpc_uthmani_hafs":"وَخَلَقۡنَٰكُمۡ","char_type_name":"word","page_number":582,"line_number":5,"text":"ﭬ","translation":{"text":"And We created you","language_name":"english","language_id":38},"transliteration":{"text":"wakhalaqnākum","language_name":"english","language_id":38}},{"id":9187,"position":2,"audio_url":"wbw/078_008_002.mp3","qpc_uthmani_hafs":"أَزۡوَٰجٗا","char_type_name":"word","page_number":582,"line_number":5,"text":"ﭭ","translation":{"text":"(in) pairs","language_name":"english","language_id":38},"transliteration":{"text":"azwājan","language_name":"english","language_id":38}},{"id":9188,"position":3,"audio_url":null,"qpc_uthmani_hafs":"٨","char_type_name":"end","page_number":582,"line_number":5,"text":"ﭮ","translation":{"text":"(8)","language_name":"english","language_id":38},"transliteration":{"text":null,"language_name":"english","language_id":38}}],"translations":[{"id":922109,"resource_id":134,"text":"dan Kami jadikan kamu berpasang-pasangan,"}]},{"id":5681,"verse_number":9,"verse_key":"78:9","juz_number":30,"hizb_number":59,"rub_el_hizb_number":233,"ruku_number":520,"manzil_number":7,"sajdah_number":null,"text_uthmani":"وَجَعَلْنَا نَوْمَكُمْ سُبَاتًا","page_number":582,"words":[{"id":10397,"position":1,"audio_url":"wbw/078_009_001.mp3","qpc_uthmani_hafs":"وَجَعَلۡنَا","char_type_name":"word","page_number":582,"line_number":5,"text":"ﭯ","translation":{"text":"And We made","language_name":"english","language_id":38},"transliteration":{"text":"wajaʿalnā","language_name":"english","language_id":38}},{"id":10398,"position":2,"audio_url":"wbw/078_009_002.mp3","qpc_uthmani_hafs":"نَوۡمَكُمۡ","char_type_name":"word","page_number":582,"line_number":5,"text":"ﭰ","translation":{"text":"your sleep","language_name":"english","language_id":38},"transliteration":{"text":"nawmakum","language_name":"english","language_id":38}},{"id":10399,"position":3,"audio_url":"wbw/078_009_003.mp3","qpc_uthmani_hafs":"سُبَاتٗا","char_type_name":"word","page_number":582,"line_number":5,"text":"ﭱ","translation":{"text":"(for) rest","language_name":"english","language_id":38},"transliteration":{"text":"subātan","language_name":"english","language_id":38}},{"id":10400,"position":4,"audio_url":null,"qpc_uthmani_hafs":"٩","char_type_name":"end","page_number":582,"line_number":6,"text":"ﭲ","translation":{"text":"(9)","language_name":"english","language_id":38},"transliteration":{"text":null,"language_name":"english","language_id":38}}],"translations":[{"id":922110,"resource_id":134,"text":"dan Kami jadikan tidurmu untuk istirahat,"}]},{"id":5682,"verse_number":10,"verse_key":"78:10","juz_number":30,"hizb_number":59,"rub_el_hizb_number":233,"ruku_number":520,"manzil_number":7,"sajdah_number":null,"text_uthmani":"وَجَعَلْنَا ٱلَّيْلَ لِبَاسًا","page_number":582,"words":[{"id":11624,"position":1,"audio_url":"wbw/078_010_001.mp3","qpc_uthmani_hafs":"وَجَعَلۡنَا","char_type_name":"word","page_number":582,"line_number":6,"text":"ﭳ","translation":{"text":"And We made","language_name":"english","language_id":38},"transliteration":{"text":"wajaʿalnā","language_name":"english","language_id":38}},{"id":11625,"position":2,"audio_url":"wbw/078_010_002.mp3","qpc_uthmani_hafs":"ٱلَّيۡلَ","char_type_name":"word","page_number":582,"line_number":6,"text":"ﭴ","translation":{"text":"the night","language_name":"english","language_id":38},"transliteration":{"text":"al-layla","language_name":"english","language_id":38}},{"id":11626,"position":3,"audio_url":"wbw/078_010_003.mp3","qpc_uthmani_hafs":"لِبَاسٗا","char_type_name":"word","page_number":582,"line_number":6,"text":"ﭵ","translation":{"text":"(as) covering","language_name":"english","language_id":38},"transliteration":{"text":"libāsan","language_name":"english","language_id":38}},{"id":11627,"position":4,"audio_url":null,"qpc_uthmani_hafs":"١٠","char_type_name":"end","page_number":582,"line_number":6,"text":"ﭶ","translation":{"text":"(10)","language_name":"english","language_id":38},"transliteration":{"text":null,"language_name":"english","language_id":38}}],"translations":[{"id":922111,"resource_id":134,"text":"dan Kami jadikan malam sebagai pakaian<sup foot_note=211316>1</sup>,"}]},{"id":5683,"verse_number":11,"verse_key":"78:11","juz_number":30,"hizb_number":59,"rub_el_hizb_number":233,"ruku_number":520,"manzil_number":7,"sajdah_number":null,"text_uthmani":"وَجَعَلْنَا ٱلنَّهَارَ مَعَاشًا","page_number":582,"words":[{"id":12975,"position":1,"audio_url":"wbw/078_011_001.mp3","qpc_uthmani_hafs":"وَجَعَلۡنَا","char_type_name":"word","page_number":582,"line_number":6,"text":"ﭷ","translation":{"text":"And We made","language_name":"english","language_id":38},"transliteration":{"text":"wajaʿalnā","language_name":"english","language_id":38}},{"id":12976,"position":2,"audio_url":"wbw/078_011_002.mp3","qpc_uthmani_hafs":"ٱلنَّهَارَ","char_type_name":"word","page_number":582,"line_number":6,"text":"ﭸ","translation":{"text":"the day","language_name":"english","language_id":38},"transliteration":{"text":"l-nahāra","language_name":"english","language_id":38}},{"id":12977,"position":3,"audio_url":"wbw/078_011_003.mp3","qpc_uthmani_hafs":"مَعَاشٗا","char_type_name":"word","page_number":582,"line_number":6,"text":"ﭹ","translation":{"text":"(for) livelihood","language_name":"english","language_id":38},"transliteration":{"text":"maʿāshan","language_name":"english","language_id":38}},{"id":12978,"position":4,"audio_url":null,"qpc_uthmani_hafs":"١١","char_type_name":"end","page_number":582,"line_number":6,"text":"ﭺ","translation":{"text":"(11)","language_name":"english","language_id":38},"transliteration":{"text":null,"language_name":"english","language_id":38}}],"translations":[{"id":922112,"resource_id":134,"text":"dan Kami jadikan siang untuk mencari penghidupan,"}]},{"id":5684,"verse_number":12,"verse_key":"78:12","juz_number":30,"hizb_number":59,"rub_el_hizb_number":233,"ruku_number":520,"manzil_number":7,"sajdah_number":null,"text_uthmani":"وَبَنَيْنَا فَوْقَكُمْ سَبْعًا شِدَادًا","page_number":582,"words":[{"id":14242,"position":1,"audio_url":"wbw/078_012_001.mp3","qpc_uthmani_hafs":"وَبَنَيۡنَا","char_type_name":"word","page_number":582,"line_number":6,"text":"ﭻ","translation":{"text":"And We constructed","language_name":"english","language_id":38},"transliteration":{"text":"wabanaynā","language_name":"english","language_id":38}},{"id":14243,"position":2,"audio_url":"wbw/078_012_002.mp3","qpc_uthmani_hafs":"فَوۡقَكُمۡ","char_type_name":"word","page_number":582,"line_number":7,"text":"ﭼ","translation":{"text":"over you","language_name":"english","language_id":38},"transliteration":{"text":"fawqakum","language_name":"english","language_id":38}},{"id":14244,"position":3,"audio_url":"wbw/078_012_003.mp3","qpc_uthmani_hafs":"سَبۡعٗا","char_type_name":"word","page_number":582,"line_number":7,"text":"ﭽ","translation":{"text":"seven","language_name":"english","language_id":38},"transliteration":{"text":"sabʿan","language_name":"english","language_id":38}},{"id":14245,"position":4,"audio_url":"wbw/078_012_004.mp3","qpc_uthmani_hafs":"شِدَادٗا","char_type_name":"word","page_number":582,"line_number":7,"text":"ﭾ","translation":{"text":"strong","language_name":"english","language_id":38},"transliteration":{"text":"shidādan","language_name":"english","language_id":38}},{"id":14246,"position":5,"audio_url":null,"qpc_uthmani_hafs":"١٢","char_type_name":"end","page_number":582,"line_number":7,"text":"ﭿ","translation":{"text":"(12)","language_name":"english","language_id":38},"transliteration":{"text":null,"language_name":"english","language_id":38}}],"translations":[{"id":922113,"resource_id":134,"text":"dan Kami bina di atas kamu tujuh buah (langit) yang kukuh,"}]},{"id":5685,"verse_number":13,"verse_key":"78:13","juz_number":30,"hizb_number":59,"rub_el_hizb_number":233,"ruku_number":520,"manzil_number":7,"sajdah_number":null,"text_uthmani":"وَجَعَلْنَا سِرَاجًا وَهَّاجًا","page_number":582,"words":[{"id":14934,"position":1,"audio_url":"wbw/078_013_001.mp3","qpc_uthmani_hafs":"وَجَعَلۡنَا","char_type_name":"word","page_number":582,"line_number":7,"text":"ﮀ","translation":{"text":"And We placed","language_name":"english","language_id":38},"transliteration":{"text":"wajaʿalnā","language_name":"english","language_id":38}},{"id":14935,"position":2,"audio_url":"wbw/078_013_002.mp3","qpc_uthmani_hafs":"سِرَاجٗا","char_type_name":"word","page_number":582,"line_number":7,"text":"ﮁ","translation":{"text":"a lamp","language_name":"english","language_id":38},"transliteration":{"text":"sirājan","language_name":"english","language_id":38}},{"id":14936,"position":3,"audio_url":"wbw/078_013_003.mp3","qpc_uthmani_hafs":"وَهَّاجٗا","char_type_name":"word","page_number":582,"line_number":7,"text":"ﮂ","translation":{"text":"burning","language_name":"english","language_id":38},"transliteration":{"text":"wahhājan","language_name":"english","language_id":38}},{"id":14937,"position":4,"audio_url":null,"qpc_uthmani_hafs":"١٣","char_type_name":"end","page_number":582,"line_number":7,"text":"ﮃ","translation":{"text":"(13)","language_name":"english","language_id":38},"transliteration":{"text":null,"language_name":"english","language_id":38}}],"translations":[{"id":922114,"resource_id":134,"text":"dan Kami jadikan pelita yang amat terang (matahari),"}]},{"id":5686,"verse_number":14,"verse_key":"78:14","juz_number":30,"hizb_number":59,"rub_el_hizb_number":233,"ruku_number":520,"manzil_number":7,"sajdah_number":null,"text_uthmani":"وَأَنزَلْنَا مِنَ ٱلْمُعْصِرَٰتِ مَآءً ثَجَّاجًا","page_number":582,"words":[{"id":16417,"position":1,"audio_url":"wbw/078_014_001.mp3","qpc_uthmani_hafs":"وَأَنزَلۡنَا","char_type_name":"word","page_number":582,"line_number":7,"text":"ﮄ","translation":{"text":"And We sent down","language_name":"english","language_id":38},"transliteration":{"text":"wa-anzalnā","language_name":"english","language_id":38}},{"id":16418,"position":2,"audio_url":"wbw/078_014_002.mp3","qpc_uthmani_hafs":"مِنَ","char_type_name":"word","page_number":582,"line_number":8,"text":"ﮅ","translation":{"text":"from","language_name":"english","language_id":38},"transliteration":{"text":"mina","language_name":"english","language_id":38}},{"id":16419,"position":3,"audio_url":"wbw/078_014_003.mp3","qpc_uthmani_hafs":"ٱلۡمُعۡصِرَٰتِ","char_type_name":"word","page_number":582,"line_number":8,"text":"ﮆ","translation":{"text":"the rain clouds","language_name":"english","language_id":38},"transliteration":{"text":"l-muʿ'ṣirāti","language_name":"english","language_id":38}},{"id":16420,"position":4,"audio_url":"wbw/078_014_004.mp3","qpc_uthmani_hafs":"مَآءٗ","char_type_name":"word","page_number":582,"line_number":8,"text":"ﮇ","translation":{"text":"water","language_name":"english","language_id":38},"transliteration":{"text":"māan","language_name":"english","language_id":38}},{"id":16421,"position":5,"audio_url":"wbw/078_014_005.mp3","qpc_uthmani_hafs":"ثَجَّاجٗا","char_type_name":"word","page_number":582,"line_number":8,"text":"ﮈ","translation":{"text":"pouring abundantly","language_name":"english","language_id":38},"transliteration":{"text":"thajjājan","language_name":"english","language_id":38}},{"id":16422,"position":6,"audio_url":null,"qpc_uthmani_hafs":"١٤","char_type_name":"end","page_number":582,"line_number":8,"text":"ﮉ","translation":{"text":"(14)","language_name":"english","language_id":38},"transliteration":{"text":null,"language_name":"english","language_id":38}}],"translations":[{"id":922115,"resource_id":134,"text":"dan Kami turunkan dari awan air yang banyak tercurah,"}]},{"id":5687,"verse_number":15,"verse_key":"78:15","juz_number":30,"hizb_number":59,"rub_el_hizb_number":233,"ruku_number":520,"manzil_number":7,"sajdah_number":null,"text_uthmani":"لِّنُخْرِجَ بِهِۦ حَبًّا وَنَبَاتًا","page_number":582,"words":[{"id":17571,"position":1,"audio_url":"wbw/078_015_001.mp3","qpc_uthmani_hafs":"لِّنُخۡرِجَ","char_type_name":"word","page_number":582,"line_number":8,"text":"ﮊ","translation":{"text":"That We may bring forth","language_name":"english","language_id":38},"transliteration":{"text":"linukh'rija","language_name":"english","language_id":38}},{"id":17572,"position":2,"audio_url":"wbw/078_015_002.mp3","qpc_uthmani_hafs":"بِهِۦ","char_type_name":"word","page_number":582,"line_number":8,"text":"ﮋ","translation":{"text":"thereby","language_name":"english","language_id":38},"transliteration":{"text":"bihi","language_name":"english","language_id":38}},{"id":17573,"position":3,"audio_url":"wbw/078_015_003.mp3","qpc_uthmani_hafs":"حَبّٗا","char_type_name":"word","page_number":582,"line_number":8,"text":"ﮌ","translation":{"text":"grain","language_name":"english","language_id":38},"transliteration":{"text":"ḥabban","language_name":"english","language_id":38}},{"id":17574,"position":4,"audio_url":"wbw/078_015_004.mp3","qpc_uthmani_hafs":"وَنَبَاتٗا","char_type_name":"word","page_number":582,"line_number":8,"text":"ﮍ","translation":{"text":"and vegetation","language_name":"english","language_id":38},"transliteration":{"text":"wanabātan","language_name":"english","language_id":38}},{"id":17575,"position":5,"audio_url":null,"qpc_uthmani_hafs":"١٥","char_type_name":"end","page_number":582,"line_number":8,"text":"ﮎ","translation":{"text":"(15)","language_name":"english","language_id":38},"transliteration":{"text":null,"language_name":"english","language_id":38}}],"translations":[{"id":922116,"resource_id":134,"text":"supaya Kami tumbuhkan dengan air itu biji-bijian dan tumbuh-tumbuhan,"}]},{"id":5688,"verse_number":16,"verse_key":"78:16","juz_number":30,"hizb_number":59,"rub_el_hizb_number":233,"ruku_number":520,"manzil_number":7,"sajdah_number":null,"text_uthmani":"وَجَنَّـٰتٍ أَلْفَافًا","page_number":582,"words":[{"id":18606,"position":1,"audio_url":"wbw/078_016_001.mp3","qpc_uthmani_hafs":"وَجَنَّٰتٍ","char_type_name":"word","page_number":582,"line_number":8,"text":"ﮏ","translation":{"text":"And gardens","language_name":"english","language_id":38},"transliteration":{"text":"wajannātin","language_name":"english","language_id":38}},{"id":18607,"position":2,"audio_url":"wbw/078_016_002.mp3","qpc_uthmani_hafs":"أَلۡفَافًا","char_type_name":"word","page_number":582,"line_number":9,"text":"ﮐ","translation":{"text":"(of) thick foliage","language_name":"english","language_id":38},"transliteration":{"text":"alfāfan","language_name":"english","language_id":38}},{"id":18608,"position":3,"audio_url":null,"qpc_uthmani_hafs":"١٦","char_type_name":"end","page_number":582,"line_number":9,"text":"ﮑ","translation":{"text":"(16)","language_name":"english","language_id":38},"transliteration":{"text":null,"language_name":"english","language_id":38}}],"translations":[{"id":922117,"resource_id":134,"text":"dan kebun-kebun yang lebat?"}]},{"id":5689,"verse_number":17,"verse_key":"78:17","juz_number":30,"hizb_number":59,"rub_el_hizb_number":233,"ruku_number":520,"manzil_number":7,"sajdah_number":null,"text_uthmani":"إِنَّ يَوْمَ ٱلْفَصْلِ كَانَ مِيقَـٰتًا","page_number":582,"words":[{"id":19597,"position":1,"audio_url":"wbw/078_017_001.mp3","qpc_uthmani_hafs":"إِنَّ","char_type_name":"word","page_number":582,"line_number":9,"text":"ﮒ","translation":{"text":"Indeed","language_name":"english","language_id":38},"transliteration":{"text":"inna","language_name":"english","language_id":38}},{"id":19598,"position":2,"audio_url":"wbw/078_017_002.mp3","qpc_uthmani_hafs":"يَوۡمَ","char_type_name":"word","page_number":582,"line_number":9,"text":"ﮓ","translation":{"text":"(the) Day","language_name":"english","language_id":38},"transliteration":{"text":"yawma","language_name":"english","language_id":38}},{"id":19599,"position":3,"audio_url":"wbw/078_017_003.mp3","qpc_uthmani_hafs":"ٱلۡفَصۡلِ","char_type_name":"word","page_number":582,"line_number":9,"text":"ﮔ","translation":{"text":"(of) the Judgment","language_name":"english","language_id":38},"transliteration":{"text":"l-faṣli","language_name":"english","language_id":38}},{"id":19600,"position":4,"audio_url":"wbw/078_017_004.mp3","qpc_uthmani_hafs":"كَانَ","char_type_name":"word","page_number":582,"line_number":9,"text":"ﮕ","translation":{"text":"is","language_name":"english","language_id":38},"transliteration":{"text":"kāna","language_name":"english","language_id":38}},{"id":19601,"position":5,"audio_url":"wbw/078_017_005.mp3","qpc_uthmani_hafs":"مِيقَٰتٗا","char_type_name":"word","page_number":582,"line_number":9,"text":"ﮖ","translation":{"text":"an appointed time","language_name":"english","language_id":38},"transliteration":{"text":"mīqātan","language_name":"english","language_id":38}},{"id":19602,"position":6,"audio_url":null,"qpc_uthmani_hafs":"١٧","char_type_name":"end","page_number":582,"line_number":9,"text":"ﮗ","translation":{"text":"(17)","language_name":"english","language_id":38},"transliteration":{"text":null,"language_name":"english","language_id":38}}],"translations":[{"id":922118,"resource_id":134,"text":"Sesungguhnya hari keputusan adalah suatu waktu yang ditetapkan,"}]},{"id":5690,"verse_number":18,"verse_key":"78:18","juz_number":30,"hizb_number":59,"rub_el_hizb_number":233,"ruku_number":520,"manzil_number":7,"sajdah_number":null,"text_uthmani":"يَوْمَ يُنفَخُ فِى ٱلصُّورِ فَتَأْتُونَ أَفْوَاجًا","page_number":582,"words":[{"id":20738,"position":1,"audio_url":"wbw/078_018_001.mp3","qpc_uthmani_hafs":"يَوۡمَ","char_type_name":"word","page_number":582,"line_number":9,"text":"ﮘ","translation":{"text":"(The) Day","language_name":"english","language_id":38},"transliteration":{"text":"yawma","language_name":"english","language_id":38}},{"id":20739,"position":2,"audio_url":"wbw/078_018_002.mp3","qpc_uthmani_hafs":"يُنفَخُ","char_type_name":"word","page_number":582,"line_number":9,"text":"ﮙ","translation":{"text":"(in which) shall be blown","language_name":"english","language_id":38},"transliteration":{"text":"yunfakhu","language_name":"english","language_id":38}},{"id":20740,"position":3,"audio_url":"wbw/078_018_003.mp3","qpc_uthmani_hafs":"فِي","char_type_name":"word","page_number":582,"line_number":9,"text":"ﮚ","translation":{"text":"in","language_name":"english","language_id":38},"transliteration":{"text":"fī","language_name":"english","language_id":38}},{"id":20741,"position":4,"audio_url":"wbw/078_018_004.mp3","qpc_uthmani_hafs":"ٱلصُّورِ","char_type_name":"word","page_number":582,"line_number":9,"text":"ﮛ","translation":{"text":"the trumpet","language_name":"english","language_id":38},"transliteration":{"text":"l-ṣūri","language_name":"english","language_id":38}},{"id":20742,"position":5,"audio_url":"wbw/078_018_005.mp3","qpc_uthmani_hafs":"فَتَأۡتُونَ","char_type_name":"word","page_number":582,"line_number":10,"text":"ﮜ","translation":{"text":"and you will come forth","language_name":"english","language_id":38},"transliteration":{"text":"fatatūna","language_name":"english","language_id":38}},{"id":20743,"position":6,"audio_url":"wbw/078_018_006.mp3","qpc_uthmani_hafs":"أَفۡوَاجٗا","char_type_name":"word","page_number":582,"line_number":10,"text":"ﮝ","translation":{"text":"(in) crowds","language_name":"english","language_id":38},"transliteration":{"text":"afwājan","language_name":"english","language_id":38}},{"id":20744,"position":7,"audio_url":null,"qpc_uthmani_hafs":"١٨","char_type_name":"end","page_number":582,"line_number":10,"text":"ﮞ","translation":{"text":"(18)","language_name":"english","language_id":38},"transliteration":{"text":null,"language_name":"english","language_id":38}}],"translations":[{"id":922119,"resource_id":134,"text":"yaitu hari (yang pada waktu itu) ditiup sangkakala lalu kamu datang berkelompok-kelompok,"}]},{"id":5691,"verse_number":19,"verse_key":"78:19","juz_number":30,"hizb_number":59,"rub_el_hizb_number":233,"ruku_number":520,"manzil_number":7,"sajdah_number":null,"text_uthmani":"وَفُتِحَتِ ٱلسَّمَآءُ فَكَانَتْ أَبْوَٰبًا","page_number":582,"words":[{"id":21767,"position":1,"audio_url":"wbw/078_019_001.mp3","qpc_uthmani_hafs":"وَفُتِحَتِ","char_type_name":"word","page_number":582,"line_number":10,"text":"ﮟ","translation":{"text":"And is opened","language_name":"english","language_id":38},"transliteration":{"text":"wafutiḥati","language_name":"english","language_id":38}},{"id":21768,"position":2,"audio_url":"wbw/078_019_002.mp3","qpc_uthmani_hafs":"ٱلسَّمَآءُ","char_type_name":"word","page_number":582,"line_number":10,"text":"ﮠ","translation":{"text":"the heaven","language_name":"english","language_id":38},"transliteration":{"text":"l-samāu","language_name":"english","language_id":38}},{"id":21769,"position":3,"audio_url":"wbw/078_019_003.mp3","qpc_uthmani_hafs":"فَكَانَتۡ","char_type_name":"word","page_number":582,"line_number":10,"text":"ﮡ","translation":{"text":"and becomes","language_name":"english","language_id":38},"transliteration":{"text":"fakānat","language_name":"english","language_id":38}},{"id":21770,"position":4,"audio_url":"wbw/078_019_004.mp3","qpc_uthmani_hafs":"أَبۡوَٰبٗا","char_type_name":"word","page_number":582,"line_number":10,"text":"ﮢ","translation":{"text":"gateways","language_name":"english","language_id":38},"transliteration":{"text":"abwāban","language_name":"english","language_id":38}},{"id":21771,"position":5,"audio_url":null,"qpc_uthmani_hafs":"١٩","char_type_name":"end","page_number":582,"line_number":10,"text":"ﮣ","translation":{"text":"(19)","language_name":"english","language_id":38},"transliteration":{"text":null,"language_name":"english","language_id":38}}],"translations":[{"id":922120,"resource_id":134,"text":"dan dibukalah langit, maka terdapatlah beberapa pintu,"}]},{"id":5692,"verse_number":20,"verse_key":"78:20","juz_number":30,"hizb_number":59,"rub_el_hizb_number":233,"ruku_number":520,"manzil_number":7,"sajdah_number":null,"text_uthmani":"وَسُيِّرَتِ ٱلْجِبَالُ فَكَانَتْ سَرَابًا","page_number":582,"words":[{"id":22905,"position":1,"audio_url":"wbw/078_020_001.mp3","qpc_uthmani_hafs":"وَسُيِّرَتِ","char_type_name":"word","page_number":582,"line_number":10,"text":"ﮤ","translation":{"text":"And are moved","language_name":"english","language_id":38},"transliteration":{"text":"wasuyyirati","language_name":"english","language_id":38}},{"id":22906,"position":2,"audio_url":"wbw/078_020_002.mp3","qpc_uthmani_hafs":"ٱلۡجِبَالُ","char_type_name":"word","page_number":582,"line_number":11,"text":"ﮥ","translation":{"text":"the mountains","language_name":"english","language_id":38},"transliteration":{"text":"l-jibālu","language_name":"english","language_id":38}},{"id":22907,"position":3,"audio_url":"wbw/078_020_003.mp3","qpc_uthmani_hafs":"فَكَانَتۡ","char_type_name":"word","page_number":582,"line_number":11,"text":"ﮦ","translation":{"text":"and become","language_name":"english","language_id":38},"transliteration":{"text":"fakānat","language_name":"english","language_id":38}},{"id":22908,"position":4,"audio_url":"wbw/078_020_004.mp3","qpc_uthmani_hafs":"سَرَابًا","char_type_name":"word","page_number":582,"line_number":11,"text":"ﮧ","translation":{"text":"a mirage","language_name":"english","language_id":38},"transliteration":{"text":"sarāban","language_name":"english","language_id":38}},{"id":22909,"position":5,"audio_url":null,"qpc_uthmani_hafs":"٢٠","char_type_name":"end","page_number":582,"line_number":11,"text":"ﮨ","translation":{"text":"(20)","language_name":"english","language_id":38},"transliteration":{"text":null,"language_name":"english","language_id":38}}],"translations":[{"id":922121,"resource_id":134,"text":"dan dijalankanlah gunung-gunung maka menjadi fatamorganalah ia."}]},{"id":5693,"verse_number":21,"verse_key":"78:21","juz_number":30,"hizb_number":59,"rub_el_hizb_number":233,"ruku_number":520,"manzil_number":7,"sajdah_number":null,"text_uthmani":"إِنَّ جَهَنَّمَ كَانَتْ مِرْصَادًا","page_number":582,"words":[{"id":23638,"position":1,"audio_url":"wbw/078_021_001.mp3","qpc_uthmani_hafs":"إِنَّ","char_type_name":"word","page_number":582,"line_number":11,"text":"ﮩ","translation":{"text":"Indeed","language_name":"english","language_id":38},"transliteration":{"text":"inna","language_name":"english","language_id":38}},{"id":23639,"position":2,"audio_url":"wbw/078_021_002.mp3","qpc_uthmani_hafs":"جَهَنَّمَ","char_type_name":"word","page_number":582,"line_number":11,"text":"ﮪ","translation":{"text":"Hell","language_name":"english","language_id":38},"transliteration":{"text":"jahannama","language_name":"english","language_id":38}},{"id":23640,"position":3,"audio_url":"wbw/078_021_003.mp3","qpc_uthmani_hafs":"كَانَتۡ","char_type_name":"word","page_number":582,"line_number":11,"text":"ﮫ","translation":{"text":"is","language_name":"english","language_id":38},"transliteration":{"text":"kānat","language_name":"english","language_id":38}},{"id":23641,"position":4,"audio_url":"wbw/078_021_004.mp3","qpc_uthmani_hafs":"مِرۡصَادٗا","char_type_name":"word","page_number":582,"line_number":11,"text":"ﮬ","translation":{"text":"lying in wait","language_name":"english","language_id":38},"transliteration":{"text":"mir'ṣādan","language_name":"english","language_id":38}},{"id":23642,"position":5,"audio_url":null,"qpc_uthmani_hafs":"٢١","char_type_name":"end","page_number":582,"line_number":11,"text":"ﮭ","translation":{"text":"(21)","language_name":"english","language_id":38},"transliteration":{"text":null,"language_name":"english","language_id":38}}],"translations":[{"id":922122,"resource_id":134,"text":"Sesungguhnya neraka Jahanam itu (padanya) ada tempat pengintai<sup foot_note=211317>1</sup>,"}]},{"id":5694,"verse_number":22,"verse_key":"78:22","juz_number":30,"hizb_number":59,"rub_el_hizb_number":233,"ruku_number":520,"manzil_number":7,"sajdah_number":null,"text_uthmani":"لِّلطَّـٰغِينَ مَـَٔابًا","page_number":582,"words":[{"id":24973,"position":1,"audio_url":"wbw/078_022_001.mp3","qpc_uthmani_hafs":"لِّلطَّٰغِينَ","char_type_name":"word","page_number":582,"line_number":11,"text":"ﮮ","translation":{"text":"For the transgressors","language_name":"english","language_id":38},"transliteration":{"text":"lilṭṭāghīna","language_name":"english","language_id":38}},{"id":24974,"position":2,"audio_url":"wbw/078_022_002.mp3","qpc_uthmani_hafs":"مَـَٔابٗا","char_type_name":"word","page_number":582,"line_number":12,"text":"ﮯ","translation":{"text":"a place of return","language_name":"english","language_id":38},"transliteration":{"text":"maāban","language_name":"english","language_id":38}},{"id":24975,"position":3,"audio_url":null,"qpc_uthmani_hafs":"٢٢","char_type_name":"end","page_number":582,"line_number":12,"text":"ﮰ","translation":{"text":"(22)","language_name":"english","language_id":38},"transliteration":{"text":null,"language_name":"english","language_id":38}}],"translations":[{"id":922123,"resource_id":134,"text":"lagi menjadi tempat kembali bagi orang-orang yang melampaui batas,"}]},{"id":5695,"verse_number":23,"verse_key":"78:23","juz_number":30,"hizb_number":59,"rub_el_hizb_number":233,"ruku_number":520,"manzil_number":7,"sajdah_number":null,"text_uthmani":"لَّـٰبِثِينَ فِيهَآ أَحْقَابًا","page_number":582,"words":[{"id":25605,"position":1,"audio_url":"wbw/078_023_001.mp3","qpc_uthmani_hafs":"لَّٰبِثِينَ","char_type_name":"word","page_number":582,"line_number":12,"text":"ﮱ","translation":{"text":"(They will) be remaining","language_name":"english","language_id":38},"transliteration":{"text":"lābithīna","language_name":"english","language_id":38}},{"id":25606,"position":2,"audio_url":"wbw/078_023_002.mp3","qpc_uthmani_hafs":"فِيهَآ","char_type_name":"word","page_number":582,"line_number":12,"text":"ﯓ","translation":{"text":"therein","language_name":"english","language_id":38},"transliteration":{"text":"fīhā","language_name":"english","language_id":38}},{"id":25607,"position":3,"audio_url":"wbw/078_023_003.mp3","qpc_uthmani_hafs":"أَحۡقَابٗا","char_type_name":"word","page_number":582,"line_number":12,"text":"ﯔ","translation":{"text":"(for) ages","language_name":"english","language_id":38},"transliteration":{"text":"aḥqāban","language_name":"english","language_id":38}},{"id":25608,"position":4,"audio_url":null,"qpc_uthmani_hafs":"٢٣","char_type_name":"end","page_number":582,"line_number":12,"text":"ﯕ","translation":{"text":"(23)","language_name":"english","language_id":38},"transliteration":{"text":null,"language_name":"english","language_id":38}}],"translations":[{"id":922124,"resource_id":134,"text":"mereka tinggal di dalamnya berabad-abad lamanya,"}]},{"id":5696,"verse_number":24,"verse_key":"78:24","juz_number":30,"hizb_number":59,"rub_el_hizb_number":233,"ruku_number":520,"manzil_number":7,"sajdah_number":null,"text_uthmani":"لَّا يَذُوقُونَ فِيهَا بَرْدًا وَلَا شَرَابًا","page_number":582,"words":[{"id":27095,"position":1,"audio_url":"wbw/078_024_001.mp3","qpc_uthmani_hafs":"لَّا","char_type_name":"word","page_number":582,"line_number":12,"text":"ﯖ","translation":{"text":"Not","language_name":"english","language_id":38},"transliteration":{"text":"lā","language_name":"english","language_id":38}},{"id":27096,"position":2,"audio_url":"wbw/078_024_002.mp3","qpc_uthmani_hafs":"يَذُوقُونَ","char_type_name":"word","page_number":582,"line_number":12,"text":"ﯗ","translation":{"text":"they will taste","language_name":"english","language_id":38},"transliteration":{"text":"yadhūqūna","language_name":"english","language_id":38}},{"id":27097,"position":3,"audio_url":"wbw/078_024_003.mp3","qpc_uthmani_hafs":"فِيهَا","char_type_name":"word","page_number":582,"line_number":12,"text":"ﯘ","translation":{"text":"therein","language_name":"english","language_id":38},"transliteration":{"text":"fīhā","language_name":"english","language_id":38}},{"id":27098,"position":4,"audio_url":"wbw/078_024_004.mp3","qpc_uthmani_hafs":"بَرۡدٗا","char_type_name":"word","page_number":582,"line_number":12,"text":"ﯙ","translation":{"text":"coolness","language_name":"english","language_id":38},"transliteration":{"text":"bardan","language_name":"english","language_id":38}},{"id":27099,"position":5,"audio_url":"wbw/078_024_005.mp3","qpc_uthmani_hafs":"وَلَا","char_type_name":"word","page_number":582,"line_number":12,"text":"ﯚ","translation":{"text":"and not","language_name":"english","language_id":38},"transliteration":{"text":"walā","language_name":"english","language_id":38}},{"id":27100,"position":6,"audio_url":"wbw/078_024_006.mp3","qpc_uthmani_hafs":"شَرَابًا","char_type_name":"word","page_number":582,"line_number":12,"text":"ﯛ","translation":{"text":"any drink","language_name":"english","language_id":38},"transliteration":{"text":"sharāban","language_name":"english","language_id":38}},{"id":27101,"position":7,"audio_url":null,"qpc_uthmani_hafs":"٢٤","char_type_name":"end","page_number":582,"line_number":13,"text":"ﯜ","translation":{"text":"(24)","language_name":"english","language_id":38},"transliteration":{"text":null,"language_name":"english","language_id":38}}],"translations":[{"id":922125,"resource_id":134,"text":"mereka tidak merasakan kesejukan di dalamnya dan tidak (pula mendapat) minuman,"}]},{"id":5697,"verse_number":25,"verse_key":"78:25","juz_number":30,"hizb_number":59,"rub_el_hizb_number":233,"ruku_number":520,"manzil_number":7,"sajdah_number":null,"text_uthmani":"إِلَّا حَمِيمًا وَغَسَّاقًا","page_number":582,"words":[{"id":27701,"position":1,"audio_url":"wbw/078_025_001.mp3","qpc_uthmani_hafs":"إِلَّا","char_type_name":"word","page_number":582,"line_number":13,"text":"ﯝ","translation":{"text":"Except","language_name":"english","language_id":38},"transliteration":{"text":"illā","language_name":"english","language_id":38}},{"id":27702,"position":2,"audio_url":"wbw/078_025_002.mp3","qpc_uthmani_hafs":"حَمِيمٗا","char_type_name":"word","page_number":582,"line_number":13,"text":"ﯞ","translation":{"text":"scalding water","language_name":"english","language_id":38},"transliteration":{"text":"ḥamīman","language_name":"english","language_id":38}},{"id":27703,"position":3,"audio_url":"wbw/078_025_003.mp3","qpc_uthmani_hafs":"وَغَسَّاقٗا","char_type_name":"word","page_number":582,"line_number":13,"text":"ﯟ","translation":{"text":"and purulence","language_name":"english","language_id":38},"transliteration":{"text":"waghassāqan","language_name":"english","language_id":38}},{"id":27704,"position":4,"audio_url":null,"qpc_uthmani_hafs":"٢٥","char_type_name":"end","page_number":582,"line_number":13,"text":"ﯠ","translation":{"text":"(25)","language_name":"english","language_id":38},"transliteration":{"text":null,"language_name":"english","language_id":38}}],"translations":[{"id":922126,"resource_id":134,"text":"selain air yang mendidih dan nanah,"}]},{"id":5698,"verse_number":26,"verse_key":"78:26","juz_number":30,"hizb_number":59,"rub_el_hizb_number":233,"ruku_number":520,"manzil_number":7,"sajdah_number":null,"text_uthmani":"جَزَآءً وِفَاقًا","page_number":582,"words":[{"id":28535,"position":1,"audio_url":"wbw/078_026_001.mp3","qpc_uthmani_hafs":"جَزَآءٗ","char_type_name":"word","page_number":582,"line_number":13,"text":"ﯡ","translation":{"text":"A recompense","language_name":"english","language_id":38},"transliteration":{"text":"jazāan","language_name":"english","language_id":38}},{"id":28536,"position":2,"audio_url":"wbw/078_026_002.mp3","qpc_uthmani_hafs":"وِفَاقًا","char_type_name":"word","page_number":582,"line_number":13,"text":"ﯢ","translation":{"text":"appropriate","language_name":"english","language_id":38},"transliteration":{"text":"wifāqan","language_name":"english","language_id":38}},{"id":28537,"position":3,"audio_url":null,"qpc_uthmani_hafs":"٢٦","char_type_name":"end","page_number":582,"line_number":13,"text":"ﯣ","translation":{"text":"(26)","language_name":"english","language_id":38},"transliteration":{"text":null,"language_name":"english","language_id":38}}],"translations":[{"id":922127,"resource_id":134,"text":"sebagai pambalasan yang setimpal."}]},{"id":5699,"verse_number":27,"verse_key":"78:27","juz_number":30,"hizb_number":59,"rub_el_hizb_number":233,"ruku_number":520,"manzil_number":7,"sajdah_number":null,"text_uthmani":"إِنَّهُمْ كَانُوا۟ لَا يَرْجُونَ حِسَابًا","page_number":582,"words":[{"id":29508,"position":1,"audio_url":"wbw/078_027_001.mp3","qpc_uthmani_hafs":"إِنَّهُمۡ","char_type_name":"word","page_number":582,"line_number":13,"text":"ﯤ","translation":{"text":"Indeed, they","language_name":"english","language_id":38},"transliteration":{"text":"innahum","language_name":"english","language_id":38}},{"id":29509,"position":2,"audio_url":"wbw/078_027_002.mp3","qpc_uthmani_hafs":"كَانُواْ","char_type_name":"word","page_number":582,"line_number":13,"text":"ﯥ","translation":{"text":"were","language_name":"english","language_id":38},"transliteration":{"text":"kānū","language_name":"english","language_id":38}},{"id":29510,"position":3,"audio_url":"wbw/078_027_003.mp3","qpc_uthmani_hafs":"لَا","char_type_name":"word","page_number":582,"line_number":14,"text":"ﯦ","translation":{"text":"not","language_name":"english","language_id":38},"transliteration":{"text":"lā","language_name":"english","language_id":38}},{"id":29511,"position":4,"audio_url":"wbw/078_027_004.mp3","qpc_uthmani_hafs":"يَرۡجُونَ","char_type_name":"word","page_number":582,"line_number":14,"text":"ﯧ","translation":{"text":"expecting","language_name":"english","language_id":38},"transliteration":{"text":"yarjūna","language_name":"english","language_id":38}},{"id":29512,"position":5,"audio_url":"wbw/078_027_005.mp3","qpc_uthmani_hafs":"حِسَابٗا","char_type_name":"word","page_number":582,"line_number":14,"text":"ﯨ","translation":{"text":"an account","language_name":"english","language_id":38},"transliteration":{"text":"ḥisāban","language_name":"english","language_id":38}},{"id":29513,"position":6,"audio_url":null,"qpc_uthmani_hafs":"٢٧","char_type_name":"end","page_number":582,"line_number":14,"text":"ﯩ","translation":{"text":"(27)","language_name":"english","language_id":38},"transliteration":{"text":null,"language_name":"english","language_id":38}}],"translations":[{"id":922128,"resource_id":134,"text":"Sesungguhnya mereka tidak takut kepada hisab,"}]},{"id":5700,"verse_number":28,"verse_key":"78:28","juz_number":30,"hizb_number":59,"rub_el_hizb_number":233,"ruku_number":520,"manzil_number":7,"sajdah_number":null,"text_uthmani":"وَكَذَّبُوا۟ بِـَٔايَـٰتِنَا كِذَّابًا","page_number":582,"words":[{"id":30557,"position":1,"audio_url":"wbw/078_028_001.mp3","qpc_uthmani_hafs":"وَكَذَّبُواْ","char_type_name":"word","page_number":582,"line_number":14,"text":"ﯪ","translation":{"text":"And they denied","language_name":"english","language_id":38},"transliteration":{"text":"wakadhabū","language_name":"english","language_id":38}},{"id":30558,"position":2,"audio_url":"wbw/078_028_002.mp3","qpc_uthmani_hafs":"بِـَٔايَٰتِنَا","char_type_name":"word","page_number":582,"line_number":14,"text":"ﯫ","translation":{"text":"Our Signs","language_name":"english","language_id":38},"transliteration":{"text":"biāyātinā","language_name":"english","language_id":38}},{"id":30559,"position":3,"audio_url":"wbw/078_028_003.mp3","qpc_uthmani_hafs":"كِذَّابٗا","char_type_name":"word","page_number":582,"line_number":14,"text":"ﯬ","translation":{"text":"(with) denial","language_name":"english","language_id":38},"transliteration":{"text":"kidhāban","language_name":"english","language_id":38}},{"id":30560,"position":4,"audio_url":null,"qpc_uthmani_hafs":"٢٨","char_type_name":"end","page_number":582,"line_number":14,"text":"ﯭ","translation":{"text":"(28)","language_name":"english","language_id":38},"transliteration":{"text":null,"language_name":"english","language_id":38}}],"translations":[{"id":922129,"resource_id":134,"text":"dan mereka mendustakan ayat-ayat Kami dengan sesungguh-sungguhnya."}]},{"id":5701,"verse_number":29,"verse_key":"78:29","juz_number":30,"hizb_number":59,"rub_el_hizb_number":233,"ruku_number":520,"manzil_number":7,"sajdah_number":null,"text_uthmani":"وَكُلَّ شَىْءٍ أَحْصَيْنَـٰهُ كِتَـٰبًا","page_number":582,"words":[{"id":31527,"position":1,"audio_url":"wbw/078_029_001.mp3","qpc_uthmani_hafs":"وَكُلَّ","char_type_name":"word","page_number":582,"line_number":14,"text":"ﯮ","translation":{"text":"And every","language_name":"english","language_id":38},"transliteration":{"text":"wakulla","language_name":"english","language_id":38}},{"id":31528,"position":2,"audio_url":"wbw/078_029_002.mp3","qpc_uthmani_hafs":"شَيۡءٍ","char_type_name":"word","page_number":582,"line_number":14,"text":"ﯯ","translation":{"text":"thing","language_name":"english","language_id":38},"transliteration":{"text":"shayin","language_name":"english","language_id":38}},{"id":31529,"position":3,"audio_url":"wbw/078_029_003.mp3","qpc_uthmani_hafs":"أَحۡصَيۡنَٰهُ","char_type_name":"word","page_number":582,"line_number":15,"text":"ﯰ","translation":{"text":"We have enumerated it","language_name":"english","language_id":38},"transliteration":{"text":"aḥṣaynāhu","language_name":"english","language_id":38}},{"id":31530,"position":4,"audio_url":"wbw/078_029_004.mp3","qpc_uthmani_hafs":"كِتَٰبٗا","char_type_name":"word","page_number":582,"line_number":15,"text":"ﯱ","translation":{"text":"(in) a Book","language_name":"english","language_id":38},"transliteration":{"text":"kitāban","language_name":"english","language_id":38}},{"id":31531,"position":5,"audio_url":null,"qpc_uthmani_hafs":"٢٩","char_type_name":"end","page_number":582,"line_number":15,"text":"ﯲ","translation":{"text":"(29)","language_name":"english","language_id":38},"transliteration":{"text":null,"language_name":"english","language_id":38}}],"translations":[{"id":922130,"resource_id":134,"text":"Dan segala sesuatu telah Kami catat dalam suatu kitab<sup foot_note=211318>1</sup>."}]},{"id":5702,"verse_number":30,"verse_key":"78:30","juz_number":30,"hizb_number":59,"rub_el_hizb_number":233,"ruku_number":520,"manzil_number":7,"sajdah_number":null,"text_uthmani":"فَذُوقُوا۟ فَلَن نَّزِيدَكُمْ إِلَّا عَذَابًا","page_number":582,"words":[{"id":32887,"position":1,"audio_url":"wbw/078_030_001.mp3","qpc_uthmani_hafs":"فَذُوقُواْ","char_type_name":"word","page_number":582,"line_number":15,"text":"ﯳ","translation":{"text":"So taste","language_name":"english","language_id":38},"transliteration":{"text":"fadhūqū","language_name":"english","language_id":38}},{"id":32888,"position":2,"audio_url":"wbw/078_030_002.mp3","qpc_uthmani_hafs":"فَلَن","char_type_name":"word","page_number":582,"line_number":15,"text":"ﯴ","translation":{"text":"and never","language_name":"english","language_id":38},"transliteration":{"text":"falan","language_name":"english","language_id":38}},{"id":32889,"position":3,"audio_url":"wbw/078_030_003.mp3","qpc_uthmani_hafs":"نَّزِيدَكُمۡ","char_type_name":"word","page_number":582,"line_number":15,"text":"ﯵ","translation":{"text":"We will increase you","language_name":"english","language_id":38},"transliteration":{"text":"nazīdakum","language_name":"english","language_id":38}},{"id":32890,"position":4,"audio_url":"wbw/078_030_004.mp3","qpc_uthmani_hafs":"إِلَّا","char_type_name":"word","page_number":582,"line_number":15,"text":"ﯶ","translation":{"text":"except","language_name":"english","language_id":38},"transliteration":{"text":"illā","language_name":"english","language_id":38}},{"id":32891,"position":5,"audio_url":"wbw/078_030_005.mp3","qpc_uthmani_hafs":"عَذَابًا","char_type_name":"word","page_number":582,"line_number":15,"text":"ﯷ","translation":{"text":"(in) punishment","language_name":"english","language_id":38},"transliteration":{"text":"ʿadhāban","language_name":"english","language_id":38}},{"id":32892,"position":6,"audio_url":null,"qpc_uthmani_hafs":"٣٠","char_type_name":"end","page_number":582,"line_number":15,"text":"ﯸ","translation":{"text":"(30)","language_name":"english","language_id":38},"transliteration":{"text":null,"language_name":"english","language_id":38}}],"translations":[{"id":922131,"resource_id":134,"text":"Karena itu rasakanlah. Dan Kami sekali-kali tidak akan menambah kepada kamu selain dari azab."}]}],"pagination":{"per_page":50,"current_page":1,"next_page":null,"total_pages":1,"total_records":30}}