{"verses":[{"id":5703,"verse_number":31,"verse_key":"78:31","juz_number":30,"hizb_number":59,"rub_el_hizb_number":233,"ruku_number":521,"manzil_number":7,"sajdah_number":null,"text_uthmani":"إِنَّ لِلْمُتَّقِينَ مَفَازًا","page_number":583,"words":[{"id":33849,"position":1,"audio_url":"wbw/078_031_001.mp3","qpc_uthmani_hafs":"إِنَّ","char_type_name":"word","page_number":583,"line_number":1,"text":"ﭑ","translation":{"text":"Indeed","language_name":"english","language_id":38},"transliteration":{"text":"inna","language_name":"english","language_id":38}},{"id":33850,"position":2,"audio_url":"wbw/078_031_002.mp3","qpc_uthmani_hafs":"لِلۡمُتَّقِينَ","char_type_name":"word","page_number":583,"line_number":1,"text":"ﭒ","translation":{"text":"for the righteous","language_name":"english","language_id":38},"transliteration":{"text":"lil'muttaqīna","language_name":"english","language_id":38}},{"id":33851,"position":3,"audio_url":"wbw/078_031_003.mp3","qpc_uthmani_hafs":"مَفَازًا","char_type_name":"word","page_number":583,"line_number":1,"text":"ﭓ","translation":{"text":"(is) success","language_name":"english","language_id":38},"transliteration":{"text":"mafāzan","language_name":"english","language_id":38}},{"id":33852,"position":4,"audio_url":null,"qpc_uthmani_hafs":"٣١","char_type_name":"end","page_number":583,"line_number":1,"text":"ﭔ","translation":{"text":"(31)","language_name":"english","language_id":38},"transliteration":{"text":null,"language_name":"english","language_id":38}}],"translations":[{"id":922132,"resource_id":134,"text":"Sesungguhnya orang-orang yang bertakwa mendapat kemenangan,"}]},{"id":5704,"verse_number":32,"verse_key":"78:32","juz_number":30,"hizb_number":59,"rub_el_hizb_number":233,"ruku_number":521,"manzil_number":7,"sajdah_number":null,"text_uthmani":"حَدَآئِقَ وَأَعْنَـٰبًا","page_number":583,"words":[{"id":34755,"position":1,"audio_url":"wbw/078_032_001.mp3","qpc_uthmani_hafs":"حَدَآئِقَ","char_type_name":"word","page_number":583,"line_number":1,"text":"ﭕ","translation":{"text":"Gardens","language_name":"english","language_id":38},"transliteration":{"text":"ḥadāiqa","language_name":"english","language_id":38}},{"id":34756,"position":2,"audio_url":"wbw/078_032_002.mp3","qpc_uthmani_hafs":"وَأَعۡنَٰبٗا","char_type_name":"word","page_number":583,"line_number":1,"text":"ﭖ","translation":{"text":"and grapevines","language_name":"english","language_id":38},"transliteration":{"text":"wa-aʿnāban","language_name":"english","language_id":38}},{"id":34757,"position":3,"audio_url":null,"qpc_uthmani_hafs":"٣٢","char_type_name":"end","page_number":583,"line_number":1,"text":"ﭗ","translation":{"text":"(32)","language_name":"english","language_id":38},"transliteration":{"text":null,"language_name":"english","language_id":38}}],"translations":[{"id":922133,"resource_id":134,"text":"(yaitu) kebun-kebun dan buah anggur,"}]},{"id":5705,"verse_number":33,"verse_key":"78:33","juz_number":30,"hizb_number":59,"rub_el_hizb_number":233,"ruku_number":521,"manzil_number":7,"sajdah_number":null,"text_uthmani":"وَكَوَاعِبَ أَتْرَابًا","page_number":583,"words":[{"id":36038,"position":1,"audio_url":"wbw/078_033_001.mp3","qpc_uthmani_hafs":"وَكَوَاعِبَ","char_type_name":"word","page_number":583,"line_number":1,"text":"ﭘ","translation":{"text":"And splendid companions","language_name":"english","language_id":38},"transliteration":{"text":"wakawāʿiba","language_name":"english","language_id":38}},{"id":36039,"position":2,"audio_url":"wbw/078_033_002.mp3","qpc_uthmani_hafs":"أَتۡرَابٗا","char_type_name":"word","page_number":583,"line_number":1,"text":"ﭙ","translation":{"text":"well-matched","language_name":"english","language_id":38},"transliteration":{"text":"atrāban","language_name":"english","language_id":38}},{"id":36040,"position":3,"audio_url":null,"qpc_uthmani_hafs":"٣٣","char_type_name":"end","page_number":583,"line_number":1,"text":"ﭚ","translation":{"text":"(33)","language_name":"english","language_id":38},"transliteration":{"text":null,"language_name":"english","language_id":38}}],"translations":[{"id":922134,"resource_id":134,"text":"dan gadis-gadis remaja yang sebaya,"}]},{"id":5706,"verse_number":34,"verse_key":"78:34","juz_number":30,"hizb_number":59,"rub_el_hizb_number":233,"ruku_number":521,"manzil_number":7,"sajdah_number":null,"text_uthmani":"وَكَأْسًا دِهَاقًا","page_number":583,"words":[{"id":36858,"position":1,"audio_url":"wbw/078_034_001.mp3","qpc_uthmani_hafs":"وَكَأۡسٗا","char_type_name":"word","page_number":583,"line_number":1,"text":"ﭛ","translation":{"text":"And a cup","language_name":"english","language_id":38},"transliteration":{"text":"wakasan","language_name":"english","language_id":38}},{"id":36859,"position":2,"audio_url":"wbw/078_034_002.mp3","qpc_uthmani_hafs":"دِهَاقٗا","char_type_name":"word","page_number":583,"line_number":2,"text":"ﭜ","translation":{"text":"full","language_name":"english","language_id":38},"transliteration":{"text":"dihāqan","language_name":"english","language_id":38}},{"id":36860,"position":3,"audio_url":null,"qpc_uthmani_hafs":"٣٤","char_type_name":"end","page_number":583,"line_number":2,"text":"ﭝ","translation":{"text":"(34)","language_name":"english","language_id":38},"transliteration":{"text":null,"language_name":"english","language_id":38}}],"translations":[{"id":922135,"resource_id":134,"text":"dan gelas-gelas yang penuh (berisi minuman)."}]},{"id":5707,"verse_number":35,"verse_key":"78:35","juz_number":30,"hizb_number":59,"rub_el_hizb_number":233,"ruku_number":521,"manzil_number":7,"sajdah_number":null,"text_uthmani":"لَّا يَسْمَعُونَ فِيهَا لَغْوًا وَلَا كِذَّٰبًا","page_number":583,"words":[{"id":37732,"position":1,"audio_url":"wbw/078_035_001.mp3","qpc_uthmani_hafs":"لَّا","char_type_name":"word","page_number":583,"line_number":2,"text":"ﭞ","translation":{"text":"Not","language_name":"english","language_id":38},"transliteration":{"text":"lā","language_name":"english","language_id":38}},{"id":37733,"position":2,"audio_url":"wbw/078_035_002.mp3","qpc_uthmani_hafs":"يَسۡمَعُونَ","char_type_name":"word","page_number":583,"line_number":2,"text":"ﭟ","translation":{"text":"they will hear","language_name":"english","language_id":38},"transliteration":{"text":"yasmaʿūna","language_name":"english","language_id":38}},{"id":37734,"position":3,"audio_url":"wbw/078_035_003.mp3","qpc_uthmani_hafs":"فِيهَا","char_type_name":"word","page_number":583,"line_number":2,"text":"ﭠ","translation":{"text":"therein","language_name":"english","language_id":38},"transliteration":{"text":"fīhā","language_name":"english","language_id":38}},{"id":37735,"position":4,"audio_url":"wbw/078_035_004.mp3","qpc_uthmani_hafs":"لَغۡوٗا","char_type_name":"word","page_number":583,"line_number":2,"text":"ﭡ","translation":{"text":"any vain talk","language_name":"english","language_id":38},"transliteration":{"text":"laghwan","language_name":"english","language_id":38}},{"id":37736,"position":5,"audio_url":"wbw/078_035_005.mp3","qpc_uthmani_hafs":"وَلَا","char_type_name":"word","page_number":583,"line_number":2,"text":"ﭢ","translation":{"text":"and not","language_name":"english","language_id":38},"transliteration":{"text":"walā","language_name":"english","language_id":38}},{"id":37737,"position":6,"audio_url":"wbw/078_035_006.mp3","qpc_uthmani_hafs":"كِذَّٰبٗا","char_type_name":"word","page_number":583,"line_number":2,"text":"ﭣ","translation":{"text":"any falsehood","language_name":"english","language_id":38},"transliteration":{"text":"kidhāban","language_name":"english","language_id":38}},{"id":37738,"position":7,"audio_url":null,"qpc_uthmani_hafs":"٣٥","char_type_name":"end","page_number":583,"line_number":2,"text":"ﭤ","translation":{"text":"(35)","language_name":"english","language_id":38},"transliteration":{"text":null,"language_name":"english","language_id":38}}],"translations":[{"id":922136,"resource_id":134,"text":"Di dalamnya mereka tidak mendengar perkataan yang sia-sia dan tidak (pula) perkataan dusta."}]},{"id":5708,"verse_number":36,"verse_key":"78:36","juz_number":30,"hizb_number":59,"rub_el_hizb_number":233,"ruku_number":521,"manzil_number":7,"sajdah_number":null,"text_uthmani":"جَزَآءً مِّن رَّبِّكَ عَطَآءً حِسَابًا","page_number":583,"words":[{"id":38535,"position":1,"audio_url":"wbw/078_036_001.mp3","qpc_uthmani_hafs":"جَزَآءٗ","char_type_name":"word","page_number":583,"line_number":2,"text":"ﭥ","translation":{"text":"(As) a reward","language_name":"english","language_id":38},"transliteration":{"text":"jazāan","language_name":"english","language_id":38}},{"id":38536,"position":2,"audio_url":"wbw/078_036_002.mp3","qpc_uthmani_hafs":"مِّن","char_type_name":"word","page_number":583,"line_number":2,"text":"ﭦ","translation":{"text":"from","language_name":"english","language_id":38},"transliteration":{"text":"min","language_name":"english","language_id":38}},{"id":38537,"position":3,"audio_url":"wbw/078_036_003.mp3","qpc_uthmani_hafs":"رَّبِّكَ","char_type_name":"word","page_number":583,"line_number":2,"text":"ﭧ","translation":{"text":"your Lord","language_name":"english","language_id":38},"transliteration":{"text":"rabbika","language_name":"english","language_id":38}},{"id":38538,"position":4,"audio_url":"wbw/078_036_004.mp3","qpc_uthmani_hafs":"عَطَآءً","char_type_name":"word","page_number":583,"line_number":2,"text":"ﭨ","translation":{"text":"a gift","language_name":"english","language_id":38},"transliteration":{"text":"ʿaṭāan","language_name":"english","language_id":38}},{"id":38539,"position":5,"audio_url":"wbw/078_036_005.mp3","qpc_uthmani_hafs":"حِسَابٗا","char_type_name":"word","page_number":583,"line_number":3,"text":"ﭩ","translation":{"text":"(according to) account","language_name":"english","language_id":38},"transliteration":{"text":"ḥisāban","language_name":"english","language_id":38}},{"id":38540,"position":6,"audio_url":null,"qpc_uthmani_hafs":"٣٦","char_type_name":"end","page_number":583,"line_number":3,"text":"ﭪ","translation":{"text":"(36)","language_name":"english","language_id":38},"transliteration":{"text":null,"language_name":"english","language_id":38}}],"translations":[{"id":922137,"resource_id":134,"text":"Sebagai balasan dari Tuhan-mu dan pemberian yang cukup banyak,"}]},{"id":5709,"verse_number":37,"verse_key":"78:37","juz_number":30,"hizb_number":59,"rub_el_hizb_number":233,"ruku_number":521,"manzil_number":7,"sajdah_number":null,"text_uthmani":"رَّبِّ ٱلسَّمَـٰوَٰتِ وَٱلْأَرْضِ وَمَا بَيْنَهُمَا ٱلرَّحْمَـٰنِ ۖ لَا يَمْلِكُونَ مِنْهُ خِطَابًا","page_number":583,"words":[{"id":39402,"position":1,"audio_url":"wbw/078_037_001.mp3","qpc_uthmani_hafs":"رَّبِّ","char_type_name":"word","page_number":583,"line_number":3,"text":"ﭫ","translation":{"text":"Lord","language_name":"english","language_id":38},"transliteration":{"text":"rabbi","language_name":"english","language_id":38}},{"id":39403,"position":2,"audio_url":"wbw/078_037_002.mp3","qpc_uthmani_hafs":"ٱلسَّمَٰوَٰتِ","char_type_name":"word","page_number":583,"line_number":3,"text":"ﭬ","translation":{"text":"(of) the heavens","language_name":"english","language_id":38},"transliteration":{"text":"l-samāwāti","language_name":"english","language_id":38}},{"id":39404,"position":3,"audio_url":"wbw/078_037_003.mp3","qpc_uthmani_hafs":"وَٱلۡأَرۡضِ","char_type_name":"word","page_number":583,"line_number":3,"text":"ﭭ","translation":{"text":"and the earth","language_name":"english","language_id":38},"transliteration":{"text":"wal-arḍi","language_name":"english","language_id":38}},{"id":39405,"position":4,"audio_url":"wbw/078_037_004.mp3","qpc_uthmani_hafs":"وَمَا","char_type_name":"word","page_number":583,"line_number":3,"text":"ﭮ","translation":{"text":"and whatever","language_name":"english","language_id":38},"transliteration":{"text":"wamā","language_name":"english","language_id":38}},{"id":39406,"position":5,"audio_url":"wbw/078_037_005.mp3","qpc_uthmani_hafs":"بَيۡنَهُمَا","char_type_name":"word","page_number":583,"line_number":3,"text":"ﭯ","translation":{"text":"(is) between both of them","language_name":"english","language_id":38},"transliteration":{"text":"baynahumā","language_name":"english","language_id":38}},{"id":39407,"position":6,"audio_url":"wbw/078_037_006.mp3","qpc_uthmani_hafs":"ٱلرَّحۡمَٰنِۖ","char_type_name":"word","page_number":583,"line_number":3,"text":"ﭰﭱ","translation":{"text":"the Most Gracious","language_name":"english","language_id":38},"transliteration":{"text":"l-raḥmāni","language_name":"english","language_id":38}},{"id":39409,"position":7,"audio_url":"wbw/078_037_008.mp3","qpc_uthmani_hafs":"لَا","char_type_name":"word","page_number":583,"line_number":3,"text":"ﭲ","translation":{"text":"not","language_name":"english","language_id":38},"transliteration":{"text":"lā","language_name":"english","language_id":38}},{"id":39410,"position":8,"audio_url":"wbw/078_037_009.mp3","qpc_uthmani_hafs":"يَمۡلِكُونَ","char_type_name":"word","page_number":583,"line_number":3,"text":"ﭳ","translation":{"text":"they have power","language_name":"english","language_id":38},"transliteration":{"text":"yamlikūna","language_name":"english","language_id":38}},{"id":39411,"position":9,"audio_url":"wbw/078_037_010.mp3","qpc_uthmani_hafs":"مِنۡهُ","char_type_name":"word","page_number":583,"line_number":4,"text":"ﭴ","translation":{"text":"from Him","language_name":"english","language_id":38},"transliteration":{"text":"min'hu","language_name":"english","language_id":38}},{"id":39412,"position":10,"audio_url":"wbw/078_037_011.mp3","qpc_uthmani_hafs":"خِطَابٗا","char_type_name":"word","page_number":583,"line_number":4,"text":"ﭵ","translation":{"text":"(to) address","language_name":"english","language_id":38},"transliteration":{"text":"khiṭāban","language_name":"english","language_id":38}},{"id":39413,"position":11,"audio_url":null,"qpc_uthmani_hafs":"٣٧","char_type_name":"end","page_number":583,"line_number":4,"text":"ﭶ","translation":{"text":"(37)","language_name":"english","language_id":38},"transliteration":{"text":null,"language_name":"english","language_id":38}}],"translations":[{"id":922138,"resource_id":134,"text":"Tuhan Yang memelihara langit dan bumi dan apa yang ada di antara keduanya; Yang Maha Pemurah. Mereka tidak dapat berbicara dengan Dia."}]},{"id":5710,"verse_number":38,"verse_key":"78:38","juz_number":30,"hizb_number":59,"rub_el_hizb_number":233,"ruku_number":521,"manzil_number":7,"sajdah_number":null,"text_uthmani":"يَوْمَ يَقُومُ ٱلرُّوحُ وَٱلْمَلَـٰٓئِكَةُ صَفًّا ۖ لَّا يَتَكَلَّمُونَ إِلَّا مَنْ أَذِنَ لَهُ ٱلرَّحْمَـٰنُ وَقَالَ صَوَابًا","page_number":583,"words":[{"id":40124,"position":1,"audio_url":"wbw/078_038_001.mp3","qpc_uthmani_hafs":"يَوۡمَ","char_type_name":"word","page_number":583,"line_number":4,"text":"ﭷ","translation":{"text":"(The) Day","language_name":"english","language_id":38},"transliteration":{"text":"yawma","language_name":"english","language_id":38}},{"id":40125,"position":2,"audio_url":"wbw/078_038_002.mp3","qpc_uthmani_hafs":"يَقُومُ","char_type_name":"word","page_number":583,"line_number":4,"text":"ﭸ","translation":{"text":"will stand","language_name":"english","language_id":38},"transliteration":{"text":"yaqūmu","language_name":"english","language_id":38}},{"id":40126,"position":3,"audio_url":"wbw/078_038_003.mp3","qpc_uthmani_hafs":"ٱلرُّوحُ","char_type_name":"word","page_number":583,"line_number":4,"text":"ﭹ","translation":{"text":"the Spirit","language_name":"english","language_id":38},"transliteration":{"text":"l-rūḥu","language_name":"english","language_id":38}},{"id":40127,"position":4,"audio_url":"wbw/078_038_004.mp3","qpc_uthmani_hafs":"وَٱلۡمَلَٰٓئِكَةُ","char_type_name":"word","page_number":583,"line_number":4,"text":"ﭺ","translation":{"text":"and the Angels","language_name":"english","language_id":38},"transliteration":{"text":"wal-malāikatu","language_name":"english","language_id":38}},{"id":40128,"position":5,"audio_url":"wbw/078_038_005.mp3","qpc_uthmani_hafs":"صَفّٗاۖ","char_type_name":"word","page_number":583,"line_number":4,"text":"ﭻﭼ","translation":{"text":"(in) rows","language_name":"english","language_id":38},"transliteration":{"text":"ṣaffan","language_name":"english","language_id":38}},{"id":40130,"position":6,"audio_url":"wbw/078_038_007.mp3","qpc_uthmani_hafs":"لَّا","char_type_name":"word","page_number":583,"line_number":4,"text":"ﭽ","translation":{"text":"not","language_name":"english","language_id":38},"transliteration":{"text":"lā","language_name":"english","language_id":38}},{"id":40131,"position":7,"audio_url":"wbw/078_038_008.mp3","qpc_uthmani_hafs":"يَتَكَلَّمُونَ","char_type_name":"word","page_number":583,"line_number":4,"text":"ﭾ","translation":{"text":"they will speak","language_name":"english","language_id":38},"transliteration":{"text":"yatakallamūna","language_name":"english","language_id":38}},{"id":40132,"position":8,"audio_url":"wbw/078_038_009.mp3","qpc_uthmani_hafs":"إِلَّا","char_type_name":"word","page_number":583,"line_number":5,"text":"ﭿ","translation":{"text":"except","language_name":"english","language_id":38},"transliteration":{"text":"illā","language_name":"english","language_id":38}},{"id":40133,"position":9,"audio_url":"wbw/078_038_010.mp3","qpc_uthmani_hafs":"مَنۡ","char_type_name":"word","page_number":583,"line_number":5,"text":"ﮀ","translation":{"text":"(one) who ","language_name":"english","language_id":38},"transliteration":{"text":"man","language_name":"english","language_id":38}},{"id":40134,"position":10,"audio_url":"wbw/078_038_011.mp3","qpc_uthmani_hafs":"أَذِنَ","char_type_name":"word","page_number":583,"line_number":5,"text":"ﮁ","translation":{"text":"permits","language_name":"english","language_id":38},"transliteration":{"text":"adhina","language_name":"english","language_id":38}},{"id":40135,"position":11,"audio_url":"wbw/078_038_012.mp3","qpc_uthmani_hafs":"لَهُ","char_type_name":"word","page_number":583,"line_number":5,"text":"ﮂ","translation":{"text":"[for] him","language_name":"english","language_id":38},"transliteration":{"text":"lahu","language_name":"english","language_id":38}},{"id":40136,"position":12,"audio_url":"wbw/078_038_013.mp3","qpc_uthmani_hafs":"ٱلرَّحۡمَٰنُ","char_type_name":"word","page_number":583,"line_number":5,"text":"ﮃ","translation":{"text":"the Most Gracious","language_name":"english","language_id":38},"transliteration":{"text":"l-raḥmānu","language_name":"english","language_id":38}},{"id":40137,"position":13,"audio_url":"wbw/078_038_014.mp3","qpc_uthmani_hafs":"وَقَالَ","char_type_name":"word","page_number":583,"line_number":5,"text":"ﮄ","translation":{"text":"and he (will) say","language_name":"english","language_id":38},"transliteration":{"text":"waqāla","language_name":"english","language_id":38}},{"id":40138,"position":14,"audio_url":"wbw/078_038_015.mp3","qpc_uthmani_hafs":"صَوَابٗا","char_type_name":"word","page_number":583,"line_number":5,"text":"ﮅ","translation":{"text":"(what is) correct","language_name":"english","language_id":38},"transliteration":{"text":"ṣawāban","language_name":"english","language_id":38}},{"id":40139,"position":15,"audio_url":null,"qpc_uthmani_hafs":"٣٨","char_type_name":"end","page_number":583,"line_number":5,"text":"ﮆ","translation":{"text":"(38)","language_name":"english","language_id":38},"transliteration":{"text":null,"language_name":"english","language_id":38}}],"translations":[{"id":922139,"resource_id":134,"text":"Pada hari, ketika roh<sup foot_note=211319>1</sup> dan para malaikat berdiri bersaf-saf, mereka tidak berkata-kata, kecuali siapa yang telah diberi izin kepadanya oleh Tuhan Yang Maha Pemurah; dan ia mengucapkan kata yang benar."}]},{"id":5711,"verse_number":39,"verse_key":"78:39","juz_number":30,"hizb_number":59,"rub_el_hizb_number":233,"ruku_number":521,"manzil_number":7,"sajdah_number":null,"text_uthmani":"ذَٰلِكَ ٱلْيَوْمُ ٱلْحَقُّ ۖ فَمَن شَآءَ ٱتَّخَذَ إِلَىٰ رَبِّهِۦ مَـَٔابًا","page_number":583,"words":[{"id":40931,"position":1,"audio_url":"wbw/078_039_001.mp3","qpc_uthmani_hafs":"ذَٰلِكَ","char_type_name":"word","page_number":583,"line_number":5,"text":"ﮇ","translation":{"text":"That","language_name":"english","language_id":38},"transliteration":{"text":"dhālika","language_name":"english","language_id":38}},{"id":40932,"position":2,"audio_url":"wbw/078_039_002.mp3","qpc_uthmani_hafs":"ٱلۡيَوۡمُ","char_type_name":"word","page_number":583,"line_number":5,"text":"ﮈ","translation":{"text":"(is) the Day","language_name":"english","language_id":38},"transliteration":{"text":"l-yawmu","language_name":"english","language_id":38}},{"id":40933,"position":3,"audio_url":"wbw/078_039_003.mp3","qpc_uthmani_hafs":"ٱلۡحَقُّۖ","char_type_name":"word","page_number":583,"line_number":5,"text":"ﮉﮊ","translation":{"text":"the True","language_name":"english","language_id":38},"transliteration":{"text":"l-ḥaqu","language_name":"english","language_id":38}},{"id":40935,"position":4,"audio_url":"wbw/078_039_005.mp3","qpc_uthmani_hafs":"فَمَن","char_type_name":"word","page_number":583,"line_number":5,"text":"ﮋ","translation":{"text":"So whoever","language_name":"english","language_id":38},"transliteration":{"text":"faman","language_name":"english","language_id":38}},{"id":40936,"position":5,"audio_url":"wbw/078_039_006.mp3","qpc_uthmani_hafs":"شَآءَ","char_type_name":"word","page_number":583,"line_number":6,"text":"ﮌ","translation":{"text":"wills","language_name":"english","language_id":38},"transliteration":{"text":"shāa","language_name":"english","language_id":38}},{"id":40937,"position":6,"audio_url":"wbw/078_039_007.mp3","qpc_uthmani_hafs":"ٱتَّخَذَ","char_type_name":"word","page_number":583,"line_number":6,"text":"ﮍ","translation":{"text":"let him take","language_name":"english","language_id":38},"transliteration":{"text":"ittakhadha","language_name":"english","language_id":38}},{"id":40938,"position":7,"audio_url":"wbw/078_039_008.mp3","qpc_uthmani_hafs":"إِلَىٰ","char_type_name":"word","page_number":583,"line_number":6,"text":"ﮎ","translation":{"text":"towards","language_name":"english","language_id":38},"transliteration":{"text":"ilā","language_name":"english","language_id":38}},{"id":40939,"position":8,"audio_url":"wbw/078_039_009.mp3","qpc_uthmani_hafs":"رَبِّهِۦ","char_type_name":"word","page_number":583,"line_number":6,"text":"ﮏ","translation":{"text":"his Lord","language_name":"english","language_id":38},"transliteration":{"text":"rabbihi","language_name":"english","language_id":38}},{"id":40940,"position":9,"audio_url":"wbw/078_039_010.mp3","qpc_uthmani_hafs":"مَـَٔابًا","char_type_name":"word","page_number":583,"line_number":6,"text":"ﮐ","translation":{"text":"a return","language_name":"english","language_id":38},"transliteration":{"text":"maāban","language_name":"english","language_id":38}},{"id":40941,"position":10,"audio_url":null,"qpc_uthmani_hafs":"٣٩","char_type_name":"end","page_number":583,"line_number":6,"text":"ﮑ","translation":{"text":"(39)","language_name":"english","language_id":38},"transliteration":{"text":null,"language_name":"english","language_id":38}}],"translations":[{"id":922140,"resource_id":134,"text":"Itulah hari yang pasti terjadi.  Maka barang siapa yang menghendaki, niscaya ia menempuh jalan kembali kepada Tuhan-nya."}]},{"id":5712,"verse_number":40,"verse_key":"78:40","juz_number":30,"hizb_number":59,"rub_el_hizb_number":233,"ruku_number":521,"manzil_number":7,"sajdah_number":null,"text_uthmani":"إِنَّآ أَنذَرْنَـٰكُمْ عَذَابًا قَرِيبًا يَوْمَ يَنظُرُ ٱلْمَرْءُ مَا قَدَّمَتْ يَدَاهُ وَيَقُولُ ٱلْكَافِرُ يَـٰلَيْتَنِى كُنتُ تُرَٰبًۢا","page_number":583,"words":[{"id":41863,"position":1,"audio_url":"wbw/078_040_001.mp3","qpc_uthmani_hafs":"إِنَّآ","char_type_name":"word","page_number":583,"line_number":6,"text":"ﮒ","translation":{"text":"Indeed We","language_name":"english","language_id":38},"transliteration":{"text":"innā","language_name":"english","language_id":38}},{"id":41864,"position":2,"audio_url":"wbw/078_040_002.mp3","qpc_uthmani_hafs":"أَنذَرۡنَٰكُمۡ","char_type_name":"word","page_number":583,"line_number":6,"text":"ﮓ","translation":{"text":"[We] have warned you","language_name":"english","language_id":38},"transliteration":{"text":"andharnākum","language_name":"english","language_id":38}},{"id":41865,"position":3,"audio_url":"wbw/078_040_003.mp3","qpc_uthmani_hafs":"عَذَابٗا","char_type_name":"word","page_number":583,"line_number":6,"text":"ﮔ","translation":{"text":"(of) a punishment","language_name":"english","language_id":38},"transliteration":{"text":"ʿadhāban","language_name":"english","language_id":38}},{"id":41866,"position":4,"audio_url":"wbw/078_040_004.mp3","qpc_uthmani_hafs":"قَرِيبٗا","char_type_name":"word","page_number":583,"line_number":6,"text":"ﮕ","translation":{"text":"near","language_name":"english","language_id":38},"transliteration":{"text":"qarīban","language_name":"english","language_id":38}},{"id":41867,"position":5,"audio_url":"wbw/078_040_005.mp3","qpc_uthmani_hafs":"يَوۡمَ","char_type_name":"word","page_number":583,"line_number":6,"text":"ﮖ","translation":{"text":"(the) Day","language_name":"english","language_id":38},"transliteration":{"text":"yawma","language_name":"english","language_id":38}},{"id":41868,"position":6,"audio_url":"wbw/078_040_006.mp3","qpc_uthmani_hafs":"يَنظُرُ","char_type_name":"word","page_number":583,"line_number":7,"text":"ﮗ","translation":{"text":"will see","language_name":"english","language_id":38},"transliteration":{"text":"yanẓuru","language_name":"english","language_id":38}},{"id":41869,"position":7,"audio_url":"wbw/078_040_007.mp3","qpc_uthmani_hafs":"ٱلۡمَرۡءُ","char_type_name":"word","page_number":583,"line_number":7,"text":"ﮘ","translation":{"text":"the man","language_name":"english","language_id":38},"transliteration":{"text":"l-maru","language_name":"english","language_id":38}},{"id":41870,"position":8,"audio_url":"wbw/078_040_008.mp3","qpc_uthmani_hafs":"مَا","char_type_name":"word","page_number":583,"line_number":7,"text":"ﮙ","translation":{"text":"what","language_name":"english","language_id":38},"transliteration":{"text":"mā","language_name":"english","language_id":38}},{"id":41871,"position":9,"audio_url":"wbw/078_040_009.mp3","qpc_uthmani_hafs":"قَدَّمَتۡ","char_type_name":"word","page_number":583,"line_number":7,"text":"ﮚ","translation":{"text":"have sent forth","language_name":"english","language_id":38},"transliteration":{"text":"qaddamat","language_name":"english","language_id":38}},{"id":41872,"position":10,"audio_url":"wbw/078_040_010.mp3","qpc_uthmani_hafs":"يَدَاهُ","char_type_name":"word","page_number":583,"line_number":7,"text":"ﮛ","translation":{"text":"his hands","language_name":"english","language_id":38},"transliteration":{"text":"yadāhu","language_name":"english","language_id":38}},{"id":41873,"position":11,"audio_url":"wbw/078_040_011.mp3","qpc_uthmani_hafs":"وَيَقُولُ","char_type_name":"word","page_number":583,"line_number":7,"text":"ﮜ","translation":{"text":"and will say","language_name":"english","language_id":38},"transliteration":{"text":"wayaqūlu","language_name":"english","language_id":38}},{"id":41874,"position":12,"audio_url":"wbw/078_040_012.mp3","qpc_uthmani_hafs":"ٱلۡكَافِرُ","char_type_name":"word","page_number":583,"line_number":7,"text":"ﮝ","translation":{"text":"the disbeliever","language_name":"english","language_id":38},"transliteration":{"text":"l-kāfiru","language_name":"english","language_id":38}},{"id":41875,"position":13,"audio_url":"wbw/078_040_013.mp3","qpc_uthmani_hafs":"يَٰلَيۡتَنِي","char_type_name":"word","page_number":583,"line_number":7,"text":"ﮞ","translation":{"text":"O I wish","language_name":"english","language_id":38},"transliteration":{"text":"yālaytanī","language_name":"english","language_id":38}},{"id":41876,"position":14,"audio_url":"wbw/078_040_014.mp3","qpc_uthmani_hafs":"كُنتُ","char_type_name":"word","page_number":583,"line_number":7,"text":"ﮟ","translation":{"text":"I were","language_name":"english","language_id":38},"transliteration":{"text":"kuntu","language_name":"english","language_id":38}},{"id":41877,"position":15,"audio_url":"wbw/078_040_015.mp3","qpc_uthmani_hafs":"تُرَٰبَۢا","char_type_name":"word","page_number":583,"line_number":7,"text":"ﮠ","translation":{"text":"dust","language_name":"english","language_id":38},"transliteration":{"text":"turāban","language_name":"english","language_id":38}},{"id":41878,"position":16,"audio_url":null,"qpc_uthmani_hafs":"٤٠","char_type_name":"end","page_number":583,"line_number":7,"text":"ﮡ","translation":{"text":"(40)","language_name":"english","language_id":38},"transliteration":{"text":null,"language_name":"english","language_id":38}}],"translations":[{"id":922141,"resource_id":134,"text":"Sesungguhnya Kami telah memperingatkan kepadamu (hai orang kafir) siksa yang dekat, pada hari manusia melihat apa yang telah diperbuat oleh kedua tangannya; dan orang kafir berkata, \"Alangkah baiknya sekiranya aku dahulu adalah tanah\"."}]},{"id":5713,"verse_number":1,"verse_key":"79:1","juz_number":30,"hizb_number":59,"rub_el_hizb_number":233,"ruku_number":522,"manzil_number":7,"sajdah_number":null,"text_uthmani":" وَٱلنَّـٰزِعَـٰتِ غَرْقًا","page_number":583,"words":[{"id":679,"position":1,"audio_url":"wbw/079_001_001.mp3","qpc_uthmani_hafs":"وَٱلنَّٰزِعَٰتِ","char_type_name":"word","page_number":583,"line_number":10,"text":"ﮢ","translation":{"text":"By those who extract","language_name":"english","language_id":38},"transliteration":{"text":"wal-nāziʿāti","language_name":"english","language_id":38}},{"id":680,"position":2,"audio_url":"wbw/079_001_002.mp3","qpc_uthmani_hafs":"غَرۡقٗا","char_type_name":"word","page_number":583,"line_number":10,"text":"ﮣ","translation":{"text":"violently","language_name":"english","language_id":38},"transliteration":{"text":"gharqan","language_name":"english","language_id":38}},{"id":681,"position":3,"audio_url":null,"qpc_uthmani_hafs":"١","char_type_name":"end","page_number":583,"line_number":10,"text":"ﮤ","translation":{"text":"(1)","language_name":"english","language_id":38},"transliteration":{"text":null,"language_name":"english","language_id":38}}],"translations":[{"id":922142,"resource_id":134,"text":"Demi (malaikat-malaikat) yang mencabut (nyawa) dengan keras,"}]},{"id":5714,"verse_number":2,"verse_key":"79:2","juz_number":30,"hizb_number":59,"rub_el_hizb_number":233,"ruku_number":522,"manzil_number":7,"sajdah_number":null,"text_uthmani":"وَٱلنَّـٰشِطَـٰتِ نَشْطًا","page_number":583,"words":[{"id":1695,"position":1,"audio_url":"wbw/079_002_001.mp3","qpc_uthmani_hafs":"وَٱلنَّٰشِطَٰتِ","char_type_name":"word","page_number":583,"line_number":10,"text":"ﮥ","translation":{"text":"And those who draw out","language_name":"english","language_id":38},"transliteration":{"text":"wal-nāshiṭāti","language_name":"english","language_id":38}},{"id":1696,"position":2,"audio_url":"wbw/079_002_002.mp3","qpc_uthmani_hafs":"نَشۡطٗا","char_type_name":"word","page_number":583,"line_number":10,"text":"ﮦ","translation":{"text":"gently","language_name":"english","language_id":38},"transliteration":{"text":"nashṭan","language_name":"english","language_id":38}},{"id":1697,"position":3,"audio_url":null,"qpc_uthmani_hafs":"٢","char_type_name":"end","page_number":583,"line_number":10,"text":"ﮧ","translation":{"text":"(2)","language_name":"english","language_id":38},"transliteration":{"text":null,"language_name":"english","language_id":38}}],"translations":[{"id":922143,"resource_id":134,"text":"dan (malaikat-malaikat) yang mencabut (nyawa) dengan lemah-lembut,"}]},{"id":5715,"verse_number":3,"verse_key":"79:3","juz_number":30,"hizb_number":59,"rub_el_hizb_number":233,"ruku_number":522,"manzil_number":7,"sajdah_number":null,"text_uthmani":"وَٱلسَّـٰبِحَـٰتِ سَبْحًا","page_number":583,"words":[{"id":2804,"position":1,"audio_url":"wbw/079_003_001.mp3","qpc_uthmani_hafs":"وَٱلسَّٰبِحَٰتِ","char_type_name":"word","page_number":583,"line_number":10,"text":"ﮨ","translation":{"text":"And those who glide","language_name":"english","language_id":38},"transliteration":{"text":"wal-sābiḥāti","language_name":"english","language_id":38}},{"id":2805,"position":2,"audio_url":"wbw/079_003_002.mp3","qpc_uthmani_hafs":"سَبۡحٗا","char_type_name":"word","page_number":583,"line_number":10,"text":"ﮩ","translation":{"text":"swimming","language_name":"english","language_id":38},"transliteration":{"text":"sabḥan","language_name":"english","language_id":38}},{"id":2806,"position":3,"audio_url":null,"qpc_uthmani_hafs":"٣","char_type_name":"end","page_number":583,"line_number":11,"text":"ﮪ","translation":{"text":"(3)","language_name":"english","language_id":38},"transliteration":{"text":null,"language_name":"english","language_id":38}}],"translations":[{"id":922144,"resource_id":134,"text":"dan (malaikat-malaikat) yang turun dari langit dengan cepat,"}]},{"id":5716,"verse_number":4,"verse_key":"79:4","juz_number":30,"hizb_number":59,"rub_el_hizb_number":233,"ruku_number":522,"manzil_number":7,"sajdah_number":null,"text_uthmani":"فَٱلسَّـٰبِقَـٰتِ سَبْقًا","page_number":583,"words":[{"id":4178,"position":1,"audio_url":"wbw/079_004_001.mp3","qpc_uthmani_hafs":"فَٱلسَّٰبِقَٰتِ","char_type_name":"word","page_number":583,"line_number":11,"text":"ﮫ","translation":{"text":"And those who race each other","language_name":"english","language_id":38},"transliteration":{"text":"fal-sābiqāti","language_name":"english","language_id":38}},{"id":4179,"position":2,"audio_url":"wbw/079_004_002.mp3","qpc_uthmani_hafs":"سَبۡقٗا","char_type_name":"word","page_number":583,"line_number":11,"text":"ﮬ","translation":{"text":"(in) a race","language_name":"english","language_id":38},"transliteration":{"text":"sabqan","language_name":"english","language_id":38}},{"id":4180,"position":3,"audio_url":null,"qpc_uthmani_hafs":"٤","char_type_name":"end","page_number":583,"line_number":11,"text":"ﮭ","translation":{"text":"(4)","language_name":"english","language_id":38},"transliteration":{"text":null,"language_name":"english","language_id":38}}],"translations":[{"id":922145,"resource_id":134,"text":"dan (malaikat-malaikat) yang mendahului dengan kencang,"}]},{"id":5717,"verse_number":5,"verse_key":"79:5","juz_number":30,"hizb_number":59,"rub_el_hizb_number":233,"ruku_number":522,"manzil_number":7,"sajdah_number":null,"text_uthmani":"فَٱلْمُدَبِّرَٰتِ أَمْرًا","page_number":583,"words":[{"id":5452,"position":1,"audio_url":"wbw/079_005_001.mp3","qpc_uthmani_hafs":"فَٱلۡمُدَبِّرَٰتِ","char_type_name":"word","page_number":583,"line_number":11,"text":"ﮮ","translation":{"text":"And those who arrange","language_name":"english","language_id":38},"transliteration":{"text":"fal-mudabirāti","language_name":"english","language_id":38}},{"id":5453,"position":2,"audio_url":"wbw/079_005_002.mp3","qpc_uthmani_hafs":"أَمۡرٗا","char_type_name":"word","page_number":583,"line_number":11,"text":"ﮯ","translation":{"text":"(the) matter","language_name":"english","language_id":38},"transliteration":{"text":"amran","language_name":"english","language_id":38}},{"id":5454,"position":3,"audio_url":null,"qpc_uthmani_hafs":"٥","char_type_name":"end","page_number":583,"line_number":11,"text":"ﮰ","translation":{"text":"(5)","language_name":"english","language_id":38},"transliteration":{"text":null,"language_name":"english","language_id":38}}],"translations":[{"id":922146,"resource_id":134,"text":"dan (malaikat-malaikat) yang mengatur urusan (dunia).<sup foot_note=211320>1</sup>"}]},{"id":5718,"verse_number":6,"verse_key":"79:6","juz_number":30,"hizb_number":59,"rub_el_hizb_number":233,"ruku_number":522,"manzil_number":7,"sajdah_number":null,"text_uthmani":"يَوْمَ تَرْجُفُ ٱلرَّاجِفَةُ","page_number":583,"words":[{"id":6681,"position":1,"audio_url":"wbw/079_006_001.mp3","qpc_uthmani_hafs":"يَوۡمَ","char_type_name":"word","page_number":583,"line_number":11,"text":"ﮱ","translation":{"text":"(The) Day","language_name":"english","language_id":38},"transliteration":{"text":"yawma","language_name":"english","language_id":38}},{"id":6682,"position":2,"audio_url":"wbw/079_006_002.mp3","qpc_uthmani_hafs":"تَرۡجُفُ","char_type_name":"word","page_number":583,"line_number":11,"text":"ﯓ","translation":{"text":"will quake","language_name":"english","language_id":38},"transliteration":{"text":"tarjufu","language_name":"english","language_id":38}},{"id":6683,"position":3,"audio_url":"wbw/079_006_003.mp3","qpc_uthmani_hafs":"ٱلرَّاجِفَةُ","char_type_name":"word","page_number":583,"line_number":11,"text":"ﯔ","translation":{"text":"the quaking one","language_name":"english","language_id":38},"transliteration":{"text":"l-rājifatu","language_name":"english","language_id":38}},{"id":6684,"position":4,"audio_url":null,"qpc_uthmani_hafs":"٦","char_type_name":"end","page_number":583,"line_number":12,"text":"ﯕ","translation":{"text":"(6)","language_name":"english","language_id":38},"transliteration":{"text":null,"language_name":"english","language_id":38}}],"translations":[{"id":922147,"resource_id":134,"text":"(Sesungguhnya kamu akan dibangkitkan) pada hari ketika tiupan pertama mengguncangkan alam,"}]},{"id":5719,"verse_number":7,"verse_key":"79:7","juz_number":30,"hizb_number":59,"rub_el_hizb_number":233,"ruku_number":522,"manzil_number":7,"sajdah_number":null,"text_uthmani":"تَتْبَعُهَا ٱلرَّادِفَةُ","page_number":583,"words":[{"id":8026,"position":1,"audio_url":"wbw/079_007_001.mp3","qpc_uthmani_hafs":"تَتۡبَعُهَا","char_type_name":"word","page_number":583,"line_number":12,"text":"ﯖ","translation":{"text":"Follows it","language_name":"english","language_id":38},"transliteration":{"text":"tatbaʿuhā","language_name":"english","language_id":38}},{"id":8027,"position":2,"audio_url":"wbw/079_007_002.mp3","qpc_uthmani_hafs":"ٱلرَّادِفَةُ","char_type_name":"word","page_number":583,"line_number":12,"text":"ﯗ","translation":{"text":"the subsequent","language_name":"english","language_id":38},"transliteration":{"text":"l-rādifatu","language_name":"english","language_id":38}},{"id":8028,"position":3,"audio_url":null,"qpc_uthmani_hafs":"٧","char_type_name":"end","page_number":583,"line_number":12,"text":"ﯘ","translation":{"text":"(7)","language_name":"english","language_id":38},"transliteration":{"text":null,"language_name":"english","language_id":38}}],"translations":[{"id":922148,"resource_id":134,"text":"tiupan pertama itu diiringi oleh tiupan kedua."}]},{"id":5720,"verse_number":8,"verse_key":"79:8","juz_number":30,"hizb_number":59,"rub_el_hizb_number":233,"ruku_number":522,"manzil_number":7,"sajdah_number":null,"text_uthmani":"قُلُوبٌ يَوْمَئِذٍ وَاجِفَةٌ","page_number":583,"words":[{"id":9189,"position":1,"audio_url":"wbw/079_008_001.mp3","qpc_uthmani_hafs":"قُلُوبٞ","char_type_name":"word","page_number":583,"line_number":12,"text":"ﯙ","translation":{"text":"Hearts","language_name":"english","language_id":38},"transliteration":{"text":"qulūbun","language_name":"english","language_id":38}},{"id":9190,"position":2,"audio_url":"wbw/079_008_002.mp3","qpc_uthmani_hafs":"يَوۡمَئِذٖ","char_type_name":"word","page_number":583,"line_number":12,"text":"ﯚ","translation":{"text":"that Day","language_name":"english","language_id":38},"transliteration":{"text":"yawma-idhin","language_name":"english","language_id":38}},{"id":9191,"position":3,"audio_url":"wbw/079_008_003.mp3","qpc_uthmani_hafs":"وَاجِفَةٌ","char_type_name":"word","page_number":583,"line_number":12,"text":"ﯛ","translation":{"text":"will palpitate","language_name":"english","language_id":38},"transliteration":{"text":"wājifatun","language_name":"english","language_id":38}},{"id":9192,"position":4,"audio_url":null,"qpc_uthmani_hafs":"٨","char_type_name":"end","page_number":583,"line_number":12,"text":"ﯜ","translation":{"text":"(8)","language_name":"english","language_id":38},"transliteration":{"text":null,"language_name":"english","language_id":38}}],"translations":[{"id":922149,"resource_id":134,"text":"Hati manusia pada waktu itu sangat takut,"}]},{"id":5721,"verse_number":9,"verse_key":"79:9","juz_number":30,"hizb_number":59,"rub_el_hizb_number":233,"ruku_number":522,"manzil_number":7,"sajdah_number":null,"text_uthmani":"أَبْصَـٰرُهَا خَـٰشِعَةٌ","page_number":583,"words":[{"id":10401,"position":1,"audio_url":"wbw/079_009_001.mp3","qpc_uthmani_hafs":"أَبۡصَٰرُهَا","char_type_name":"word","page_number":583,"line_number":12,"text":"ﯝ","translation":{"text":"Their eyes","language_name":"english","language_id":38},"transliteration":{"text":"abṣāruhā","language_name":"english","language_id":38}},{"id":10402,"position":2,"audio_url":"wbw/079_009_002.mp3","qpc_uthmani_hafs":"خَٰشِعَةٞ","char_type_name":"word","page_number":583,"line_number":13,"text":"ﯞ","translation":{"text":"humbled","language_name":"english","language_id":38},"transliteration":{"text":"khāshiʿatun","language_name":"english","language_id":38}},{"id":10403,"position":3,"audio_url":null,"qpc_uthmani_hafs":"٩","char_type_name":"end","page_number":583,"line_number":13,"text":"ﯟ","translation":{"text":"(9)","language_name":"english","language_id":38},"transliteration":{"text":null,"language_name":"english","language_id":38}}],"translations":[{"id":922150,"resource_id":134,"text":"pandangannya tunduk."}]},{"id":5722,"verse_number":10,"verse_key":"79:10","juz_number":30,"hizb_number":59,"rub_el_hizb_number":233,"ruku_number":522,"manzil_number":7,"sajdah_number":null,"text_uthmani":"يَقُولُونَ أَءِنَّا لَمَرْدُودُونَ فِى ٱلْحَافِرَةِ","page_number":583,"words":[{"id":11628,"position":1,"audio_url":"wbw/079_010_001.mp3","qpc_uthmani_hafs":"يَقُولُونَ","char_type_name":"word","page_number":583,"line_number":13,"text":"ﯠ","translation":{"text":"They say","language_name":"english","language_id":38},"transliteration":{"text":"yaqūlūna","language_name":"english","language_id":38}},{"id":11629,"position":2,"audio_url":"wbw/079_010_002.mp3","qpc_uthmani_hafs":"أَءِنَّا","char_type_name":"word","page_number":583,"line_number":13,"text":"ﯡ","translation":{"text":"Will we","language_name":"english","language_id":38},"transliteration":{"text":"a-innā","language_name":"english","language_id":38}},{"id":11630,"position":3,"audio_url":"wbw/079_010_003.mp3","qpc_uthmani_hafs":"لَمَرۡدُودُونَ","char_type_name":"word","page_number":583,"line_number":13,"text":"ﯢ","translation":{"text":"indeed be returned","language_name":"english","language_id":38},"transliteration":{"text":"lamardūdūna","language_name":"english","language_id":38}},{"id":11631,"position":4,"audio_url":"wbw/079_010_004.mp3","qpc_uthmani_hafs":"فِي","char_type_name":"word","page_number":583,"line_number":13,"text":"ﯣ","translation":{"text":"to","language_name":"english","language_id":38},"transliteration":{"text":"fī","language_name":"english","language_id":38}},{"id":11632,"position":5,"audio_url":"wbw/079_010_005.mp3","qpc_uthmani_hafs":"ٱلۡحَافِرَةِ","char_type_name":"word","page_number":583,"line_number":13,"text":"ﯤ","translation":{"text":"the former state","language_name":"english","language_id":38},"transliteration":{"text":"l-ḥāfirati","language_name":"english","language_id":38}},{"id":11633,"position":6,"audio_url":null,"qpc_uthmani_hafs":"١٠","char_type_name":"end","page_number":583,"line_number":13,"text":"ﯥ","translation":{"text":"(10)","language_name":"english","language_id":38},"transliteration":{"text":null,"language_name":"english","language_id":38}}],"translations":[{"id":922151,"resource_id":134,"text":"(Orang-orang kafir) berkata, \"Apakah sesungguhnya kami benar-benar dikembalikan kepada kehidupan semula<sup foot_note=211321>1</sup>?"}]},{"id":5723,"verse_number":11,"verse_key":"79:11","juz_number":30,"hizb_number":59,"rub_el_hizb_number":233,"ruku_number":522,"manzil_number":7,"sajdah_number":null,"text_uthmani":"أَءِذَا كُنَّا عِظَـٰمًا نَّخِرَةً","page_number":583,"words":[{"id":12979,"position":1,"audio_url":"wbw/079_011_001.mp3","qpc_uthmani_hafs":"أَءِذَا","char_type_name":"word","page_number":583,"line_number":13,"text":"ﯦ","translation":{"text":"What! When","language_name":"english","language_id":38},"transliteration":{"text":"a-idhā","language_name":"english","language_id":38}},{"id":12980,"position":2,"audio_url":"wbw/079_011_002.mp3","qpc_uthmani_hafs":"كُنَّا","char_type_name":"word","page_number":583,"line_number":13,"text":"ﯧ","translation":{"text":"we are","language_name":"english","language_id":38},"transliteration":{"text":"kunnā","language_name":"english","language_id":38}},{"id":12981,"position":3,"audio_url":"wbw/079_011_003.mp3","qpc_uthmani_hafs":"عِظَٰمٗا","char_type_name":"word","page_number":583,"line_number":14,"text":"ﯨ","translation":{"text":"bones","language_name":"english","language_id":38},"transliteration":{"text":"ʿiẓāman","language_name":"english","language_id":38}},{"id":12982,"position":4,"audio_url":"wbw/079_011_004.mp3","qpc_uthmani_hafs":"نَّخِرَةٗ","char_type_name":"word","page_number":583,"line_number":14,"text":"ﯩ","translation":{"text":"decayed","language_name":"english","language_id":38},"transliteration":{"text":"nakhiratan","language_name":"english","language_id":38}},{"id":12983,"position":5,"audio_url":null,"qpc_uthmani_hafs":"١١","char_type_name":"end","page_number":583,"line_number":14,"text":"ﯪ","translation":{"text":"(11)","language_name":"english","language_id":38},"transliteration":{"text":null,"language_name":"english","language_id":38}}],"translations":[{"id":922152,"resource_id":134,"text":"Apakah (akan dibangkitkan juga) apabila kami telah menjadi tulang belulang yang hancur lumat?\""}]},{"id":5724,"verse_number":12,"verse_key":"79:12","juz_number":30,"hizb_number":59,"rub_el_hizb_number":233,"ruku_number":522,"manzil_number":7,"sajdah_number":null,"text_uthmani":"قَالُوا۟ تِلْكَ إِذًا كَرَّةٌ خَاسِرَةٌ","page_number":583,"words":[{"id":14247,"position":1,"audio_url":"wbw/079_012_001.mp3","qpc_uthmani_hafs":"قَالُواْ","char_type_name":"word","page_number":583,"line_number":14,"text":"ﯫ","translation":{"text":"They say","language_name":"english","language_id":38},"transliteration":{"text":"qālū","language_name":"english","language_id":38}},{"id":14248,"position":2,"audio_url":"wbw/079_012_002.mp3","qpc_uthmani_hafs":"تِلۡكَ","char_type_name":"word","page_number":583,"line_number":14,"text":"ﯬ","translation":{"text":"This","language_name":"english","language_id":38},"transliteration":{"text":"til'ka","language_name":"english","language_id":38}},{"id":14249,"position":3,"audio_url":"wbw/079_012_003.mp3","qpc_uthmani_hafs":"إِذٗا","char_type_name":"word","page_number":583,"line_number":14,"text":"ﯭ","translation":{"text":"then","language_name":"english","language_id":38},"transliteration":{"text":"idhan","language_name":"english","language_id":38}},{"id":14250,"position":4,"audio_url":"wbw/079_012_004.mp3","qpc_uthmani_hafs":"كَرَّةٌ","char_type_name":"word","page_number":583,"line_number":14,"text":"ﯮ","translation":{"text":"(would be) a return","language_name":"english","language_id":38},"transliteration":{"text":"karratun","language_name":"english","language_id":38}},{"id":14251,"position":5,"audio_url":"wbw/079_012_005.mp3","qpc_uthmani_hafs":"خَاسِرَةٞ","char_type_name":"word","page_number":583,"line_number":14,"text":"ﯯ","translation":{"text":"losing","language_name":"english","language_id":38},"transliteration":{"text":"khāsiratun","language_name":"english","language_id":38}},{"id":14252,"position":6,"audio_url":null,"qpc_uthmani_hafs":"١٢","char_type_name":"end","page_number":583,"line_number":14,"text":"ﯰ","translation":{"text":"(12)","language_name":"english","language_id":38},"transliteration":{"text":null,"language_name":"english","language_id":38}}],"translations":[{"id":922153,"resource_id":134,"text":"Mereka berkata, \"Kalau demikian, itu adalah suatu pengembalian yang merugikan\"."}]},{"id":5725,"verse_number":13,"verse_key":"79:13","juz_number":30,"hizb_number":59,"rub_el_hizb_number":233,"ruku_number":522,"manzil_number":7,"sajdah_number":null,"text_uthmani":"فَإِنَّمَا هِىَ زَجْرَةٌ وَٰحِدَةٌ","page_number":583,"words":[{"id":15480,"position":1,"audio_url":"wbw/079_013_001.mp3","qpc_uthmani_hafs":"فَإِنَّمَا","char_type_name":"word","page_number":583,"line_number":14,"text":"ﯱ","translation":{"text":"Then only","language_name":"english","language_id":38},"transliteration":{"text":"fa-innamā","language_name":"english","language_id":38}},{"id":15481,"position":2,"audio_url":"wbw/079_013_002.mp3","qpc_uthmani_hafs":"هِيَ","char_type_name":"word","page_number":583,"line_number":14,"text":"ﯲ","translation":{"text":"it","language_name":"english","language_id":38},"transliteration":{"text":"hiya","language_name":"english","language_id":38}},{"id":15482,"position":3,"audio_url":"wbw/079_013_003.mp3","qpc_uthmani_hafs":"زَجۡرَةٞ","char_type_name":"word","page_number":583,"line_number":14,"text":"ﯳ","translation":{"text":"(will be) a shout","language_name":"english","language_id":38},"transliteration":{"text":"zajratun","language_name":"english","language_id":38}},{"id":15483,"position":4,"audio_url":"wbw/079_013_004.mp3","qpc_uthmani_hafs":"وَٰحِدَةٞ","char_type_name":"word","page_number":583,"line_number":15,"text":"ﯴ","translation":{"text":"single","language_name":"english","language_id":38},"transliteration":{"text":"wāḥidatun","language_name":"english","language_id":38}},{"id":15484,"position":5,"audio_url":null,"qpc_uthmani_hafs":"١٣","char_type_name":"end","page_number":583,"line_number":15,"text":"ﯵ","translation":{"text":"(13)","language_name":"english","language_id":38},"transliteration":{"text":null,"language_name":"english","language_id":38}}],"translations":[{"id":922154,"resource_id":134,"text":"Sesungguhnya pengembalian itu hanyalah satu kali tiupan saja,"}]},{"id":5726,"verse_number":14,"verse_key":"79:14","juz_number":30,"hizb_number":59,"rub_el_hizb_number":233,"ruku_number":522,"manzil_number":7,"sajdah_number":null,"text_uthmani":"فَإِذَا هُم بِٱلسَّاهِرَةِ","page_number":583,"words":[{"id":16413,"position":1,"audio_url":"wbw/079_014_001.mp3","qpc_uthmani_hafs":"فَإِذَا","char_type_name":"word","page_number":583,"line_number":15,"text":"ﯶ","translation":{"text":"And behold","language_name":"english","language_id":38},"transliteration":{"text":"fa-idhā","language_name":"english","language_id":38}},{"id":16414,"position":2,"audio_url":"wbw/079_014_002.mp3","qpc_uthmani_hafs":"هُم","char_type_name":"word","page_number":583,"line_number":15,"text":"ﯷ","translation":{"text":"They","language_name":"english","language_id":38},"transliteration":{"text":"hum","language_name":"english","language_id":38}},{"id":16415,"position":3,"audio_url":"wbw/079_014_003.mp3","qpc_uthmani_hafs":"بِٱلسَّاهِرَةِ","char_type_name":"word","page_number":583,"line_number":15,"text":"ﯸ","translation":{"text":"(will be) awakened","language_name":"english","language_id":38},"transliteration":{"text":"bil-sāhirati","language_name":"english","language_id":38}},{"id":16416,"position":4,"audio_url":null,"qpc_uthmani_hafs":"١٤","char_type_name":"end","page_number":583,"line_number":15,"text":"ﯹ","translation":{"text":"(14)","language_name":"english","language_id":38},"transliteration":{"text":null,"language_name":"english","language_id":38}}],"translations":[{"id":922155,"resource_id":134,"text":"maka dengan serta merta mereka hidup kembali di permukaan bumi."}]},{"id":5727,"verse_number":15,"verse_key":"79:15","juz_number":30,"hizb_number":59,"rub_el_hizb_number":233,"ruku_number":522,"manzil_number":7,"sajdah_number":null,"text_uthmani":"هَلْ أَتَىٰكَ حَدِيثُ مُوسَىٰٓ","page_number":583,"words":[{"id":17576,"position":1,"audio_url":"wbw/079_015_001.mp3","qpc_uthmani_hafs":"هَلۡ","char_type_name":"word","page_number":583,"line_number":15,"text":"ﯺ","translation":{"text":"Has","language_name":"english","language_id":38},"transliteration":{"text":"hal","language_name":"english","language_id":38}},{"id":17577,"position":2,"audio_url":"wbw/079_015_002.mp3","qpc_uthmani_hafs":"أَتَىٰكَ","char_type_name":"word","page_number":583,"line_number":15,"text":"ﯻ","translation":{"text":"(there) come to you","language_name":"english","language_id":38},"transliteration":{"text":"atāka","language_name":"english","language_id":38}},{"id":17578,"position":3,"audio_url":"wbw/079_015_003.mp3","qpc_uthmani_hafs":"حَدِيثُ","char_type_name":"word","page_number":583,"line_number":15,"text":"ﯼ","translation":{"text":"(the) story","language_name":"english","language_id":38},"transliteration":{"text":"ḥadīthu","language_name":"english","language_id":38}},{"id":17579,"position":4,"audio_url":"wbw/079_015_004.mp3","qpc_uthmani_hafs":"مُوسَىٰٓ","char_type_name":"word","page_number":583,"line_number":15,"text":"ﯽ","translation":{"text":"(of) Musa","language_name":"english","language_id":38},"transliteration":{"text":"mūsā","language_name":"english","language_id":38}},{"id":17580,"position":5,"audio_url":null,"qpc_uthmani_hafs":"١٥","char_type_name":"end","page_number":583,"line_number":15,"text":"ﯾ","translation":{"text":"(15)","language_name":"english","language_id":38},"transliteration":{"text":null,"language_name":"english","language_id":38}}],"translations":[{"id":922156,"resource_id":134,"text":"Sudahkah sampai kepadamu (ya Muhammad) kisah Musa."}]}],"pagination":{"per_page":50,"current_page":1,"next_page":null,"total_pages":1,"total_records":25}}