{"verses":[{"id":5801,"verse_number":1,"verse_key":"81:1","juz_number":30,"hizb_number":59,"rub_el_hizb_number":234,"ruku_number":525,"manzil_number":7,"sajdah_number":null,"text_uthmani":" إِذَا ٱلشَّمْسُ كُوِّرَتْ","page_number":586,"words":[{"id":695,"position":1,"audio_url":"wbw/081_001_001.mp3","qpc_uthmani_hafs":"إِذَا","char_type_name":"word","page_number":586,"line_number":3,"text":"ﭑ","translation":{"text":"When","language_name":"english","language_id":38},"transliteration":{"text":"idhā","language_name":"english","language_id":38}},{"id":696,"position":2,"audio_url":"wbw/081_001_002.mp3","qpc_uthmani_hafs":"ٱلشَّمۡسُ","char_type_name":"word","page_number":586,"line_number":3,"text":"ﭒ","translation":{"text":"the sun","language_name":"english","language_id":38},"transliteration":{"text":"l-shamsu","language_name":"english","language_id":38}},{"id":697,"position":3,"audio_url":"wbw/081_001_003.mp3","qpc_uthmani_hafs":"كُوِّرَتۡ","char_type_name":"word","page_number":586,"line_number":3,"text":"ﭓ","translation":{"text":"is wrapped up","language_name":"english","language_id":38},"transliteration":{"text":"kuwwirat","language_name":"english","language_id":38}},{"id":698,"position":4,"audio_url":null,"qpc_uthmani_hafs":"١","char_type_name":"end","page_number":586,"line_number":3,"text":"ﭔ","translation":{"text":"(1)","language_name":"english","language_id":38},"transliteration":{"text":null,"language_name":"english","language_id":38}}],"translations":[{"id":922230,"resource_id":134,"text":"Apabila matahari digulung,"}]},{"id":5802,"verse_number":2,"verse_key":"81:2","juz_number":30,"hizb_number":59,"rub_el_hizb_number":234,"ruku_number":525,"manzil_number":7,"sajdah_number":null,"text_uthmani":"وَإِذَا ٱلنُّجُومُ ٱنكَدَرَتْ","page_number":586,"words":[{"id":1722,"position":1,"audio_url":"wbw/081_002_001.mp3","qpc_uthmani_hafs":"وَإِذَا","char_type_name":"word","page_number":586,"line_number":3,"text":"ﭕ","translation":{"text":"And when","language_name":"english","language_id":38},"transliteration":{"text":"wa-idhā","language_name":"english","language_id":38}},{"id":1723,"position":2,"audio_url":"wbw/081_002_002.mp3","qpc_uthmani_hafs":"ٱلنُّجُومُ","char_type_name":"word","page_number":586,"line_number":3,"text":"ﭖ","translation":{"text":"the stars","language_name":"english","language_id":38},"transliteration":{"text":"l-nujūmu","language_name":"english","language_id":38}},{"id":1724,"position":3,"audio_url":"wbw/081_002_003.mp3","qpc_uthmani_hafs":"ٱنكَدَرَتۡ","char_type_name":"word","page_number":586,"line_number":3,"text":"ﭗ","translation":{"text":"fall, losing their luster","language_name":"english","language_id":38},"transliteration":{"text":"inkadarat","language_name":"english","language_id":38}},{"id":1725,"position":4,"audio_url":null,"qpc_uthmani_hafs":"٢","char_type_name":"end","page_number":586,"line_number":3,"text":"ﭘ","translation":{"text":"(2)","language_name":"english","language_id":38},"transliteration":{"text":null,"language_name":"english","language_id":38}}],"translations":[{"id":922231,"resource_id":134,"text":"dan apabila bintang-bintang berjatuhan,"}]},{"id":5803,"verse_number":3,"verse_key":"81:3","juz_number":30,"hizb_number":59,"rub_el_hizb_number":234,"ruku_number":525,"manzil_number":7,"sajdah_number":null,"text_uthmani":"وَإِذَا ٱلْجِبَالُ سُيِّرَتْ","page_number":586,"words":[{"id":2845,"position":1,"audio_url":"wbw/081_003_001.mp3","qpc_uthmani_hafs":"وَإِذَا","char_type_name":"word","page_number":586,"line_number":3,"text":"ﭙ","translation":{"text":"And when","language_name":"english","language_id":38},"transliteration":{"text":"wa-idhā","language_name":"english","language_id":38}},{"id":2846,"position":2,"audio_url":"wbw/081_003_002.mp3","qpc_uthmani_hafs":"ٱلۡجِبَالُ","char_type_name":"word","page_number":586,"line_number":3,"text":"ﭚ","translation":{"text":"the mountains","language_name":"english","language_id":38},"transliteration":{"text":"l-jibālu","language_name":"english","language_id":38}},{"id":2847,"position":3,"audio_url":"wbw/081_003_003.mp3","qpc_uthmani_hafs":"سُيِّرَتۡ","char_type_name":"word","page_number":586,"line_number":4,"text":"ﭛ","translation":{"text":"are moved away","language_name":"english","language_id":38},"transliteration":{"text":"suyyirat","language_name":"english","language_id":38}},{"id":2848,"position":4,"audio_url":null,"qpc_uthmani_hafs":"٣","char_type_name":"end","page_number":586,"line_number":4,"text":"ﭜ","translation":{"text":"(3)","language_name":"english","language_id":38},"transliteration":{"text":null,"language_name":"english","language_id":38}}],"translations":[{"id":922232,"resource_id":134,"text":"dan apabila gunung-gunung dihancurkan,"}]},{"id":5804,"verse_number":4,"verse_key":"81:4","juz_number":30,"hizb_number":59,"rub_el_hizb_number":234,"ruku_number":525,"manzil_number":7,"sajdah_number":null,"text_uthmani":"وَإِذَا ٱلْعِشَارُ عُطِّلَتْ","page_number":586,"words":[{"id":4210,"position":1,"audio_url":"wbw/081_004_001.mp3","qpc_uthmani_hafs":"وَإِذَا","char_type_name":"word","page_number":586,"line_number":4,"text":"ﭝ","translation":{"text":"And when","language_name":"english","language_id":38},"transliteration":{"text":"wa-idhā","language_name":"english","language_id":38}},{"id":4211,"position":2,"audio_url":"wbw/081_004_002.mp3","qpc_uthmani_hafs":"ٱلۡعِشَارُ","char_type_name":"word","page_number":586,"line_number":4,"text":"ﭞ","translation":{"text":"the full-term she-camels","language_name":"english","language_id":38},"transliteration":{"text":"l-ʿishāru","language_name":"english","language_id":38}},{"id":4212,"position":3,"audio_url":"wbw/081_004_003.mp3","qpc_uthmani_hafs":"عُطِّلَتۡ","char_type_name":"word","page_number":586,"line_number":4,"text":"ﭟ","translation":{"text":"(are) left untended","language_name":"english","language_id":38},"transliteration":{"text":"ʿuṭṭilat","language_name":"english","language_id":38}},{"id":4213,"position":4,"audio_url":null,"qpc_uthmani_hafs":"٤","char_type_name":"end","page_number":586,"line_number":4,"text":"ﭠ","translation":{"text":"(4)","language_name":"english","language_id":38},"transliteration":{"text":null,"language_name":"english","language_id":38}}],"translations":[{"id":922233,"resource_id":134,"text":"dan apabila unta-unta yang bunting ditinggalkan (tidak diperdulikan),"}]},{"id":5805,"verse_number":5,"verse_key":"81:5","juz_number":30,"hizb_number":59,"rub_el_hizb_number":234,"ruku_number":525,"manzil_number":7,"sajdah_number":null,"text_uthmani":"وَإِذَا ٱلْوُحُوشُ حُشِرَتْ","page_number":586,"words":[{"id":5469,"position":1,"audio_url":"wbw/081_005_001.mp3","qpc_uthmani_hafs":"وَإِذَا","char_type_name":"word","page_number":586,"line_number":4,"text":"ﭡ","translation":{"text":"And when","language_name":"english","language_id":38},"transliteration":{"text":"wa-idhā","language_name":"english","language_id":38}},{"id":5470,"position":2,"audio_url":"wbw/081_005_002.mp3","qpc_uthmani_hafs":"ٱلۡوُحُوشُ","char_type_name":"word","page_number":586,"line_number":4,"text":"ﭢ","translation":{"text":"the wild beasts","language_name":"english","language_id":38},"transliteration":{"text":"l-wuḥūshu","language_name":"english","language_id":38}},{"id":5471,"position":3,"audio_url":"wbw/081_005_003.mp3","qpc_uthmani_hafs":"حُشِرَتۡ","char_type_name":"word","page_number":586,"line_number":4,"text":"ﭣ","translation":{"text":"are gathered","language_name":"english","language_id":38},"transliteration":{"text":"ḥushirat","language_name":"english","language_id":38}},{"id":5472,"position":4,"audio_url":null,"qpc_uthmani_hafs":"٥","char_type_name":"end","page_number":586,"line_number":5,"text":"ﭤ","translation":{"text":"(5)","language_name":"english","language_id":38},"transliteration":{"text":null,"language_name":"english","language_id":38}}],"translations":[{"id":922234,"resource_id":134,"text":"dan apabila binatang-binatang liar dikumpulkan,"}]},{"id":5806,"verse_number":6,"verse_key":"81:6","juz_number":30,"hizb_number":59,"rub_el_hizb_number":234,"ruku_number":525,"manzil_number":7,"sajdah_number":null,"text_uthmani":"وَإِذَا ٱلْبِحَارُ سُجِّرَتْ","page_number":586,"words":[{"id":6689,"position":1,"audio_url":"wbw/081_006_001.mp3","qpc_uthmani_hafs":"وَإِذَا","char_type_name":"word","page_number":586,"line_number":5,"text":"ﭥ","translation":{"text":"And when","language_name":"english","language_id":38},"transliteration":{"text":"wa-idhā","language_name":"english","language_id":38}},{"id":6690,"position":2,"audio_url":"wbw/081_006_002.mp3","qpc_uthmani_hafs":"ٱلۡبِحَارُ","char_type_name":"word","page_number":586,"line_number":5,"text":"ﭦ","translation":{"text":"the seas","language_name":"english","language_id":38},"transliteration":{"text":"l-biḥāru","language_name":"english","language_id":38}},{"id":6691,"position":3,"audio_url":"wbw/081_006_003.mp3","qpc_uthmani_hafs":"سُجِّرَتۡ","char_type_name":"word","page_number":586,"line_number":5,"text":"ﭧ","translation":{"text":"are made to overflow","language_name":"english","language_id":38},"transliteration":{"text":"sujjirat","language_name":"english","language_id":38}},{"id":6692,"position":4,"audio_url":null,"qpc_uthmani_hafs":"٦","char_type_name":"end","page_number":586,"line_number":5,"text":"ﭨ","translation":{"text":"(6)","language_name":"english","language_id":38},"transliteration":{"text":null,"language_name":"english","language_id":38}}],"translations":[{"id":922235,"resource_id":134,"text":"dan apabila lautan dipanaskan,"}]},{"id":5807,"verse_number":7,"verse_key":"81:7","juz_number":30,"hizb_number":59,"rub_el_hizb_number":234,"ruku_number":525,"manzil_number":7,"sajdah_number":null,"text_uthmani":"وَإِذَا ٱلنُّفُوسُ زُوِّجَتْ","page_number":586,"words":[{"id":8052,"position":1,"audio_url":"wbw/081_007_001.mp3","qpc_uthmani_hafs":"وَإِذَا","char_type_name":"word","page_number":586,"line_number":5,"text":"ﭩ","translation":{"text":"And when","language_name":"english","language_id":38},"transliteration":{"text":"wa-idhā","language_name":"english","language_id":38}},{"id":8053,"position":2,"audio_url":"wbw/081_007_002.mp3","qpc_uthmani_hafs":"ٱلنُّفُوسُ","char_type_name":"word","page_number":586,"line_number":5,"text":"ﭪ","translation":{"text":"the souls","language_name":"english","language_id":38},"transliteration":{"text":"l-nufūsu","language_name":"english","language_id":38}},{"id":8054,"position":3,"audio_url":"wbw/081_007_003.mp3","qpc_uthmani_hafs":"زُوِّجَتۡ","char_type_name":"word","page_number":586,"line_number":5,"text":"ﭫ","translation":{"text":"are paired","language_name":"english","language_id":38},"transliteration":{"text":"zuwwijat","language_name":"english","language_id":38}},{"id":8055,"position":4,"audio_url":null,"qpc_uthmani_hafs":"٧","char_type_name":"end","page_number":586,"line_number":5,"text":"ﭬ","translation":{"text":"(7)","language_name":"english","language_id":38},"transliteration":{"text":null,"language_name":"english","language_id":38}}],"translations":[{"id":922236,"resource_id":134,"text":"dan apabila roh-roh dipertemukan (dengan tubuh),"}]},{"id":5808,"verse_number":8,"verse_key":"81:8","juz_number":30,"hizb_number":59,"rub_el_hizb_number":234,"ruku_number":525,"manzil_number":7,"sajdah_number":null,"text_uthmani":"وَإِذَا ٱلْمَوْءُۥدَةُ سُئِلَتْ","page_number":586,"words":[{"id":9203,"position":1,"audio_url":"wbw/081_008_001.mp3","qpc_uthmani_hafs":"وَإِذَا","char_type_name":"word","page_number":586,"line_number":5,"text":"ﭭ","translation":{"text":"And when","language_name":"english","language_id":38},"transliteration":{"text":"wa-idhā","language_name":"english","language_id":38}},{"id":9204,"position":2,"audio_url":"wbw/081_008_002.mp3","qpc_uthmani_hafs":"ٱلۡمَوۡءُۥدَةُ","char_type_name":"word","page_number":586,"line_number":6,"text":"ﭮ","translation":{"text":"the female infant buried alive","language_name":"english","language_id":38},"transliteration":{"text":"l-mawūdatu","language_name":"english","language_id":38}},{"id":9205,"position":3,"audio_url":"wbw/081_008_003.mp3","qpc_uthmani_hafs":"سُئِلَتۡ","char_type_name":"word","page_number":586,"line_number":6,"text":"ﭯ","translation":{"text":"is asked","language_name":"english","language_id":38},"transliteration":{"text":"su-ilat","language_name":"english","language_id":38}},{"id":9206,"position":4,"audio_url":null,"qpc_uthmani_hafs":"٨","char_type_name":"end","page_number":586,"line_number":6,"text":"ﭰ","translation":{"text":"(8)","language_name":"english","language_id":38},"transliteration":{"text":null,"language_name":"english","language_id":38}}],"translations":[{"id":922237,"resource_id":134,"text":"dan apabila bayi-bayi perempuan yang dikubur hidup-hidup ditanya,"}]},{"id":5809,"verse_number":9,"verse_key":"81:9","juz_number":30,"hizb_number":59,"rub_el_hizb_number":234,"ruku_number":525,"manzil_number":7,"sajdah_number":null,"text_uthmani":"بِأَىِّ ذَنۢبٍ قُتِلَتْ","page_number":586,"words":[{"id":10421,"position":1,"audio_url":"wbw/081_009_001.mp3","qpc_uthmani_hafs":"بِأَيِّ","char_type_name":"word","page_number":586,"line_number":6,"text":"ﭱ","translation":{"text":"For what","language_name":"english","language_id":38},"transliteration":{"text":"bi-ayyi","language_name":"english","language_id":38}},{"id":10422,"position":2,"audio_url":"wbw/081_009_002.mp3","qpc_uthmani_hafs":"ذَنۢبٖ","char_type_name":"word","page_number":586,"line_number":6,"text":"ﭲ","translation":{"text":"sin","language_name":"english","language_id":38},"transliteration":{"text":"dhanbin","language_name":"english","language_id":38}},{"id":10423,"position":3,"audio_url":"wbw/081_009_003.mp3","qpc_uthmani_hafs":"قُتِلَتۡ","char_type_name":"word","page_number":586,"line_number":6,"text":"ﭳ","translation":{"text":"she was killed","language_name":"english","language_id":38},"transliteration":{"text":"qutilat","language_name":"english","language_id":38}},{"id":10424,"position":4,"audio_url":null,"qpc_uthmani_hafs":"٩","char_type_name":"end","page_number":586,"line_number":6,"text":"ﭴ","translation":{"text":"(9)","language_name":"english","language_id":38},"transliteration":{"text":null,"language_name":"english","language_id":38}}],"translations":[{"id":922238,"resource_id":134,"text":"karena dosa apakah dia dibunuh,"}]},{"id":5810,"verse_number":10,"verse_key":"81:10","juz_number":30,"hizb_number":59,"rub_el_hizb_number":234,"ruku_number":525,"manzil_number":7,"sajdah_number":null,"text_uthmani":"وَإِذَا ٱلصُّحُفُ نُشِرَتْ","page_number":586,"words":[{"id":11040,"position":1,"audio_url":"wbw/081_010_001.mp3","qpc_uthmani_hafs":"وَإِذَا","char_type_name":"word","page_number":586,"line_number":6,"text":"ﭵ","translation":{"text":"And when","language_name":"english","language_id":38},"transliteration":{"text":"wa-idhā","language_name":"english","language_id":38}},{"id":11041,"position":2,"audio_url":"wbw/081_010_002.mp3","qpc_uthmani_hafs":"ٱلصُّحُفُ","char_type_name":"word","page_number":586,"line_number":6,"text":"ﭶ","translation":{"text":"the pages","language_name":"english","language_id":38},"transliteration":{"text":"l-ṣuḥufu","language_name":"english","language_id":38}},{"id":11042,"position":3,"audio_url":"wbw/081_010_003.mp3","qpc_uthmani_hafs":"نُشِرَتۡ","char_type_name":"word","page_number":586,"line_number":6,"text":"ﭷ","translation":{"text":"are laid open","language_name":"english","language_id":38},"transliteration":{"text":"nushirat","language_name":"english","language_id":38}},{"id":11043,"position":4,"audio_url":null,"qpc_uthmani_hafs":"١٠","char_type_name":"end","page_number":586,"line_number":7,"text":"ﭸ","translation":{"text":"(10)","language_name":"english","language_id":38},"transliteration":{"text":null,"language_name":"english","language_id":38}}],"translations":[{"id":922239,"resource_id":134,"text":"dan apabila catatan-catatan (amal perbuatan manusia) dibuka,"}]},{"id":5811,"verse_number":11,"verse_key":"81:11","juz_number":30,"hizb_number":59,"rub_el_hizb_number":234,"ruku_number":525,"manzil_number":7,"sajdah_number":null,"text_uthmani":"وَإِذَا ٱلسَّمَآءُ كُشِطَتْ","page_number":586,"words":[{"id":12988,"position":1,"audio_url":"wbw/081_011_001.mp3","qpc_uthmani_hafs":"وَإِذَا","char_type_name":"word","page_number":586,"line_number":7,"text":"ﭹ","translation":{"text":"And when","language_name":"english","language_id":38},"transliteration":{"text":"wa-idhā","language_name":"english","language_id":38}},{"id":12989,"position":2,"audio_url":"wbw/081_011_002.mp3","qpc_uthmani_hafs":"ٱلسَّمَآءُ","char_type_name":"word","page_number":586,"line_number":7,"text":"ﭺ","translation":{"text":"the sky","language_name":"english","language_id":38},"transliteration":{"text":"l-samāu","language_name":"english","language_id":38}},{"id":12990,"position":3,"audio_url":"wbw/081_011_003.mp3","qpc_uthmani_hafs":"كُشِطَتۡ","char_type_name":"word","page_number":586,"line_number":7,"text":"ﭻ","translation":{"text":"is stripped away","language_name":"english","language_id":38},"transliteration":{"text":"kushiṭat","language_name":"english","language_id":38}},{"id":12991,"position":4,"audio_url":null,"qpc_uthmani_hafs":"١١","char_type_name":"end","page_number":586,"line_number":7,"text":"ﭼ","translation":{"text":"(11)","language_name":"english","language_id":38},"transliteration":{"text":null,"language_name":"english","language_id":38}}],"translations":[{"id":922240,"resource_id":134,"text":"dan apabila langit dilenyapkan,"}]},{"id":5812,"verse_number":12,"verse_key":"81:12","juz_number":30,"hizb_number":59,"rub_el_hizb_number":234,"ruku_number":525,"manzil_number":7,"sajdah_number":null,"text_uthmani":"وَإِذَا ٱلْجَحِيمُ سُعِّرَتْ","page_number":586,"words":[{"id":13610,"position":1,"audio_url":"wbw/081_012_001.mp3","qpc_uthmani_hafs":"وَإِذَا","char_type_name":"word","page_number":586,"line_number":7,"text":"ﭽ","translation":{"text":"And when","language_name":"english","language_id":38},"transliteration":{"text":"wa-idhā","language_name":"english","language_id":38}},{"id":13611,"position":2,"audio_url":"wbw/081_012_002.mp3","qpc_uthmani_hafs":"ٱلۡجَحِيمُ","char_type_name":"word","page_number":586,"line_number":7,"text":"ﭾ","translation":{"text":"the Hellfire","language_name":"english","language_id":38},"transliteration":{"text":"l-jaḥīmu","language_name":"english","language_id":38}},{"id":13612,"position":3,"audio_url":"wbw/081_012_003.mp3","qpc_uthmani_hafs":"سُعِّرَتۡ","char_type_name":"word","page_number":586,"line_number":7,"text":"ﭿ","translation":{"text":"is set ablaze","language_name":"english","language_id":38},"transliteration":{"text":"suʿʿirat","language_name":"english","language_id":38}},{"id":13613,"position":4,"audio_url":null,"qpc_uthmani_hafs":"١٢","char_type_name":"end","page_number":586,"line_number":7,"text":"ﮀ","translation":{"text":"(12)","language_name":"english","language_id":38},"transliteration":{"text":null,"language_name":"english","language_id":38}}],"translations":[{"id":922241,"resource_id":134,"text":"dan apabila neraka Jaḥīm dinyalakan,"}]},{"id":5813,"verse_number":13,"verse_key":"81:13","juz_number":30,"hizb_number":59,"rub_el_hizb_number":234,"ruku_number":525,"manzil_number":7,"sajdah_number":null,"text_uthmani":"وَإِذَا ٱلْجَنَّةُ أُزْلِفَتْ","page_number":586,"words":[{"id":15361,"position":1,"audio_url":"wbw/081_013_001.mp3","qpc_uthmani_hafs":"وَإِذَا","char_type_name":"word","page_number":586,"line_number":7,"text":"ﮁ","translation":{"text":"And when","language_name":"english","language_id":38},"transliteration":{"text":"wa-idhā","language_name":"english","language_id":38}},{"id":15362,"position":2,"audio_url":"wbw/081_013_002.mp3","qpc_uthmani_hafs":"ٱلۡجَنَّةُ","char_type_name":"word","page_number":586,"line_number":7,"text":"ﮂ","translation":{"text":"Paradise","language_name":"english","language_id":38},"transliteration":{"text":"l-janatu","language_name":"english","language_id":38}},{"id":15363,"position":3,"audio_url":"wbw/081_013_003.mp3","qpc_uthmani_hafs":"أُزۡلِفَتۡ","char_type_name":"word","page_number":586,"line_number":8,"text":"ﮃ","translation":{"text":"is brought near","language_name":"english","language_id":38},"transliteration":{"text":"uz'lifat","language_name":"english","language_id":38}},{"id":15364,"position":4,"audio_url":null,"qpc_uthmani_hafs":"١٣","char_type_name":"end","page_number":586,"line_number":8,"text":"ﮄ","translation":{"text":"(13)","language_name":"english","language_id":38},"transliteration":{"text":null,"language_name":"english","language_id":38}}],"translations":[{"id":922242,"resource_id":134,"text":"dan apabila surga didekatkan,"}]},{"id":5814,"verse_number":14,"verse_key":"81:14","juz_number":30,"hizb_number":59,"rub_el_hizb_number":234,"ruku_number":525,"manzil_number":7,"sajdah_number":null,"text_uthmani":"عَلِمَتْ نَفْسٌ مَّآ أَحْضَرَتْ","page_number":586,"words":[{"id":15854,"position":1,"audio_url":"wbw/081_014_001.mp3","qpc_uthmani_hafs":"عَلِمَتۡ","char_type_name":"word","page_number":586,"line_number":8,"text":"ﮅ","translation":{"text":"Will know","language_name":"english","language_id":38},"transliteration":{"text":"ʿalimat","language_name":"english","language_id":38}},{"id":15855,"position":2,"audio_url":"wbw/081_014_002.mp3","qpc_uthmani_hafs":"نَفۡسٞ","char_type_name":"word","page_number":586,"line_number":8,"text":"ﮆ","translation":{"text":"a soul","language_name":"english","language_id":38},"transliteration":{"text":"nafsun","language_name":"english","language_id":38}},{"id":15856,"position":3,"audio_url":"wbw/081_014_003.mp3","qpc_uthmani_hafs":"مَّآ","char_type_name":"word","page_number":586,"line_number":8,"text":"ﮇ","translation":{"text":"what","language_name":"english","language_id":38},"transliteration":{"text":"mā","language_name":"english","language_id":38}},{"id":15857,"position":4,"audio_url":"wbw/081_014_004.mp3","qpc_uthmani_hafs":"أَحۡضَرَتۡ","char_type_name":"word","page_number":586,"line_number":8,"text":"ﮈ","translation":{"text":"it has brought","language_name":"english","language_id":38},"transliteration":{"text":"aḥḍarat","language_name":"english","language_id":38}},{"id":15858,"position":5,"audio_url":null,"qpc_uthmani_hafs":"١٤","char_type_name":"end","page_number":586,"line_number":8,"text":"ﮉ","translation":{"text":"(14)","language_name":"english","language_id":38},"transliteration":{"text":null,"language_name":"english","language_id":38}}],"translations":[{"id":922243,"resource_id":134,"text":"maka tiap-tiap jiwa akan mengetahui apa yang telah dikerjakannya."}]},{"id":5815,"verse_number":15,"verse_key":"81:15","juz_number":30,"hizb_number":59,"rub_el_hizb_number":234,"ruku_number":525,"manzil_number":7,"sajdah_number":null,"text_uthmani":"فَلَآ أُقْسِمُ بِٱلْخُنَّسِ","page_number":586,"words":[{"id":17581,"position":1,"audio_url":"wbw/081_015_001.mp3","qpc_uthmani_hafs":"فَلَآ","char_type_name":"word","page_number":586,"line_number":8,"text":"ﮊ","translation":{"text":"But nay","language_name":"english","language_id":38},"transliteration":{"text":"falā","language_name":"english","language_id":38}},{"id":17582,"position":2,"audio_url":"wbw/081_015_002.mp3","qpc_uthmani_hafs":"أُقۡسِمُ","char_type_name":"word","page_number":586,"line_number":8,"text":"ﮋ","translation":{"text":"I swear","language_name":"english","language_id":38},"transliteration":{"text":"uq'simu","language_name":"english","language_id":38}},{"id":17583,"position":3,"audio_url":"wbw/081_015_003.mp3","qpc_uthmani_hafs":"بِٱلۡخُنَّسِ","char_type_name":"word","page_number":586,"line_number":8,"text":"ﮌ","translation":{"text":"by the retreating planets","language_name":"english","language_id":38},"transliteration":{"text":"bil-khunasi","language_name":"english","language_id":38}},{"id":17584,"position":4,"audio_url":null,"qpc_uthmani_hafs":"١٥","char_type_name":"end","page_number":586,"line_number":8,"text":"ﮍ","translation":{"text":"(15)","language_name":"english","language_id":38},"transliteration":{"text":null,"language_name":"english","language_id":38}}],"translations":[{"id":922244,"resource_id":134,"text":"Sungguh, Aku bersumpah dengan bintang-bintang,"}]},{"id":5816,"verse_number":16,"verse_key":"81:16","juz_number":30,"hizb_number":59,"rub_el_hizb_number":234,"ruku_number":525,"manzil_number":7,"sajdah_number":null,"text_uthmani":"ٱلْجَوَارِ ٱلْكُنَّسِ","page_number":586,"words":[{"id":17983,"position":1,"audio_url":"wbw/081_016_001.mp3","qpc_uthmani_hafs":"ٱلۡجَوَارِ","char_type_name":"word","page_number":586,"line_number":9,"text":"ﮎ","translation":{"text":"Those that run","language_name":"english","language_id":38},"transliteration":{"text":"al-jawāri","language_name":"english","language_id":38}},{"id":17984,"position":2,"audio_url":"wbw/081_016_002.mp3","qpc_uthmani_hafs":"ٱلۡكُنَّسِ","char_type_name":"word","page_number":586,"line_number":9,"text":"ﮏ","translation":{"text":"(and) disappear","language_name":"english","language_id":38},"transliteration":{"text":"l-kunasi","language_name":"english","language_id":38}},{"id":17985,"position":3,"audio_url":null,"qpc_uthmani_hafs":"١٦","char_type_name":"end","page_number":586,"line_number":9,"text":"ﮐ","translation":{"text":"(16)","language_name":"english","language_id":38},"transliteration":{"text":null,"language_name":"english","language_id":38}}],"translations":[{"id":922245,"resource_id":134,"text":"yang beredar dan terbenam,"}]},{"id":5817,"verse_number":17,"verse_key":"81:17","juz_number":30,"hizb_number":59,"rub_el_hizb_number":234,"ruku_number":525,"manzil_number":7,"sajdah_number":null,"text_uthmani":"وَٱلَّيْلِ إِذَا عَسْعَسَ","page_number":586,"words":[{"id":19660,"position":1,"audio_url":"wbw/081_017_001.mp3","qpc_uthmani_hafs":"وَٱلَّيۡلِ","char_type_name":"word","page_number":586,"line_number":9,"text":"ﮑ","translation":{"text":"And the night","language_name":"english","language_id":38},"transliteration":{"text":"wa-al-layli","language_name":"english","language_id":38}},{"id":19661,"position":2,"audio_url":"wbw/081_017_002.mp3","qpc_uthmani_hafs":"إِذَا","char_type_name":"word","page_number":586,"line_number":9,"text":"ﮒ","translation":{"text":"when","language_name":"english","language_id":38},"transliteration":{"text":"idhā","language_name":"english","language_id":38}},{"id":19662,"position":3,"audio_url":"wbw/081_017_003.mp3","qpc_uthmani_hafs":"عَسۡعَسَ","char_type_name":"word","page_number":586,"line_number":9,"text":"ﮓ","translation":{"text":"it departs","language_name":"english","language_id":38},"transliteration":{"text":"ʿasʿasa","language_name":"english","language_id":38}},{"id":19663,"position":4,"audio_url":null,"qpc_uthmani_hafs":"١٧","char_type_name":"end","page_number":586,"line_number":9,"text":"ﮔ","translation":{"text":"(17)","language_name":"english","language_id":38},"transliteration":{"text":null,"language_name":"english","language_id":38}}],"translations":[{"id":922246,"resource_id":134,"text":"demi malam apabila telah hampir meninggalkan gelapnya,"}]},{"id":5818,"verse_number":18,"verse_key":"81:18","juz_number":30,"hizb_number":59,"rub_el_hizb_number":234,"ruku_number":525,"manzil_number":7,"sajdah_number":null,"text_uthmani":"وَٱلصُّبْحِ إِذَا تَنَفَّسَ","page_number":586,"words":[{"id":20195,"position":1,"audio_url":"wbw/081_018_001.mp3","qpc_uthmani_hafs":"وَٱلصُّبۡحِ","char_type_name":"word","page_number":586,"line_number":9,"text":"ﮕ","translation":{"text":"And the dawn","language_name":"english","language_id":38},"transliteration":{"text":"wal-ṣub'ḥi","language_name":"english","language_id":38}},{"id":20196,"position":2,"audio_url":"wbw/081_018_002.mp3","qpc_uthmani_hafs":"إِذَا","char_type_name":"word","page_number":586,"line_number":9,"text":"ﮖ","translation":{"text":"when","language_name":"english","language_id":38},"transliteration":{"text":"idhā","language_name":"english","language_id":38}},{"id":20197,"position":3,"audio_url":"wbw/081_018_003.mp3","qpc_uthmani_hafs":"تَنَفَّسَ","char_type_name":"word","page_number":586,"line_number":9,"text":"ﮗ","translation":{"text":"it breathes","language_name":"english","language_id":38},"transliteration":{"text":"tanaffasa","language_name":"english","language_id":38}},{"id":20198,"position":4,"audio_url":null,"qpc_uthmani_hafs":"١٨","char_type_name":"end","page_number":586,"line_number":9,"text":"ﮘ","translation":{"text":"(18)","language_name":"english","language_id":38},"transliteration":{"text":null,"language_name":"english","language_id":38}}],"translations":[{"id":922247,"resource_id":134,"text":"dan demi subuh apabila fajarnya mulai menyingsing,"}]},{"id":5819,"verse_number":19,"verse_key":"81:19","juz_number":30,"hizb_number":59,"rub_el_hizb_number":234,"ruku_number":525,"manzil_number":7,"sajdah_number":null,"text_uthmani":"إِنَّهُۥ لَقَوْلُ رَسُولٍ كَرِيمٍ","page_number":586,"words":[{"id":21808,"position":1,"audio_url":"wbw/081_019_001.mp3","qpc_uthmani_hafs":"إِنَّهُۥ","char_type_name":"word","page_number":586,"line_number":10,"text":"ﮙ","translation":{"text":"Indeed, it","language_name":"english","language_id":38},"transliteration":{"text":"innahu","language_name":"english","language_id":38}},{"id":21809,"position":2,"audio_url":"wbw/081_019_002.mp3","qpc_uthmani_hafs":"لَقَوۡلُ","char_type_name":"word","page_number":586,"line_number":10,"text":"ﮚ","translation":{"text":"(is) surely a word","language_name":"english","language_id":38},"transliteration":{"text":"laqawlu","language_name":"english","language_id":38}},{"id":21810,"position":3,"audio_url":"wbw/081_019_003.mp3","qpc_uthmani_hafs":"رَسُولٖ","char_type_name":"word","page_number":586,"line_number":10,"text":"ﮛ","translation":{"text":"(of) a Messenger","language_name":"english","language_id":38},"transliteration":{"text":"rasūlin","language_name":"english","language_id":38}},{"id":21811,"position":4,"audio_url":"wbw/081_019_004.mp3","qpc_uthmani_hafs":"كَرِيمٖ","char_type_name":"word","page_number":586,"line_number":10,"text":"ﮜ","translation":{"text":"noble","language_name":"english","language_id":38},"transliteration":{"text":"karīmin","language_name":"english","language_id":38}},{"id":21812,"position":5,"audio_url":null,"qpc_uthmani_hafs":"١٩","char_type_name":"end","page_number":586,"line_number":10,"text":"ﮝ","translation":{"text":"(19)","language_name":"english","language_id":38},"transliteration":{"text":null,"language_name":"english","language_id":38}}],"translations":[{"id":922248,"resource_id":134,"text":"sesungguhnya Al Qur'an itu benar-benar firman (Allah yang dibawa oleh) utusan yang mulia (Jibril),"}]},{"id":5820,"verse_number":20,"verse_key":"81:20","juz_number":30,"hizb_number":59,"rub_el_hizb_number":234,"ruku_number":525,"manzil_number":7,"sajdah_number":null,"text_uthmani":"ذِى قُوَّةٍ عِندَ ذِى ٱلْعَرْشِ مَكِينٍ","page_number":586,"words":[{"id":22338,"position":1,"audio_url":"wbw/081_020_001.mp3","qpc_uthmani_hafs":"ذِي","char_type_name":"word","page_number":586,"line_number":10,"text":"ﮞ","translation":{"text":"Possessor of","language_name":"english","language_id":38},"transliteration":{"text":"dhī","language_name":"english","language_id":38}},{"id":22339,"position":2,"audio_url":"wbw/081_020_002.mp3","qpc_uthmani_hafs":"قُوَّةٍ","char_type_name":"word","page_number":586,"line_number":10,"text":"ﮟ","translation":{"text":"power","language_name":"english","language_id":38},"transliteration":{"text":"quwwatin","language_name":"english","language_id":38}},{"id":22340,"position":3,"audio_url":"wbw/081_020_003.mp3","qpc_uthmani_hafs":"عِندَ","char_type_name":"word","page_number":586,"line_number":10,"text":"ﮠ","translation":{"text":"with","language_name":"english","language_id":38},"transliteration":{"text":"ʿinda","language_name":"english","language_id":38}},{"id":22341,"position":4,"audio_url":"wbw/081_020_004.mp3","qpc_uthmani_hafs":"ذِي","char_type_name":"word","page_number":586,"line_number":10,"text":"ﮡ","translation":{"text":"(the) Owner of","language_name":"english","language_id":38},"transliteration":{"text":"dhī","language_name":"english","language_id":38}},{"id":22342,"position":5,"audio_url":"wbw/081_020_005.mp3","qpc_uthmani_hafs":"ٱلۡعَرۡشِ","char_type_name":"word","page_number":586,"line_number":10,"text":"ﮢ","translation":{"text":"the Throne","language_name":"english","language_id":38},"transliteration":{"text":"l-ʿarshi","language_name":"english","language_id":38}},{"id":22343,"position":6,"audio_url":"wbw/081_020_006.mp3","qpc_uthmani_hafs":"مَكِينٖ","char_type_name":"word","page_number":586,"line_number":10,"text":"ﮣ","translation":{"text":"secure","language_name":"english","language_id":38},"transliteration":{"text":"makīnin","language_name":"english","language_id":38}},{"id":22344,"position":7,"audio_url":null,"qpc_uthmani_hafs":"٢٠","char_type_name":"end","page_number":586,"line_number":10,"text":"ﮤ","translation":{"text":"(20)","language_name":"english","language_id":38},"transliteration":{"text":null,"language_name":"english","language_id":38}}],"translations":[{"id":922249,"resource_id":134,"text":"yang mempunyai kekuatan, yang mempunyai kedudukan tinggi di sisi Allah yang mempunyai 'Arsy,"}]},{"id":5821,"verse_number":21,"verse_key":"81:21","juz_number":30,"hizb_number":59,"rub_el_hizb_number":234,"ruku_number":525,"manzil_number":7,"sajdah_number":null,"text_uthmani":"مُّطَاعٍ ثَمَّ أَمِينٍ","page_number":586,"words":[{"id":23835,"position":1,"audio_url":"wbw/081_021_001.mp3","qpc_uthmani_hafs":"مُّطَاعٖ","char_type_name":"word","page_number":586,"line_number":10,"text":"ﮥ","translation":{"text":"One to be obeyed","language_name":"english","language_id":38},"transliteration":{"text":"muṭāʿin","language_name":"english","language_id":38}},{"id":23836,"position":2,"audio_url":"wbw/081_021_002.mp3","qpc_uthmani_hafs":"ثَمَّ","char_type_name":"word","page_number":586,"line_number":11,"text":"ﮦ","translation":{"text":"and","language_name":"english","language_id":38},"transliteration":{"text":"thamma","language_name":"english","language_id":38}},{"id":23837,"position":3,"audio_url":"wbw/081_021_003.mp3","qpc_uthmani_hafs":"أَمِينٖ","char_type_name":"word","page_number":586,"line_number":11,"text":"ﮧ","translation":{"text":"trustworthy","language_name":"english","language_id":38},"transliteration":{"text":"amīnin","language_name":"english","language_id":38}},{"id":23838,"position":4,"audio_url":null,"qpc_uthmani_hafs":"٢١","char_type_name":"end","page_number":586,"line_number":11,"text":"ﮨ","translation":{"text":"(21)","language_name":"english","language_id":38},"transliteration":{"text":null,"language_name":"english","language_id":38}}],"translations":[{"id":922250,"resource_id":134,"text":"yang dita'ati di sana (di alam malaikat) lagi dipercaya."}]},{"id":5822,"verse_number":22,"verse_key":"81:22","juz_number":30,"hizb_number":59,"rub_el_hizb_number":234,"ruku_number":525,"manzil_number":7,"sajdah_number":null,"text_uthmani":"وَمَا صَاحِبُكُم بِمَجْنُونٍ","page_number":586,"words":[{"id":25055,"position":1,"audio_url":"wbw/081_022_001.mp3","qpc_uthmani_hafs":"وَمَا","char_type_name":"word","page_number":586,"line_number":11,"text":"ﮩ","translation":{"text":"And not","language_name":"english","language_id":38},"transliteration":{"text":"wamā","language_name":"english","language_id":38}},{"id":25056,"position":2,"audio_url":"wbw/081_022_002.mp3","qpc_uthmani_hafs":"صَاحِبُكُم","char_type_name":"word","page_number":586,"line_number":11,"text":"ﮪ","translation":{"text":"(is) your companion","language_name":"english","language_id":38},"transliteration":{"text":"ṣāḥibukum","language_name":"english","language_id":38}},{"id":25057,"position":3,"audio_url":"wbw/081_022_003.mp3","qpc_uthmani_hafs":"بِمَجۡنُونٖ","char_type_name":"word","page_number":586,"line_number":11,"text":"ﮫ","translation":{"text":"mad","language_name":"english","language_id":38},"transliteration":{"text":"bimajnūnin","language_name":"english","language_id":38}},{"id":25058,"position":4,"audio_url":null,"qpc_uthmani_hafs":"٢٢","char_type_name":"end","page_number":586,"line_number":11,"text":"ﮬ","translation":{"text":"(22)","language_name":"english","language_id":38},"transliteration":{"text":null,"language_name":"english","language_id":38}}],"translations":[{"id":922251,"resource_id":134,"text":"Dan temanmu (Muhammad) itu bukanlah sekali-kali orang yang gila."}]},{"id":5823,"verse_number":23,"verse_key":"81:23","juz_number":30,"hizb_number":59,"rub_el_hizb_number":234,"ruku_number":525,"manzil_number":7,"sajdah_number":null,"text_uthmani":"وَلَقَدْ رَءَاهُ بِٱلْأُفُقِ ٱلْمُبِينِ","page_number":586,"words":[{"id":26318,"position":1,"audio_url":"wbw/081_023_001.mp3","qpc_uthmani_hafs":"وَلَقَدۡ","char_type_name":"word","page_number":586,"line_number":11,"text":"ﮭ","translation":{"text":"And certainly","language_name":"english","language_id":38},"transliteration":{"text":"walaqad","language_name":"english","language_id":38}},{"id":26319,"position":2,"audio_url":"wbw/081_023_002.mp3","qpc_uthmani_hafs":"رَءَاهُ","char_type_name":"word","page_number":586,"line_number":11,"text":"ﮮ","translation":{"text":"he saw him","language_name":"english","language_id":38},"transliteration":{"text":"raāhu","language_name":"english","language_id":38}},{"id":26320,"position":3,"audio_url":"wbw/081_023_003.mp3","qpc_uthmani_hafs":"بِٱلۡأُفُقِ","char_type_name":"word","page_number":586,"line_number":11,"text":"ﮯ","translation":{"text":"in the horizon","language_name":"english","language_id":38},"transliteration":{"text":"bil-ufuqi","language_name":"english","language_id":38}},{"id":26321,"position":4,"audio_url":"wbw/081_023_004.mp3","qpc_uthmani_hafs":"ٱلۡمُبِينِ","char_type_name":"word","page_number":586,"line_number":11,"text":"ﮰ","translation":{"text":"the clear","language_name":"english","language_id":38},"transliteration":{"text":"l-mubīni","language_name":"english","language_id":38}},{"id":26322,"position":5,"audio_url":null,"qpc_uthmani_hafs":"٢٣","char_type_name":"end","page_number":586,"line_number":12,"text":"ﮱ","translation":{"text":"(23)","language_name":"english","language_id":38},"transliteration":{"text":null,"language_name":"english","language_id":38}}],"translations":[{"id":922252,"resource_id":134,"text":"Dan sesungguhnya Muhammad itu melihat Jibril di ufuk yang terang."}]},{"id":5824,"verse_number":24,"verse_key":"81:24","juz_number":30,"hizb_number":59,"rub_el_hizb_number":234,"ruku_number":525,"manzil_number":7,"sajdah_number":null,"text_uthmani":"وَمَا هُوَ عَلَى ٱلْغَيْبِ بِضَنِينٍ","page_number":586,"words":[{"id":27140,"position":1,"audio_url":"wbw/081_024_001.mp3","qpc_uthmani_hafs":"وَمَا","char_type_name":"word","page_number":586,"line_number":12,"text":"ﯓ","translation":{"text":"And not","language_name":"english","language_id":38},"transliteration":{"text":"wamā","language_name":"english","language_id":38}},{"id":27141,"position":2,"audio_url":"wbw/081_024_002.mp3","qpc_uthmani_hafs":"هُوَ","char_type_name":"word","page_number":586,"line_number":12,"text":"ﯔ","translation":{"text":"he (is)","language_name":"english","language_id":38},"transliteration":{"text":"huwa","language_name":"english","language_id":38}},{"id":27142,"position":3,"audio_url":"wbw/081_024_003.mp3","qpc_uthmani_hafs":"عَلَى","char_type_name":"word","page_number":586,"line_number":12,"text":"ﯕ","translation":{"text":"on","language_name":"english","language_id":38},"transliteration":{"text":"ʿalā","language_name":"english","language_id":38}},{"id":27143,"position":4,"audio_url":"wbw/081_024_004.mp3","qpc_uthmani_hafs":"ٱلۡغَيۡبِ","char_type_name":"word","page_number":586,"line_number":12,"text":"ﯖ","translation":{"text":"the unseen","language_name":"english","language_id":38},"transliteration":{"text":"l-ghaybi","language_name":"english","language_id":38}},{"id":27144,"position":5,"audio_url":"wbw/081_024_005.mp3","qpc_uthmani_hafs":"بِضَنِينٖ","char_type_name":"word","page_number":586,"line_number":12,"text":"ﯗ","translation":{"text":"a withholder","language_name":"english","language_id":38},"transliteration":{"text":"biḍanīnin","language_name":"english","language_id":38}},{"id":27145,"position":6,"audio_url":null,"qpc_uthmani_hafs":"٢٤","char_type_name":"end","page_number":586,"line_number":12,"text":"ﯘ","translation":{"text":"(24)","language_name":"english","language_id":38},"transliteration":{"text":null,"language_name":"english","language_id":38}}],"translations":[{"id":922253,"resource_id":134,"text":"Dan dia (Muhammad) bukanlah seorang yang bakhil untuk menerangkan yang gaib."}]},{"id":5825,"verse_number":25,"verse_key":"81:25","juz_number":30,"hizb_number":59,"rub_el_hizb_number":234,"ruku_number":525,"manzil_number":7,"sajdah_number":null,"text_uthmani":"وَمَا هُوَ بِقَوْلِ شَيْطَـٰنٍ رَّجِيمٍ","page_number":586,"words":[{"id":28153,"position":1,"audio_url":"wbw/081_025_001.mp3","qpc_uthmani_hafs":"وَمَا","char_type_name":"word","page_number":586,"line_number":12,"text":"ﯙ","translation":{"text":"And not","language_name":"english","language_id":38},"transliteration":{"text":"wamā","language_name":"english","language_id":38}},{"id":28154,"position":2,"audio_url":"wbw/081_025_002.mp3","qpc_uthmani_hafs":"هُوَ","char_type_name":"word","page_number":586,"line_number":12,"text":"ﯚ","translation":{"text":"it","language_name":"english","language_id":38},"transliteration":{"text":"huwa","language_name":"english","language_id":38}},{"id":28155,"position":3,"audio_url":"wbw/081_025_003.mp3","qpc_uthmani_hafs":"بِقَوۡلِ","char_type_name":"word","page_number":586,"line_number":12,"text":"ﯛ","translation":{"text":"(is the) word","language_name":"english","language_id":38},"transliteration":{"text":"biqawli","language_name":"english","language_id":38}},{"id":28156,"position":4,"audio_url":"wbw/081_025_004.mp3","qpc_uthmani_hafs":"شَيۡطَٰنٖ","char_type_name":"word","page_number":586,"line_number":12,"text":"ﯜ","translation":{"text":"(of) Shaitaan","language_name":"english","language_id":38},"transliteration":{"text":"shayṭānin","language_name":"english","language_id":38}},{"id":28157,"position":5,"audio_url":"wbw/081_025_005.mp3","qpc_uthmani_hafs":"رَّجِيمٖ","char_type_name":"word","page_number":586,"line_number":12,"text":"ﯝ","translation":{"text":"accursed","language_name":"english","language_id":38},"transliteration":{"text":"rajīmin","language_name":"english","language_id":38}},{"id":28158,"position":6,"audio_url":null,"qpc_uthmani_hafs":"٢٥","char_type_name":"end","page_number":586,"line_number":12,"text":"ﯞ","translation":{"text":"(25)","language_name":"english","language_id":38},"transliteration":{"text":null,"language_name":"english","language_id":38}}],"translations":[{"id":922254,"resource_id":134,"text":"Dan Al-Qur`ān itu bukanlah perkataan setan yang terkutuk,"}]},{"id":5826,"verse_number":26,"verse_key":"81:26","juz_number":30,"hizb_number":59,"rub_el_hizb_number":234,"ruku_number":525,"manzil_number":7,"sajdah_number":null,"text_uthmani":"فَأَيْنَ تَذْهَبُونَ","page_number":586,"words":[{"id":29117,"position":1,"audio_url":"wbw/081_026_001.mp3","qpc_uthmani_hafs":"فَأَيۡنَ","char_type_name":"word","page_number":586,"line_number":13,"text":"ﯟ","translation":{"text":"So where","language_name":"english","language_id":38},"transliteration":{"text":"fa-ayna","language_name":"english","language_id":38}},{"id":29118,"position":2,"audio_url":"wbw/081_026_002.mp3","qpc_uthmani_hafs":"تَذۡهَبُونَ","char_type_name":"word","page_number":586,"line_number":13,"text":"ﯠ","translation":{"text":"are you going","language_name":"english","language_id":38},"transliteration":{"text":"tadhhabūna","language_name":"english","language_id":38}},{"id":29119,"position":3,"audio_url":null,"qpc_uthmani_hafs":"٢٦","char_type_name":"end","page_number":586,"line_number":13,"text":"ﯡ","translation":{"text":"(26)","language_name":"english","language_id":38},"transliteration":{"text":null,"language_name":"english","language_id":38}}],"translations":[{"id":922255,"resource_id":134,"text":"maka ke manakah kamu akan pergi<sup foot_note=211330>1</sup>?"}]},{"id":5827,"verse_number":27,"verse_key":"81:27","juz_number":30,"hizb_number":59,"rub_el_hizb_number":234,"ruku_number":525,"manzil_number":7,"sajdah_number":null,"text_uthmani":"إِنْ هُوَ إِلَّا ذِكْرٌ لِّلْعَـٰلَمِينَ","page_number":586,"words":[{"id":30297,"position":1,"audio_url":"wbw/081_027_001.mp3","qpc_uthmani_hafs":"إِنۡ","char_type_name":"word","page_number":586,"line_number":13,"text":"ﯢ","translation":{"text":"Not","language_name":"english","language_id":38},"transliteration":{"text":"in","language_name":"english","language_id":38}},{"id":30298,"position":2,"audio_url":"wbw/081_027_002.mp3","qpc_uthmani_hafs":"هُوَ","char_type_name":"word","page_number":586,"line_number":13,"text":"ﯣ","translation":{"text":"it","language_name":"english","language_id":38},"transliteration":{"text":"huwa","language_name":"english","language_id":38}},{"id":30299,"position":3,"audio_url":"wbw/081_027_003.mp3","qpc_uthmani_hafs":"إِلَّا","char_type_name":"word","page_number":586,"line_number":13,"text":"ﯤ","translation":{"text":"(is) except","language_name":"english","language_id":38},"transliteration":{"text":"illā","language_name":"english","language_id":38}},{"id":30300,"position":4,"audio_url":"wbw/081_027_004.mp3","qpc_uthmani_hafs":"ذِكۡرٞ","char_type_name":"word","page_number":586,"line_number":13,"text":"ﯥ","translation":{"text":"a reminder","language_name":"english","language_id":38},"transliteration":{"text":"dhik'run","language_name":"english","language_id":38}},{"id":30301,"position":5,"audio_url":"wbw/081_027_005.mp3","qpc_uthmani_hafs":"لِّلۡعَٰلَمِينَ","char_type_name":"word","page_number":586,"line_number":13,"text":"ﯦ","translation":{"text":"to the worlds","language_name":"english","language_id":38},"transliteration":{"text":"lil'ʿālamīna","language_name":"english","language_id":38}},{"id":30302,"position":6,"audio_url":null,"qpc_uthmani_hafs":"٢٧","char_type_name":"end","page_number":586,"line_number":13,"text":"ﯧ","translation":{"text":"(27)","language_name":"english","language_id":38},"transliteration":{"text":null,"language_name":"english","language_id":38}}],"translations":[{"id":922256,"resource_id":134,"text":"Al-Qur`ān itu tiada lain hanyalah peringatan bagi semesta alam,"}]},{"id":5828,"verse_number":28,"verse_key":"81:28","juz_number":30,"hizb_number":59,"rub_el_hizb_number":234,"ruku_number":525,"manzil_number":7,"sajdah_number":null,"text_uthmani":"لِمَن شَآءَ مِنكُمْ أَن يَسْتَقِيمَ","page_number":586,"words":[{"id":31325,"position":1,"audio_url":"wbw/081_028_001.mp3","qpc_uthmani_hafs":"لِمَن","char_type_name":"word","page_number":586,"line_number":13,"text":"ﯨ","translation":{"text":"For whoever","language_name":"english","language_id":38},"transliteration":{"text":"liman","language_name":"english","language_id":38}},{"id":31326,"position":2,"audio_url":"wbw/081_028_002.mp3","qpc_uthmani_hafs":"شَآءَ","char_type_name":"word","page_number":586,"line_number":13,"text":"ﯩ","translation":{"text":"wills","language_name":"english","language_id":38},"transliteration":{"text":"shāa","language_name":"english","language_id":38}},{"id":31327,"position":3,"audio_url":"wbw/081_028_003.mp3","qpc_uthmani_hafs":"مِنكُمۡ","char_type_name":"word","page_number":586,"line_number":13,"text":"ﯪ","translation":{"text":"among you","language_name":"english","language_id":38},"transliteration":{"text":"minkum","language_name":"english","language_id":38}},{"id":31328,"position":4,"audio_url":"wbw/081_028_004.mp3","qpc_uthmani_hafs":"أَن","char_type_name":"word","page_number":586,"line_number":13,"text":"ﯫ","translation":{"text":"to","language_name":"english","language_id":38},"transliteration":{"text":"an","language_name":"english","language_id":38}},{"id":31329,"position":5,"audio_url":"wbw/081_028_005.mp3","qpc_uthmani_hafs":"يَسۡتَقِيمَ","char_type_name":"word","page_number":586,"line_number":14,"text":"ﯬ","translation":{"text":"take a straight way","language_name":"english","language_id":38},"transliteration":{"text":"yastaqīma","language_name":"english","language_id":38}},{"id":31330,"position":6,"audio_url":null,"qpc_uthmani_hafs":"٢٨","char_type_name":"end","page_number":586,"line_number":14,"text":"ﯭ","translation":{"text":"(28)","language_name":"english","language_id":38},"transliteration":{"text":null,"language_name":"english","language_id":38}}],"translations":[{"id":922257,"resource_id":134,"text":"(yaitu) bagi siapa di antara kamu yang mau menempuh jalan yang lurus."}]},{"id":5829,"verse_number":29,"verse_key":"81:29","juz_number":30,"hizb_number":59,"rub_el_hizb_number":234,"ruku_number":525,"manzil_number":7,"sajdah_number":null,"text_uthmani":"وَمَا تَشَآءُونَ إِلَّآ أَن يَشَآءَ ٱللَّهُ رَبُّ ٱلْعَـٰلَمِينَ","page_number":586,"words":[{"id":32049,"position":1,"audio_url":"wbw/081_029_001.mp3","qpc_uthmani_hafs":"وَمَا","char_type_name":"word","page_number":586,"line_number":14,"text":"ﯮ","translation":{"text":"And not","language_name":"english","language_id":38},"transliteration":{"text":"wamā","language_name":"english","language_id":38}},{"id":32050,"position":2,"audio_url":"wbw/081_029_002.mp3","qpc_uthmani_hafs":"تَشَآءُونَ","char_type_name":"word","page_number":586,"line_number":14,"text":"ﯯ","translation":{"text":"you will","language_name":"english","language_id":38},"transliteration":{"text":"tashāūna","language_name":"english","language_id":38}},{"id":32051,"position":3,"audio_url":"wbw/081_029_003.mp3","qpc_uthmani_hafs":"إِلَّآ","char_type_name":"word","page_number":586,"line_number":14,"text":"ﯰ","translation":{"text":"except","language_name":"english","language_id":38},"transliteration":{"text":"illā","language_name":"english","language_id":38}},{"id":32052,"position":4,"audio_url":"wbw/081_029_004.mp3","qpc_uthmani_hafs":"أَن","char_type_name":"word","page_number":586,"line_number":14,"text":"ﯱ","translation":{"text":"that","language_name":"english","language_id":38},"transliteration":{"text":"an","language_name":"english","language_id":38}},{"id":32053,"position":5,"audio_url":"wbw/081_029_005.mp3","qpc_uthmani_hafs":"يَشَآءَ","char_type_name":"word","page_number":586,"line_number":14,"text":"ﯲ","translation":{"text":"wills","language_name":"english","language_id":38},"transliteration":{"text":"yashāa","language_name":"english","language_id":38}},{"id":32054,"position":6,"audio_url":"wbw/081_029_006.mp3","qpc_uthmani_hafs":"ٱللَّهُ","char_type_name":"word","page_number":586,"line_number":14,"text":"ﯳ","translation":{"text":"Allah","language_name":"english","language_id":38},"transliteration":{"text":"l-lahu","language_name":"english","language_id":38}},{"id":32055,"position":7,"audio_url":"wbw/081_029_007.mp3","qpc_uthmani_hafs":"رَبُّ","char_type_name":"word","page_number":586,"line_number":14,"text":"ﯴ","translation":{"text":"Lord","language_name":"english","language_id":38},"transliteration":{"text":"rabbu","language_name":"english","language_id":38}},{"id":32056,"position":8,"audio_url":"wbw/081_029_008.mp3","qpc_uthmani_hafs":"ٱلۡعَٰلَمِينَ","char_type_name":"word","page_number":586,"line_number":14,"text":"ﯵ","translation":{"text":"(of) the worlds","language_name":"english","language_id":38},"transliteration":{"text":"l-ʿālamīna","language_name":"english","language_id":38}},{"id":32057,"position":9,"audio_url":null,"qpc_uthmani_hafs":"٢٩","char_type_name":"end","page_number":586,"line_number":14,"text":"ﯶ","translation":{"text":"(29)","language_name":"english","language_id":38},"transliteration":{"text":null,"language_name":"english","language_id":38}}],"translations":[{"id":922258,"resource_id":134,"text":"Dan kamu tidak dapat menghendaki (menempuh jalan itu) kecuali apabila dikehendaki Allah, Tuhan semesta alam."}]}],"pagination":{"per_page":50,"current_page":1,"next_page":null,"total_pages":1,"total_records":29}}