{"verses":[{"id":6017,"verse_number":24,"verse_key":"89:24","juz_number":30,"hizb_number":60,"rub_el_hizb_number":237,"ruku_number":533,"manzil_number":7,"sajdah_number":null,"text_uthmani":"يَقُولُ يَـٰلَيْتَنِى قَدَّمْتُ لِحَيَاتِى","page_number":594,"words":[{"id":27112,"position":1,"audio_url":"wbw/089_024_001.mp3","qpc_uthmani_hafs":"يَقُولُ","char_type_name":"word","page_number":594,"line_number":1,"text":"ﭑ","translation":{"text":"He will say","language_name":"english","language_id":38},"transliteration":{"text":"yaqūlu","language_name":"english","language_id":38}},{"id":27113,"position":2,"audio_url":"wbw/089_024_002.mp3","qpc_uthmani_hafs":"يَٰلَيۡتَنِي","char_type_name":"word","page_number":594,"line_number":1,"text":"ﭒ","translation":{"text":"O I wish","language_name":"english","language_id":38},"transliteration":{"text":"yālaytanī","language_name":"english","language_id":38}},{"id":27114,"position":3,"audio_url":"wbw/089_024_003.mp3","qpc_uthmani_hafs":"قَدَّمۡتُ","char_type_name":"word","page_number":594,"line_number":1,"text":"ﭓ","translation":{"text":"I had sent forth","language_name":"english","language_id":38},"transliteration":{"text":"qaddamtu","language_name":"english","language_id":38}},{"id":27115,"position":4,"audio_url":"wbw/089_024_004.mp3","qpc_uthmani_hafs":"لِحَيَاتِي","char_type_name":"word","page_number":594,"line_number":1,"text":"ﭔ","translation":{"text":"for my life","language_name":"english","language_id":38},"transliteration":{"text":"liḥayātī","language_name":"english","language_id":38}},{"id":27116,"position":5,"audio_url":null,"qpc_uthmani_hafs":"٢٤","char_type_name":"end","page_number":594,"line_number":1,"text":"ﭕ","translation":{"text":"(24)","language_name":"english","language_id":38},"transliteration":{"text":null,"language_name":"english","language_id":38}}],"translations":[{"id":922446,"resource_id":134,"text":"Dia mengatakan, \"Alangkah baiknya kiranya aku dahulu mengerjakan (amal saleh) untuk hidupku ini.\""}]},{"id":6018,"verse_number":25,"verse_key":"89:25","juz_number":30,"hizb_number":60,"rub_el_hizb_number":237,"ruku_number":533,"manzil_number":7,"sajdah_number":null,"text_uthmani":"فَيَوْمَئِذٍ لَّا يُعَذِّبُ عَذَابَهُۥٓ أَحَدٌ","page_number":594,"words":[{"id":27903,"position":1,"audio_url":"wbw/089_025_001.mp3","qpc_uthmani_hafs":"فَيَوۡمَئِذٖ","char_type_name":"word","page_number":594,"line_number":1,"text":"ﭖ","translation":{"text":"So that Day","language_name":"english","language_id":38},"transliteration":{"text":"fayawma-idhin","language_name":"english","language_id":38}},{"id":27904,"position":2,"audio_url":"wbw/089_025_002.mp3","qpc_uthmani_hafs":"لَّا","char_type_name":"word","page_number":594,"line_number":1,"text":"ﭗ","translation":{"text":"not","language_name":"english","language_id":38},"transliteration":{"text":"lā","language_name":"english","language_id":38}},{"id":27905,"position":3,"audio_url":"wbw/089_025_003.mp3","qpc_uthmani_hafs":"يُعَذِّبُ","char_type_name":"word","page_number":594,"line_number":1,"text":"ﭘ","translation":{"text":"will punish","language_name":"english","language_id":38},"transliteration":{"text":"yuʿadhibu","language_name":"english","language_id":38}},{"id":27906,"position":4,"audio_url":"wbw/089_025_004.mp3","qpc_uthmani_hafs":"عَذَابَهُۥٓ","char_type_name":"word","page_number":594,"line_number":1,"text":"ﭙ","translation":{"text":"(as) His punishment","language_name":"english","language_id":38},"transliteration":{"text":"ʿadhābahu","language_name":"english","language_id":38}},{"id":27907,"position":5,"audio_url":"wbw/089_025_005.mp3","qpc_uthmani_hafs":"أَحَدٞ","char_type_name":"word","page_number":594,"line_number":1,"text":"ﭚ","translation":{"text":"anyone","language_name":"english","language_id":38},"transliteration":{"text":"aḥadun","language_name":"english","language_id":38}},{"id":27908,"position":6,"audio_url":null,"qpc_uthmani_hafs":"٢٥","char_type_name":"end","page_number":594,"line_number":1,"text":"ﭛ","translation":{"text":"(25)","language_name":"english","language_id":38},"transliteration":{"text":null,"language_name":"english","language_id":38}}],"translations":[{"id":922447,"resource_id":134,"text":"Maka pada hari itu, tiada seorang pun yang menyiksa seperti siksa-Nya<sup foot_note=211347>1</sup>,"}]},{"id":6019,"verse_number":26,"verse_key":"89:26","juz_number":30,"hizb_number":60,"rub_el_hizb_number":237,"ruku_number":533,"manzil_number":7,"sajdah_number":null,"text_uthmani":"وَلَا يُوثِقُ وَثَاقَهُۥٓ أَحَدٌ","page_number":594,"words":[{"id":29112,"position":1,"audio_url":"wbw/089_026_001.mp3","qpc_uthmani_hafs":"وَلَا","char_type_name":"word","page_number":594,"line_number":2,"text":"ﭜ","translation":{"text":"And not","language_name":"english","language_id":38},"transliteration":{"text":"walā","language_name":"english","language_id":38}},{"id":29113,"position":2,"audio_url":"wbw/089_026_002.mp3","qpc_uthmani_hafs":"يُوثِقُ","char_type_name":"word","page_number":594,"line_number":2,"text":"ﭝ","translation":{"text":"will bind","language_name":"english","language_id":38},"transliteration":{"text":"yūthiqu","language_name":"english","language_id":38}},{"id":29114,"position":3,"audio_url":"wbw/089_026_003.mp3","qpc_uthmani_hafs":"وَثَاقَهُۥٓ","char_type_name":"word","page_number":594,"line_number":2,"text":"ﭞ","translation":{"text":"(as) His binding","language_name":"english","language_id":38},"transliteration":{"text":"wathāqahu","language_name":"english","language_id":38}},{"id":29115,"position":4,"audio_url":"wbw/089_026_004.mp3","qpc_uthmani_hafs":"أَحَدٞ","char_type_name":"word","page_number":594,"line_number":2,"text":"ﭟ","translation":{"text":"anyone","language_name":"english","language_id":38},"transliteration":{"text":"aḥadun","language_name":"english","language_id":38}},{"id":29116,"position":5,"audio_url":null,"qpc_uthmani_hafs":"٢٦","char_type_name":"end","page_number":594,"line_number":2,"text":"ﭠ","translation":{"text":"(26)","language_name":"english","language_id":38},"transliteration":{"text":null,"language_name":"english","language_id":38}}],"translations":[{"id":922448,"resource_id":134,"text":"dan tiada seorang pun yang mengikat seperti ikatan-Nya."}]},{"id":6020,"verse_number":27,"verse_key":"89:27","juz_number":30,"hizb_number":60,"rub_el_hizb_number":237,"ruku_number":533,"manzil_number":7,"sajdah_number":null,"text_uthmani":"يَـٰٓأَيَّتُهَا ٱلنَّفْسُ ٱلْمُطْمَئِنَّةُ","page_number":594,"words":[{"id":29759,"position":1,"audio_url":"wbw/089_027_001.mp3","qpc_uthmani_hafs":"يَٰٓأَيَّتُهَا","char_type_name":"word","page_number":594,"line_number":2,"text":"ﭡ","translation":{"text":"O","language_name":"english","language_id":38},"transliteration":{"text":"yāayyatuhā","language_name":"english","language_id":38}},{"id":29760,"position":2,"audio_url":"wbw/089_027_002.mp3","qpc_uthmani_hafs":"ٱلنَّفۡسُ","char_type_name":"word","page_number":594,"line_number":2,"text":"ﭢ","translation":{"text":"soul","language_name":"english","language_id":38},"transliteration":{"text":"l-nafsu","language_name":"english","language_id":38}},{"id":29761,"position":3,"audio_url":"wbw/089_027_003.mp3","qpc_uthmani_hafs":"ٱلۡمُطۡمَئِنَّةُ","char_type_name":"word","page_number":594,"line_number":2,"text":"ﭣ","translation":{"text":"who is satisfied","language_name":"english","language_id":38},"transliteration":{"text":"l-muṭ'ma-inatu","language_name":"english","language_id":38}},{"id":29762,"position":4,"audio_url":null,"qpc_uthmani_hafs":"٢٧","char_type_name":"end","page_number":594,"line_number":2,"text":"ﭤ","translation":{"text":"(27)","language_name":"english","language_id":38},"transliteration":{"text":null,"language_name":"english","language_id":38}}],"translations":[{"id":922449,"resource_id":134,"text":"Hai jiwa yang tenang."}]},{"id":6021,"verse_number":28,"verse_key":"89:28","juz_number":30,"hizb_number":60,"rub_el_hizb_number":237,"ruku_number":533,"manzil_number":7,"sajdah_number":null,"text_uthmani":"ٱرْجِعِىٓ إِلَىٰ رَبِّكِ رَاضِيَةً مَّرْضِيَّةً","page_number":594,"words":[{"id":31092,"position":1,"audio_url":"wbw/089_028_001.mp3","qpc_uthmani_hafs":"ٱرۡجِعِيٓ","char_type_name":"word","page_number":594,"line_number":2,"text":"ﭥ","translation":{"text":"Return","language_name":"english","language_id":38},"transliteration":{"text":"ir'jiʿī","language_name":"english","language_id":38}},{"id":31093,"position":2,"audio_url":"wbw/089_028_002.mp3","qpc_uthmani_hafs":"إِلَىٰ","char_type_name":"word","page_number":594,"line_number":3,"text":"ﭦ","translation":{"text":"to","language_name":"english","language_id":38},"transliteration":{"text":"ilā","language_name":"english","language_id":38}},{"id":31094,"position":3,"audio_url":"wbw/089_028_003.mp3","qpc_uthmani_hafs":"رَبِّكِ","char_type_name":"word","page_number":594,"line_number":3,"text":"ﭧ","translation":{"text":"your Lord","language_name":"english","language_id":38},"transliteration":{"text":"rabbiki","language_name":"english","language_id":38}},{"id":31095,"position":4,"audio_url":"wbw/089_028_004.mp3","qpc_uthmani_hafs":"رَاضِيَةٗ","char_type_name":"word","page_number":594,"line_number":3,"text":"ﭨ","translation":{"text":"well pleased","language_name":"english","language_id":38},"transliteration":{"text":"rāḍiyatan","language_name":"english","language_id":38}},{"id":31096,"position":5,"audio_url":"wbw/089_028_005.mp3","qpc_uthmani_hafs":"مَّرۡضِيَّةٗ","char_type_name":"word","page_number":594,"line_number":3,"text":"ﭩ","translation":{"text":"and pleasing","language_name":"english","language_id":38},"transliteration":{"text":"marḍiyyatan","language_name":"english","language_id":38}},{"id":31097,"position":6,"audio_url":null,"qpc_uthmani_hafs":"٢٨","char_type_name":"end","page_number":594,"line_number":3,"text":"ﭪ","translation":{"text":"(28)","language_name":"english","language_id":38},"transliteration":{"text":null,"language_name":"english","language_id":38}}],"translations":[{"id":922450,"resource_id":134,"text":"Kembalilah kepada Tuhan-mu dengan hati yang puas lagi diridai-Nya."}]},{"id":6022,"verse_number":29,"verse_key":"89:29","juz_number":30,"hizb_number":60,"rub_el_hizb_number":237,"ruku_number":533,"manzil_number":7,"sajdah_number":null,"text_uthmani":"فَٱدْخُلِى فِى عِبَـٰدِى","page_number":594,"words":[{"id":32080,"position":1,"audio_url":"wbw/089_029_001.mp3","qpc_uthmani_hafs":"فَٱدۡخُلِي","char_type_name":"word","page_number":594,"line_number":3,"text":"ﭫ","translation":{"text":"So enter","language_name":"english","language_id":38},"transliteration":{"text":"fa-ud'khulī","language_name":"english","language_id":38}},{"id":32081,"position":2,"audio_url":"wbw/089_029_002.mp3","qpc_uthmani_hafs":"فِي","char_type_name":"word","page_number":594,"line_number":3,"text":"ﭬ","translation":{"text":"among","language_name":"english","language_id":38},"transliteration":{"text":"fī","language_name":"english","language_id":38}},{"id":32082,"position":3,"audio_url":"wbw/089_029_003.mp3","qpc_uthmani_hafs":"عِبَٰدِي","char_type_name":"word","page_number":594,"line_number":3,"text":"ﭭ","translation":{"text":"My slaves","language_name":"english","language_id":38},"transliteration":{"text":"ʿibādī","language_name":"english","language_id":38}},{"id":32083,"position":4,"audio_url":null,"qpc_uthmani_hafs":"٢٩","char_type_name":"end","page_number":594,"line_number":3,"text":"ﭮ","translation":{"text":"(29)","language_name":"english","language_id":38},"transliteration":{"text":null,"language_name":"english","language_id":38}}],"translations":[{"id":922451,"resource_id":134,"text":"Maka masuklah ke dalam jemaah hamba-hamba-Ku,"}]},{"id":6023,"verse_number":30,"verse_key":"89:30","juz_number":30,"hizb_number":60,"rub_el_hizb_number":237,"ruku_number":533,"manzil_number":7,"sajdah_number":null,"text_uthmani":"وَٱدْخُلِى جَنَّتِى","page_number":594,"words":[{"id":32625,"position":1,"audio_url":"wbw/089_030_001.mp3","qpc_uthmani_hafs":"وَٱدۡخُلِي","char_type_name":"word","page_number":594,"line_number":3,"text":"ﭯ","translation":{"text":"And enter","language_name":"english","language_id":38},"transliteration":{"text":"wa-ud'khulī","language_name":"english","language_id":38}},{"id":32626,"position":2,"audio_url":"wbw/089_030_002.mp3","qpc_uthmani_hafs":"جَنَّتِي","char_type_name":"word","page_number":594,"line_number":3,"text":"ﭰ","translation":{"text":"My Paradise","language_name":"english","language_id":38},"transliteration":{"text":"jannatī","language_name":"english","language_id":38}},{"id":32627,"position":3,"audio_url":null,"qpc_uthmani_hafs":"٣٠","char_type_name":"end","page_number":594,"line_number":3,"text":"ﭱ","translation":{"text":"(30)","language_name":"english","language_id":38},"transliteration":{"text":null,"language_name":"english","language_id":38}}],"translations":[{"id":922452,"resource_id":134,"text":"masuklah ke dalam surga-Ku."}]},{"id":6024,"verse_number":1,"verse_key":"90:1","juz_number":30,"hizb_number":60,"rub_el_hizb_number":238,"ruku_number":534,"manzil_number":7,"sajdah_number":null,"text_uthmani":" لَآ أُقْسِمُ بِهَـٰذَا ٱلْبَلَدِ","page_number":594,"words":[{"id":731,"position":1,"audio_url":"wbw/090_001_001.mp3","qpc_uthmani_hafs":"لَآ","char_type_name":"word","page_number":594,"line_number":6,"text":"ﭲ","translation":{"text":"Nay","language_name":"english","language_id":38},"transliteration":{"text":"lā","language_name":"english","language_id":38}},{"id":732,"position":2,"audio_url":"wbw/090_001_002.mp3","qpc_uthmani_hafs":"أُقۡسِمُ","char_type_name":"word","page_number":594,"line_number":6,"text":"ﭳ","translation":{"text":"I swear","language_name":"english","language_id":38},"transliteration":{"text":"uq'simu","language_name":"english","language_id":38}},{"id":733,"position":3,"audio_url":"wbw/090_001_003.mp3","qpc_uthmani_hafs":"بِهَٰذَا","char_type_name":"word","page_number":594,"line_number":6,"text":"ﭴ","translation":{"text":"by this","language_name":"english","language_id":38},"transliteration":{"text":"bihādhā","language_name":"english","language_id":38}},{"id":734,"position":4,"audio_url":"wbw/090_001_004.mp3","qpc_uthmani_hafs":"ٱلۡبَلَدِ","char_type_name":"word","page_number":594,"line_number":6,"text":"ﭵ","translation":{"text":"city","language_name":"english","language_id":38},"transliteration":{"text":"l-baladi","language_name":"english","language_id":38}},{"id":735,"position":5,"audio_url":null,"qpc_uthmani_hafs":"١","char_type_name":"end","page_number":594,"line_number":6,"text":"ﭶ","translation":{"text":"(1)","language_name":"english","language_id":38},"transliteration":{"text":null,"language_name":"english","language_id":38}}],"translations":[{"id":922453,"resource_id":134,"text":"Aku benar-benar bersumpah dengan kota ini (Mekah),"}]},{"id":6025,"verse_number":2,"verse_key":"90:2","juz_number":30,"hizb_number":60,"rub_el_hizb_number":238,"ruku_number":534,"manzil_number":7,"sajdah_number":null,"text_uthmani":"وَأَنتَ حِلٌّۢ بِهَـٰذَا ٱلْبَلَدِ","page_number":594,"words":[{"id":1741,"position":1,"audio_url":"wbw/090_002_001.mp3","qpc_uthmani_hafs":"وَأَنتَ","char_type_name":"word","page_number":594,"line_number":6,"text":"ﭷ","translation":{"text":"And you","language_name":"english","language_id":38},"transliteration":{"text":"wa-anta","language_name":"english","language_id":38}},{"id":1742,"position":2,"audio_url":"wbw/090_002_002.mp3","qpc_uthmani_hafs":"حِلُّۢ","char_type_name":"word","page_number":594,"line_number":6,"text":"ﭸ","translation":{"text":"(are) free (to dwell)","language_name":"english","language_id":38},"transliteration":{"text":"ḥillun","language_name":"english","language_id":38}},{"id":1743,"position":3,"audio_url":"wbw/090_002_003.mp3","qpc_uthmani_hafs":"بِهَٰذَا","char_type_name":"word","page_number":594,"line_number":6,"text":"ﭹ","translation":{"text":"in this","language_name":"english","language_id":38},"transliteration":{"text":"bihādhā","language_name":"english","language_id":38}},{"id":1744,"position":4,"audio_url":"wbw/090_002_004.mp3","qpc_uthmani_hafs":"ٱلۡبَلَدِ","char_type_name":"word","page_number":594,"line_number":6,"text":"ﭺ","translation":{"text":"city","language_name":"english","language_id":38},"transliteration":{"text":"l-baladi","language_name":"english","language_id":38}},{"id":1745,"position":5,"audio_url":null,"qpc_uthmani_hafs":"٢","char_type_name":"end","page_number":594,"line_number":6,"text":"ﭻ","translation":{"text":"(2)","language_name":"english","language_id":38},"transliteration":{"text":null,"language_name":"english","language_id":38}}],"translations":[{"id":922454,"resource_id":134,"text":"dan kamu (Muhammad) bertempat di kota Mekah ini,"}]},{"id":6026,"verse_number":3,"verse_key":"90:3","juz_number":30,"hizb_number":60,"rub_el_hizb_number":238,"ruku_number":534,"manzil_number":7,"sajdah_number":null,"text_uthmani":"وَوَالِدٍ وَمَا وَلَدَ","page_number":594,"words":[{"id":2893,"position":1,"audio_url":"wbw/090_003_001.mp3","qpc_uthmani_hafs":"وَوَالِدٖ","char_type_name":"word","page_number":594,"line_number":6,"text":"ﭼ","translation":{"text":"And the begetter","language_name":"english","language_id":38},"transliteration":{"text":"wawālidin","language_name":"english","language_id":38}},{"id":2894,"position":2,"audio_url":"wbw/090_003_002.mp3","qpc_uthmani_hafs":"وَمَا","char_type_name":"word","page_number":594,"line_number":6,"text":"ﭽ","translation":{"text":"and what","language_name":"english","language_id":38},"transliteration":{"text":"wamā","language_name":"english","language_id":38}},{"id":2895,"position":3,"audio_url":"wbw/090_003_003.mp3","qpc_uthmani_hafs":"وَلَدَ","char_type_name":"word","page_number":594,"line_number":6,"text":"ﭾ","translation":{"text":"he begot","language_name":"english","language_id":38},"transliteration":{"text":"walada","language_name":"english","language_id":38}},{"id":2896,"position":4,"audio_url":null,"qpc_uthmani_hafs":"٣","char_type_name":"end","page_number":594,"line_number":7,"text":"ﭿ","translation":{"text":"(3)","language_name":"english","language_id":38},"transliteration":{"text":null,"language_name":"english","language_id":38}}],"translations":[{"id":922455,"resource_id":134,"text":"dan demi bapak dan anaknya."}]},{"id":6027,"verse_number":4,"verse_key":"90:4","juz_number":30,"hizb_number":60,"rub_el_hizb_number":238,"ruku_number":534,"manzil_number":7,"sajdah_number":null,"text_uthmani":"لَقَدْ خَلَقْنَا ٱلْإِنسَـٰنَ فِى كَبَدٍ","page_number":594,"words":[{"id":4229,"position":1,"audio_url":"wbw/090_004_001.mp3","qpc_uthmani_hafs":"لَقَدۡ","char_type_name":"word","page_number":594,"line_number":7,"text":"ﮀ","translation":{"text":"Certainly","language_name":"english","language_id":38},"transliteration":{"text":"laqad","language_name":"english","language_id":38}},{"id":4230,"position":2,"audio_url":"wbw/090_004_002.mp3","qpc_uthmani_hafs":"خَلَقۡنَا","char_type_name":"word","page_number":594,"line_number":7,"text":"ﮁ","translation":{"text":"We have created","language_name":"english","language_id":38},"transliteration":{"text":"khalaqnā","language_name":"english","language_id":38}},{"id":4231,"position":3,"audio_url":"wbw/090_004_003.mp3","qpc_uthmani_hafs":"ٱلۡإِنسَٰنَ","char_type_name":"word","page_number":594,"line_number":7,"text":"ﮂ","translation":{"text":"man","language_name":"english","language_id":38},"transliteration":{"text":"l-insāna","language_name":"english","language_id":38}},{"id":4232,"position":4,"audio_url":"wbw/090_004_004.mp3","qpc_uthmani_hafs":"فِي","char_type_name":"word","page_number":594,"line_number":7,"text":"ﮃ","translation":{"text":"(to be) in","language_name":"english","language_id":38},"transliteration":{"text":"fī","language_name":"english","language_id":38}},{"id":4233,"position":5,"audio_url":"wbw/090_004_005.mp3","qpc_uthmani_hafs":"كَبَدٍ","char_type_name":"word","page_number":594,"line_number":7,"text":"ﮄ","translation":{"text":"hardship","language_name":"english","language_id":38},"transliteration":{"text":"kabadin","language_name":"english","language_id":38}},{"id":4234,"position":6,"audio_url":null,"qpc_uthmani_hafs":"٤","char_type_name":"end","page_number":594,"line_number":7,"text":"ﮅ","translation":{"text":"(4)","language_name":"english","language_id":38},"transliteration":{"text":null,"language_name":"english","language_id":38}}],"translations":[{"id":922456,"resource_id":134,"text":"Sesungguhnya Kami telah menciptakan manusia berada dalam susah payah."}]},{"id":6028,"verse_number":5,"verse_key":"90:5","juz_number":30,"hizb_number":60,"rub_el_hizb_number":238,"ruku_number":534,"manzil_number":7,"sajdah_number":null,"text_uthmani":"أَيَحْسَبُ أَن لَّن يَقْدِرَ عَلَيْهِ أَحَدٌ","page_number":594,"words":[{"id":5746,"position":1,"audio_url":"wbw/090_005_001.mp3","qpc_uthmani_hafs":"أَيَحۡسَبُ","char_type_name":"word","page_number":594,"line_number":7,"text":"ﮆ","translation":{"text":"Does he think","language_name":"english","language_id":38},"transliteration":{"text":"ayaḥsabu","language_name":"english","language_id":38}},{"id":5747,"position":2,"audio_url":"wbw/090_005_002.mp3","qpc_uthmani_hafs":"أَن","char_type_name":"word","page_number":594,"line_number":7,"text":"ﮇ","translation":{"text":"that","language_name":"english","language_id":38},"transliteration":{"text":"an","language_name":"english","language_id":38}},{"id":5748,"position":3,"audio_url":"wbw/090_005_003.mp3","qpc_uthmani_hafs":"لَّن","char_type_name":"word","page_number":594,"line_number":7,"text":"ﮈ","translation":{"text":"not","language_name":"english","language_id":38},"transliteration":{"text":"lan","language_name":"english","language_id":38}},{"id":5749,"position":4,"audio_url":"wbw/090_005_004.mp3","qpc_uthmani_hafs":"يَقۡدِرَ","char_type_name":"word","page_number":594,"line_number":7,"text":"ﮉ","translation":{"text":"has power","language_name":"english","language_id":38},"transliteration":{"text":"yaqdira","language_name":"english","language_id":38}},{"id":5750,"position":5,"audio_url":"wbw/090_005_005.mp3","qpc_uthmani_hafs":"عَلَيۡهِ","char_type_name":"word","page_number":594,"line_number":7,"text":"ﮊ","translation":{"text":"over him","language_name":"english","language_id":38},"transliteration":{"text":"ʿalayhi","language_name":"english","language_id":38}},{"id":5751,"position":6,"audio_url":"wbw/090_005_006.mp3","qpc_uthmani_hafs":"أَحَدٞ","char_type_name":"word","page_number":594,"line_number":8,"text":"ﮋ","translation":{"text":"anyone","language_name":"english","language_id":38},"transliteration":{"text":"aḥadun","language_name":"english","language_id":38}},{"id":5752,"position":7,"audio_url":null,"qpc_uthmani_hafs":"٥","char_type_name":"end","page_number":594,"line_number":8,"text":"ﮌ","translation":{"text":"(5)","language_name":"english","language_id":38},"transliteration":{"text":null,"language_name":"english","language_id":38}}],"translations":[{"id":922457,"resource_id":134,"text":"Apakah manusia itu menyangka bahwa sekali-kali tiada seorang pun yang berkuasa atasnya?"}]},{"id":6029,"verse_number":6,"verse_key":"90:6","juz_number":30,"hizb_number":60,"rub_el_hizb_number":238,"ruku_number":534,"manzil_number":7,"sajdah_number":null,"text_uthmani":"يَقُولُ أَهْلَكْتُ مَالًا لُّبَدًا","page_number":594,"words":[{"id":6784,"position":1,"audio_url":"wbw/090_006_001.mp3","qpc_uthmani_hafs":"يَقُولُ","char_type_name":"word","page_number":594,"line_number":8,"text":"ﮍ","translation":{"text":"He will say","language_name":"english","language_id":38},"transliteration":{"text":"yaqūlu","language_name":"english","language_id":38}},{"id":6785,"position":2,"audio_url":"wbw/090_006_002.mp3","qpc_uthmani_hafs":"أَهۡلَكۡتُ","char_type_name":"word","page_number":594,"line_number":8,"text":"ﮎ","translation":{"text":"I have squandered","language_name":"english","language_id":38},"transliteration":{"text":"ahlaktu","language_name":"english","language_id":38}},{"id":6786,"position":3,"audio_url":"wbw/090_006_003.mp3","qpc_uthmani_hafs":"مَالٗا","char_type_name":"word","page_number":594,"line_number":8,"text":"ﮏ","translation":{"text":"wealth","language_name":"english","language_id":38},"transliteration":{"text":"mālan","language_name":"english","language_id":38}},{"id":6787,"position":4,"audio_url":"wbw/090_006_004.mp3","qpc_uthmani_hafs":"لُّبَدًا","char_type_name":"word","page_number":594,"line_number":8,"text":"ﮐ","translation":{"text":"abundant","language_name":"english","language_id":38},"transliteration":{"text":"lubadan","language_name":"english","language_id":38}},{"id":6788,"position":5,"audio_url":null,"qpc_uthmani_hafs":"٦","char_type_name":"end","page_number":594,"line_number":8,"text":"ﮑ","translation":{"text":"(6)","language_name":"english","language_id":38},"transliteration":{"text":null,"language_name":"english","language_id":38}}],"translations":[{"id":922458,"resource_id":134,"text":"Dia mengatakan, \"Aku telah menghabiskan harta yang banyak\"."}]},{"id":6030,"verse_number":7,"verse_key":"90:7","juz_number":30,"hizb_number":60,"rub_el_hizb_number":238,"ruku_number":534,"manzil_number":7,"sajdah_number":null,"text_uthmani":"أَيَحْسَبُ أَن لَّمْ يَرَهُۥٓ أَحَدٌ","page_number":594,"words":[{"id":7286,"position":1,"audio_url":"wbw/090_007_001.mp3","qpc_uthmani_hafs":"أَيَحۡسَبُ","char_type_name":"word","page_number":594,"line_number":8,"text":"ﮒ","translation":{"text":"Does he think","language_name":"english","language_id":38},"transliteration":{"text":"ayaḥsabu","language_name":"english","language_id":38}},{"id":7287,"position":2,"audio_url":"wbw/090_007_002.mp3","qpc_uthmani_hafs":"أَن","char_type_name":"word","page_number":594,"line_number":8,"text":"ﮓ","translation":{"text":"that","language_name":"english","language_id":38},"transliteration":{"text":"an","language_name":"english","language_id":38}},{"id":7288,"position":3,"audio_url":"wbw/090_007_003.mp3","qpc_uthmani_hafs":"لَّمۡ","char_type_name":"word","page_number":594,"line_number":8,"text":"ﮔ","translation":{"text":"not","language_name":"english","language_id":38},"transliteration":{"text":"lam","language_name":"english","language_id":38}},{"id":7289,"position":4,"audio_url":"wbw/090_007_004.mp3","qpc_uthmani_hafs":"يَرَهُۥٓ","char_type_name":"word","page_number":594,"line_number":8,"text":"ﮕ","translation":{"text":"sees him","language_name":"english","language_id":38},"transliteration":{"text":"yarahu","language_name":"english","language_id":38}},{"id":7290,"position":5,"audio_url":"wbw/090_007_005.mp3","qpc_uthmani_hafs":"أَحَدٌ","char_type_name":"word","page_number":594,"line_number":8,"text":"ﮖ","translation":{"text":"anyone","language_name":"english","language_id":38},"transliteration":{"text":"aḥadun","language_name":"english","language_id":38}},{"id":7291,"position":6,"audio_url":null,"qpc_uthmani_hafs":"٧","char_type_name":"end","page_number":594,"line_number":9,"text":"ﮗ","translation":{"text":"(7)","language_name":"english","language_id":38},"transliteration":{"text":null,"language_name":"english","language_id":38}}],"translations":[{"id":922459,"resource_id":134,"text":"Apakah dia menyangka bahwa tiada seorang pun yang melihatnya?"}]},{"id":6031,"verse_number":8,"verse_key":"90:8","juz_number":30,"hizb_number":60,"rub_el_hizb_number":238,"ruku_number":534,"manzil_number":7,"sajdah_number":null,"text_uthmani":"أَلَمْ نَجْعَل لَّهُۥ عَيْنَيْنِ","page_number":594,"words":[{"id":9258,"position":1,"audio_url":"wbw/090_008_001.mp3","qpc_uthmani_hafs":"أَلَمۡ","char_type_name":"word","page_number":594,"line_number":9,"text":"ﮘ","translation":{"text":"Have not","language_name":"english","language_id":38},"transliteration":{"text":"alam","language_name":"english","language_id":38}},{"id":9259,"position":2,"audio_url":"wbw/090_008_002.mp3","qpc_uthmani_hafs":"نَجۡعَل","char_type_name":"word","page_number":594,"line_number":9,"text":"ﮙ","translation":{"text":"We made","language_name":"english","language_id":38},"transliteration":{"text":"najʿal","language_name":"english","language_id":38}},{"id":9260,"position":3,"audio_url":"wbw/090_008_003.mp3","qpc_uthmani_hafs":"لَّهُۥ","char_type_name":"word","page_number":594,"line_number":9,"text":"ﮚ","translation":{"text":"for him","language_name":"english","language_id":38},"transliteration":{"text":"lahu","language_name":"english","language_id":38}},{"id":9261,"position":4,"audio_url":"wbw/090_008_004.mp3","qpc_uthmani_hafs":"عَيۡنَيۡنِ","char_type_name":"word","page_number":594,"line_number":9,"text":"ﮛ","translation":{"text":"two eyes","language_name":"english","language_id":38},"transliteration":{"text":"ʿaynayni","language_name":"english","language_id":38}},{"id":9262,"position":5,"audio_url":null,"qpc_uthmani_hafs":"٨","char_type_name":"end","page_number":594,"line_number":9,"text":"ﮜ","translation":{"text":"(8)","language_name":"english","language_id":38},"transliteration":{"text":null,"language_name":"english","language_id":38}}],"translations":[{"id":922460,"resource_id":134,"text":"Bukankah Kami telah memberikan kepadanya dua buah mata,"}]},{"id":6032,"verse_number":9,"verse_key":"90:9","juz_number":30,"hizb_number":60,"rub_el_hizb_number":238,"ruku_number":534,"manzil_number":7,"sajdah_number":null,"text_uthmani":"وَلِسَانًا وَشَفَتَيْنِ","page_number":594,"words":[{"id":10454,"position":1,"audio_url":"wbw/090_009_001.mp3","qpc_uthmani_hafs":"وَلِسَانٗا","char_type_name":"word","page_number":594,"line_number":9,"text":"ﮝ","translation":{"text":"And a tongue","language_name":"english","language_id":38},"transliteration":{"text":"walisānan","language_name":"english","language_id":38}},{"id":10455,"position":2,"audio_url":"wbw/090_009_002.mp3","qpc_uthmani_hafs":"وَشَفَتَيۡنِ","char_type_name":"word","page_number":594,"line_number":9,"text":"ﮞ","translation":{"text":"and two lips","language_name":"english","language_id":38},"transliteration":{"text":"washafatayni","language_name":"english","language_id":38}},{"id":10456,"position":3,"audio_url":null,"qpc_uthmani_hafs":"٩","char_type_name":"end","page_number":594,"line_number":9,"text":"ﮟ","translation":{"text":"(9)","language_name":"english","language_id":38},"transliteration":{"text":null,"language_name":"english","language_id":38}}],"translations":[{"id":922461,"resource_id":134,"text":"lidah, dan dua buah bibir."}]},{"id":6033,"verse_number":10,"verse_key":"90:10","juz_number":30,"hizb_number":60,"rub_el_hizb_number":238,"ruku_number":534,"manzil_number":7,"sajdah_number":null,"text_uthmani":"وَهَدَيْنَـٰهُ ٱلنَّجْدَيْنِ","page_number":594,"words":[{"id":11621,"position":1,"audio_url":"wbw/090_010_001.mp3","qpc_uthmani_hafs":"وَهَدَيۡنَٰهُ","char_type_name":"word","page_number":594,"line_number":9,"text":"ﮠ","translation":{"text":"And shown him","language_name":"english","language_id":38},"transliteration":{"text":"wahadaynāhu","language_name":"english","language_id":38}},{"id":11622,"position":2,"audio_url":"wbw/090_010_002.mp3","qpc_uthmani_hafs":"ٱلنَّجۡدَيۡنِ","char_type_name":"word","page_number":594,"line_number":10,"text":"ﮡ","translation":{"text":"the two ways","language_name":"english","language_id":38},"transliteration":{"text":"l-najdayni","language_name":"english","language_id":38}},{"id":11623,"position":3,"audio_url":null,"qpc_uthmani_hafs":"١٠","char_type_name":"end","page_number":594,"line_number":10,"text":"ﮢ","translation":{"text":"(10)","language_name":"english","language_id":38},"transliteration":{"text":null,"language_name":"english","language_id":38}}],"translations":[{"id":922462,"resource_id":134,"text":"Dan Kami telah menunjukkan kepadanya dua jalan<sup foot_note=211348>1</sup>,"}]},{"id":6034,"verse_number":11,"verse_key":"90:11","juz_number":30,"hizb_number":60,"rub_el_hizb_number":238,"ruku_number":534,"manzil_number":7,"sajdah_number":null,"text_uthmani":"فَلَا ٱقْتَحَمَ ٱلْعَقَبَةَ","page_number":594,"words":[{"id":12673,"position":1,"audio_url":"wbw/090_011_001.mp3","qpc_uthmani_hafs":"فَلَا","char_type_name":"word","page_number":594,"line_number":10,"text":"ﮣ","translation":{"text":"But not","language_name":"english","language_id":38},"transliteration":{"text":"falā","language_name":"english","language_id":38}},{"id":12674,"position":2,"audio_url":"wbw/090_011_002.mp3","qpc_uthmani_hafs":"ٱقۡتَحَمَ","char_type_name":"word","page_number":594,"line_number":10,"text":"ﮤ","translation":{"text":"he has attempted","language_name":"english","language_id":38},"transliteration":{"text":"iq'taḥama","language_name":"english","language_id":38}},{"id":12675,"position":3,"audio_url":"wbw/090_011_003.mp3","qpc_uthmani_hafs":"ٱلۡعَقَبَةَ","char_type_name":"word","page_number":594,"line_number":10,"text":"ﮥ","translation":{"text":"the steep path","language_name":"english","language_id":38},"transliteration":{"text":"l-ʿaqabata","language_name":"english","language_id":38}},{"id":12676,"position":4,"audio_url":null,"qpc_uthmani_hafs":"١١","char_type_name":"end","page_number":594,"line_number":10,"text":"ﮦ","translation":{"text":"(11)","language_name":"english","language_id":38},"transliteration":{"text":null,"language_name":"english","language_id":38}}],"translations":[{"id":922463,"resource_id":134,"text":"Maka tidakkah sebaiknya (dengan hartanya itu) ia menempuh jalan yang mendaki lagi sukar?"}]},{"id":6035,"verse_number":12,"verse_key":"90:12","juz_number":30,"hizb_number":60,"rub_el_hizb_number":238,"ruku_number":534,"manzil_number":7,"sajdah_number":null,"text_uthmani":"وَمَآ أَدْرَىٰكَ مَا ٱلْعَقَبَةُ","page_number":594,"words":[{"id":13388,"position":1,"audio_url":"wbw/090_012_001.mp3","qpc_uthmani_hafs":"وَمَآ","char_type_name":"word","page_number":594,"line_number":10,"text":"ﮧ","translation":{"text":"And what","language_name":"english","language_id":38},"transliteration":{"text":"wamā","language_name":"english","language_id":38}},{"id":13389,"position":2,"audio_url":"wbw/090_012_002.mp3","qpc_uthmani_hafs":"أَدۡرَىٰكَ","char_type_name":"word","page_number":594,"line_number":10,"text":"ﮨ","translation":{"text":"can make you know","language_name":"english","language_id":38},"transliteration":{"text":"adrāka","language_name":"english","language_id":38}},{"id":13390,"position":3,"audio_url":"wbw/090_012_003.mp3","qpc_uthmani_hafs":"مَا","char_type_name":"word","page_number":594,"line_number":10,"text":"ﮩ","translation":{"text":"what","language_name":"english","language_id":38},"transliteration":{"text":"mā","language_name":"english","language_id":38}},{"id":13391,"position":4,"audio_url":"wbw/090_012_004.mp3","qpc_uthmani_hafs":"ٱلۡعَقَبَةُ","char_type_name":"word","page_number":594,"line_number":10,"text":"ﮪ","translation":{"text":"the steep path (is)","language_name":"english","language_id":38},"transliteration":{"text":"l-ʿaqabatu","language_name":"english","language_id":38}},{"id":13392,"position":5,"audio_url":null,"qpc_uthmani_hafs":"١٢","char_type_name":"end","page_number":594,"line_number":10,"text":"ﮫ","translation":{"text":"(12)","language_name":"english","language_id":38},"transliteration":{"text":null,"language_name":"english","language_id":38}}],"translations":[{"id":922464,"resource_id":134,"text":"Tahukah kamu apakah jalan yang mendaki lagi sukar itu?"}]},{"id":6036,"verse_number":13,"verse_key":"90:13","juz_number":30,"hizb_number":60,"rub_el_hizb_number":238,"ruku_number":534,"manzil_number":7,"sajdah_number":null,"text_uthmani":"فَكُّ رَقَبَةٍ","page_number":594,"words":[{"id":15459,"position":1,"audio_url":"wbw/090_013_001.mp3","qpc_uthmani_hafs":"فَكُّ","char_type_name":"word","page_number":594,"line_number":11,"text":"ﮬ","translation":{"text":"(It is) freeing","language_name":"english","language_id":38},"transliteration":{"text":"fakku","language_name":"english","language_id":38}},{"id":15460,"position":2,"audio_url":"wbw/090_013_002.mp3","qpc_uthmani_hafs":"رَقَبَةٍ","char_type_name":"word","page_number":594,"line_number":11,"text":"ﮭ","translation":{"text":"a neck","language_name":"english","language_id":38},"transliteration":{"text":"raqabatin","language_name":"english","language_id":38}},{"id":15461,"position":3,"audio_url":null,"qpc_uthmani_hafs":"١٣","char_type_name":"end","page_number":594,"line_number":11,"text":"ﮮ","translation":{"text":"(13)","language_name":"english","language_id":38},"transliteration":{"text":null,"language_name":"english","language_id":38}}],"translations":[{"id":922465,"resource_id":134,"text":"(yaitu) melepaskan budak dari perbudakan,"}]},{"id":6037,"verse_number":14,"verse_key":"90:14","juz_number":30,"hizb_number":60,"rub_el_hizb_number":238,"ruku_number":534,"manzil_number":7,"sajdah_number":null,"text_uthmani":"أَوْ إِطْعَـٰمٌ فِى يَوْمٍ ذِى مَسْغَبَةٍ","page_number":594,"words":[{"id":16485,"position":1,"audio_url":"wbw/090_014_001.mp3","qpc_uthmani_hafs":"أَوۡ","char_type_name":"word","page_number":594,"line_number":11,"text":"ﮯ","translation":{"text":"Or","language_name":"english","language_id":38},"transliteration":{"text":"aw","language_name":"english","language_id":38}},{"id":16486,"position":2,"audio_url":"wbw/090_014_002.mp3","qpc_uthmani_hafs":"إِطۡعَٰمٞ","char_type_name":"word","page_number":594,"line_number":11,"text":"ﮰ","translation":{"text":"feeding","language_name":"english","language_id":38},"transliteration":{"text":"iṭ'ʿāmun","language_name":"english","language_id":38}},{"id":16487,"position":3,"audio_url":"wbw/090_014_003.mp3","qpc_uthmani_hafs":"فِي","char_type_name":"word","page_number":594,"line_number":11,"text":"ﮱ","translation":{"text":"in","language_name":"english","language_id":38},"transliteration":{"text":"fī","language_name":"english","language_id":38}},{"id":16488,"position":4,"audio_url":"wbw/090_014_004.mp3","qpc_uthmani_hafs":"يَوۡمٖ","char_type_name":"word","page_number":594,"line_number":11,"text":"ﯓ","translation":{"text":"a day","language_name":"english","language_id":38},"transliteration":{"text":"yawmin","language_name":"english","language_id":38}},{"id":16489,"position":5,"audio_url":"wbw/090_014_005.mp3","qpc_uthmani_hafs":"ذِي","char_type_name":"word","page_number":594,"line_number":11,"text":"ﯔ","translation":{"text":"of","language_name":"english","language_id":38},"transliteration":{"text":"dhī","language_name":"english","language_id":38}},{"id":16490,"position":6,"audio_url":"wbw/090_014_006.mp3","qpc_uthmani_hafs":"مَسۡغَبَةٖ","char_type_name":"word","page_number":594,"line_number":11,"text":"ﯕ","translation":{"text":"severe hunger","language_name":"english","language_id":38},"transliteration":{"text":"masghabatin","language_name":"english","language_id":38}},{"id":16491,"position":7,"audio_url":null,"qpc_uthmani_hafs":"١٤","char_type_name":"end","page_number":594,"line_number":11,"text":"ﯖ","translation":{"text":"(14)","language_name":"english","language_id":38},"transliteration":{"text":null,"language_name":"english","language_id":38}}],"translations":[{"id":922466,"resource_id":134,"text":"atau memberi makan pada hari kelaparan,"}]},{"id":6038,"verse_number":15,"verse_key":"90:15","juz_number":30,"hizb_number":60,"rub_el_hizb_number":238,"ruku_number":534,"manzil_number":7,"sajdah_number":null,"text_uthmani":"يَتِيمًا ذَا مَقْرَبَةٍ","page_number":594,"words":[{"id":17751,"position":1,"audio_url":"wbw/090_015_001.mp3","qpc_uthmani_hafs":"يَتِيمٗا","char_type_name":"word","page_number":594,"line_number":11,"text":"ﯗ","translation":{"text":"An orphan","language_name":"english","language_id":38},"transliteration":{"text":"yatīman","language_name":"english","language_id":38}},{"id":17752,"position":2,"audio_url":"wbw/090_015_002.mp3","qpc_uthmani_hafs":"ذَا","char_type_name":"word","page_number":594,"line_number":11,"text":"ﯘ","translation":{"text":"of","language_name":"english","language_id":38},"transliteration":{"text":"dhā","language_name":"english","language_id":38}},{"id":17753,"position":3,"audio_url":"wbw/090_015_003.mp3","qpc_uthmani_hafs":"مَقۡرَبَةٍ","char_type_name":"word","page_number":594,"line_number":11,"text":"ﯙ","translation":{"text":"near relationship","language_name":"english","language_id":38},"transliteration":{"text":"maqrabatin","language_name":"english","language_id":38}},{"id":17754,"position":4,"audio_url":null,"qpc_uthmani_hafs":"١٥","char_type_name":"end","page_number":594,"line_number":12,"text":"ﯚ","translation":{"text":"(15)","language_name":"english","language_id":38},"transliteration":{"text":null,"language_name":"english","language_id":38}}],"translations":[{"id":922467,"resource_id":134,"text":"(kepada) anak yatim yang ada hubungan kerabat,"}]},{"id":6039,"verse_number":16,"verse_key":"90:16","juz_number":30,"hizb_number":60,"rub_el_hizb_number":238,"ruku_number":534,"manzil_number":7,"sajdah_number":null,"text_uthmani":"أَوْ مِسْكِينًا ذَا مَتْرَبَةٍ","page_number":594,"words":[{"id":18740,"position":1,"audio_url":"wbw/090_016_001.mp3","qpc_uthmani_hafs":"أَوۡ","char_type_name":"word","page_number":594,"line_number":12,"text":"ﯛ","translation":{"text":"Or","language_name":"english","language_id":38},"transliteration":{"text":"aw","language_name":"english","language_id":38}},{"id":18741,"position":2,"audio_url":"wbw/090_016_002.mp3","qpc_uthmani_hafs":"مِسۡكِينٗا","char_type_name":"word","page_number":594,"line_number":12,"text":"ﯜ","translation":{"text":"a needy person","language_name":"english","language_id":38},"transliteration":{"text":"mis'kīnan","language_name":"english","language_id":38}},{"id":18742,"position":3,"audio_url":"wbw/090_016_003.mp3","qpc_uthmani_hafs":"ذَا","char_type_name":"word","page_number":594,"line_number":12,"text":"ﯝ","translation":{"text":"in","language_name":"english","language_id":38},"transliteration":{"text":"dhā","language_name":"english","language_id":38}},{"id":18743,"position":4,"audio_url":"wbw/090_016_004.mp3","qpc_uthmani_hafs":"مَتۡرَبَةٖ","char_type_name":"word","page_number":594,"line_number":12,"text":"ﯞ","translation":{"text":"misery","language_name":"english","language_id":38},"transliteration":{"text":"matrabatin","language_name":"english","language_id":38}},{"id":18744,"position":5,"audio_url":null,"qpc_uthmani_hafs":"١٦","char_type_name":"end","page_number":594,"line_number":12,"text":"ﯟ","translation":{"text":"(16)","language_name":"english","language_id":38},"transliteration":{"text":null,"language_name":"english","language_id":38}}],"translations":[{"id":922468,"resource_id":134,"text":"atau kepada orang miskin yang sangat fakir."}]},{"id":6040,"verse_number":17,"verse_key":"90:17","juz_number":30,"hizb_number":60,"rub_el_hizb_number":238,"ruku_number":534,"manzil_number":7,"sajdah_number":null,"text_uthmani":"ثُمَّ كَانَ مِنَ ٱلَّذِينَ ءَامَنُوا۟ وَتَوَاصَوْا۟ بِٱلصَّبْرِ وَتَوَاصَوْا۟ بِٱلْمَرْحَمَةِ","page_number":594,"words":[{"id":19961,"position":1,"audio_url":"wbw/090_017_001.mp3","qpc_uthmani_hafs":"ثُمَّ","char_type_name":"word","page_number":594,"line_number":12,"text":"ﯠ","translation":{"text":"Then","language_name":"english","language_id":38},"transliteration":{"text":"thumma","language_name":"english","language_id":38}},{"id":19962,"position":2,"audio_url":"wbw/090_017_002.mp3","qpc_uthmani_hafs":"كَانَ","char_type_name":"word","page_number":594,"line_number":12,"text":"ﯡ","translation":{"text":"he is","language_name":"english","language_id":38},"transliteration":{"text":"kāna","language_name":"english","language_id":38}},{"id":19963,"position":3,"audio_url":"wbw/090_017_003.mp3","qpc_uthmani_hafs":"مِنَ","char_type_name":"word","page_number":594,"line_number":12,"text":"ﯢ","translation":{"text":"of","language_name":"english","language_id":38},"transliteration":{"text":"mina","language_name":"english","language_id":38}},{"id":19964,"position":4,"audio_url":"wbw/090_017_004.mp3","qpc_uthmani_hafs":"ٱلَّذِينَ","char_type_name":"word","page_number":594,"line_number":12,"text":"ﯣ","translation":{"text":"those who","language_name":"english","language_id":38},"transliteration":{"text":"alladhīna","language_name":"english","language_id":38}},{"id":19965,"position":5,"audio_url":"wbw/090_017_005.mp3","qpc_uthmani_hafs":"ءَامَنُواْ","char_type_name":"word","page_number":594,"line_number":12,"text":"ﯤ","translation":{"text":"believe","language_name":"english","language_id":38},"transliteration":{"text":"āmanū","language_name":"english","language_id":38}},{"id":19966,"position":6,"audio_url":"wbw/090_017_006.mp3","qpc_uthmani_hafs":"وَتَوَاصَوۡاْ","char_type_name":"word","page_number":594,"line_number":12,"text":"ﯥ","translation":{"text":"and enjoin (each other)","language_name":"english","language_id":38},"transliteration":{"text":"watawāṣaw","language_name":"english","language_id":38}},{"id":19967,"position":7,"audio_url":"wbw/090_017_007.mp3","qpc_uthmani_hafs":"بِٱلصَّبۡرِ","char_type_name":"word","page_number":594,"line_number":13,"text":"ﯦ","translation":{"text":"to patience","language_name":"english","language_id":38},"transliteration":{"text":"bil-ṣabri","language_name":"english","language_id":38}},{"id":19968,"position":8,"audio_url":"wbw/090_017_008.mp3","qpc_uthmani_hafs":"وَتَوَاصَوۡاْ","char_type_name":"word","page_number":594,"line_number":13,"text":"ﯧ","translation":{"text":"and enjoin (each other)","language_name":"english","language_id":38},"transliteration":{"text":"watawāṣaw","language_name":"english","language_id":38}},{"id":19969,"position":9,"audio_url":"wbw/090_017_009.mp3","qpc_uthmani_hafs":"بِٱلۡمَرۡحَمَةِ","char_type_name":"word","page_number":594,"line_number":13,"text":"ﯨ","translation":{"text":"to compassion","language_name":"english","language_id":38},"transliteration":{"text":"bil-marḥamati","language_name":"english","language_id":38}},{"id":19970,"position":10,"audio_url":null,"qpc_uthmani_hafs":"١٧","char_type_name":"end","page_number":594,"line_number":13,"text":"ﯩ","translation":{"text":"(17)","language_name":"english","language_id":38},"transliteration":{"text":null,"language_name":"english","language_id":38}}],"translations":[{"id":922469,"resource_id":134,"text":"Dan dia termasuk orang-orang yang beriman dan saling berpesan untuk bersabar dan saling berpesan untuk berkasih sayang."}]},{"id":6041,"verse_number":18,"verse_key":"90:18","juz_number":30,"hizb_number":60,"rub_el_hizb_number":238,"ruku_number":534,"manzil_number":7,"sajdah_number":null,"text_uthmani":"أُو۟لَـٰٓئِكَ أَصْحَـٰبُ ٱلْمَيْمَنَةِ","page_number":594,"words":[{"id":20964,"position":1,"audio_url":"wbw/090_018_001.mp3","qpc_uthmani_hafs":"أُوْلَٰٓئِكَ","char_type_name":"word","page_number":594,"line_number":13,"text":"ﯪ","translation":{"text":"Those","language_name":"english","language_id":38},"transliteration":{"text":"ulāika","language_name":"english","language_id":38}},{"id":20965,"position":2,"audio_url":"wbw/090_018_002.mp3","qpc_uthmani_hafs":"أَصۡحَٰبُ","char_type_name":"word","page_number":594,"line_number":13,"text":"ﯫ","translation":{"text":"(are the) companions","language_name":"english","language_id":38},"transliteration":{"text":"aṣḥābu","language_name":"english","language_id":38}},{"id":20966,"position":3,"audio_url":"wbw/090_018_003.mp3","qpc_uthmani_hafs":"ٱلۡمَيۡمَنَةِ","char_type_name":"word","page_number":594,"line_number":13,"text":"ﯬ","translation":{"text":"(of) the right (hand)","language_name":"english","language_id":38},"transliteration":{"text":"l-maymanati","language_name":"english","language_id":38}},{"id":20967,"position":4,"audio_url":null,"qpc_uthmani_hafs":"١٨","char_type_name":"end","page_number":594,"line_number":13,"text":"ﯭ","translation":{"text":"(18)","language_name":"english","language_id":38},"transliteration":{"text":null,"language_name":"english","language_id":38}}],"translations":[{"id":922470,"resource_id":134,"text":"Mereka (orang-orang yang beriman dan saling berpesan itu) adalah golongan kanan."}]},{"id":6042,"verse_number":19,"verse_key":"90:19","juz_number":30,"hizb_number":60,"rub_el_hizb_number":238,"ruku_number":534,"manzil_number":7,"sajdah_number":null,"text_uthmani":"وَٱلَّذِينَ كَفَرُوا۟ بِـَٔايَـٰتِنَا هُمْ أَصْحَـٰبُ ٱلْمَشْـَٔمَةِ","page_number":594,"words":[{"id":22064,"position":1,"audio_url":"wbw/090_019_001.mp3","qpc_uthmani_hafs":"وَٱلَّذِينَ","char_type_name":"word","page_number":594,"line_number":13,"text":"ﯮ","translation":{"text":"But those who","language_name":"english","language_id":38},"transliteration":{"text":"wa-alladhīna","language_name":"english","language_id":38}},{"id":22065,"position":2,"audio_url":"wbw/090_019_002.mp3","qpc_uthmani_hafs":"كَفَرُواْ","char_type_name":"word","page_number":594,"line_number":14,"text":"ﯯ","translation":{"text":"disbelieve","language_name":"english","language_id":38},"transliteration":{"text":"kafarū","language_name":"english","language_id":38}},{"id":22066,"position":3,"audio_url":"wbw/090_019_003.mp3","qpc_uthmani_hafs":"بِـَٔايَٰتِنَا","char_type_name":"word","page_number":594,"line_number":14,"text":"ﯰ","translation":{"text":"in Our Verses","language_name":"english","language_id":38},"transliteration":{"text":"biāyātinā","language_name":"english","language_id":38}},{"id":22067,"position":4,"audio_url":"wbw/090_019_004.mp3","qpc_uthmani_hafs":"هُمۡ","char_type_name":"word","page_number":594,"line_number":14,"text":"ﯱ","translation":{"text":"they","language_name":"english","language_id":38},"transliteration":{"text":"hum","language_name":"english","language_id":38}},{"id":22068,"position":5,"audio_url":"wbw/090_019_005.mp3","qpc_uthmani_hafs":"أَصۡحَٰبُ","char_type_name":"word","page_number":594,"line_number":14,"text":"ﯲ","translation":{"text":"(are the) companions","language_name":"english","language_id":38},"transliteration":{"text":"aṣḥābu","language_name":"english","language_id":38}},{"id":22069,"position":6,"audio_url":"wbw/090_019_006.mp3","qpc_uthmani_hafs":"ٱلۡمَشۡـَٔمَةِ","char_type_name":"word","page_number":594,"line_number":14,"text":"ﯳ","translation":{"text":"(of) the left (hand)","language_name":"english","language_id":38},"transliteration":{"text":"l-mashamati","language_name":"english","language_id":38}},{"id":22070,"position":7,"audio_url":null,"qpc_uthmani_hafs":"١٩","char_type_name":"end","page_number":594,"line_number":14,"text":"ﯴ","translation":{"text":"(19)","language_name":"english","language_id":38},"transliteration":{"text":null,"language_name":"english","language_id":38}}],"translations":[{"id":922471,"resource_id":134,"text":"Dan orang-orang yang kafir kepada ayat-ayat Kami, mereka itu adalah golongan kiri."}]},{"id":6043,"verse_number":20,"verse_key":"90:20","juz_number":30,"hizb_number":60,"rub_el_hizb_number":238,"ruku_number":534,"manzil_number":7,"sajdah_number":null,"text_uthmani":"عَلَيْهِمْ نَارٌ مُّؤْصَدَةٌۢ","page_number":594,"words":[{"id":23073,"position":1,"audio_url":"wbw/090_020_001.mp3","qpc_uthmani_hafs":"عَلَيۡهِمۡ","char_type_name":"word","page_number":594,"line_number":14,"text":"ﯵ","translation":{"text":"Over them","language_name":"english","language_id":38},"transliteration":{"text":"ʿalayhim","language_name":"english","language_id":38}},{"id":23074,"position":2,"audio_url":"wbw/090_020_002.mp3","qpc_uthmani_hafs":"نَارٞ","char_type_name":"word","page_number":594,"line_number":14,"text":"ﯶ","translation":{"text":"(will be the) Fire","language_name":"english","language_id":38},"transliteration":{"text":"nārun","language_name":"english","language_id":38}},{"id":23075,"position":3,"audio_url":"wbw/090_020_003.mp3","qpc_uthmani_hafs":"مُّؤۡصَدَةُۢ","char_type_name":"word","page_number":594,"line_number":14,"text":"ﯷ","translation":{"text":"closed in","language_name":"english","language_id":38},"transliteration":{"text":"mu'ṣadatun","language_name":"english","language_id":38}},{"id":23076,"position":4,"audio_url":null,"qpc_uthmani_hafs":"٢٠","char_type_name":"end","page_number":594,"line_number":14,"text":"ﯸ","translation":{"text":"(20)","language_name":"english","language_id":38},"transliteration":{"text":null,"language_name":"english","language_id":38}}],"translations":[{"id":922472,"resource_id":134,"text":"Mereka berada dalam neraka yang ditutup rapat."}]}],"pagination":{"per_page":50,"current_page":1,"next_page":null,"total_pages":1,"total_records":27}}