{"verses":[{"id":6222,"verse_number":1,"verse_key":"112:1","juz_number":30,"hizb_number":60,"rub_el_hizb_number":240,"ruku_number":556,"manzil_number":7,"sajdah_number":null,"text_uthmani":" قُلْ هُوَ ٱللَّهُ أَحَدٌ","page_number":604,"words":[{"id":6,"position":1,"audio_url":"wbw/112_001_001.mp3","qpc_uthmani_hafs":"قُلۡ","char_type_name":"word","page_number":604,"line_number":3,"text":"ﭑ","translation":{"text":"Say","language_name":"english","language_id":38},"transliteration":{"text":"qul","language_name":"english","language_id":38}},{"id":7,"position":2,"audio_url":"wbw/112_001_002.mp3","qpc_uthmani_hafs":"هُوَ","char_type_name":"word","page_number":604,"line_number":3,"text":"ﭒ","translation":{"text":"He","language_name":"english","language_id":38},"transliteration":{"text":"huwa","language_name":"english","language_id":38}},{"id":8,"position":3,"audio_url":"wbw/112_001_003.mp3","qpc_uthmani_hafs":"ٱللَّهُ","char_type_name":"word","page_number":604,"line_number":3,"text":"ﭓ","translation":{"text":"(is) Allah","language_name":"english","language_id":38},"transliteration":{"text":"l-lahu","language_name":"english","language_id":38}},{"id":9,"position":4,"audio_url":"wbw/112_001_004.mp3","qpc_uthmani_hafs":"أَحَدٌ","char_type_name":"word","page_number":604,"line_number":3,"text":"ﭔ","translation":{"text":"the One","language_name":"english","language_id":38},"transliteration":{"text":"aḥadun","language_name":"english","language_id":38}},{"id":10,"position":5,"audio_url":null,"qpc_uthmani_hafs":"١","char_type_name":"end","page_number":604,"line_number":3,"text":"ﭕ","translation":{"text":"(1)","language_name":"english","language_id":38},"transliteration":{"text":null,"language_name":"english","language_id":38}}],"translations":[{"id":922651,"resource_id":134,"text":"Katakanlah, \"Dia-lah Allah, Yang Maha Esa."}]},{"id":6223,"verse_number":2,"verse_key":"112:2","juz_number":30,"hizb_number":60,"rub_el_hizb_number":240,"ruku_number":556,"manzil_number":7,"sajdah_number":null,"text_uthmani":"ٱللَّهُ ٱلصَّمَدُ","page_number":604,"words":[{"id":916,"position":1,"audio_url":"wbw/112_002_001.mp3","qpc_uthmani_hafs":"ٱللَّهُ","char_type_name":"word","page_number":604,"line_number":3,"text":"ﭖ","translation":{"text":"Allah","language_name":"english","language_id":38},"transliteration":{"text":"al-lahu","language_name":"english","language_id":38}},{"id":917,"position":2,"audio_url":"wbw/112_002_002.mp3","qpc_uthmani_hafs":"ٱلصَّمَدُ","char_type_name":"word","page_number":604,"line_number":3,"text":"ﭗ","translation":{"text":"the Eternal, the Absolute","language_name":"english","language_id":38},"transliteration":{"text":"l-ṣamadu","language_name":"english","language_id":38}},{"id":918,"position":3,"audio_url":null,"qpc_uthmani_hafs":"٢","char_type_name":"end","page_number":604,"line_number":3,"text":"ﭘ","translation":{"text":"(2)","language_name":"english","language_id":38},"transliteration":{"text":null,"language_name":"english","language_id":38}}],"translations":[{"id":922652,"resource_id":134,"text":"Allah adalah Tuhan yang bergantung kepada-Nya segala sesuatu."}]},{"id":6224,"verse_number":3,"verse_key":"112:3","juz_number":30,"hizb_number":60,"rub_el_hizb_number":240,"ruku_number":556,"manzil_number":7,"sajdah_number":null,"text_uthmani":"لَمْ يَلِدْ وَلَمْ يُولَدْ","page_number":604,"words":[{"id":2746,"position":1,"audio_url":"wbw/112_003_001.mp3","qpc_uthmani_hafs":"لَمۡ","char_type_name":"word","page_number":604,"line_number":3,"text":"ﭙ","translation":{"text":"Not","language_name":"english","language_id":38},"transliteration":{"text":"lam","language_name":"english","language_id":38}},{"id":2747,"position":2,"audio_url":"wbw/112_003_002.mp3","qpc_uthmani_hafs":"يَلِدۡ","char_type_name":"word","page_number":604,"line_number":3,"text":"ﭚ","translation":{"text":"He begets","language_name":"english","language_id":38},"transliteration":{"text":"yalid","language_name":"english","language_id":38}},{"id":2748,"position":3,"audio_url":"wbw/112_003_003.mp3","qpc_uthmani_hafs":"وَلَمۡ","char_type_name":"word","page_number":604,"line_number":4,"text":"ﭛ","translation":{"text":"and not","language_name":"english","language_id":38},"transliteration":{"text":"walam","language_name":"english","language_id":38}},{"id":2749,"position":4,"audio_url":"wbw/112_003_004.mp3","qpc_uthmani_hafs":"يُولَدۡ","char_type_name":"word","page_number":604,"line_number":4,"text":"ﭜ","translation":{"text":"He is begotten","language_name":"english","language_id":38},"transliteration":{"text":"yūlad","language_name":"english","language_id":38}},{"id":2750,"position":5,"audio_url":null,"qpc_uthmani_hafs":"٣","char_type_name":"end","page_number":604,"line_number":4,"text":"ﭝ","translation":{"text":"(3)","language_name":"english","language_id":38},"transliteration":{"text":null,"language_name":"english","language_id":38}}],"translations":[{"id":922653,"resource_id":134,"text":"Dia tiada beranak dan tiada pula diperanakkan,"}]},{"id":6225,"verse_number":4,"verse_key":"112:4","juz_number":30,"hizb_number":60,"rub_el_hizb_number":240,"ruku_number":556,"manzil_number":7,"sajdah_number":null,"text_uthmani":"وَلَمْ يَكُن لَّهُۥ كُفُوًا أَحَدٌۢ","page_number":604,"words":[{"id":4136,"position":1,"audio_url":"wbw/112_004_001.mp3","qpc_uthmani_hafs":"وَلَمۡ","char_type_name":"word","page_number":604,"line_number":4,"text":"ﭞ","translation":{"text":"And not","language_name":"english","language_id":38},"transliteration":{"text":"walam","language_name":"english","language_id":38}},{"id":4137,"position":2,"audio_url":"wbw/112_004_002.mp3","qpc_uthmani_hafs":"يَكُن","char_type_name":"word","page_number":604,"line_number":4,"text":"ﭟ","translation":{"text":"is","language_name":"english","language_id":38},"transliteration":{"text":"yakun","language_name":"english","language_id":38}},{"id":4138,"position":3,"audio_url":"wbw/112_004_003.mp3","qpc_uthmani_hafs":"لَّهُۥ","char_type_name":"word","page_number":604,"line_number":4,"text":"ﭠ","translation":{"text":"for Him","language_name":"english","language_id":38},"transliteration":{"text":"lahu","language_name":"english","language_id":38}},{"id":4139,"position":4,"audio_url":"wbw/112_004_004.mp3","qpc_uthmani_hafs":"كُفُوًا","char_type_name":"word","page_number":604,"line_number":4,"text":"ﭡ","translation":{"text":"equivalent","language_name":"english","language_id":38},"transliteration":{"text":"kufuwan","language_name":"english","language_id":38}},{"id":4140,"position":5,"audio_url":"wbw/112_004_005.mp3","qpc_uthmani_hafs":"أَحَدُۢ","char_type_name":"word","page_number":604,"line_number":4,"text":"ﭢ","translation":{"text":"any [one]","language_name":"english","language_id":38},"transliteration":{"text":"aḥadun","language_name":"english","language_id":38}},{"id":4141,"position":6,"audio_url":null,"qpc_uthmani_hafs":"٤","char_type_name":"end","page_number":604,"line_number":4,"text":"ﭣ","translation":{"text":"(4)","language_name":"english","language_id":38},"transliteration":{"text":null,"language_name":"english","language_id":38}}],"translations":[{"id":922654,"resource_id":134,"text":"dan tidak ada seorang pun yang setara dengan Dia\"."}]},{"id":6226,"verse_number":1,"verse_key":"113:1","juz_number":30,"hizb_number":60,"rub_el_hizb_number":240,"ruku_number":557,"manzil_number":7,"sajdah_number":null,"text_uthmani":" قُلْ أَعُوذُ بِرَبِّ ٱلْفَلَقِ","page_number":604,"words":[{"id":215,"position":1,"audio_url":"wbw/113_001_001.mp3","qpc_uthmani_hafs":"قُلۡ","char_type_name":"word","page_number":604,"line_number":7,"text":"ﭤ","translation":{"text":"Say","language_name":"english","language_id":38},"transliteration":{"text":"qul","language_name":"english","language_id":38}},{"id":216,"position":2,"audio_url":"wbw/113_001_002.mp3","qpc_uthmani_hafs":"أَعُوذُ","char_type_name":"word","page_number":604,"line_number":7,"text":"ﭥ","translation":{"text":"I seek refuge","language_name":"english","language_id":38},"transliteration":{"text":"aʿūdhu","language_name":"english","language_id":38}},{"id":217,"position":3,"audio_url":"wbw/113_001_003.mp3","qpc_uthmani_hafs":"بِرَبِّ","char_type_name":"word","page_number":604,"line_number":7,"text":"ﭦ","translation":{"text":"in (the) Lord","language_name":"english","language_id":38},"transliteration":{"text":"birabbi","language_name":"english","language_id":38}},{"id":218,"position":4,"audio_url":"wbw/113_001_004.mp3","qpc_uthmani_hafs":"ٱلۡفَلَقِ","char_type_name":"word","page_number":604,"line_number":7,"text":"ﭧ","translation":{"text":"(of) the dawn","language_name":"english","language_id":38},"transliteration":{"text":"l-falaqi","language_name":"english","language_id":38}},{"id":219,"position":5,"audio_url":null,"qpc_uthmani_hafs":"١","char_type_name":"end","page_number":604,"line_number":7,"text":"ﭨ","translation":{"text":"(1)","language_name":"english","language_id":38},"transliteration":{"text":null,"language_name":"english","language_id":38}}],"translations":[{"id":922655,"resource_id":134,"text":"Katakanlah, \"Aku berlindung kepada Tuhan yang menguasai subuh,"}]},{"id":6227,"verse_number":2,"verse_key":"113:2","juz_number":30,"hizb_number":60,"rub_el_hizb_number":240,"ruku_number":557,"manzil_number":7,"sajdah_number":null,"text_uthmani":"مِن شَرِّ مَا خَلَقَ","page_number":604,"words":[{"id":969,"position":1,"audio_url":"wbw/113_002_001.mp3","qpc_uthmani_hafs":"مِن","char_type_name":"word","page_number":604,"line_number":7,"text":"ﭩ","translation":{"text":"From","language_name":"english","language_id":38},"transliteration":{"text":"min","language_name":"english","language_id":38}},{"id":970,"position":2,"audio_url":"wbw/113_002_002.mp3","qpc_uthmani_hafs":"شَرِّ","char_type_name":"word","page_number":604,"line_number":7,"text":"ﭪ","translation":{"text":"(the) evil","language_name":"english","language_id":38},"transliteration":{"text":"sharri","language_name":"english","language_id":38}},{"id":971,"position":3,"audio_url":"wbw/113_002_003.mp3","qpc_uthmani_hafs":"مَا","char_type_name":"word","page_number":604,"line_number":7,"text":"ﭫ","translation":{"text":"(of) what","language_name":"english","language_id":38},"transliteration":{"text":"mā","language_name":"english","language_id":38}},{"id":972,"position":4,"audio_url":"wbw/113_002_004.mp3","qpc_uthmani_hafs":"خَلَقَ","char_type_name":"word","page_number":604,"line_number":7,"text":"ﭬ","translation":{"text":"He created","language_name":"english","language_id":38},"transliteration":{"text":"khalaqa","language_name":"english","language_id":38}},{"id":973,"position":5,"audio_url":null,"qpc_uthmani_hafs":"٢","char_type_name":"end","page_number":604,"line_number":7,"text":"ﭭ","translation":{"text":"(2)","language_name":"english","language_id":38},"transliteration":{"text":null,"language_name":"english","language_id":38}}],"translations":[{"id":922656,"resource_id":134,"text":"dari kejahatan makhluk-Nya,"}]},{"id":6228,"verse_number":3,"verse_key":"113:3","juz_number":30,"hizb_number":60,"rub_el_hizb_number":240,"ruku_number":557,"manzil_number":7,"sajdah_number":null,"text_uthmani":"وَمِن شَرِّ غَاسِقٍ إِذَا وَقَبَ","page_number":604,"words":[{"id":2793,"position":1,"audio_url":"wbw/113_003_001.mp3","qpc_uthmani_hafs":"وَمِن","char_type_name":"word","page_number":604,"line_number":7,"text":"ﭮ","translation":{"text":"And from","language_name":"english","language_id":38},"transliteration":{"text":"wamin","language_name":"english","language_id":38}},{"id":2794,"position":2,"audio_url":"wbw/113_003_002.mp3","qpc_uthmani_hafs":"شَرِّ","char_type_name":"word","page_number":604,"line_number":8,"text":"ﭯ","translation":{"text":"(the) evil","language_name":"english","language_id":38},"transliteration":{"text":"sharri","language_name":"english","language_id":38}},{"id":2795,"position":3,"audio_url":"wbw/113_003_003.mp3","qpc_uthmani_hafs":"غَاسِقٍ","char_type_name":"word","page_number":604,"line_number":8,"text":"ﭰ","translation":{"text":"(of) darkness","language_name":"english","language_id":38},"transliteration":{"text":"ghāsiqin","language_name":"english","language_id":38}},{"id":2796,"position":4,"audio_url":"wbw/113_003_004.mp3","qpc_uthmani_hafs":"إِذَا","char_type_name":"word","page_number":604,"line_number":8,"text":"ﭱ","translation":{"text":"when","language_name":"english","language_id":38},"transliteration":{"text":"idhā","language_name":"english","language_id":38}},{"id":2797,"position":5,"audio_url":"wbw/113_003_005.mp3","qpc_uthmani_hafs":"وَقَبَ","char_type_name":"word","page_number":604,"line_number":8,"text":"ﭲ","translation":{"text":"it spreads","language_name":"english","language_id":38},"transliteration":{"text":"waqaba","language_name":"english","language_id":38}},{"id":2798,"position":6,"audio_url":null,"qpc_uthmani_hafs":"٣","char_type_name":"end","page_number":604,"line_number":8,"text":"ﭳ","translation":{"text":"(3)","language_name":"english","language_id":38},"transliteration":{"text":null,"language_name":"english","language_id":38}}],"translations":[{"id":922657,"resource_id":134,"text":"dan dari kejahatan malam apabila telah gelap gulita,"}]},{"id":6229,"verse_number":4,"verse_key":"113:4","juz_number":30,"hizb_number":60,"rub_el_hizb_number":240,"ruku_number":557,"manzil_number":7,"sajdah_number":null,"text_uthmani":"وَمِن شَرِّ ٱلنَّفَّـٰثَـٰتِ فِى ٱلْعُقَدِ","page_number":604,"words":[{"id":4181,"position":1,"audio_url":"wbw/113_004_001.mp3","qpc_uthmani_hafs":"وَمِن","char_type_name":"word","page_number":604,"line_number":8,"text":"ﭴ","translation":{"text":"And from","language_name":"english","language_id":38},"transliteration":{"text":"wamin","language_name":"english","language_id":38}},{"id":4182,"position":2,"audio_url":"wbw/113_004_002.mp3","qpc_uthmani_hafs":"شَرِّ","char_type_name":"word","page_number":604,"line_number":8,"text":"ﭵ","translation":{"text":"(the) evil","language_name":"english","language_id":38},"transliteration":{"text":"sharri","language_name":"english","language_id":38}},{"id":4183,"position":3,"audio_url":"wbw/113_004_003.mp3","qpc_uthmani_hafs":"ٱلنَّفَّٰثَٰتِ","char_type_name":"word","page_number":604,"line_number":8,"text":"ﭶ","translation":{"text":"(of) the blowers","language_name":"english","language_id":38},"transliteration":{"text":"l-nafāthāti","language_name":"english","language_id":38}},{"id":4184,"position":4,"audio_url":"wbw/113_004_004.mp3","qpc_uthmani_hafs":"فِي","char_type_name":"word","page_number":604,"line_number":8,"text":"ﭷ","translation":{"text":"in","language_name":"english","language_id":38},"transliteration":{"text":"fī","language_name":"english","language_id":38}},{"id":4185,"position":5,"audio_url":"wbw/113_004_005.mp3","qpc_uthmani_hafs":"ٱلۡعُقَدِ","char_type_name":"word","page_number":604,"line_number":9,"text":"ﭸ","translation":{"text":"the knots","language_name":"english","language_id":38},"transliteration":{"text":"l-ʿuqadi","language_name":"english","language_id":38}},{"id":4186,"position":6,"audio_url":null,"qpc_uthmani_hafs":"٤","char_type_name":"end","page_number":604,"line_number":9,"text":"ﭹ","translation":{"text":"(4)","language_name":"english","language_id":38},"transliteration":{"text":null,"language_name":"english","language_id":38}}],"translations":[{"id":922658,"resource_id":134,"text":"dan dari kejahatan wanita-wanita tukang sihir yang mengembus pada buhul-buhul<sup foot_note=211379>1</sup>,"}]},{"id":6230,"verse_number":5,"verse_key":"113:5","juz_number":30,"hizb_number":60,"rub_el_hizb_number":240,"ruku_number":557,"manzil_number":7,"sajdah_number":null,"text_uthmani":"وَمِن شَرِّ حَاسِدٍ إِذَا حَسَدَ","page_number":604,"words":[{"id":5473,"position":1,"audio_url":"wbw/113_005_001.mp3","qpc_uthmani_hafs":"وَمِن","char_type_name":"word","page_number":604,"line_number":9,"text":"ﭺ","translation":{"text":"And from","language_name":"english","language_id":38},"transliteration":{"text":"wamin","language_name":"english","language_id":38}},{"id":5474,"position":2,"audio_url":"wbw/113_005_002.mp3","qpc_uthmani_hafs":"شَرِّ","char_type_name":"word","page_number":604,"line_number":9,"text":"ﭻ","translation":{"text":"(the) evil","language_name":"english","language_id":38},"transliteration":{"text":"sharri","language_name":"english","language_id":38}},{"id":5475,"position":3,"audio_url":"wbw/113_005_003.mp3","qpc_uthmani_hafs":"حَاسِدٍ","char_type_name":"word","page_number":604,"line_number":9,"text":"ﭼ","translation":{"text":"(of) an envier","language_name":"english","language_id":38},"transliteration":{"text":"ḥāsidin","language_name":"english","language_id":38}},{"id":5476,"position":4,"audio_url":"wbw/113_005_004.mp3","qpc_uthmani_hafs":"إِذَا","char_type_name":"word","page_number":604,"line_number":9,"text":"ﭽ","translation":{"text":"when","language_name":"english","language_id":38},"transliteration":{"text":"idhā","language_name":"english","language_id":38}},{"id":5477,"position":5,"audio_url":"wbw/113_005_005.mp3","qpc_uthmani_hafs":"حَسَدَ","char_type_name":"word","page_number":604,"line_number":9,"text":"ﭾ","translation":{"text":"he envies","language_name":"english","language_id":38},"transliteration":{"text":"ḥasada","language_name":"english","language_id":38}},{"id":5478,"position":6,"audio_url":null,"qpc_uthmani_hafs":"٥","char_type_name":"end","page_number":604,"line_number":9,"text":"ﭿ","translation":{"text":"(5)","language_name":"english","language_id":38},"transliteration":{"text":null,"language_name":"english","language_id":38}}],"translations":[{"id":922659,"resource_id":134,"text":"dan dari kejahatan orang yang dengki apabila ia dengki\"."}]},{"id":6231,"verse_number":1,"verse_key":"114:1","juz_number":30,"hizb_number":60,"rub_el_hizb_number":240,"ruku_number":558,"manzil_number":7,"sajdah_number":null,"text_uthmani":" قُلْ أَعُوذُ بِرَبِّ ٱلنَّاسِ","page_number":604,"words":[{"id":115,"position":1,"audio_url":"wbw/114_001_001.mp3","qpc_uthmani_hafs":"قُلۡ","char_type_name":"word","page_number":604,"line_number":12,"text":"ﮀ","translation":{"text":"Say","language_name":"english","language_id":38},"transliteration":{"text":"qul","language_name":"english","language_id":38}},{"id":116,"position":2,"audio_url":"wbw/114_001_002.mp3","qpc_uthmani_hafs":"أَعُوذُ","char_type_name":"word","page_number":604,"line_number":12,"text":"ﮁ","translation":{"text":"I seek refuge","language_name":"english","language_id":38},"transliteration":{"text":"aʿūdhu","language_name":"english","language_id":38}},{"id":117,"position":3,"audio_url":"wbw/114_001_003.mp3","qpc_uthmani_hafs":"بِرَبِّ","char_type_name":"word","page_number":604,"line_number":12,"text":"ﮂ","translation":{"text":"in (the) Lord","language_name":"english","language_id":38},"transliteration":{"text":"birabbi","language_name":"english","language_id":38}},{"id":118,"position":4,"audio_url":"wbw/114_001_004.mp3","qpc_uthmani_hafs":"ٱلنَّاسِ","char_type_name":"word","page_number":604,"line_number":12,"text":"ﮃ","translation":{"text":"(of) mankind","language_name":"english","language_id":38},"transliteration":{"text":"l-nāsi","language_name":"english","language_id":38}},{"id":119,"position":5,"audio_url":null,"qpc_uthmani_hafs":"١","char_type_name":"end","page_number":604,"line_number":12,"text":"ﮄ","translation":{"text":"(1)","language_name":"english","language_id":38},"transliteration":{"text":null,"language_name":"english","language_id":38}}],"translations":[{"id":922660,"resource_id":134,"text":"Katakanlah, \"Aku berlindung kepada Tuhan (yang memelihara dan menguasai) manusia."}]},{"id":6232,"verse_number":2,"verse_key":"114:2","juz_number":30,"hizb_number":60,"rub_el_hizb_number":240,"ruku_number":558,"manzil_number":7,"sajdah_number":null,"text_uthmani":"مَلِكِ ٱلنَّاسِ","page_number":604,"words":[{"id":932,"position":1,"audio_url":"wbw/114_002_001.mp3","qpc_uthmani_hafs":"مَلِكِ","char_type_name":"word","page_number":604,"line_number":12,"text":"ﮅ","translation":{"text":"(The) King","language_name":"english","language_id":38},"transliteration":{"text":"maliki","language_name":"english","language_id":38}},{"id":933,"position":2,"audio_url":"wbw/114_002_002.mp3","qpc_uthmani_hafs":"ٱلنَّاسِ","char_type_name":"word","page_number":604,"line_number":12,"text":"ﮆ","translation":{"text":"(of) mankind","language_name":"english","language_id":38},"transliteration":{"text":"l-nāsi","language_name":"english","language_id":38}},{"id":934,"position":3,"audio_url":null,"qpc_uthmani_hafs":"٢","char_type_name":"end","page_number":604,"line_number":12,"text":"ﮇ","translation":{"text":"(2)","language_name":"english","language_id":38},"transliteration":{"text":null,"language_name":"english","language_id":38}}],"translations":[{"id":922661,"resource_id":134,"text":"Raja manusia."}]},{"id":6233,"verse_number":3,"verse_key":"114:3","juz_number":30,"hizb_number":60,"rub_el_hizb_number":240,"ruku_number":558,"manzil_number":7,"sajdah_number":null,"text_uthmani":"إِلَـٰهِ ٱلنَّاسِ","page_number":604,"words":[{"id":2819,"position":1,"audio_url":"wbw/114_003_001.mp3","qpc_uthmani_hafs":"إِلَٰهِ","char_type_name":"word","page_number":604,"line_number":12,"text":"ﮈ","translation":{"text":"(The) God","language_name":"english","language_id":38},"transliteration":{"text":"ilāhi","language_name":"english","language_id":38}},{"id":2820,"position":2,"audio_url":"wbw/114_003_002.mp3","qpc_uthmani_hafs":"ٱلنَّاسِ","char_type_name":"word","page_number":604,"line_number":13,"text":"ﮉ","translation":{"text":"(of) mankind","language_name":"english","language_id":38},"transliteration":{"text":"l-nāsi","language_name":"english","language_id":38}},{"id":2821,"position":3,"audio_url":null,"qpc_uthmani_hafs":"٣","char_type_name":"end","page_number":604,"line_number":13,"text":"ﮊ","translation":{"text":"(3)","language_name":"english","language_id":38},"transliteration":{"text":null,"language_name":"english","language_id":38}}],"translations":[{"id":922662,"resource_id":134,"text":"Sembahan manusia."}]},{"id":6234,"verse_number":4,"verse_key":"114:4","juz_number":30,"hizb_number":60,"rub_el_hizb_number":240,"ruku_number":558,"manzil_number":7,"sajdah_number":null,"text_uthmani":"مِن شَرِّ ٱلْوَسْوَاسِ ٱلْخَنَّاسِ","page_number":604,"words":[{"id":4131,"position":1,"audio_url":"wbw/114_004_001.mp3","qpc_uthmani_hafs":"مِن","char_type_name":"word","page_number":604,"line_number":13,"text":"ﮋ","translation":{"text":"From","language_name":"english","language_id":38},"transliteration":{"text":"min","language_name":"english","language_id":38}},{"id":4132,"position":2,"audio_url":"wbw/114_004_002.mp3","qpc_uthmani_hafs":"شَرِّ","char_type_name":"word","page_number":604,"line_number":13,"text":"ﮌ","translation":{"text":"(the) evil","language_name":"english","language_id":38},"transliteration":{"text":"sharri","language_name":"english","language_id":38}},{"id":4133,"position":3,"audio_url":"wbw/114_004_003.mp3","qpc_uthmani_hafs":"ٱلۡوَسۡوَاسِ","char_type_name":"word","page_number":604,"line_number":13,"text":"ﮍ","translation":{"text":"(of) the whisperer","language_name":"english","language_id":38},"transliteration":{"text":"l-waswāsi","language_name":"english","language_id":38}},{"id":4134,"position":4,"audio_url":"wbw/114_004_004.mp3","qpc_uthmani_hafs":"ٱلۡخَنَّاسِ","char_type_name":"word","page_number":604,"line_number":13,"text":"ﮎ","translation":{"text":"the one who withdraws","language_name":"english","language_id":38},"transliteration":{"text":"l-khanāsi","language_name":"english","language_id":38}},{"id":4135,"position":5,"audio_url":null,"qpc_uthmani_hafs":"٤","char_type_name":"end","page_number":604,"line_number":13,"text":"ﮏ","translation":{"text":"(4)","language_name":"english","language_id":38},"transliteration":{"text":null,"language_name":"english","language_id":38}}],"translations":[{"id":922663,"resource_id":134,"text":"Dari kejahatan (bisikan) setan yang biasa bersembunyi,"}]},{"id":6235,"verse_number":5,"verse_key":"114:5","juz_number":30,"hizb_number":60,"rub_el_hizb_number":240,"ruku_number":558,"manzil_number":7,"sajdah_number":null,"text_uthmani":"ٱلَّذِى يُوَسْوِسُ فِى صُدُورِ ٱلنَّاسِ","page_number":604,"words":[{"id":5496,"position":1,"audio_url":"wbw/114_005_001.mp3","qpc_uthmani_hafs":"ٱلَّذِي","char_type_name":"word","page_number":604,"line_number":13,"text":"ﮐ","translation":{"text":"The one who","language_name":"english","language_id":38},"transliteration":{"text":"alladhī","language_name":"english","language_id":38}},{"id":5497,"position":2,"audio_url":"wbw/114_005_002.mp3","qpc_uthmani_hafs":"يُوَسۡوِسُ","char_type_name":"word","page_number":604,"line_number":14,"text":"ﮑ","translation":{"text":"whispers","language_name":"english","language_id":38},"transliteration":{"text":"yuwaswisu","language_name":"english","language_id":38}},{"id":5498,"position":3,"audio_url":"wbw/114_005_003.mp3","qpc_uthmani_hafs":"فِي","char_type_name":"word","page_number":604,"line_number":14,"text":"ﮒ","translation":{"text":"in","language_name":"english","language_id":38},"transliteration":{"text":"fī","language_name":"english","language_id":38}},{"id":5499,"position":4,"audio_url":"wbw/114_005_004.mp3","qpc_uthmani_hafs":"صُدُورِ","char_type_name":"word","page_number":604,"line_number":14,"text":"ﮓ","translation":{"text":"(the) breasts","language_name":"english","language_id":38},"transliteration":{"text":"ṣudūri","language_name":"english","language_id":38}},{"id":5500,"position":5,"audio_url":"wbw/114_005_005.mp3","qpc_uthmani_hafs":"ٱلنَّاسِ","char_type_name":"word","page_number":604,"line_number":14,"text":"ﮔ","translation":{"text":"(of) mankind","language_name":"english","language_id":38},"transliteration":{"text":"l-nāsi","language_name":"english","language_id":38}},{"id":5501,"position":6,"audio_url":null,"qpc_uthmani_hafs":"٥","char_type_name":"end","page_number":604,"line_number":14,"text":"ﮕ","translation":{"text":"(5)","language_name":"english","language_id":38},"transliteration":{"text":null,"language_name":"english","language_id":38}}],"translations":[{"id":922664,"resource_id":134,"text":"yang membisikkan (kejahatan) ke dalam dada manusia,"}]},{"id":6236,"verse_number":6,"verse_key":"114:6","juz_number":30,"hizb_number":60,"rub_el_hizb_number":240,"ruku_number":558,"manzil_number":7,"sajdah_number":null,"text_uthmani":"مِنَ ٱلْجِنَّةِ وَٱلنَّاسِ","page_number":604,"words":[{"id":6729,"position":1,"audio_url":"wbw/114_006_001.mp3","qpc_uthmani_hafs":"مِنَ","char_type_name":"word","page_number":604,"line_number":15,"text":"ﮖ","translation":{"text":"From","language_name":"english","language_id":38},"transliteration":{"text":"mina","language_name":"english","language_id":38}},{"id":6730,"position":2,"audio_url":"wbw/114_006_002.mp3","qpc_uthmani_hafs":"ٱلۡجِنَّةِ","char_type_name":"word","page_number":604,"line_number":15,"text":"ﮗ","translation":{"text":"the jinn","language_name":"english","language_id":38},"transliteration":{"text":"l-jinati","language_name":"english","language_id":38}},{"id":6731,"position":3,"audio_url":"wbw/114_006_003.mp3","qpc_uthmani_hafs":"وَٱلنَّاسِ","char_type_name":"word","page_number":604,"line_number":15,"text":"ﮘ","translation":{"text":"and men","language_name":"english","language_id":38},"transliteration":{"text":"wal-nāsi","language_name":"english","language_id":38}},{"id":6732,"position":4,"audio_url":null,"qpc_uthmani_hafs":"٦","char_type_name":"end","page_number":604,"line_number":15,"text":"ﮙ","translation":{"text":"(6)","language_name":"english","language_id":38},"transliteration":{"text":null,"language_name":"english","language_id":38}}],"translations":[{"id":922665,"resource_id":134,"text":"dari (golongan) jin dan manusia\"."}]}],"pagination":{"per_page":50,"current_page":1,"next_page":null,"total_pages":1,"total_records":15}}