{"verses":[{"id":467,"verse_number":174,"verse_key":"3:174","juz_number":4,"hizb_number":8,"rub_el_hizb_number":29,"ruku_number":59,"manzil_number":1,"sajdah_number":null,"text_uthmani":"فَٱنقَلَبُوا۟ بِنِعْمَةٍ مِّنَ ٱللَّهِ وَفَضْلٍ لَّمْ يَمْسَسْهُمْ سُوٓءٌ وَٱتَّبَعُوا۟ رِضْوَٰنَ ٱللَّهِ ۗ وَٱللَّهُ ذُو فَضْلٍ عَظِيمٍ","page_number":73,"words":[{"id":83269,"position":1,"audio_url":"wbw/003_174_001.mp3","qpc_uthmani_hafs":"فَٱنقَلَبُواْ","char_type_name":"word","page_number":73,"line_number":1,"text":"ﭑ","translation":{"text":"So they returned","language_name":"english","language_id":38},"transliteration":{"text":"fa-inqalabū","language_name":"english","language_id":38}},{"id":83270,"position":2,"audio_url":"wbw/003_174_002.mp3","qpc_uthmani_hafs":"بِنِعۡمَةٖ","char_type_name":"word","page_number":73,"line_number":1,"text":"ﭒ","translation":{"text":"with (the) Favor","language_name":"english","language_id":38},"transliteration":{"text":"biniʿ'matin","language_name":"english","language_id":38}},{"id":83271,"position":3,"audio_url":"wbw/003_174_003.mp3","qpc_uthmani_hafs":"مِّنَ","char_type_name":"word","page_number":73,"line_number":1,"text":"ﭓ","translation":{"text":"of","language_name":"english","language_id":38},"transliteration":{"text":"mina","language_name":"english","language_id":38}},{"id":83272,"position":4,"audio_url":"wbw/003_174_004.mp3","qpc_uthmani_hafs":"ٱللَّهِ","char_type_name":"word","page_number":73,"line_number":1,"text":"ﭔ","translation":{"text":"Allah","language_name":"english","language_id":38},"transliteration":{"text":"l-lahi","language_name":"english","language_id":38}},{"id":83273,"position":5,"audio_url":"wbw/003_174_005.mp3","qpc_uthmani_hafs":"وَفَضۡلٖ","char_type_name":"word","page_number":73,"line_number":1,"text":"ﭕ","translation":{"text":"and Bounty","language_name":"english","language_id":38},"transliteration":{"text":"wafaḍlin","language_name":"english","language_id":38}},{"id":83274,"position":6,"audio_url":"wbw/003_174_006.mp3","qpc_uthmani_hafs":"لَّمۡ","char_type_name":"word","page_number":73,"line_number":1,"text":"ﭖ","translation":{"text":"not","language_name":"english","language_id":38},"transliteration":{"text":"lam","language_name":"english","language_id":38}},{"id":83275,"position":7,"audio_url":"wbw/003_174_007.mp3","qpc_uthmani_hafs":"يَمۡسَسۡهُمۡ","char_type_name":"word","page_number":73,"line_number":1,"text":"ﭗ","translation":{"text":"touched them","language_name":"english","language_id":38},"transliteration":{"text":"yamsashum","language_name":"english","language_id":38}},{"id":83276,"position":8,"audio_url":"wbw/003_174_008.mp3","qpc_uthmani_hafs":"سُوٓءٞ","char_type_name":"word","page_number":73,"line_number":1,"text":"ﭘ","translation":{"text":"any harm","language_name":"english","language_id":38},"transliteration":{"text":"sūon","language_name":"english","language_id":38}},{"id":83277,"position":9,"audio_url":"wbw/003_174_009.mp3","qpc_uthmani_hafs":"وَٱتَّبَعُواْ","char_type_name":"word","page_number":73,"line_number":1,"text":"ﭙ","translation":{"text":"And they followed","language_name":"english","language_id":38},"transliteration":{"text":"wa-ittabaʿū","language_name":"english","language_id":38}},{"id":83278,"position":10,"audio_url":"wbw/003_174_010.mp3","qpc_uthmani_hafs":"رِضۡوَٰنَ","char_type_name":"word","page_number":73,"line_number":2,"text":"ﭚ","translation":{"text":"(the) pleasure","language_name":"english","language_id":38},"transliteration":{"text":"riḍ'wāna","language_name":"english","language_id":38}},{"id":83279,"position":11,"audio_url":"wbw/003_174_011.mp3","qpc_uthmani_hafs":"ٱللَّهِۗ","char_type_name":"word","page_number":73,"line_number":2,"text":"ﭛﭜ","translation":{"text":"(of) Allah","language_name":"english","language_id":38},"transliteration":{"text":"l-lahi","language_name":"english","language_id":38}},{"id":83281,"position":12,"audio_url":"wbw/003_174_013.mp3","qpc_uthmani_hafs":"وَٱللَّهُ","char_type_name":"word","page_number":73,"line_number":2,"text":"ﭝ","translation":{"text":"and Allah","language_name":"english","language_id":38},"transliteration":{"text":"wal-lahu","language_name":"english","language_id":38}},{"id":83282,"position":13,"audio_url":"wbw/003_174_014.mp3","qpc_uthmani_hafs":"ذُو","char_type_name":"word","page_number":73,"line_number":2,"text":"ﭞ","translation":{"text":"(is) Possessor","language_name":"english","language_id":38},"transliteration":{"text":"dhū","language_name":"english","language_id":38}},{"id":83283,"position":14,"audio_url":"wbw/003_174_015.mp3","qpc_uthmani_hafs":"فَضۡلٍ","char_type_name":"word","page_number":73,"line_number":2,"text":"ﭟ","translation":{"text":"(of) Bounty","language_name":"english","language_id":38},"transliteration":{"text":"faḍlin","language_name":"english","language_id":38}},{"id":83284,"position":15,"audio_url":"wbw/003_174_016.mp3","qpc_uthmani_hafs":"عَظِيمٍ","char_type_name":"word","page_number":73,"line_number":2,"text":"ﭠ","translation":{"text":"great","language_name":"english","language_id":38},"transliteration":{"text":"ʿaẓīmin","language_name":"english","language_id":38}},{"id":83285,"position":16,"audio_url":null,"qpc_uthmani_hafs":"١٧٤","char_type_name":"end","page_number":73,"line_number":2,"text":"ﭡ","translation":{"text":"(174)","language_name":"english","language_id":38},"transliteration":{"text":null,"language_name":"english","language_id":38}}],"translations":[{"id":916896,"resource_id":134,"text":"Maka mereka kembali dengan nikmat dan karunia (yang besar) dari Allah, mereka tidak mendapat bencana apa-apa, mereka mengikuti keridaan Allah.  Dan Allah mempunyai karunia yang besar<sup foot_note=210021>1</sup>."}]},{"id":468,"verse_number":175,"verse_key":"3:175","juz_number":4,"hizb_number":8,"rub_el_hizb_number":29,"ruku_number":59,"manzil_number":1,"sajdah_number":null,"text_uthmani":"إِنَّمَا ذَٰلِكُمُ ٱلشَّيْطَـٰنُ يُخَوِّفُ أَوْلِيَآءَهُۥ فَلَا تَخَافُوهُمْ وَخَافُونِ إِن كُنتُم مُّؤْمِنِينَ","page_number":73,"words":[{"id":83311,"position":1,"audio_url":"wbw/003_175_001.mp3","qpc_uthmani_hafs":"إِنَّمَا","char_type_name":"word","page_number":73,"line_number":2,"text":"ﭢ","translation":{"text":"(It is) only","language_name":"english","language_id":38},"transliteration":{"text":"innamā","language_name":"english","language_id":38}},{"id":83312,"position":2,"audio_url":"wbw/003_175_002.mp3","qpc_uthmani_hafs":"ذَٰلِكُمُ","char_type_name":"word","page_number":73,"line_number":2,"text":"ﭣ","translation":{"text":"that","language_name":"english","language_id":38},"transliteration":{"text":"dhālikumu","language_name":"english","language_id":38}},{"id":83313,"position":3,"audio_url":"wbw/003_175_003.mp3","qpc_uthmani_hafs":"ٱلشَّيۡطَٰنُ","char_type_name":"word","page_number":73,"line_number":2,"text":"ﭤ","translation":{"text":"the Shaitaan","language_name":"english","language_id":38},"transliteration":{"text":"l-shayṭānu","language_name":"english","language_id":38}},{"id":83314,"position":4,"audio_url":"wbw/003_175_004.mp3","qpc_uthmani_hafs":"يُخَوِّفُ","char_type_name":"word","page_number":73,"line_number":3,"text":"ﭥ","translation":{"text":"frightens (you)","language_name":"english","language_id":38},"transliteration":{"text":"yukhawwifu","language_name":"english","language_id":38}},{"id":83315,"position":5,"audio_url":"wbw/003_175_005.mp3","qpc_uthmani_hafs":"أَوۡلِيَآءَهُۥ","char_type_name":"word","page_number":73,"line_number":3,"text":"ﭦ","translation":{"text":"(of) his allies","language_name":"english","language_id":38},"transliteration":{"text":"awliyāahu","language_name":"english","language_id":38}},{"id":83316,"position":6,"audio_url":"wbw/003_175_006.mp3","qpc_uthmani_hafs":"فَلَا","char_type_name":"word","page_number":73,"line_number":3,"text":"ﭧ","translation":{"text":"So (do) not","language_name":"english","language_id":38},"transliteration":{"text":"falā","language_name":"english","language_id":38}},{"id":83317,"position":7,"audio_url":"wbw/003_175_007.mp3","qpc_uthmani_hafs":"تَخَافُوهُمۡ","char_type_name":"word","page_number":73,"line_number":3,"text":"ﭨ","translation":{"text":"fear them","language_name":"english","language_id":38},"transliteration":{"text":"takhāfūhum","language_name":"english","language_id":38}},{"id":83318,"position":8,"audio_url":"wbw/003_175_008.mp3","qpc_uthmani_hafs":"وَخَافُونِ","char_type_name":"word","page_number":73,"line_number":3,"text":"ﭩ","translation":{"text":"but fear Me","language_name":"english","language_id":38},"transliteration":{"text":"wakhāfūni","language_name":"english","language_id":38}},{"id":83319,"position":9,"audio_url":"wbw/003_175_009.mp3","qpc_uthmani_hafs":"إِن","char_type_name":"word","page_number":73,"line_number":3,"text":"ﭪ","translation":{"text":"if","language_name":"english","language_id":38},"transliteration":{"text":"in","language_name":"english","language_id":38}},{"id":83320,"position":10,"audio_url":"wbw/003_175_010.mp3","qpc_uthmani_hafs":"كُنتُم","char_type_name":"word","page_number":73,"line_number":3,"text":"ﭫ","translation":{"text":"you are","language_name":"english","language_id":38},"transliteration":{"text":"kuntum","language_name":"english","language_id":38}},{"id":83321,"position":11,"audio_url":"wbw/003_175_011.mp3","qpc_uthmani_hafs":"مُّؤۡمِنِينَ","char_type_name":"word","page_number":73,"line_number":3,"text":"ﭬ","translation":{"text":"believers","language_name":"english","language_id":38},"transliteration":{"text":"mu'minīna","language_name":"english","language_id":38}},{"id":83322,"position":12,"audio_url":null,"qpc_uthmani_hafs":"١٧٥","char_type_name":"end","page_number":73,"line_number":3,"text":"ﭭ","translation":{"text":"(175)","language_name":"english","language_id":38},"transliteration":{"text":null,"language_name":"english","language_id":38}}],"translations":[{"id":916897,"resource_id":134,"text":"Sesungguhnya mereka itu tidak lain hanyalah setan yang menakut-nakuti (kamu) dengan kawan-kawannya (orang-orang musyrik Quraisy), karena itu janganlah kamu takut kepada mereka, tetapi takutlah kepada-Ku, jika kamu benar-benar orang yang beriman."}]},{"id":469,"verse_number":176,"verse_key":"3:176","juz_number":4,"hizb_number":8,"rub_el_hizb_number":29,"ruku_number":59,"manzil_number":1,"sajdah_number":null,"text_uthmani":"وَلَا يَحْزُنكَ ٱلَّذِينَ يُسَـٰرِعُونَ فِى ٱلْكُفْرِ ۚ إِنَّهُمْ لَن يَضُرُّوا۟ ٱللَّهَ شَيْـًٔا ۗ يُرِيدُ ٱللَّهُ أَلَّا يَجْعَلَ لَهُمْ حَظًّا فِى ٱلْـَٔاخِرَةِ ۖ وَلَهُمْ عَذَابٌ عَظِيمٌ","page_number":73,"words":[{"id":83476,"position":1,"audio_url":"wbw/003_176_001.mp3","qpc_uthmani_hafs":"وَلَا","char_type_name":"word","page_number":73,"line_number":4,"text":"ﭮ","translation":{"text":"And (let) not","language_name":"english","language_id":38},"transliteration":{"text":"walā","language_name":"english","language_id":38}},{"id":83477,"position":2,"audio_url":"wbw/003_176_002.mp3","qpc_uthmani_hafs":"يَحۡزُنكَ","char_type_name":"word","page_number":73,"line_number":4,"text":"ﭯ","translation":{"text":"grieve you","language_name":"english","language_id":38},"transliteration":{"text":"yaḥzunka","language_name":"english","language_id":38}},{"id":83478,"position":3,"audio_url":"wbw/003_176_003.mp3","qpc_uthmani_hafs":"ٱلَّذِينَ","char_type_name":"word","page_number":73,"line_number":4,"text":"ﭰ","translation":{"text":"those who","language_name":"english","language_id":38},"transliteration":{"text":"alladhīna","language_name":"english","language_id":38}},{"id":83479,"position":4,"audio_url":"wbw/003_176_004.mp3","qpc_uthmani_hafs":"يُسَٰرِعُونَ","char_type_name":"word","page_number":73,"line_number":4,"text":"ﭱ","translation":{"text":"hasten","language_name":"english","language_id":38},"transliteration":{"text":"yusāriʿūna","language_name":"english","language_id":38}},{"id":83480,"position":5,"audio_url":"wbw/003_176_005.mp3","qpc_uthmani_hafs":"فِي","char_type_name":"word","page_number":73,"line_number":4,"text":"ﭲ","translation":{"text":"in(to)","language_name":"english","language_id":38},"transliteration":{"text":"fī","language_name":"english","language_id":38}},{"id":83481,"position":6,"audio_url":"wbw/003_176_006.mp3","qpc_uthmani_hafs":"ٱلۡكُفۡرِۚ","char_type_name":"word","page_number":73,"line_number":4,"text":"ﭳﭴ","translation":{"text":"[the] disbelief","language_name":"english","language_id":38},"transliteration":{"text":"l-kuf'ri","language_name":"english","language_id":38}},{"id":83483,"position":7,"audio_url":"wbw/003_176_008.mp3","qpc_uthmani_hafs":"إِنَّهُمۡ","char_type_name":"word","page_number":73,"line_number":4,"text":"ﭵ","translation":{"text":"Indeed, they","language_name":"english","language_id":38},"transliteration":{"text":"innahum","language_name":"english","language_id":38}},{"id":83484,"position":8,"audio_url":"wbw/003_176_009.mp3","qpc_uthmani_hafs":"لَن","char_type_name":"word","page_number":73,"line_number":4,"text":"ﭶ","translation":{"text":"never","language_name":"english","language_id":38},"transliteration":{"text":"lan","language_name":"english","language_id":38}},{"id":83485,"position":9,"audio_url":"wbw/003_176_010.mp3","qpc_uthmani_hafs":"يَضُرُّواْ","char_type_name":"word","page_number":73,"line_number":4,"text":"ﭷ","translation":{"text":"will harm","language_name":"english","language_id":38},"transliteration":{"text":"yaḍurrū","language_name":"english","language_id":38}},{"id":83486,"position":10,"audio_url":"wbw/003_176_011.mp3","qpc_uthmani_hafs":"ٱللَّهَ","char_type_name":"word","page_number":73,"line_number":4,"text":"ﭸ","translation":{"text":"Allah","language_name":"english","language_id":38},"transliteration":{"text":"l-laha","language_name":"english","language_id":38}},{"id":83487,"position":11,"audio_url":"wbw/003_176_012.mp3","qpc_uthmani_hafs":"شَيۡـٔٗاۚ","char_type_name":"word","page_number":73,"line_number":5,"text":"ﭹﭺ","translation":{"text":"(in) anything","language_name":"english","language_id":38},"transliteration":{"text":"shayan","language_name":"english","language_id":38}},{"id":83489,"position":12,"audio_url":"wbw/003_176_014.mp3","qpc_uthmani_hafs":"يُرِيدُ","char_type_name":"word","page_number":73,"line_number":5,"text":"ﭻ","translation":{"text":"intends","language_name":"english","language_id":38},"transliteration":{"text":"yurīdu","language_name":"english","language_id":38}},{"id":83490,"position":13,"audio_url":"wbw/003_176_015.mp3","qpc_uthmani_hafs":"ٱللَّهُ","char_type_name":"word","page_number":73,"line_number":5,"text":"ﭼ","translation":{"text":"Allah","language_name":"english","language_id":38},"transliteration":{"text":"l-lahu","language_name":"english","language_id":38}},{"id":83491,"position":14,"audio_url":"wbw/003_176_016.mp3","qpc_uthmani_hafs":"أَلَّا","char_type_name":"word","page_number":73,"line_number":5,"text":"ﭽ","translation":{"text":"that not","language_name":"english","language_id":38},"transliteration":{"text":"allā","language_name":"english","language_id":38}},{"id":83492,"position":15,"audio_url":"wbw/003_176_017.mp3","qpc_uthmani_hafs":"يَجۡعَلَ","char_type_name":"word","page_number":73,"line_number":5,"text":"ﭾ","translation":{"text":"He will set","language_name":"english","language_id":38},"transliteration":{"text":"yajʿala","language_name":"english","language_id":38}},{"id":83493,"position":16,"audio_url":"wbw/003_176_018.mp3","qpc_uthmani_hafs":"لَهُمۡ","char_type_name":"word","page_number":73,"line_number":5,"text":"ﭿ","translation":{"text":"for them","language_name":"english","language_id":38},"transliteration":{"text":"lahum","language_name":"english","language_id":38}},{"id":83494,"position":17,"audio_url":"wbw/003_176_019.mp3","qpc_uthmani_hafs":"حَظّٗا","char_type_name":"word","page_number":73,"line_number":5,"text":"ﮀ","translation":{"text":"any portion","language_name":"english","language_id":38},"transliteration":{"text":"ḥaẓẓan","language_name":"english","language_id":38}},{"id":83495,"position":18,"audio_url":"wbw/003_176_020.mp3","qpc_uthmani_hafs":"فِي","char_type_name":"word","page_number":73,"line_number":5,"text":"ﮁ","translation":{"text":"in","language_name":"english","language_id":38},"transliteration":{"text":"fī","language_name":"english","language_id":38}},{"id":83496,"position":19,"audio_url":"wbw/003_176_021.mp3","qpc_uthmani_hafs":"ٱلۡأٓخِرَةِۖ","char_type_name":"word","page_number":73,"line_number":5,"text":"ﮂﮃ","translation":{"text":"the Hereafter","language_name":"english","language_id":38},"transliteration":{"text":"l-ākhirati","language_name":"english","language_id":38}},{"id":83498,"position":20,"audio_url":"wbw/003_176_023.mp3","qpc_uthmani_hafs":"وَلَهُمۡ","char_type_name":"word","page_number":73,"line_number":5,"text":"ﮄ","translation":{"text":"And for them","language_name":"english","language_id":38},"transliteration":{"text":"walahum","language_name":"english","language_id":38}},{"id":83499,"position":21,"audio_url":"wbw/003_176_024.mp3","qpc_uthmani_hafs":"عَذَابٌ","char_type_name":"word","page_number":73,"line_number":5,"text":"ﮅ","translation":{"text":"(is) a punishment","language_name":"english","language_id":38},"transliteration":{"text":"ʿadhābun","language_name":"english","language_id":38}},{"id":83500,"position":22,"audio_url":"wbw/003_176_025.mp3","qpc_uthmani_hafs":"عَظِيمٌ","char_type_name":"word","page_number":73,"line_number":6,"text":"ﮆ","translation":{"text":"great","language_name":"english","language_id":38},"transliteration":{"text":"ʿaẓīmun","language_name":"english","language_id":38}},{"id":83501,"position":23,"audio_url":null,"qpc_uthmani_hafs":"١٧٦","char_type_name":"end","page_number":73,"line_number":6,"text":"ﮇ","translation":{"text":"(176)","language_name":"english","language_id":38},"transliteration":{"text":null,"language_name":"english","language_id":38}}],"translations":[{"id":916898,"resource_id":134,"text":"Janganlah kamu disedihkan oleh orang-orang yang segera menjadi kafir<sup foot_note=210022>1</sup>; sesungguhnya mereka tidak sekali-kali dapat memberi mudarat kepada Allah sedikit pun.  Allah berkehendak tidak akan memberi sesuatu bagian (dari pahala) kepada mereka di hari akhirat, dan bagi mereka azab yang besar."}]},{"id":470,"verse_number":177,"verse_key":"3:177","juz_number":4,"hizb_number":8,"rub_el_hizb_number":29,"ruku_number":59,"manzil_number":1,"sajdah_number":null,"text_uthmani":"إِنَّ ٱلَّذِينَ ٱشْتَرَوُا۟ ٱلْكُفْرَ بِٱلْإِيمَـٰنِ لَن يَضُرُّوا۟ ٱللَّهَ شَيْـًٔا وَلَهُمْ عَذَابٌ أَلِيمٌ","page_number":73,"words":[{"id":83570,"position":1,"audio_url":"wbw/003_177_001.mp3","qpc_uthmani_hafs":"إِنَّ","char_type_name":"word","page_number":73,"line_number":6,"text":"ﮈ","translation":{"text":"Indeed","language_name":"english","language_id":38},"transliteration":{"text":"inna","language_name":"english","language_id":38}},{"id":83571,"position":2,"audio_url":"wbw/003_177_002.mp3","qpc_uthmani_hafs":"ٱلَّذِينَ","char_type_name":"word","page_number":73,"line_number":6,"text":"ﮉ","translation":{"text":"those who","language_name":"english","language_id":38},"transliteration":{"text":"alladhīna","language_name":"english","language_id":38}},{"id":83572,"position":3,"audio_url":"wbw/003_177_003.mp3","qpc_uthmani_hafs":"ٱشۡتَرَوُاْ","char_type_name":"word","page_number":73,"line_number":6,"text":"ﮊ","translation":{"text":"(have) purchased","language_name":"english","language_id":38},"transliteration":{"text":"ish'tarawū","language_name":"english","language_id":38}},{"id":83573,"position":4,"audio_url":"wbw/003_177_004.mp3","qpc_uthmani_hafs":"ٱلۡكُفۡرَ","char_type_name":"word","page_number":73,"line_number":6,"text":"ﮋ","translation":{"text":"[the] disbelief","language_name":"english","language_id":38},"transliteration":{"text":"l-kuf'ra","language_name":"english","language_id":38}},{"id":83574,"position":5,"audio_url":"wbw/003_177_005.mp3","qpc_uthmani_hafs":"بِٱلۡإِيمَٰنِ","char_type_name":"word","page_number":73,"line_number":6,"text":"ﮌ","translation":{"text":"with the faith","language_name":"english","language_id":38},"transliteration":{"text":"bil-īmāni","language_name":"english","language_id":38}},{"id":83575,"position":6,"audio_url":"wbw/003_177_006.mp3","qpc_uthmani_hafs":"لَن","char_type_name":"word","page_number":73,"line_number":6,"text":"ﮍ","translation":{"text":"never","language_name":"english","language_id":38},"transliteration":{"text":"lan","language_name":"english","language_id":38}},{"id":83576,"position":7,"audio_url":"wbw/003_177_007.mp3","qpc_uthmani_hafs":"يَضُرُّواْ","char_type_name":"word","page_number":73,"line_number":6,"text":"ﮎ","translation":{"text":"will they harm","language_name":"english","language_id":38},"transliteration":{"text":"yaḍurrū","language_name":"english","language_id":38}},{"id":83577,"position":8,"audio_url":"wbw/003_177_008.mp3","qpc_uthmani_hafs":"ٱللَّهَ","char_type_name":"word","page_number":73,"line_number":7,"text":"ﮏ","translation":{"text":"Allah","language_name":"english","language_id":38},"transliteration":{"text":"l-laha","language_name":"english","language_id":38}},{"id":83578,"position":9,"audio_url":"wbw/003_177_009.mp3","qpc_uthmani_hafs":"شَيۡـٔٗاۖ","char_type_name":"word","page_number":73,"line_number":7,"text":"ﮐ","translation":{"text":"(in) anything","language_name":"english","language_id":38},"transliteration":{"text":"shayan","language_name":"english","language_id":38}},{"id":83579,"position":10,"audio_url":"wbw/003_177_010.mp3","qpc_uthmani_hafs":"وَلَهُمۡ","char_type_name":"word","page_number":73,"line_number":7,"text":"ﮑ","translation":{"text":"and for them","language_name":"english","language_id":38},"transliteration":{"text":"walahum","language_name":"english","language_id":38}},{"id":83580,"position":11,"audio_url":"wbw/003_177_011.mp3","qpc_uthmani_hafs":"عَذَابٌ","char_type_name":"word","page_number":73,"line_number":7,"text":"ﮒ","translation":{"text":"(is) a punishment","language_name":"english","language_id":38},"transliteration":{"text":"ʿadhābun","language_name":"english","language_id":38}},{"id":83581,"position":12,"audio_url":"wbw/003_177_012.mp3","qpc_uthmani_hafs":"أَلِيمٞ","char_type_name":"word","page_number":73,"line_number":7,"text":"ﮓ","translation":{"text":"painful","language_name":"english","language_id":38},"transliteration":{"text":"alīmun","language_name":"english","language_id":38}},{"id":83582,"position":13,"audio_url":null,"qpc_uthmani_hafs":"١٧٧","char_type_name":"end","page_number":73,"line_number":7,"text":"ﮔ","translation":{"text":"(177)","language_name":"english","language_id":38},"transliteration":{"text":null,"language_name":"english","language_id":38}}],"translations":[{"id":916899,"resource_id":134,"text":"Sesungguhnya orang-orang yang menukar iman dengan kekafiran, sekali-kali mereka tidak dapat memberi mudarat kepada Allah sedikit pun; dan bagi mereka azab yang pedih."}]},{"id":471,"verse_number":178,"verse_key":"3:178","juz_number":4,"hizb_number":8,"rub_el_hizb_number":29,"ruku_number":59,"manzil_number":1,"sajdah_number":null,"text_uthmani":"وَلَا يَحْسَبَنَّ ٱلَّذِينَ كَفَرُوٓا۟ أَنَّمَا نُمْلِى لَهُمْ خَيْرٌ لِّأَنفُسِهِمْ ۚ إِنَّمَا نُمْلِى لَهُمْ لِيَزْدَادُوٓا۟ إِثْمًا ۚ وَلَهُمْ عَذَابٌ مُّهِينٌ","page_number":73,"words":[{"id":83664,"position":1,"audio_url":"wbw/003_178_001.mp3","qpc_uthmani_hafs":"وَلَا","char_type_name":"word","page_number":73,"line_number":7,"text":"ﮕ","translation":{"text":"And (let) not","language_name":"english","language_id":38},"transliteration":{"text":"walā","language_name":"english","language_id":38}},{"id":83665,"position":2,"audio_url":"wbw/003_178_002.mp3","qpc_uthmani_hafs":"يَحۡسَبَنَّ","char_type_name":"word","page_number":73,"line_number":7,"text":"ﮖ","translation":{"text":"think","language_name":"english","language_id":38},"transliteration":{"text":"yaḥsabanna","language_name":"english","language_id":38}},{"id":83666,"position":3,"audio_url":"wbw/003_178_003.mp3","qpc_uthmani_hafs":"ٱلَّذِينَ","char_type_name":"word","page_number":73,"line_number":7,"text":"ﮗ","translation":{"text":"those who","language_name":"english","language_id":38},"transliteration":{"text":"alladhīna","language_name":"english","language_id":38}},{"id":83667,"position":4,"audio_url":"wbw/003_178_004.mp3","qpc_uthmani_hafs":"كَفَرُوٓاْ","char_type_name":"word","page_number":73,"line_number":7,"text":"ﮘ","translation":{"text":"disbelieved","language_name":"english","language_id":38},"transliteration":{"text":"kafarū","language_name":"english","language_id":38}},{"id":83668,"position":5,"audio_url":"wbw/003_178_005.mp3","qpc_uthmani_hafs":"أَنَّمَا","char_type_name":"word","page_number":73,"line_number":8,"text":"ﮙ","translation":{"text":"that","language_name":"english","language_id":38},"transliteration":{"text":"annamā","language_name":"english","language_id":38}},{"id":83669,"position":6,"audio_url":"wbw/003_178_006.mp3","qpc_uthmani_hafs":"نُمۡلِي","char_type_name":"word","page_number":73,"line_number":8,"text":"ﮚ","translation":{"text":"We give respite","language_name":"english","language_id":38},"transliteration":{"text":"num'lī","language_name":"english","language_id":38}},{"id":83670,"position":7,"audio_url":"wbw/003_178_007.mp3","qpc_uthmani_hafs":"لَهُمۡ","char_type_name":"word","page_number":73,"line_number":8,"text":"ﮛ","translation":{"text":"to them","language_name":"english","language_id":38},"transliteration":{"text":"lahum","language_name":"english","language_id":38}},{"id":83671,"position":8,"audio_url":"wbw/003_178_008.mp3","qpc_uthmani_hafs":"خَيۡرٞ","char_type_name":"word","page_number":73,"line_number":8,"text":"ﮜ","translation":{"text":"(is) good","language_name":"english","language_id":38},"transliteration":{"text":"khayrun","language_name":"english","language_id":38}},{"id":83672,"position":9,"audio_url":"wbw/003_178_009.mp3","qpc_uthmani_hafs":"لِّأَنفُسِهِمۡۚ","char_type_name":"word","page_number":73,"line_number":8,"text":"ﮝﮞ","translation":{"text":"for themselves","language_name":"english","language_id":38},"transliteration":{"text":"li-anfusihim","language_name":"english","language_id":38}},{"id":83674,"position":10,"audio_url":"wbw/003_178_011.mp3","qpc_uthmani_hafs":"إِنَّمَا","char_type_name":"word","page_number":73,"line_number":8,"text":"ﮟ","translation":{"text":"Only","language_name":"english","language_id":38},"transliteration":{"text":"innamā","language_name":"english","language_id":38}},{"id":83675,"position":11,"audio_url":"wbw/003_178_012.mp3","qpc_uthmani_hafs":"نُمۡلِي","char_type_name":"word","page_number":73,"line_number":8,"text":"ﮠ","translation":{"text":"We give respite","language_name":"english","language_id":38},"transliteration":{"text":"num'lī","language_name":"english","language_id":38}},{"id":83676,"position":12,"audio_url":"wbw/003_178_013.mp3","qpc_uthmani_hafs":"لَهُمۡ","char_type_name":"word","page_number":73,"line_number":8,"text":"ﮡ","translation":{"text":"to them","language_name":"english","language_id":38},"transliteration":{"text":"lahum","language_name":"english","language_id":38}},{"id":83677,"position":13,"audio_url":"wbw/003_178_014.mp3","qpc_uthmani_hafs":"لِيَزۡدَادُوٓاْ","char_type_name":"word","page_number":73,"line_number":8,"text":"ﮢ","translation":{"text":"so that they may increase","language_name":"english","language_id":38},"transliteration":{"text":"liyazdādū","language_name":"english","language_id":38}},{"id":83678,"position":14,"audio_url":"wbw/003_178_015.mp3","qpc_uthmani_hafs":"إِثۡمٗاۖ","char_type_name":"word","page_number":73,"line_number":8,"text":"ﮣﮤ","translation":{"text":"(in) sins","language_name":"english","language_id":38},"transliteration":{"text":"ith'man","language_name":"english","language_id":38}},{"id":83680,"position":15,"audio_url":"wbw/003_178_017.mp3","qpc_uthmani_hafs":"وَلَهُمۡ","char_type_name":"word","page_number":73,"line_number":9,"text":"ﮥ","translation":{"text":"and for them","language_name":"english","language_id":38},"transliteration":{"text":"walahum","language_name":"english","language_id":38}},{"id":83681,"position":16,"audio_url":"wbw/003_178_018.mp3","qpc_uthmani_hafs":"عَذَابٞ","char_type_name":"word","page_number":73,"line_number":9,"text":"ﮦ","translation":{"text":"(is) a punishment","language_name":"english","language_id":38},"transliteration":{"text":"ʿadhābun","language_name":"english","language_id":38}},{"id":83682,"position":17,"audio_url":"wbw/003_178_019.mp3","qpc_uthmani_hafs":"مُّهِينٞ","char_type_name":"word","page_number":73,"line_number":9,"text":"ﮧ","translation":{"text":"humiliating","language_name":"english","language_id":38},"transliteration":{"text":"muhīnun","language_name":"english","language_id":38}},{"id":83683,"position":18,"audio_url":null,"qpc_uthmani_hafs":"١٧٨","char_type_name":"end","page_number":73,"line_number":9,"text":"ﮨ","translation":{"text":"(178)","language_name":"english","language_id":38},"transliteration":{"text":null,"language_name":"english","language_id":38}}],"translations":[{"id":916900,"resource_id":134,"text":"Dan janganlah sekali-kali orang-orang kafir menyangka, bahwa pemberian tangguh Kami kepada mereka<sup foot_note=210023>1</sup> adalah lebih baik bagi mereka.  Sesungguhnya Kami memberi tangguh kepada mereka hanyalah supaya bertambah-tambah dosa mereka; dan bagi mereka azab yang menghinakan."}]},{"id":472,"verse_number":179,"verse_key":"3:179","juz_number":4,"hizb_number":8,"rub_el_hizb_number":29,"ruku_number":59,"manzil_number":1,"sajdah_number":null,"text_uthmani":"مَّا كَانَ ٱللَّهُ لِيَذَرَ ٱلْمُؤْمِنِينَ عَلَىٰ مَآ أَنتُمْ عَلَيْهِ حَتَّىٰ يَمِيزَ ٱلْخَبِيثَ مِنَ ٱلطَّيِّبِ ۗ وَمَا كَانَ ٱللَّهُ لِيُطْلِعَكُمْ عَلَى ٱلْغَيْبِ وَلَـٰكِنَّ ٱللَّهَ يَجْتَبِى مِن رُّسُلِهِۦ مَن يَشَآءُ ۖ فَـَٔامِنُوا۟ بِٱللَّهِ وَرُسُلِهِۦ ۚ وَإِن تُؤْمِنُوا۟ وَتَتَّقُوا۟ فَلَكُمْ أَجْرٌ عَظِيمٌ","page_number":73,"words":[{"id":83684,"position":1,"audio_url":"wbw/003_179_001.mp3","qpc_uthmani_hafs":"مَّا","char_type_name":"word","page_number":73,"line_number":9,"text":"ﮩ","translation":{"text":"Not","language_name":"english","language_id":38},"transliteration":{"text":"mā","language_name":"english","language_id":38}},{"id":83685,"position":2,"audio_url":"wbw/003_179_002.mp3","qpc_uthmani_hafs":"كَانَ","char_type_name":"word","page_number":73,"line_number":9,"text":"ﮪ","translation":{"text":"is","language_name":"english","language_id":38},"transliteration":{"text":"kāna","language_name":"english","language_id":38}},{"id":83686,"position":3,"audio_url":"wbw/003_179_003.mp3","qpc_uthmani_hafs":"ٱللَّهُ","char_type_name":"word","page_number":73,"line_number":9,"text":"ﮫ","translation":{"text":"Allah","language_name":"english","language_id":38},"transliteration":{"text":"l-lahu","language_name":"english","language_id":38}},{"id":83687,"position":4,"audio_url":"wbw/003_179_004.mp3","qpc_uthmani_hafs":"لِيَذَرَ","char_type_name":"word","page_number":73,"line_number":9,"text":"ﮬ","translation":{"text":"to leave","language_name":"english","language_id":38},"transliteration":{"text":"liyadhara","language_name":"english","language_id":38}},{"id":83688,"position":5,"audio_url":"wbw/003_179_005.mp3","qpc_uthmani_hafs":"ٱلۡمُؤۡمِنِينَ","char_type_name":"word","page_number":73,"line_number":9,"text":"ﮭ","translation":{"text":"the believers","language_name":"english","language_id":38},"transliteration":{"text":"l-mu'minīna","language_name":"english","language_id":38}},{"id":83689,"position":6,"audio_url":"wbw/003_179_006.mp3","qpc_uthmani_hafs":"عَلَىٰ","char_type_name":"word","page_number":73,"line_number":9,"text":"ﮮ","translation":{"text":"on","language_name":"english","language_id":38},"transliteration":{"text":"ʿalā","language_name":"english","language_id":38}},{"id":83690,"position":7,"audio_url":"wbw/003_179_007.mp3","qpc_uthmani_hafs":"مَآ","char_type_name":"word","page_number":73,"line_number":9,"text":"ﮯ","translation":{"text":"what","language_name":"english","language_id":38},"transliteration":{"text":"mā","language_name":"english","language_id":38}},{"id":83691,"position":8,"audio_url":"wbw/003_179_008.mp3","qpc_uthmani_hafs":"أَنتُمۡ","char_type_name":"word","page_number":73,"line_number":10,"text":"ﮰ","translation":{"text":"you (are)","language_name":"english","language_id":38},"transliteration":{"text":"antum","language_name":"english","language_id":38}},{"id":83692,"position":9,"audio_url":"wbw/003_179_009.mp3","qpc_uthmani_hafs":"عَلَيۡهِ","char_type_name":"word","page_number":73,"line_number":10,"text":"ﮱ","translation":{"text":"in [it]","language_name":"english","language_id":38},"transliteration":{"text":"ʿalayhi","language_name":"english","language_id":38}},{"id":83693,"position":10,"audio_url":"wbw/003_179_010.mp3","qpc_uthmani_hafs":"حَتَّىٰ","char_type_name":"word","page_number":73,"line_number":10,"text":"ﯓ","translation":{"text":"until","language_name":"english","language_id":38},"transliteration":{"text":"ḥattā","language_name":"english","language_id":38}},{"id":83694,"position":11,"audio_url":"wbw/003_179_011.mp3","qpc_uthmani_hafs":"يَمِيزَ","char_type_name":"word","page_number":73,"line_number":10,"text":"ﯔ","translation":{"text":"He separates","language_name":"english","language_id":38},"transliteration":{"text":"yamīza","language_name":"english","language_id":38}},{"id":83695,"position":12,"audio_url":"wbw/003_179_012.mp3","qpc_uthmani_hafs":"ٱلۡخَبِيثَ","char_type_name":"word","page_number":73,"line_number":10,"text":"ﯕ","translation":{"text":"the evil","language_name":"english","language_id":38},"transliteration":{"text":"l-khabītha","language_name":"english","language_id":38}},{"id":83696,"position":13,"audio_url":"wbw/003_179_013.mp3","qpc_uthmani_hafs":"مِنَ","char_type_name":"word","page_number":73,"line_number":10,"text":"ﯖ","translation":{"text":"from","language_name":"english","language_id":38},"transliteration":{"text":"mina","language_name":"english","language_id":38}},{"id":83697,"position":14,"audio_url":"wbw/003_179_014.mp3","qpc_uthmani_hafs":"ٱلطَّيِّبِۗ","char_type_name":"word","page_number":73,"line_number":10,"text":"ﯗﯘ","translation":{"text":"the good","language_name":"english","language_id":38},"transliteration":{"text":"l-ṭayibi","language_name":"english","language_id":38}},{"id":83699,"position":15,"audio_url":"wbw/003_179_016.mp3","qpc_uthmani_hafs":"وَمَا","char_type_name":"word","page_number":73,"line_number":10,"text":"ﯙ","translation":{"text":"And not","language_name":"english","language_id":38},"transliteration":{"text":"wamā","language_name":"english","language_id":38}},{"id":83700,"position":16,"audio_url":"wbw/003_179_017.mp3","qpc_uthmani_hafs":"كَانَ","char_type_name":"word","page_number":73,"line_number":10,"text":"ﯚ","translation":{"text":"is","language_name":"english","language_id":38},"transliteration":{"text":"kāna","language_name":"english","language_id":38}},{"id":83701,"position":17,"audio_url":"wbw/003_179_018.mp3","qpc_uthmani_hafs":"ٱللَّهُ","char_type_name":"word","page_number":73,"line_number":10,"text":"ﯛ","translation":{"text":"Allah","language_name":"english","language_id":38},"transliteration":{"text":"l-lahu","language_name":"english","language_id":38}},{"id":83702,"position":18,"audio_url":"wbw/003_179_019.mp3","qpc_uthmani_hafs":"لِيُطۡلِعَكُمۡ","char_type_name":"word","page_number":73,"line_number":10,"text":"ﯜ","translation":{"text":"to inform you","language_name":"english","language_id":38},"transliteration":{"text":"liyuṭ'liʿakum","language_name":"english","language_id":38}},{"id":83703,"position":19,"audio_url":"wbw/003_179_020.mp3","qpc_uthmani_hafs":"عَلَى","char_type_name":"word","page_number":73,"line_number":11,"text":"ﯝ","translation":{"text":"about","language_name":"english","language_id":38},"transliteration":{"text":"ʿalā","language_name":"english","language_id":38}},{"id":83704,"position":20,"audio_url":"wbw/003_179_021.mp3","qpc_uthmani_hafs":"ٱلۡغَيۡبِ","char_type_name":"word","page_number":73,"line_number":11,"text":"ﯞ","translation":{"text":"the unseen","language_name":"english","language_id":38},"transliteration":{"text":"l-ghaybi","language_name":"english","language_id":38}},{"id":83705,"position":21,"audio_url":"wbw/003_179_022.mp3","qpc_uthmani_hafs":"وَلَٰكِنَّ","char_type_name":"word","page_number":73,"line_number":11,"text":"ﯟ","translation":{"text":"[and] but","language_name":"english","language_id":38},"transliteration":{"text":"walākinna","language_name":"english","language_id":38}},{"id":83706,"position":22,"audio_url":"wbw/003_179_023.mp3","qpc_uthmani_hafs":"ٱللَّهَ","char_type_name":"word","page_number":73,"line_number":11,"text":"ﯠ","translation":{"text":"Allah","language_name":"english","language_id":38},"transliteration":{"text":"l-laha","language_name":"english","language_id":38}},{"id":83707,"position":23,"audio_url":"wbw/003_179_024.mp3","qpc_uthmani_hafs":"يَجۡتَبِي","char_type_name":"word","page_number":73,"line_number":11,"text":"ﯡ","translation":{"text":"chooses","language_name":"english","language_id":38},"transliteration":{"text":"yajtabī","language_name":"english","language_id":38}},{"id":83708,"position":24,"audio_url":"wbw/003_179_025.mp3","qpc_uthmani_hafs":"مِن","char_type_name":"word","page_number":73,"line_number":11,"text":"ﯢ","translation":{"text":"from","language_name":"english","language_id":38},"transliteration":{"text":"min","language_name":"english","language_id":38}},{"id":83709,"position":25,"audio_url":"wbw/003_179_026.mp3","qpc_uthmani_hafs":"رُّسُلِهِۦ","char_type_name":"word","page_number":73,"line_number":11,"text":"ﯣ","translation":{"text":"His Messengers","language_name":"english","language_id":38},"transliteration":{"text":"rusulihi","language_name":"english","language_id":38}},{"id":83710,"position":26,"audio_url":"wbw/003_179_027.mp3","qpc_uthmani_hafs":"مَن","char_type_name":"word","page_number":73,"line_number":11,"text":"ﯤ","translation":{"text":"whom","language_name":"english","language_id":38},"transliteration":{"text":"man","language_name":"english","language_id":38}},{"id":83711,"position":27,"audio_url":"wbw/003_179_028.mp3","qpc_uthmani_hafs":"يَشَآءُۖ","char_type_name":"word","page_number":73,"line_number":11,"text":"ﯥﯦ","translation":{"text":"He wills","language_name":"english","language_id":38},"transliteration":{"text":"yashāu","language_name":"english","language_id":38}},{"id":83713,"position":28,"audio_url":"wbw/003_179_030.mp3","qpc_uthmani_hafs":"فَـَٔامِنُواْ","char_type_name":"word","page_number":73,"line_number":11,"text":"ﯧ","translation":{"text":"so believe","language_name":"english","language_id":38},"transliteration":{"text":"faāminū","language_name":"english","language_id":38}},{"id":83714,"position":29,"audio_url":"wbw/003_179_031.mp3","qpc_uthmani_hafs":"بِٱللَّهِ","char_type_name":"word","page_number":73,"line_number":11,"text":"ﯨ","translation":{"text":"in Allah","language_name":"english","language_id":38},"transliteration":{"text":"bil-lahi","language_name":"english","language_id":38}},{"id":83715,"position":30,"audio_url":"wbw/003_179_032.mp3","qpc_uthmani_hafs":"وَرُسُلِهِۦۚ","char_type_name":"word","page_number":73,"line_number":12,"text":"ﯩﯪ","translation":{"text":"and His Messengers","language_name":"english","language_id":38},"transliteration":{"text":"warusulihi","language_name":"english","language_id":38}},{"id":83717,"position":31,"audio_url":"wbw/003_179_034.mp3","qpc_uthmani_hafs":"وَإِن","char_type_name":"word","page_number":73,"line_number":12,"text":"ﯫ","translation":{"text":"and if","language_name":"english","language_id":38},"transliteration":{"text":"wa-in","language_name":"english","language_id":38}},{"id":83718,"position":32,"audio_url":"wbw/003_179_035.mp3","qpc_uthmani_hafs":"تُؤۡمِنُواْ","char_type_name":"word","page_number":73,"line_number":12,"text":"ﯬ","translation":{"text":"you believe","language_name":"english","language_id":38},"transliteration":{"text":"tu'minū","language_name":"english","language_id":38}},{"id":83719,"position":33,"audio_url":"wbw/003_179_036.mp3","qpc_uthmani_hafs":"وَتَتَّقُواْ","char_type_name":"word","page_number":73,"line_number":12,"text":"ﯭ","translation":{"text":"and fear (Allah)","language_name":"english","language_id":38},"transliteration":{"text":"watattaqū","language_name":"english","language_id":38}},{"id":83720,"position":34,"audio_url":"wbw/003_179_037.mp3","qpc_uthmani_hafs":"فَلَكُمۡ","char_type_name":"word","page_number":73,"line_number":12,"text":"ﯮ","translation":{"text":"then for you","language_name":"english","language_id":38},"transliteration":{"text":"falakum","language_name":"english","language_id":38}},{"id":83721,"position":35,"audio_url":"wbw/003_179_038.mp3","qpc_uthmani_hafs":"أَجۡرٌ","char_type_name":"word","page_number":73,"line_number":12,"text":"ﯯ","translation":{"text":"(is a) reward","language_name":"english","language_id":38},"transliteration":{"text":"ajrun","language_name":"english","language_id":38}},{"id":83722,"position":36,"audio_url":"wbw/003_179_039.mp3","qpc_uthmani_hafs":"عَظِيمٞ","char_type_name":"word","page_number":73,"line_number":12,"text":"ﯰ","translation":{"text":"great","language_name":"english","language_id":38},"transliteration":{"text":"ʿaẓīmun","language_name":"english","language_id":38}},{"id":83723,"position":37,"audio_url":null,"qpc_uthmani_hafs":"١٧٩","char_type_name":"end","page_number":73,"line_number":12,"text":"ﯱ","translation":{"text":"(179)","language_name":"english","language_id":38},"transliteration":{"text":null,"language_name":"english","language_id":38}}],"translations":[{"id":916901,"resource_id":134,"text":"Allah sekali-kali tidak akan membiarkan orang-orang yang beriman dalam keadaan kamu sekarang ini<sup foot_note=210024>1</sup>, sehingga Dia menyisihkan yang buruk (munafik) dari yang baik (mukmin). Dan Allah sekali-kali tidak akan memperlihatkan kepada kamu hal-hal yang gaib, akan tetapi Allah memilih siapa yang dikehendaki-Nya di antara rasul-rasul-Nya.  Karena itu, berimanlah kepada Allah dan rasul-rasul-Nya<sup foot_note=210025>2</sup>; dan jika kamu beriman dan bertakwa, maka bagimu pahala yang besar."}]},{"id":473,"verse_number":180,"verse_key":"3:180","juz_number":4,"hizb_number":8,"rub_el_hizb_number":29,"ruku_number":59,"manzil_number":1,"sajdah_number":null,"text_uthmani":"وَلَا يَحْسَبَنَّ ٱلَّذِينَ يَبْخَلُونَ بِمَآ ءَاتَىٰهُمُ ٱللَّهُ مِن فَضْلِهِۦ هُوَ خَيْرًا لَّهُم ۖ بَلْ هُوَ شَرٌّ لَّهُمْ ۖ سَيُطَوَّقُونَ مَا بَخِلُوا۟ بِهِۦ يَوْمَ ٱلْقِيَـٰمَةِ ۗ وَلِلَّهِ مِيرَٰثُ ٱلسَّمَـٰوَٰتِ وَٱلْأَرْضِ ۗ وَٱللَّهُ بِمَا تَعْمَلُونَ خَبِيرٌ","page_number":73,"words":[{"id":83830,"position":1,"audio_url":"wbw/003_180_001.mp3","qpc_uthmani_hafs":"وَلَا","char_type_name":"word","page_number":73,"line_number":12,"text":"ﯲ","translation":{"text":"And (let) not","language_name":"english","language_id":38},"transliteration":{"text":"walā","language_name":"english","language_id":38}},{"id":83831,"position":2,"audio_url":"wbw/003_180_002.mp3","qpc_uthmani_hafs":"يَحۡسَبَنَّ","char_type_name":"word","page_number":73,"line_number":13,"text":"ﯳ","translation":{"text":"think","language_name":"english","language_id":38},"transliteration":{"text":"yaḥsabanna","language_name":"english","language_id":38}},{"id":83832,"position":3,"audio_url":"wbw/003_180_003.mp3","qpc_uthmani_hafs":"ٱلَّذِينَ","char_type_name":"word","page_number":73,"line_number":13,"text":"ﯴ","translation":{"text":"those who","language_name":"english","language_id":38},"transliteration":{"text":"alladhīna","language_name":"english","language_id":38}},{"id":83833,"position":4,"audio_url":"wbw/003_180_004.mp3","qpc_uthmani_hafs":"يَبۡخَلُونَ","char_type_name":"word","page_number":73,"line_number":13,"text":"ﯵ","translation":{"text":"withhold","language_name":"english","language_id":38},"transliteration":{"text":"yabkhalūna","language_name":"english","language_id":38}},{"id":83834,"position":5,"audio_url":"wbw/003_180_005.mp3","qpc_uthmani_hafs":"بِمَآ","char_type_name":"word","page_number":73,"line_number":13,"text":"ﯶ","translation":{"text":"of what","language_name":"english","language_id":38},"transliteration":{"text":"bimā","language_name":"english","language_id":38}},{"id":83835,"position":6,"audio_url":"wbw/003_180_006.mp3","qpc_uthmani_hafs":"ءَاتَىٰهُمُ","char_type_name":"word","page_number":73,"line_number":13,"text":"ﯷ","translation":{"text":"(has) given them","language_name":"english","language_id":38},"transliteration":{"text":"ātāhumu","language_name":"english","language_id":38}},{"id":83836,"position":7,"audio_url":"wbw/003_180_007.mp3","qpc_uthmani_hafs":"ٱللَّهُ","char_type_name":"word","page_number":73,"line_number":13,"text":"ﯸ","translation":{"text":"Allah","language_name":"english","language_id":38},"transliteration":{"text":"l-lahu","language_name":"english","language_id":38}},{"id":83837,"position":8,"audio_url":"wbw/003_180_008.mp3","qpc_uthmani_hafs":"مِن","char_type_name":"word","page_number":73,"line_number":13,"text":"ﯹ","translation":{"text":"of","language_name":"english","language_id":38},"transliteration":{"text":"min","language_name":"english","language_id":38}},{"id":83838,"position":9,"audio_url":"wbw/003_180_009.mp3","qpc_uthmani_hafs":"فَضۡلِهِۦ","char_type_name":"word","page_number":73,"line_number":13,"text":"ﯺ","translation":{"text":"His Bounty","language_name":"english","language_id":38},"transliteration":{"text":"faḍlihi","language_name":"english","language_id":38}},{"id":83839,"position":10,"audio_url":"wbw/003_180_010.mp3","qpc_uthmani_hafs":"هُوَ","char_type_name":"word","page_number":73,"line_number":13,"text":"ﯻ","translation":{"text":"(that) it","language_name":"english","language_id":38},"transliteration":{"text":"huwa","language_name":"english","language_id":38}},{"id":83840,"position":11,"audio_url":"wbw/003_180_011.mp3","qpc_uthmani_hafs":"خَيۡرٗا","char_type_name":"word","page_number":73,"line_number":13,"text":"ﯼ","translation":{"text":"(is) good","language_name":"english","language_id":38},"transliteration":{"text":"khayran","language_name":"english","language_id":38}},{"id":83841,"position":12,"audio_url":"wbw/003_180_012.mp3","qpc_uthmani_hafs":"لَّهُمۖ","char_type_name":"word","page_number":73,"line_number":14,"text":"ﯽﯾ","translation":{"text":"for them","language_name":"english","language_id":38},"transliteration":{"text":"lahum","language_name":"english","language_id":38}},{"id":83843,"position":13,"audio_url":"wbw/003_180_014.mp3","qpc_uthmani_hafs":"بَلۡ","char_type_name":"word","page_number":73,"line_number":14,"text":"ﯿ","translation":{"text":"Nay","language_name":"english","language_id":38},"transliteration":{"text":"bal","language_name":"english","language_id":38}},{"id":83844,"position":14,"audio_url":"wbw/003_180_015.mp3","qpc_uthmani_hafs":"هُوَ","char_type_name":"word","page_number":73,"line_number":14,"text":"ﰀ","translation":{"text":"it","language_name":"english","language_id":38},"transliteration":{"text":"huwa","language_name":"english","language_id":38}},{"id":83845,"position":15,"audio_url":"wbw/003_180_016.mp3","qpc_uthmani_hafs":"شَرّٞ","char_type_name":"word","page_number":73,"line_number":14,"text":"ﰁ","translation":{"text":"(is) bad","language_name":"english","language_id":38},"transliteration":{"text":"sharrun","language_name":"english","language_id":38}},{"id":83846,"position":16,"audio_url":"wbw/003_180_017.mp3","qpc_uthmani_hafs":"لَّهُمۡۖ","char_type_name":"word","page_number":73,"line_number":14,"text":"ﰂﰃ","translation":{"text":"for them","language_name":"english","language_id":38},"transliteration":{"text":"lahum","language_name":"english","language_id":38}},{"id":83848,"position":17,"audio_url":"wbw/003_180_019.mp3","qpc_uthmani_hafs":"سَيُطَوَّقُونَ","char_type_name":"word","page_number":73,"line_number":14,"text":"ﰄ","translation":{"text":"Their necks will be encircled","language_name":"english","language_id":38},"transliteration":{"text":"sayuṭawwaqūna","language_name":"english","language_id":38}},{"id":83849,"position":18,"audio_url":"wbw/003_180_020.mp3","qpc_uthmani_hafs":"مَا","char_type_name":"word","page_number":73,"line_number":14,"text":"ﰅ","translation":{"text":"(with) what","language_name":"english","language_id":38},"transliteration":{"text":"mā","language_name":"english","language_id":38}},{"id":83850,"position":19,"audio_url":"wbw/003_180_021.mp3","qpc_uthmani_hafs":"بَخِلُواْ","char_type_name":"word","page_number":73,"line_number":14,"text":"ﰆ","translation":{"text":"they withheld","language_name":"english","language_id":38},"transliteration":{"text":"bakhilū","language_name":"english","language_id":38}},{"id":83851,"position":20,"audio_url":"wbw/003_180_022.mp3","qpc_uthmani_hafs":"بِهِۦ","char_type_name":"word","page_number":73,"line_number":14,"text":"ﰇ","translation":{"text":"[with it]","language_name":"english","language_id":38},"transliteration":{"text":"bihi","language_name":"english","language_id":38}},{"id":83852,"position":21,"audio_url":"wbw/003_180_023.mp3","qpc_uthmani_hafs":"يَوۡمَ","char_type_name":"word","page_number":73,"line_number":14,"text":"ﰈ","translation":{"text":"(on the) Day","language_name":"english","language_id":38},"transliteration":{"text":"yawma","language_name":"english","language_id":38}},{"id":83853,"position":22,"audio_url":"wbw/003_180_024.mp3","qpc_uthmani_hafs":"ٱلۡقِيَٰمَةِۗ","char_type_name":"word","page_number":73,"line_number":14,"text":"ﰉﰊ","translation":{"text":"(of) [the] Resurrection","language_name":"english","language_id":38},"transliteration":{"text":"l-qiyāmati","language_name":"english","language_id":38}},{"id":83855,"position":23,"audio_url":"wbw/003_180_026.mp3","qpc_uthmani_hafs":"وَلِلَّهِ","char_type_name":"word","page_number":73,"line_number":15,"text":"ﰋ","translation":{"text":"And for Allah","language_name":"english","language_id":38},"transliteration":{"text":"walillahi","language_name":"english","language_id":38}},{"id":83856,"position":24,"audio_url":"wbw/003_180_027.mp3","qpc_uthmani_hafs":"مِيرَٰثُ","char_type_name":"word","page_number":73,"line_number":15,"text":"ﰌ","translation":{"text":"(is the) heritage","language_name":"english","language_id":38},"transliteration":{"text":"mīrāthu","language_name":"english","language_id":38}},{"id":83857,"position":25,"audio_url":"wbw/003_180_028.mp3","qpc_uthmani_hafs":"ٱلسَّمَٰوَٰتِ","char_type_name":"word","page_number":73,"line_number":15,"text":"ﰍ","translation":{"text":"(of) the heavens","language_name":"english","language_id":38},"transliteration":{"text":"l-samāwāti","language_name":"english","language_id":38}},{"id":83858,"position":26,"audio_url":"wbw/003_180_029.mp3","qpc_uthmani_hafs":"وَٱلۡأَرۡضِۗ","char_type_name":"word","page_number":73,"line_number":15,"text":"ﰎﰏ","translation":{"text":"and the earth","language_name":"english","language_id":38},"transliteration":{"text":"wal-arḍi","language_name":"english","language_id":38}},{"id":83860,"position":27,"audio_url":"wbw/003_180_031.mp3","qpc_uthmani_hafs":"وَٱللَّهُ","char_type_name":"word","page_number":73,"line_number":15,"text":"ﰐ","translation":{"text":"And Allah","language_name":"english","language_id":38},"transliteration":{"text":"wal-lahu","language_name":"english","language_id":38}},{"id":83861,"position":28,"audio_url":"wbw/003_180_032.mp3","qpc_uthmani_hafs":"بِمَا","char_type_name":"word","page_number":73,"line_number":15,"text":"ﰑ","translation":{"text":"with what","language_name":"english","language_id":38},"transliteration":{"text":"bimā","language_name":"english","language_id":38}},{"id":83862,"position":29,"audio_url":"wbw/003_180_033.mp3","qpc_uthmani_hafs":"تَعۡمَلُونَ","char_type_name":"word","page_number":73,"line_number":15,"text":"ﰒ","translation":{"text":"you do","language_name":"english","language_id":38},"transliteration":{"text":"taʿmalūna","language_name":"english","language_id":38}},{"id":83863,"position":30,"audio_url":"wbw/003_180_034.mp3","qpc_uthmani_hafs":"خَبِيرٞ","char_type_name":"word","page_number":73,"line_number":15,"text":"ﰓ","translation":{"text":"(is) All-Aware","language_name":"english","language_id":38},"transliteration":{"text":"khabīrun","language_name":"english","language_id":38}},{"id":83864,"position":31,"audio_url":null,"qpc_uthmani_hafs":"١٨٠","char_type_name":"end","page_number":73,"line_number":15,"text":"ﰔ","translation":{"text":"(180)","language_name":"english","language_id":38},"transliteration":{"text":null,"language_name":"english","language_id":38}}],"translations":[{"id":916902,"resource_id":134,"text":"Sekali-kali janganlah orang-orang yang bakhil dengan harta yang Allah berikan kepada mereka dari karunia-Nya menyangka, bahwa kebakhilan itu baik bagi mereka. Sebenarnya kebakhilan itu adalah buruk bagi mereka. Harta yang mereka bakhilkan itu akan dikalungkan kelak di lehernya di hari kiamat.  Dan kepunyaan Allah-lah segala warisan (yang ada) di langit dan di bumi.  Dan Allah mengetahui apa yang kamu kerjakan."}]}],"pagination":{"per_page":50,"current_page":1,"next_page":null,"total_pages":1,"total_records":7}}