{"verses":[{"id":527,"verse_number":34,"verse_key":"4:34","juz_number":5,"hizb_number":9,"rub_el_hizb_number":33,"ruku_number":67,"manzil_number":1,"sajdah_number":null,"text_uthmani":"ٱلرِّجَالُ قَوَّٰمُونَ عَلَى ٱلنِّسَآءِ بِمَا فَضَّلَ ٱللَّهُ بَعْضَهُمْ عَلَىٰ بَعْضٍ وَبِمَآ أَنفَقُوا۟ مِنْ أَمْوَٰلِهِمْ ۚ فَٱلصَّـٰلِحَـٰتُ قَـٰنِتَـٰتٌ حَـٰفِظَـٰتٌ لِّلْغَيْبِ بِمَا حَفِظَ ٱللَّهُ ۚ وَٱلَّـٰتِى تَخَافُونَ نُشُوزَهُنَّ فَعِظُوهُنَّ وَٱهْجُرُوهُنَّ فِى ٱلْمَضَاجِعِ وَٱضْرِبُوهُنَّ ۖ فَإِنْ أَطَعْنَكُمْ فَلَا تَبْغُوا۟ عَلَيْهِنَّ سَبِيلًا ۗ إِنَّ ٱللَّهَ كَانَ عَلِيًّا كَبِيرًا","page_number":84,"words":[{"id":36370,"position":1,"audio_url":"wbw/004_034_001.mp3","qpc_uthmani_hafs":"ٱلرِّجَالُ","char_type_name":"word","page_number":84,"line_number":1,"text":"ﭑ","translation":{"text":"[The] men","language_name":"english","language_id":38},"transliteration":{"text":"al-rijālu","language_name":"english","language_id":38}},{"id":36371,"position":2,"audio_url":"wbw/004_034_002.mp3","qpc_uthmani_hafs":"قَوَّٰمُونَ","char_type_name":"word","page_number":84,"line_number":1,"text":"ﭒ","translation":{"text":"(are) protectors","language_name":"english","language_id":38},"transliteration":{"text":"qawwāmūna","language_name":"english","language_id":38}},{"id":36372,"position":3,"audio_url":"wbw/004_034_003.mp3","qpc_uthmani_hafs":"عَلَى","char_type_name":"word","page_number":84,"line_number":1,"text":"ﭓ","translation":{"text":"of","language_name":"english","language_id":38},"transliteration":{"text":"ʿalā","language_name":"english","language_id":38}},{"id":36373,"position":4,"audio_url":"wbw/004_034_004.mp3","qpc_uthmani_hafs":"ٱلنِّسَآءِ","char_type_name":"word","page_number":84,"line_number":1,"text":"ﭔ","translation":{"text":"the women","language_name":"english","language_id":38},"transliteration":{"text":"l-nisāi","language_name":"english","language_id":38}},{"id":36374,"position":5,"audio_url":"wbw/004_034_005.mp3","qpc_uthmani_hafs":"بِمَا","char_type_name":"word","page_number":84,"line_number":1,"text":"ﭕ","translation":{"text":"because","language_name":"english","language_id":38},"transliteration":{"text":"bimā","language_name":"english","language_id":38}},{"id":36375,"position":6,"audio_url":"wbw/004_034_006.mp3","qpc_uthmani_hafs":"فَضَّلَ","char_type_name":"word","page_number":84,"line_number":1,"text":"ﭖ","translation":{"text":"(has) bestowed","language_name":"english","language_id":38},"transliteration":{"text":"faḍḍala","language_name":"english","language_id":38}},{"id":36376,"position":7,"audio_url":"wbw/004_034_007.mp3","qpc_uthmani_hafs":"ٱللَّهُ","char_type_name":"word","page_number":84,"line_number":1,"text":"ﭗ","translation":{"text":"Allah","language_name":"english","language_id":38},"transliteration":{"text":"l-lahu","language_name":"english","language_id":38}},{"id":36377,"position":8,"audio_url":"wbw/004_034_008.mp3","qpc_uthmani_hafs":"بَعۡضَهُمۡ","char_type_name":"word","page_number":84,"line_number":1,"text":"ﭘ","translation":{"text":"some of them","language_name":"english","language_id":38},"transliteration":{"text":"baʿḍahum","language_name":"english","language_id":38}},{"id":36378,"position":9,"audio_url":"wbw/004_034_009.mp3","qpc_uthmani_hafs":"عَلَىٰ","char_type_name":"word","page_number":84,"line_number":2,"text":"ﭙ","translation":{"text":"over","language_name":"english","language_id":38},"transliteration":{"text":"ʿalā","language_name":"english","language_id":38}},{"id":36379,"position":10,"audio_url":"wbw/004_034_010.mp3","qpc_uthmani_hafs":"بَعۡضٖ","char_type_name":"word","page_number":84,"line_number":2,"text":"ﭚ","translation":{"text":"others","language_name":"english","language_id":38},"transliteration":{"text":"baʿḍin","language_name":"english","language_id":38}},{"id":36380,"position":11,"audio_url":"wbw/004_034_011.mp3","qpc_uthmani_hafs":"وَبِمَآ","char_type_name":"word","page_number":84,"line_number":2,"text":"ﭛ","translation":{"text":"and because","language_name":"english","language_id":38},"transliteration":{"text":"wabimā","language_name":"english","language_id":38}},{"id":36381,"position":12,"audio_url":"wbw/004_034_012.mp3","qpc_uthmani_hafs":"أَنفَقُواْ","char_type_name":"word","page_number":84,"line_number":2,"text":"ﭜ","translation":{"text":"they spend","language_name":"english","language_id":38},"transliteration":{"text":"anfaqū","language_name":"english","language_id":38}},{"id":36382,"position":13,"audio_url":"wbw/004_034_013.mp3","qpc_uthmani_hafs":"مِنۡ","char_type_name":"word","page_number":84,"line_number":2,"text":"ﭝ","translation":{"text":"from","language_name":"english","language_id":38},"transliteration":{"text":"min","language_name":"english","language_id":38}},{"id":36383,"position":14,"audio_url":"wbw/004_034_014.mp3","qpc_uthmani_hafs":"أَمۡوَٰلِهِمۡۚ","char_type_name":"word","page_number":84,"line_number":2,"text":"ﭞﭟ","translation":{"text":"their wealth","language_name":"english","language_id":38},"transliteration":{"text":"amwālihim","language_name":"english","language_id":38}},{"id":36385,"position":15,"audio_url":"wbw/004_034_016.mp3","qpc_uthmani_hafs":"فَٱلصَّٰلِحَٰتُ","char_type_name":"word","page_number":84,"line_number":2,"text":"ﭠ","translation":{"text":"So the righteous women","language_name":"english","language_id":38},"transliteration":{"text":"fal-ṣāliḥātu","language_name":"english","language_id":38}},{"id":36386,"position":16,"audio_url":"wbw/004_034_017.mp3","qpc_uthmani_hafs":"قَٰنِتَٰتٌ","char_type_name":"word","page_number":84,"line_number":3,"text":"ﭡ","translation":{"text":"(are) obedient","language_name":"english","language_id":38},"transliteration":{"text":"qānitātun","language_name":"english","language_id":38}},{"id":36387,"position":17,"audio_url":"wbw/004_034_018.mp3","qpc_uthmani_hafs":"حَٰفِظَٰتٞ","char_type_name":"word","page_number":84,"line_number":3,"text":"ﭢ","translation":{"text":"guarding","language_name":"english","language_id":38},"transliteration":{"text":"ḥāfiẓātun","language_name":"english","language_id":38}},{"id":36388,"position":18,"audio_url":"wbw/004_034_019.mp3","qpc_uthmani_hafs":"لِّلۡغَيۡبِ","char_type_name":"word","page_number":84,"line_number":3,"text":"ﭣ","translation":{"text":"in the unseen","language_name":"english","language_id":38},"transliteration":{"text":"lil'ghaybi","language_name":"english","language_id":38}},{"id":36389,"position":19,"audio_url":"wbw/004_034_020.mp3","qpc_uthmani_hafs":"بِمَا","char_type_name":"word","page_number":84,"line_number":3,"text":"ﭤ","translation":{"text":"that which","language_name":"english","language_id":38},"transliteration":{"text":"bimā","language_name":"english","language_id":38}},{"id":36390,"position":20,"audio_url":"wbw/004_034_021.mp3","qpc_uthmani_hafs":"حَفِظَ","char_type_name":"word","page_number":84,"line_number":3,"text":"ﭥ","translation":{"text":"(orders) them to guard","language_name":"english","language_id":38},"transliteration":{"text":"ḥafiẓa","language_name":"english","language_id":38}},{"id":36391,"position":21,"audio_url":"wbw/004_034_022.mp3","qpc_uthmani_hafs":"ٱللَّهُۚ","char_type_name":"word","page_number":84,"line_number":3,"text":"ﭦﭧ","translation":{"text":"(by) Allah","language_name":"english","language_id":38},"transliteration":{"text":"l-lahu","language_name":"english","language_id":38}},{"id":36393,"position":22,"audio_url":"wbw/004_034_024.mp3","qpc_uthmani_hafs":"وَٱلَّٰتِي","char_type_name":"word","page_number":84,"line_number":3,"text":"ﭨ","translation":{"text":"And those (from) whom","language_name":"english","language_id":38},"transliteration":{"text":"wa-allātī","language_name":"english","language_id":38}},{"id":36394,"position":23,"audio_url":"wbw/004_034_025.mp3","qpc_uthmani_hafs":"تَخَافُونَ","char_type_name":"word","page_number":84,"line_number":3,"text":"ﭩ","translation":{"text":"you fear","language_name":"english","language_id":38},"transliteration":{"text":"takhāfūna","language_name":"english","language_id":38}},{"id":36395,"position":24,"audio_url":"wbw/004_034_026.mp3","qpc_uthmani_hafs":"نُشُوزَهُنَّ","char_type_name":"word","page_number":84,"line_number":4,"text":"ﭪ","translation":{"text":"their ill-conduct","language_name":"english","language_id":38},"transliteration":{"text":"nushūzahunna","language_name":"english","language_id":38}},{"id":36396,"position":25,"audio_url":"wbw/004_034_027.mp3","qpc_uthmani_hafs":"فَعِظُوهُنَّ","char_type_name":"word","page_number":84,"line_number":4,"text":"ﭫ","translation":{"text":"then advise them","language_name":"english","language_id":38},"transliteration":{"text":"faʿiẓūhunna","language_name":"english","language_id":38}},{"id":36397,"position":26,"audio_url":"wbw/004_034_028.mp3","qpc_uthmani_hafs":"وَٱهۡجُرُوهُنَّ","char_type_name":"word","page_number":84,"line_number":4,"text":"ﭬ","translation":{"text":"and forsake them","language_name":"english","language_id":38},"transliteration":{"text":"wa-uh'jurūhunna","language_name":"english","language_id":38}},{"id":36398,"position":27,"audio_url":"wbw/004_034_029.mp3","qpc_uthmani_hafs":"فِي","char_type_name":"word","page_number":84,"line_number":4,"text":"ﭭ","translation":{"text":"in","language_name":"english","language_id":38},"transliteration":{"text":"fī","language_name":"english","language_id":38}},{"id":36399,"position":28,"audio_url":"wbw/004_034_030.mp3","qpc_uthmani_hafs":"ٱلۡمَضَاجِعِ","char_type_name":"word","page_number":84,"line_number":4,"text":"ﭮ","translation":{"text":"the bed","language_name":"english","language_id":38},"transliteration":{"text":"l-maḍājiʿi","language_name":"english","language_id":38}},{"id":36400,"position":29,"audio_url":"wbw/004_034_031.mp3","qpc_uthmani_hafs":"وَٱضۡرِبُوهُنَّۖ","char_type_name":"word","page_number":84,"line_number":5,"text":"ﭯﭰ","translation":{"text":"and [finally] strike them","language_name":"english","language_id":38},"transliteration":{"text":"wa-iḍ'ribūhunna","language_name":"english","language_id":38}},{"id":36402,"position":30,"audio_url":"wbw/004_034_033.mp3","qpc_uthmani_hafs":"فَإِنۡ","char_type_name":"word","page_number":84,"line_number":5,"text":"ﭱ","translation":{"text":"Then if","language_name":"english","language_id":38},"transliteration":{"text":"fa-in","language_name":"english","language_id":38}},{"id":36403,"position":31,"audio_url":"wbw/004_034_034.mp3","qpc_uthmani_hafs":"أَطَعۡنَكُمۡ","char_type_name":"word","page_number":84,"line_number":5,"text":"ﭲ","translation":{"text":"they obey you","language_name":"english","language_id":38},"transliteration":{"text":"aṭaʿnakum","language_name":"english","language_id":38}},{"id":36404,"position":32,"audio_url":"wbw/004_034_035.mp3","qpc_uthmani_hafs":"فَلَا","char_type_name":"word","page_number":84,"line_number":5,"text":"ﭳ","translation":{"text":"then (do) not","language_name":"english","language_id":38},"transliteration":{"text":"falā","language_name":"english","language_id":38}},{"id":36405,"position":33,"audio_url":"wbw/004_034_036.mp3","qpc_uthmani_hafs":"تَبۡغُواْ","char_type_name":"word","page_number":84,"line_number":5,"text":"ﭴ","translation":{"text":"seek","language_name":"english","language_id":38},"transliteration":{"text":"tabghū","language_name":"english","language_id":38}},{"id":36406,"position":34,"audio_url":"wbw/004_034_037.mp3","qpc_uthmani_hafs":"عَلَيۡهِنَّ","char_type_name":"word","page_number":84,"line_number":5,"text":"ﭵ","translation":{"text":"against them","language_name":"english","language_id":38},"transliteration":{"text":"ʿalayhinna","language_name":"english","language_id":38}},{"id":36407,"position":35,"audio_url":"wbw/004_034_038.mp3","qpc_uthmani_hafs":"سَبِيلًاۗ","char_type_name":"word","page_number":84,"line_number":5,"text":"ﭶﭷ","translation":{"text":"a way","language_name":"english","language_id":38},"transliteration":{"text":"sabīlan","language_name":"english","language_id":38}},{"id":36409,"position":36,"audio_url":"wbw/004_034_040.mp3","qpc_uthmani_hafs":"إِنَّ","char_type_name":"word","page_number":84,"line_number":6,"text":"ﭸ","translation":{"text":"Indeed","language_name":"english","language_id":38},"transliteration":{"text":"inna","language_name":"english","language_id":38}},{"id":36410,"position":37,"audio_url":"wbw/004_034_041.mp3","qpc_uthmani_hafs":"ٱللَّهَ","char_type_name":"word","page_number":84,"line_number":6,"text":"ﭹ","translation":{"text":"Allah","language_name":"english","language_id":38},"transliteration":{"text":"l-laha","language_name":"english","language_id":38}},{"id":36411,"position":38,"audio_url":"wbw/004_034_042.mp3","qpc_uthmani_hafs":"كَانَ","char_type_name":"word","page_number":84,"line_number":6,"text":"ﭺ","translation":{"text":"is","language_name":"english","language_id":38},"transliteration":{"text":"kāna","language_name":"english","language_id":38}},{"id":36412,"position":39,"audio_url":"wbw/004_034_043.mp3","qpc_uthmani_hafs":"عَلِيّٗا","char_type_name":"word","page_number":84,"line_number":6,"text":"ﭻ","translation":{"text":"Most High","language_name":"english","language_id":38},"transliteration":{"text":"ʿaliyyan","language_name":"english","language_id":38}},{"id":36413,"position":40,"audio_url":"wbw/004_034_044.mp3","qpc_uthmani_hafs":"كَبِيرٗا","char_type_name":"word","page_number":84,"line_number":6,"text":"ﭼ","translation":{"text":"Most Great","language_name":"english","language_id":38},"transliteration":{"text":"kabīran","language_name":"english","language_id":38}},{"id":36414,"position":41,"audio_url":null,"qpc_uthmani_hafs":"٣٤","char_type_name":"end","page_number":84,"line_number":6,"text":"ﭽ","translation":{"text":"(34)","language_name":"english","language_id":38},"transliteration":{"text":null,"language_name":"english","language_id":38}}],"translations":[{"id":916956,"resource_id":134,"text":"Kaum laki-laki itu adalah pemimpin bagi kaum wanita, oleh karena Allah telah melebihkan sebagian mereka (laki-laki) atas sebagian yang lain (wanita), dan karena mereka (laki-laki) telah menafkahkan sebagian dari harta mereka.  Sebab itu, maka wanita yang saleh ialah yang taat kepada Allah lagi memelihara diri<sup foot_note=210059>1</sup> ketika suaminya tidak ada, oleh karena Allah telah memelihara (mereka)<sup foot_note=210060>2</sup>.  Wanita-wanita yang kamu khawatirkan nusyūz-nya<sup foot_note=210061>3</sup>, maka nasihatilah mereka dan pisahkanlah mereka di tempat tidur mereka, dan pukullah mereka. Kemudian jika mereka menaatimu, maka janganlah kamu mencari-cari jalan untuk menyusahkannya<sup foot_note=210062>4</sup>.  Sesungguhnya Allah Maha Tinggi lagi Maha Besar."}]},{"id":528,"verse_number":35,"verse_key":"4:35","juz_number":5,"hizb_number":9,"rub_el_hizb_number":33,"ruku_number":67,"manzil_number":1,"sajdah_number":null,"text_uthmani":"وَإِنْ خِفْتُمْ شِقَاقَ بَيْنِهِمَا فَٱبْعَثُوا۟ حَكَمًا مِّنْ أَهْلِهِۦ وَحَكَمًا مِّنْ أَهْلِهَآ إِن يُرِيدَآ إِصْلَـٰحًا يُوَفِّقِ ٱللَّهُ بَيْنَهُمَآ ۗ إِنَّ ٱللَّهَ كَانَ عَلِيمًا خَبِيرًا","page_number":84,"words":[{"id":36976,"position":1,"audio_url":"wbw/004_035_001.mp3","qpc_uthmani_hafs":"وَإِنۡ","char_type_name":"word","page_number":84,"line_number":6,"text":"ﭾ","translation":{"text":"And if","language_name":"english","language_id":38},"transliteration":{"text":"wa-in","language_name":"english","language_id":38}},{"id":36977,"position":2,"audio_url":"wbw/004_035_002.mp3","qpc_uthmani_hafs":"خِفۡتُمۡ","char_type_name":"word","page_number":84,"line_number":6,"text":"ﭿ","translation":{"text":"you fear","language_name":"english","language_id":38},"transliteration":{"text":"khif'tum","language_name":"english","language_id":38}},{"id":36978,"position":3,"audio_url":"wbw/004_035_003.mp3","qpc_uthmani_hafs":"شِقَاقَ","char_type_name":"word","page_number":84,"line_number":6,"text":"ﮀ","translation":{"text":"a dissension","language_name":"english","language_id":38},"transliteration":{"text":"shiqāqa","language_name":"english","language_id":38}},{"id":36979,"position":4,"audio_url":"wbw/004_035_004.mp3","qpc_uthmani_hafs":"بَيۡنِهِمَا","char_type_name":"word","page_number":84,"line_number":7,"text":"ﮁ","translation":{"text":"between (the) two of them","language_name":"english","language_id":38},"transliteration":{"text":"baynihimā","language_name":"english","language_id":38}},{"id":36980,"position":5,"audio_url":"wbw/004_035_005.mp3","qpc_uthmani_hafs":"فَٱبۡعَثُواْ","char_type_name":"word","page_number":84,"line_number":7,"text":"ﮂ","translation":{"text":"then send","language_name":"english","language_id":38},"transliteration":{"text":"fa-ib'ʿathū","language_name":"english","language_id":38}},{"id":36981,"position":6,"audio_url":"wbw/004_035_006.mp3","qpc_uthmani_hafs":"حَكَمٗا","char_type_name":"word","page_number":84,"line_number":7,"text":"ﮃ","translation":{"text":"an arbitrator","language_name":"english","language_id":38},"transliteration":{"text":"ḥakaman","language_name":"english","language_id":38}},{"id":36982,"position":7,"audio_url":"wbw/004_035_007.mp3","qpc_uthmani_hafs":"مِّنۡ","char_type_name":"word","page_number":84,"line_number":7,"text":"ﮄ","translation":{"text":"from","language_name":"english","language_id":38},"transliteration":{"text":"min","language_name":"english","language_id":38}},{"id":36983,"position":8,"audio_url":"wbw/004_035_008.mp3","qpc_uthmani_hafs":"أَهۡلِهِۦ","char_type_name":"word","page_number":84,"line_number":7,"text":"ﮅ","translation":{"text":"his family","language_name":"english","language_id":38},"transliteration":{"text":"ahlihi","language_name":"english","language_id":38}},{"id":36984,"position":9,"audio_url":"wbw/004_035_009.mp3","qpc_uthmani_hafs":"وَحَكَمٗا","char_type_name":"word","page_number":84,"line_number":7,"text":"ﮆ","translation":{"text":"and an arbitrator","language_name":"english","language_id":38},"transliteration":{"text":"waḥakaman","language_name":"english","language_id":38}},{"id":36985,"position":10,"audio_url":"wbw/004_035_010.mp3","qpc_uthmani_hafs":"مِّنۡ","char_type_name":"word","page_number":84,"line_number":7,"text":"ﮇ","translation":{"text":"from","language_name":"english","language_id":38},"transliteration":{"text":"min","language_name":"english","language_id":38}},{"id":36986,"position":11,"audio_url":"wbw/004_035_011.mp3","qpc_uthmani_hafs":"أَهۡلِهَآ","char_type_name":"word","page_number":84,"line_number":7,"text":"ﮈ","translation":{"text":"her family","language_name":"english","language_id":38},"transliteration":{"text":"ahlihā","language_name":"english","language_id":38}},{"id":36987,"position":12,"audio_url":"wbw/004_035_012.mp3","qpc_uthmani_hafs":"إِن","char_type_name":"word","page_number":84,"line_number":7,"text":"ﮉ","translation":{"text":"If","language_name":"english","language_id":38},"transliteration":{"text":"in","language_name":"english","language_id":38}},{"id":36988,"position":13,"audio_url":"wbw/004_035_013.mp3","qpc_uthmani_hafs":"يُرِيدَآ","char_type_name":"word","page_number":84,"line_number":8,"text":"ﮊ","translation":{"text":"they both wish","language_name":"english","language_id":38},"transliteration":{"text":"yurīdā","language_name":"english","language_id":38}},{"id":36989,"position":14,"audio_url":"wbw/004_035_014.mp3","qpc_uthmani_hafs":"إِصۡلَٰحٗا","char_type_name":"word","page_number":84,"line_number":8,"text":"ﮋ","translation":{"text":"reconciliation","language_name":"english","language_id":38},"transliteration":{"text":"iṣ'lāḥan","language_name":"english","language_id":38}},{"id":36990,"position":15,"audio_url":"wbw/004_035_015.mp3","qpc_uthmani_hafs":"يُوَفِّقِ","char_type_name":"word","page_number":84,"line_number":8,"text":"ﮌ","translation":{"text":"will cause reconciliation","language_name":"english","language_id":38},"transliteration":{"text":"yuwaffiqi","language_name":"english","language_id":38}},{"id":36991,"position":16,"audio_url":"wbw/004_035_016.mp3","qpc_uthmani_hafs":"ٱللَّهُ","char_type_name":"word","page_number":84,"line_number":8,"text":"ﮍ","translation":{"text":"Allah","language_name":"english","language_id":38},"transliteration":{"text":"l-lahu","language_name":"english","language_id":38}},{"id":36992,"position":17,"audio_url":"wbw/004_035_017.mp3","qpc_uthmani_hafs":"بَيۡنَهُمَآۗ","char_type_name":"word","page_number":84,"line_number":8,"text":"ﮎﮏ","translation":{"text":"between both of them","language_name":"english","language_id":38},"transliteration":{"text":"baynahumā","language_name":"english","language_id":38}},{"id":36994,"position":18,"audio_url":"wbw/004_035_019.mp3","qpc_uthmani_hafs":"إِنَّ","char_type_name":"word","page_number":84,"line_number":8,"text":"ﮐ","translation":{"text":"Indeed","language_name":"english","language_id":38},"transliteration":{"text":"inna","language_name":"english","language_id":38}},{"id":36995,"position":19,"audio_url":"wbw/004_035_020.mp3","qpc_uthmani_hafs":"ٱللَّهَ","char_type_name":"word","page_number":84,"line_number":8,"text":"ﮑ","translation":{"text":"Allah","language_name":"english","language_id":38},"transliteration":{"text":"l-laha","language_name":"english","language_id":38}},{"id":36996,"position":20,"audio_url":"wbw/004_035_021.mp3","qpc_uthmani_hafs":"كَانَ","char_type_name":"word","page_number":84,"line_number":8,"text":"ﮒ","translation":{"text":"is","language_name":"english","language_id":38},"transliteration":{"text":"kāna","language_name":"english","language_id":38}},{"id":36997,"position":21,"audio_url":"wbw/004_035_022.mp3","qpc_uthmani_hafs":"عَلِيمًا","char_type_name":"word","page_number":84,"line_number":8,"text":"ﮓ","translation":{"text":"All-Knower","language_name":"english","language_id":38},"transliteration":{"text":"ʿalīman","language_name":"english","language_id":38}},{"id":36998,"position":22,"audio_url":"wbw/004_035_023.mp3","qpc_uthmani_hafs":"خَبِيرٗا","char_type_name":"word","page_number":84,"line_number":8,"text":"ﮔ","translation":{"text":"All-Aware","language_name":"english","language_id":38},"transliteration":{"text":"khabīran","language_name":"english","language_id":38}},{"id":36999,"position":23,"audio_url":null,"qpc_uthmani_hafs":"٣٥","char_type_name":"end","page_number":84,"line_number":9,"text":"ﮕ","translation":{"text":"(35)","language_name":"english","language_id":38},"transliteration":{"text":null,"language_name":"english","language_id":38}}],"translations":[{"id":916957,"resource_id":134,"text":"Dan jika kamu khawatirkan ada persengketaan antara keduanya, maka kirimlah seorang hakam<sup foot_note=210063>1</sup> dari keluarga laki-laki dan seorang hakam dari keluarga perempuan.  Jika kedua orang hakam itu bermaksud mengadakan perbaikan, niscaya Allah memberi taufik kepada suami istri itu.  Sesungguhnya Allah Maha Mengetahui lagi Maha Mengenal."}]},{"id":529,"verse_number":36,"verse_key":"4:36","juz_number":5,"hizb_number":9,"rub_el_hizb_number":34,"ruku_number":67,"manzil_number":1,"sajdah_number":null,"text_uthmani":"۞ وَٱعْبُدُوا۟ ٱللَّهَ وَلَا تُشْرِكُوا۟ بِهِۦ شَيْـًٔا ۖ وَبِٱلْوَٰلِدَيْنِ إِحْسَـٰنًا وَبِذِى ٱلْقُرْبَىٰ وَٱلْيَتَـٰمَىٰ وَٱلْمَسَـٰكِينِ وَٱلْجَارِ ذِى ٱلْقُرْبَىٰ وَٱلْجَارِ ٱلْجُنُبِ وَٱلصَّاحِبِ بِٱلْجَنۢبِ وَٱبْنِ ٱلسَّبِيلِ وَمَا مَلَكَتْ أَيْمَـٰنُكُمْ ۗ إِنَّ ٱللَّهَ لَا يُحِبُّ مَن كَانَ مُخْتَالًا فَخُورًا","page_number":84,"words":[{"id":37800,"position":1,"audio_url":"wbw/004_036_002.mp3","qpc_uthmani_hafs":"۞ وَٱعۡبُدُواْ","char_type_name":"word","page_number":84,"line_number":9,"text":"ﮖ ﮗ","translation":{"text":"And worship","language_name":"english","language_id":38},"transliteration":{"text":"wa-uʿ'budū","language_name":"english","language_id":38}},{"id":37801,"position":2,"audio_url":"wbw/004_036_003.mp3","qpc_uthmani_hafs":"ٱللَّهَ","char_type_name":"word","page_number":84,"line_number":9,"text":"ﮘ","translation":{"text":"Allah","language_name":"english","language_id":38},"transliteration":{"text":"l-laha","language_name":"english","language_id":38}},{"id":37802,"position":3,"audio_url":"wbw/004_036_004.mp3","qpc_uthmani_hafs":"وَلَا","char_type_name":"word","page_number":84,"line_number":9,"text":"ﮙ","translation":{"text":"And (do) not","language_name":"english","language_id":38},"transliteration":{"text":"walā","language_name":"english","language_id":38}},{"id":37803,"position":4,"audio_url":"wbw/004_036_005.mp3","qpc_uthmani_hafs":"تُشۡرِكُواْ","char_type_name":"word","page_number":84,"line_number":9,"text":"ﮚ","translation":{"text":"associate","language_name":"english","language_id":38},"transliteration":{"text":"tush'rikū","language_name":"english","language_id":38}},{"id":37804,"position":5,"audio_url":"wbw/004_036_006.mp3","qpc_uthmani_hafs":"بِهِۦ","char_type_name":"word","page_number":84,"line_number":9,"text":"ﮛ","translation":{"text":"with Him","language_name":"english","language_id":38},"transliteration":{"text":"bihi","language_name":"english","language_id":38}},{"id":37805,"position":6,"audio_url":"wbw/004_036_007.mp3","qpc_uthmani_hafs":"شَيۡـٔٗاۖ","char_type_name":"word","page_number":84,"line_number":9,"text":"ﮜﮝ","translation":{"text":"anything","language_name":"english","language_id":38},"transliteration":{"text":"shayan","language_name":"english","language_id":38}},{"id":37807,"position":7,"audio_url":"wbw/004_036_009.mp3","qpc_uthmani_hafs":"وَبِٱلۡوَٰلِدَيۡنِ","char_type_name":"word","page_number":84,"line_number":9,"text":"ﮞ","translation":{"text":"and to the parents","language_name":"english","language_id":38},"transliteration":{"text":"wabil-wālidayni","language_name":"english","language_id":38}},{"id":37808,"position":8,"audio_url":"wbw/004_036_010.mp3","qpc_uthmani_hafs":"إِحۡسَٰنٗا","char_type_name":"word","page_number":84,"line_number":10,"text":"ﮟ","translation":{"text":"(do) good","language_name":"english","language_id":38},"transliteration":{"text":"iḥ'sānan","language_name":"english","language_id":38}},{"id":37809,"position":9,"audio_url":"wbw/004_036_011.mp3","qpc_uthmani_hafs":"وَبِذِي","char_type_name":"word","page_number":84,"line_number":10,"text":"ﮠ","translation":{"text":"and with","language_name":"english","language_id":38},"transliteration":{"text":"wabidhī","language_name":"english","language_id":38}},{"id":37810,"position":10,"audio_url":"wbw/004_036_012.mp3","qpc_uthmani_hafs":"ٱلۡقُرۡبَىٰ","char_type_name":"word","page_number":84,"line_number":10,"text":"ﮡ","translation":{"text":"the relatives","language_name":"english","language_id":38},"transliteration":{"text":"l-qur'bā","language_name":"english","language_id":38}},{"id":37811,"position":11,"audio_url":"wbw/004_036_013.mp3","qpc_uthmani_hafs":"وَٱلۡيَتَٰمَىٰ","char_type_name":"word","page_number":84,"line_number":10,"text":"ﮢ","translation":{"text":"and the orphans","language_name":"english","language_id":38},"transliteration":{"text":"wal-yatāmā","language_name":"english","language_id":38}},{"id":37812,"position":12,"audio_url":"wbw/004_036_014.mp3","qpc_uthmani_hafs":"وَٱلۡمَسَٰكِينِ","char_type_name":"word","page_number":84,"line_number":10,"text":"ﮣ","translation":{"text":"and the needy","language_name":"english","language_id":38},"transliteration":{"text":"wal-masākīni","language_name":"english","language_id":38}},{"id":37813,"position":13,"audio_url":"wbw/004_036_015.mp3","qpc_uthmani_hafs":"وَٱلۡجَارِ","char_type_name":"word","page_number":84,"line_number":10,"text":"ﮤ","translation":{"text":"and the neighbor","language_name":"english","language_id":38},"transliteration":{"text":"wal-jāri","language_name":"english","language_id":38}},{"id":37814,"position":14,"audio_url":"wbw/004_036_016.mp3","qpc_uthmani_hafs":"ذِي","char_type_name":"word","page_number":84,"line_number":11,"text":"ﮥ","translation":{"text":"(who is)","language_name":"english","language_id":38},"transliteration":{"text":"dhī","language_name":"english","language_id":38}},{"id":37815,"position":15,"audio_url":"wbw/004_036_017.mp3","qpc_uthmani_hafs":"ٱلۡقُرۡبَىٰ","char_type_name":"word","page_number":84,"line_number":11,"text":"ﮦ","translation":{"text":"near","language_name":"english","language_id":38},"transliteration":{"text":"l-qur'bā","language_name":"english","language_id":38}},{"id":37816,"position":16,"audio_url":"wbw/004_036_018.mp3","qpc_uthmani_hafs":"وَٱلۡجَارِ","char_type_name":"word","page_number":84,"line_number":11,"text":"ﮧ","translation":{"text":"and the neighbor","language_name":"english","language_id":38},"transliteration":{"text":"wal-jāri","language_name":"english","language_id":38}},{"id":37817,"position":17,"audio_url":"wbw/004_036_019.mp3","qpc_uthmani_hafs":"ٱلۡجُنُبِ","char_type_name":"word","page_number":84,"line_number":11,"text":"ﮨ","translation":{"text":"(who is) farther away","language_name":"english","language_id":38},"transliteration":{"text":"l-junubi","language_name":"english","language_id":38}},{"id":37818,"position":18,"audio_url":"wbw/004_036_020.mp3","qpc_uthmani_hafs":"وَٱلصَّاحِبِ","char_type_name":"word","page_number":84,"line_number":11,"text":"ﮩ","translation":{"text":"and the companion","language_name":"english","language_id":38},"transliteration":{"text":"wal-ṣāḥibi","language_name":"english","language_id":38}},{"id":37819,"position":19,"audio_url":"wbw/004_036_021.mp3","qpc_uthmani_hafs":"بِٱلۡجَنۢبِ","char_type_name":"word","page_number":84,"line_number":11,"text":"ﮪ","translation":{"text":"by your side","language_name":"english","language_id":38},"transliteration":{"text":"bil-janbi","language_name":"english","language_id":38}},{"id":37820,"position":20,"audio_url":"wbw/004_036_022.mp3","qpc_uthmani_hafs":"وَٱبۡنِ","char_type_name":"word","page_number":84,"line_number":12,"text":"ﮫ","translation":{"text":"and the","language_name":"english","language_id":38},"transliteration":{"text":"wa-ib'ni","language_name":"english","language_id":38}},{"id":37821,"position":21,"audio_url":"wbw/004_036_023.mp3","qpc_uthmani_hafs":"ٱلسَّبِيلِ","char_type_name":"word","page_number":84,"line_number":12,"text":"ﮬ","translation":{"text":"traveler","language_name":"english","language_id":38},"transliteration":{"text":"l-sabīli","language_name":"english","language_id":38}},{"id":37822,"position":22,"audio_url":"wbw/004_036_024.mp3","qpc_uthmani_hafs":"وَمَا","char_type_name":"word","page_number":84,"line_number":12,"text":"ﮭ","translation":{"text":"and what","language_name":"english","language_id":38},"transliteration":{"text":"wamā","language_name":"english","language_id":38}},{"id":37823,"position":23,"audio_url":"wbw/004_036_025.mp3","qpc_uthmani_hafs":"مَلَكَتۡ","char_type_name":"word","page_number":84,"line_number":12,"text":"ﮮ","translation":{"text":"possess[ed]","language_name":"english","language_id":38},"transliteration":{"text":"malakat","language_name":"english","language_id":38}},{"id":37824,"position":24,"audio_url":"wbw/004_036_026.mp3","qpc_uthmani_hafs":"أَيۡمَٰنُكُمۡۗ","char_type_name":"word","page_number":84,"line_number":12,"text":"ﮯﮰ","translation":{"text":"your right hands","language_name":"english","language_id":38},"transliteration":{"text":"aymānukum","language_name":"english","language_id":38}},{"id":37826,"position":25,"audio_url":"wbw/004_036_028.mp3","qpc_uthmani_hafs":"إِنَّ","char_type_name":"word","page_number":84,"line_number":12,"text":"ﮱ","translation":{"text":"Indeed","language_name":"english","language_id":38},"transliteration":{"text":"inna","language_name":"english","language_id":38}},{"id":37827,"position":26,"audio_url":"wbw/004_036_029.mp3","qpc_uthmani_hafs":"ٱللَّهَ","char_type_name":"word","page_number":84,"line_number":12,"text":"ﯓ","translation":{"text":"Allah","language_name":"english","language_id":38},"transliteration":{"text":"l-laha","language_name":"english","language_id":38}},{"id":37828,"position":27,"audio_url":"wbw/004_036_030.mp3","qpc_uthmani_hafs":"لَا","char_type_name":"word","page_number":84,"line_number":12,"text":"ﯔ","translation":{"text":"(does) not","language_name":"english","language_id":38},"transliteration":{"text":"lā","language_name":"english","language_id":38}},{"id":37829,"position":28,"audio_url":"wbw/004_036_031.mp3","qpc_uthmani_hafs":"يُحِبُّ","char_type_name":"word","page_number":84,"line_number":12,"text":"ﯕ","translation":{"text":"love","language_name":"english","language_id":38},"transliteration":{"text":"yuḥibbu","language_name":"english","language_id":38}},{"id":37830,"position":29,"audio_url":"wbw/004_036_032.mp3","qpc_uthmani_hafs":"مَن","char_type_name":"word","page_number":84,"line_number":12,"text":"ﯖ","translation":{"text":"(the one) who","language_name":"english","language_id":38},"transliteration":{"text":"man","language_name":"english","language_id":38}},{"id":37831,"position":30,"audio_url":"wbw/004_036_033.mp3","qpc_uthmani_hafs":"كَانَ","char_type_name":"word","page_number":84,"line_number":13,"text":"ﯗ","translation":{"text":"is","language_name":"english","language_id":38},"transliteration":{"text":"kāna","language_name":"english","language_id":38}},{"id":37832,"position":31,"audio_url":"wbw/004_036_034.mp3","qpc_uthmani_hafs":"مُخۡتَالٗا","char_type_name":"word","page_number":84,"line_number":13,"text":"ﯘ","translation":{"text":"[a] proud","language_name":"english","language_id":38},"transliteration":{"text":"mukh'tālan","language_name":"english","language_id":38}},{"id":37833,"position":32,"audio_url":"wbw/004_036_035.mp3","qpc_uthmani_hafs":"فَخُورًا","char_type_name":"word","page_number":84,"line_number":13,"text":"ﯙ","translation":{"text":"(and) [a] boastful","language_name":"english","language_id":38},"transliteration":{"text":"fakhūran","language_name":"english","language_id":38}},{"id":37834,"position":33,"audio_url":null,"qpc_uthmani_hafs":"٣٦","char_type_name":"end","page_number":84,"line_number":13,"text":"ﯚ","translation":{"text":"(36)","language_name":"english","language_id":38},"transliteration":{"text":null,"language_name":"english","language_id":38}}],"translations":[{"id":916958,"resource_id":134,"text":"Sembahlah Allah dan janganlah kamu mempersekutukan-Nya dengan sesuatu pun.  Dan berbuat baiklah kepada dua orang ibu bapak, karib kerabat, anak-anak yatim, orang-orang miskin, tetangga yang dekat dan tetangga yang jauh<sup foot_note=210064>1</sup>, dan teman sejawat, ibnus sabīl<sup foot_note=210065>2</sup>, dan hamba sahayamu.  Sesungguhnya Allah tidak menyukai orang-orang yang sombong dan membangga-banggakan diri,"}]},{"id":530,"verse_number":37,"verse_key":"4:37","juz_number":5,"hizb_number":9,"rub_el_hizb_number":34,"ruku_number":67,"manzil_number":1,"sajdah_number":null,"text_uthmani":"ٱلَّذِينَ يَبْخَلُونَ وَيَأْمُرُونَ ٱلنَّاسَ بِٱلْبُخْلِ وَيَكْتُمُونَ مَآ ءَاتَىٰهُمُ ٱللَّهُ مِن فَضْلِهِۦ ۗ وَأَعْتَدْنَا لِلْكَـٰفِرِينَ عَذَابًا مُّهِينًا","page_number":84,"words":[{"id":38693,"position":1,"audio_url":"wbw/004_037_001.mp3","qpc_uthmani_hafs":"ٱلَّذِينَ","char_type_name":"word","page_number":84,"line_number":13,"text":"ﯛ","translation":{"text":"Those who","language_name":"english","language_id":38},"transliteration":{"text":"alladhīna","language_name":"english","language_id":38}},{"id":38694,"position":2,"audio_url":"wbw/004_037_002.mp3","qpc_uthmani_hafs":"يَبۡخَلُونَ","char_type_name":"word","page_number":84,"line_number":13,"text":"ﯜ","translation":{"text":"are stingy","language_name":"english","language_id":38},"transliteration":{"text":"yabkhalūna","language_name":"english","language_id":38}},{"id":38695,"position":3,"audio_url":"wbw/004_037_003.mp3","qpc_uthmani_hafs":"وَيَأۡمُرُونَ","char_type_name":"word","page_number":84,"line_number":13,"text":"ﯝ","translation":{"text":"and order","language_name":"english","language_id":38},"transliteration":{"text":"wayamurūna","language_name":"english","language_id":38}},{"id":38696,"position":4,"audio_url":"wbw/004_037_004.mp3","qpc_uthmani_hafs":"ٱلنَّاسَ","char_type_name":"word","page_number":84,"line_number":14,"text":"ﯞ","translation":{"text":"the people","language_name":"english","language_id":38},"transliteration":{"text":"l-nāsa","language_name":"english","language_id":38}},{"id":38697,"position":5,"audio_url":"wbw/004_037_005.mp3","qpc_uthmani_hafs":"بِٱلۡبُخۡلِ","char_type_name":"word","page_number":84,"line_number":14,"text":"ﯟ","translation":{"text":"[of] stinginess","language_name":"english","language_id":38},"transliteration":{"text":"bil-bukh'li","language_name":"english","language_id":38}},{"id":38698,"position":6,"audio_url":"wbw/004_037_006.mp3","qpc_uthmani_hafs":"وَيَكۡتُمُونَ","char_type_name":"word","page_number":84,"line_number":14,"text":"ﯠ","translation":{"text":"and hide","language_name":"english","language_id":38},"transliteration":{"text":"wayaktumūna","language_name":"english","language_id":38}},{"id":38699,"position":7,"audio_url":"wbw/004_037_007.mp3","qpc_uthmani_hafs":"مَآ","char_type_name":"word","page_number":84,"line_number":14,"text":"ﯡ","translation":{"text":"what","language_name":"english","language_id":38},"transliteration":{"text":"mā","language_name":"english","language_id":38}},{"id":38700,"position":8,"audio_url":"wbw/004_037_008.mp3","qpc_uthmani_hafs":"ءَاتَىٰهُمُ","char_type_name":"word","page_number":84,"line_number":14,"text":"ﯢ","translation":{"text":"(has) given them","language_name":"english","language_id":38},"transliteration":{"text":"ātāhumu","language_name":"english","language_id":38}},{"id":38701,"position":9,"audio_url":"wbw/004_037_009.mp3","qpc_uthmani_hafs":"ٱللَّهُ","char_type_name":"word","page_number":84,"line_number":14,"text":"ﯣ","translation":{"text":"Allah","language_name":"english","language_id":38},"transliteration":{"text":"l-lahu","language_name":"english","language_id":38}},{"id":38702,"position":10,"audio_url":"wbw/004_037_010.mp3","qpc_uthmani_hafs":"مِن","char_type_name":"word","page_number":84,"line_number":15,"text":"ﯤ","translation":{"text":"of","language_name":"english","language_id":38},"transliteration":{"text":"min","language_name":"english","language_id":38}},{"id":38703,"position":11,"audio_url":"wbw/004_037_011.mp3","qpc_uthmani_hafs":"فَضۡلِهِۦۗ","char_type_name":"word","page_number":84,"line_number":15,"text":"ﯥﯦ","translation":{"text":"His Bounty ","language_name":"english","language_id":38},"transliteration":{"text":"faḍlihi","language_name":"english","language_id":38}},{"id":38705,"position":12,"audio_url":"wbw/004_037_013.mp3","qpc_uthmani_hafs":"وَأَعۡتَدۡنَا","char_type_name":"word","page_number":84,"line_number":15,"text":"ﯧ","translation":{"text":"and We (have) prepared","language_name":"english","language_id":38},"transliteration":{"text":"wa-aʿtadnā","language_name":"english","language_id":38}},{"id":38706,"position":13,"audio_url":"wbw/004_037_014.mp3","qpc_uthmani_hafs":"لِلۡكَٰفِرِينَ","char_type_name":"word","page_number":84,"line_number":15,"text":"ﯨ","translation":{"text":"for the disbelievers","language_name":"english","language_id":38},"transliteration":{"text":"lil'kāfirīna","language_name":"english","language_id":38}},{"id":38707,"position":14,"audio_url":"wbw/004_037_015.mp3","qpc_uthmani_hafs":"عَذَابٗا","char_type_name":"word","page_number":84,"line_number":15,"text":"ﯩ","translation":{"text":"a punishment","language_name":"english","language_id":38},"transliteration":{"text":"ʿadhāban","language_name":"english","language_id":38}},{"id":38708,"position":15,"audio_url":"wbw/004_037_016.mp3","qpc_uthmani_hafs":"مُّهِينٗا","char_type_name":"word","page_number":84,"line_number":15,"text":"ﯪ","translation":{"text":"humiliating","language_name":"english","language_id":38},"transliteration":{"text":"muhīnan","language_name":"english","language_id":38}},{"id":38709,"position":16,"audio_url":null,"qpc_uthmani_hafs":"٣٧","char_type_name":"end","page_number":84,"line_number":15,"text":"ﯫ","translation":{"text":"(37)","language_name":"english","language_id":38},"transliteration":{"text":null,"language_name":"english","language_id":38}}],"translations":[{"id":916959,"resource_id":134,"text":"(yaitu) orang-orang yang kikir, dan menyuruh orang lain berbuat kikir, dan menyembunyikan karunia Allah yang telah diberikan-Nya kepada mereka.  Dan Kami telah menyediakan untuk orang-orang kafir<sup foot_note=210066>1</sup> siksa yang menghinakan."}]}],"pagination":{"per_page":50,"current_page":1,"next_page":null,"total_pages":1,"total_records":4}}