{"verses":[{"id":615,"verse_number":122,"verse_key":"4:122","juz_number":5,"hizb_number":10,"rub_el_hizb_number":39,"ruku_number":79,"manzil_number":1,"sajdah_number":null,"text_uthmani":"وَٱلَّذِينَ ءَامَنُوا۟ وَعَمِلُوا۟ ٱلصَّـٰلِحَـٰتِ سَنُدْخِلُهُمْ جَنَّـٰتٍ تَجْرِى مِن تَحْتِهَا ٱلْأَنْهَـٰرُ خَـٰلِدِينَ فِيهَآ أَبَدًا ۖ وَعْدَ ٱللَّهِ حَقًّا ۚ وَمَنْ أَصْدَقُ مِنَ ٱللَّهِ قِيلًا","page_number":98,"words":[{"id":76692,"position":1,"audio_url":"wbw/004_122_001.mp3","qpc_uthmani_hafs":"وَٱلَّذِينَ","char_type_name":"word","page_number":98,"line_number":1,"text":"ﭑ","translation":{"text":"And those who","language_name":"english","language_id":38},"transliteration":{"text":"wa-alladhīna","language_name":"english","language_id":38}},{"id":76693,"position":2,"audio_url":"wbw/004_122_002.mp3","qpc_uthmani_hafs":"ءَامَنُواْ","char_type_name":"word","page_number":98,"line_number":1,"text":"ﭒ","translation":{"text":"believe[d]","language_name":"english","language_id":38},"transliteration":{"text":"āmanū","language_name":"english","language_id":38}},{"id":76694,"position":3,"audio_url":"wbw/004_122_003.mp3","qpc_uthmani_hafs":"وَعَمِلُواْ","char_type_name":"word","page_number":98,"line_number":1,"text":"ﭓ","translation":{"text":"and do","language_name":"english","language_id":38},"transliteration":{"text":"waʿamilū","language_name":"english","language_id":38}},{"id":76695,"position":4,"audio_url":"wbw/004_122_004.mp3","qpc_uthmani_hafs":"ٱلصَّٰلِحَٰتِ","char_type_name":"word","page_number":98,"line_number":1,"text":"ﭔ","translation":{"text":"[the] righteous deeds","language_name":"english","language_id":38},"transliteration":{"text":"l-ṣāliḥāti","language_name":"english","language_id":38}},{"id":76696,"position":5,"audio_url":"wbw/004_122_005.mp3","qpc_uthmani_hafs":"سَنُدۡخِلُهُمۡ","char_type_name":"word","page_number":98,"line_number":1,"text":"ﭕ","translation":{"text":"We will admit them","language_name":"english","language_id":38},"transliteration":{"text":"sanud'khiluhum","language_name":"english","language_id":38}},{"id":76697,"position":6,"audio_url":"wbw/004_122_006.mp3","qpc_uthmani_hafs":"جَنَّٰتٖ","char_type_name":"word","page_number":98,"line_number":2,"text":"ﭖ","translation":{"text":"(in) Gardens","language_name":"english","language_id":38},"transliteration":{"text":"jannātin","language_name":"english","language_id":38}},{"id":76698,"position":7,"audio_url":"wbw/004_122_007.mp3","qpc_uthmani_hafs":"تَجۡرِي","char_type_name":"word","page_number":98,"line_number":2,"text":"ﭗ","translation":{"text":"flow","language_name":"english","language_id":38},"transliteration":{"text":"tajrī","language_name":"english","language_id":38}},{"id":76699,"position":8,"audio_url":"wbw/004_122_008.mp3","qpc_uthmani_hafs":"مِن","char_type_name":"word","page_number":98,"line_number":2,"text":"ﭘ","translation":{"text":"from","language_name":"english","language_id":38},"transliteration":{"text":"min","language_name":"english","language_id":38}},{"id":76700,"position":9,"audio_url":"wbw/004_122_009.mp3","qpc_uthmani_hafs":"تَحۡتِهَا","char_type_name":"word","page_number":98,"line_number":2,"text":"ﭙ","translation":{"text":"underneath it","language_name":"english","language_id":38},"transliteration":{"text":"taḥtihā","language_name":"english","language_id":38}},{"id":76701,"position":10,"audio_url":"wbw/004_122_010.mp3","qpc_uthmani_hafs":"ٱلۡأَنۡهَٰرُ","char_type_name":"word","page_number":98,"line_number":2,"text":"ﭚ","translation":{"text":"the rivers","language_name":"english","language_id":38},"transliteration":{"text":"l-anhāru","language_name":"english","language_id":38}},{"id":76702,"position":11,"audio_url":"wbw/004_122_011.mp3","qpc_uthmani_hafs":"خَٰلِدِينَ","char_type_name":"word","page_number":98,"line_number":2,"text":"ﭛ","translation":{"text":"will abide","language_name":"english","language_id":38},"transliteration":{"text":"khālidīna","language_name":"english","language_id":38}},{"id":76703,"position":12,"audio_url":"wbw/004_122_012.mp3","qpc_uthmani_hafs":"فِيهَآ","char_type_name":"word","page_number":98,"line_number":2,"text":"ﭜ","translation":{"text":"in it","language_name":"english","language_id":38},"transliteration":{"text":"fīhā","language_name":"english","language_id":38}},{"id":76704,"position":13,"audio_url":"wbw/004_122_013.mp3","qpc_uthmani_hafs":"أَبَدٗاۖ","char_type_name":"word","page_number":98,"line_number":2,"text":"ﭝﭞ","translation":{"text":"forever","language_name":"english","language_id":38},"transliteration":{"text":"abadan","language_name":"english","language_id":38}},{"id":76706,"position":14,"audio_url":"wbw/004_122_015.mp3","qpc_uthmani_hafs":"وَعۡدَ","char_type_name":"word","page_number":98,"line_number":2,"text":"ﭟ","translation":{"text":"A Promise","language_name":"english","language_id":38},"transliteration":{"text":"waʿda","language_name":"english","language_id":38}},{"id":76707,"position":15,"audio_url":"wbw/004_122_016.mp3","qpc_uthmani_hafs":"ٱللَّهِ","char_type_name":"word","page_number":98,"line_number":3,"text":"ﭠ","translation":{"text":"(of) Allah","language_name":"english","language_id":38},"transliteration":{"text":"l-lahi","language_name":"english","language_id":38}},{"id":76708,"position":16,"audio_url":"wbw/004_122_017.mp3","qpc_uthmani_hafs":"حَقّٗاۚ","char_type_name":"word","page_number":98,"line_number":3,"text":"ﭡﭢ","translation":{"text":"(in) truth","language_name":"english","language_id":38},"transliteration":{"text":"ḥaqqan","language_name":"english","language_id":38}},{"id":76710,"position":17,"audio_url":"wbw/004_122_019.mp3","qpc_uthmani_hafs":"وَمَنۡ","char_type_name":"word","page_number":98,"line_number":3,"text":"ﭣ","translation":{"text":"and who","language_name":"english","language_id":38},"transliteration":{"text":"waman","language_name":"english","language_id":38}},{"id":76711,"position":18,"audio_url":"wbw/004_122_020.mp3","qpc_uthmani_hafs":"أَصۡدَقُ","char_type_name":"word","page_number":98,"line_number":3,"text":"ﭤ","translation":{"text":"(is) truer","language_name":"english","language_id":38},"transliteration":{"text":"aṣdaqu","language_name":"english","language_id":38}},{"id":76712,"position":19,"audio_url":"wbw/004_122_021.mp3","qpc_uthmani_hafs":"مِنَ","char_type_name":"word","page_number":98,"line_number":3,"text":"ﭥ","translation":{"text":"than","language_name":"english","language_id":38},"transliteration":{"text":"mina","language_name":"english","language_id":38}},{"id":76713,"position":20,"audio_url":"wbw/004_122_022.mp3","qpc_uthmani_hafs":"ٱللَّهِ","char_type_name":"word","page_number":98,"line_number":3,"text":"ﭦ","translation":{"text":"Allah","language_name":"english","language_id":38},"transliteration":{"text":"l-lahi","language_name":"english","language_id":38}},{"id":76714,"position":21,"audio_url":"wbw/004_122_023.mp3","qpc_uthmani_hafs":"قِيلٗا","char_type_name":"word","page_number":98,"line_number":3,"text":"ﭧ","translation":{"text":"(in) statement","language_name":"english","language_id":38},"transliteration":{"text":"qīlan","language_name":"english","language_id":38}},{"id":76715,"position":22,"audio_url":null,"qpc_uthmani_hafs":"١٢٢","char_type_name":"end","page_number":98,"line_number":3,"text":"ﭨ","translation":{"text":"(122)","language_name":"english","language_id":38},"transliteration":{"text":null,"language_name":"english","language_id":38}}],"translations":[{"id":917044,"resource_id":134,"text":"Orang-orang yang beriman dan mengerjakan amalan saleh, kelak akan Kami masukkan ke dalam surga yang mengalir sungai-sungai di bawahnya, mereka kekal di dalamnya selama-lamanya. Allah telah membuat suatu janji yang benar. Dan siapakah yang lebih benar perkataannya dari pada Allah?"}]},{"id":616,"verse_number":123,"verse_key":"4:123","juz_number":5,"hizb_number":10,"rub_el_hizb_number":39,"ruku_number":79,"manzil_number":1,"sajdah_number":null,"text_uthmani":"لَّيْسَ بِأَمَانِيِّكُمْ وَلَآ أَمَانِىِّ أَهْلِ ٱلْكِتَـٰبِ ۗ مَن يَعْمَلْ سُوٓءًا يُجْزَ بِهِۦ وَلَا يَجِدْ لَهُۥ مِن دُونِ ٱللَّهِ وَلِيًّا وَلَا نَصِيرًا","page_number":98,"words":[{"id":76937,"position":1,"audio_url":"wbw/004_123_001.mp3","qpc_uthmani_hafs":"لَّيۡسَ","char_type_name":"word","page_number":98,"line_number":3,"text":"ﭩ","translation":{"text":"Not","language_name":"english","language_id":38},"transliteration":{"text":"laysa","language_name":"english","language_id":38}},{"id":76938,"position":2,"audio_url":"wbw/004_123_002.mp3","qpc_uthmani_hafs":"بِأَمَانِيِّكُمۡ","char_type_name":"word","page_number":98,"line_number":3,"text":"ﭪ","translation":{"text":"by your desire","language_name":"english","language_id":38},"transliteration":{"text":"bi-amāniyyikum","language_name":"english","language_id":38}},{"id":76939,"position":3,"audio_url":"wbw/004_123_003.mp3","qpc_uthmani_hafs":"وَلَآ","char_type_name":"word","page_number":98,"line_number":4,"text":"ﭫ","translation":{"text":"and not","language_name":"english","language_id":38},"transliteration":{"text":"walā","language_name":"english","language_id":38}},{"id":76940,"position":4,"audio_url":"wbw/004_123_004.mp3","qpc_uthmani_hafs":"أَمَانِيِّ","char_type_name":"word","page_number":98,"line_number":4,"text":"ﭬ","translation":{"text":"(by the) desire","language_name":"english","language_id":38},"transliteration":{"text":"amāniyyi","language_name":"english","language_id":38}},{"id":76941,"position":5,"audio_url":"wbw/004_123_005.mp3","qpc_uthmani_hafs":"أَهۡلِ","char_type_name":"word","page_number":98,"line_number":4,"text":"ﭭ","translation":{"text":"(of the) People","language_name":"english","language_id":38},"transliteration":{"text":"ahli","language_name":"english","language_id":38}},{"id":76942,"position":6,"audio_url":"wbw/004_123_006.mp3","qpc_uthmani_hafs":"ٱلۡكِتَٰبِۗ","char_type_name":"word","page_number":98,"line_number":4,"text":"ﭮﭯ","translation":{"text":"(of) the Book","language_name":"english","language_id":38},"transliteration":{"text":"l-kitābi","language_name":"english","language_id":38}},{"id":76944,"position":7,"audio_url":"wbw/004_123_008.mp3","qpc_uthmani_hafs":"مَن","char_type_name":"word","page_number":98,"line_number":4,"text":"ﭰ","translation":{"text":"Whoever","language_name":"english","language_id":38},"transliteration":{"text":"man","language_name":"english","language_id":38}},{"id":76945,"position":8,"audio_url":"wbw/004_123_009.mp3","qpc_uthmani_hafs":"يَعۡمَلۡ","char_type_name":"word","page_number":98,"line_number":4,"text":"ﭱ","translation":{"text":"does","language_name":"english","language_id":38},"transliteration":{"text":"yaʿmal","language_name":"english","language_id":38}},{"id":76946,"position":9,"audio_url":"wbw/004_123_010.mp3","qpc_uthmani_hafs":"سُوٓءٗا","char_type_name":"word","page_number":98,"line_number":4,"text":"ﭲ","translation":{"text":"evil","language_name":"english","language_id":38},"transliteration":{"text":"sūan","language_name":"english","language_id":38}},{"id":76947,"position":10,"audio_url":"wbw/004_123_011.mp3","qpc_uthmani_hafs":"يُجۡزَ","char_type_name":"word","page_number":98,"line_number":4,"text":"ﭳ","translation":{"text":"will be recompensed","language_name":"english","language_id":38},"transliteration":{"text":"yuj'za","language_name":"english","language_id":38}},{"id":76948,"position":11,"audio_url":"wbw/004_123_012.mp3","qpc_uthmani_hafs":"بِهِۦ","char_type_name":"word","page_number":98,"line_number":4,"text":"ﭴ","translation":{"text":"for it","language_name":"english","language_id":38},"transliteration":{"text":"bihi","language_name":"english","language_id":38}},{"id":76949,"position":12,"audio_url":"wbw/004_123_013.mp3","qpc_uthmani_hafs":"وَلَا","char_type_name":"word","page_number":98,"line_number":5,"text":"ﭵ","translation":{"text":"and not","language_name":"english","language_id":38},"transliteration":{"text":"walā","language_name":"english","language_id":38}},{"id":76950,"position":13,"audio_url":"wbw/004_123_014.mp3","qpc_uthmani_hafs":"يَجِدۡ","char_type_name":"word","page_number":98,"line_number":5,"text":"ﭶ","translation":{"text":"he will find","language_name":"english","language_id":38},"transliteration":{"text":"yajid","language_name":"english","language_id":38}},{"id":76951,"position":14,"audio_url":"wbw/004_123_015.mp3","qpc_uthmani_hafs":"لَهُۥ","char_type_name":"word","page_number":98,"line_number":5,"text":"ﭷ","translation":{"text":"for him","language_name":"english","language_id":38},"transliteration":{"text":"lahu","language_name":"english","language_id":38}},{"id":76952,"position":15,"audio_url":"wbw/004_123_016.mp3","qpc_uthmani_hafs":"مِن","char_type_name":"word","page_number":98,"line_number":5,"text":"ﭸ","translation":{"text":"from","language_name":"english","language_id":38},"transliteration":{"text":"min","language_name":"english","language_id":38}},{"id":76953,"position":16,"audio_url":"wbw/004_123_017.mp3","qpc_uthmani_hafs":"دُونِ","char_type_name":"word","page_number":98,"line_number":5,"text":"ﭹ","translation":{"text":"besides","language_name":"english","language_id":38},"transliteration":{"text":"dūni","language_name":"english","language_id":38}},{"id":76954,"position":17,"audio_url":"wbw/004_123_018.mp3","qpc_uthmani_hafs":"ٱللَّهِ","char_type_name":"word","page_number":98,"line_number":5,"text":"ﭺ","translation":{"text":"Allah","language_name":"english","language_id":38},"transliteration":{"text":"l-lahi","language_name":"english","language_id":38}},{"id":76955,"position":18,"audio_url":"wbw/004_123_019.mp3","qpc_uthmani_hafs":"وَلِيّٗا","char_type_name":"word","page_number":98,"line_number":5,"text":"ﭻ","translation":{"text":"any protector","language_name":"english","language_id":38},"transliteration":{"text":"waliyyan","language_name":"english","language_id":38}},{"id":76956,"position":19,"audio_url":"wbw/004_123_020.mp3","qpc_uthmani_hafs":"وَلَا","char_type_name":"word","page_number":98,"line_number":5,"text":"ﭼ","translation":{"text":"and not","language_name":"english","language_id":38},"transliteration":{"text":"walā","language_name":"english","language_id":38}},{"id":76957,"position":20,"audio_url":"wbw/004_123_021.mp3","qpc_uthmani_hafs":"نَصِيرٗا","char_type_name":"word","page_number":98,"line_number":5,"text":"ﭽ","translation":{"text":"any helper","language_name":"english","language_id":38},"transliteration":{"text":"naṣīran","language_name":"english","language_id":38}},{"id":76958,"position":21,"audio_url":null,"qpc_uthmani_hafs":"١٢٣","char_type_name":"end","page_number":98,"line_number":5,"text":"ﭾ","translation":{"text":"(123)","language_name":"english","language_id":38},"transliteration":{"text":null,"language_name":"english","language_id":38}}],"translations":[{"id":917045,"resource_id":134,"text":"(Pahala dari Allah) itu bukanlah menurut angan-anganmu<sup foot_note=210122>1</sup> yang kosong dan tidak (pula) menurut angan-angan ahli kitab.  Barang siapa yang mengerjakan kejahatan, niscaya akan diberi pembalasan dengan kejahatan itu.  Dan ia tidak mendapat pelindung dan tidak (pula) penolong baginya selain dari Allah."}]},{"id":617,"verse_number":124,"verse_key":"4:124","juz_number":5,"hizb_number":10,"rub_el_hizb_number":39,"ruku_number":79,"manzil_number":1,"sajdah_number":null,"text_uthmani":"وَمَن يَعْمَلْ مِنَ ٱلصَّـٰلِحَـٰتِ مِن ذَكَرٍ أَوْ أُنثَىٰ وَهُوَ مُؤْمِنٌ فَأُو۟لَـٰٓئِكَ يَدْخُلُونَ ٱلْجَنَّةَ وَلَا يُظْلَمُونَ نَقِيرًا","page_number":98,"words":[{"id":76959,"position":1,"audio_url":"wbw/004_124_001.mp3","qpc_uthmani_hafs":"وَمَن","char_type_name":"word","page_number":98,"line_number":5,"text":"ﭿ","translation":{"text":"And whoever","language_name":"english","language_id":38},"transliteration":{"text":"waman","language_name":"english","language_id":38}},{"id":76960,"position":2,"audio_url":"wbw/004_124_002.mp3","qpc_uthmani_hafs":"يَعۡمَلۡ","char_type_name":"word","page_number":98,"line_number":6,"text":"ﮀ","translation":{"text":"does","language_name":"english","language_id":38},"transliteration":{"text":"yaʿmal","language_name":"english","language_id":38}},{"id":76961,"position":3,"audio_url":"wbw/004_124_003.mp3","qpc_uthmani_hafs":"مِنَ","char_type_name":"word","page_number":98,"line_number":6,"text":"ﮁ","translation":{"text":"[of]","language_name":"english","language_id":38},"transliteration":{"text":"mina","language_name":"english","language_id":38}},{"id":76962,"position":4,"audio_url":"wbw/004_124_004.mp3","qpc_uthmani_hafs":"ٱلصَّٰلِحَٰتِ","char_type_name":"word","page_number":98,"line_number":6,"text":"ﮂ","translation":{"text":"[the] righteous deeds","language_name":"english","language_id":38},"transliteration":{"text":"l-ṣāliḥāti","language_name":"english","language_id":38}},{"id":76963,"position":5,"audio_url":"wbw/004_124_005.mp3","qpc_uthmani_hafs":"مِن","char_type_name":"word","page_number":98,"line_number":6,"text":"ﮃ","translation":{"text":"from","language_name":"english","language_id":38},"transliteration":{"text":"min","language_name":"english","language_id":38}},{"id":76964,"position":6,"audio_url":"wbw/004_124_006.mp3","qpc_uthmani_hafs":"ذَكَرٍ","char_type_name":"word","page_number":98,"line_number":6,"text":"ﮄ","translation":{"text":"(the) male","language_name":"english","language_id":38},"transliteration":{"text":"dhakarin","language_name":"english","language_id":38}},{"id":76965,"position":7,"audio_url":"wbw/004_124_007.mp3","qpc_uthmani_hafs":"أَوۡ","char_type_name":"word","page_number":98,"line_number":6,"text":"ﮅ","translation":{"text":"or","language_name":"english","language_id":38},"transliteration":{"text":"aw","language_name":"english","language_id":38}},{"id":76966,"position":8,"audio_url":"wbw/004_124_008.mp3","qpc_uthmani_hafs":"أُنثَىٰ","char_type_name":"word","page_number":98,"line_number":6,"text":"ﮆ","translation":{"text":"female","language_name":"english","language_id":38},"transliteration":{"text":"unthā","language_name":"english","language_id":38}},{"id":76967,"position":9,"audio_url":"wbw/004_124_009.mp3","qpc_uthmani_hafs":"وَهُوَ","char_type_name":"word","page_number":98,"line_number":6,"text":"ﮇ","translation":{"text":"and he","language_name":"english","language_id":38},"transliteration":{"text":"wahuwa","language_name":"english","language_id":38}},{"id":76968,"position":10,"audio_url":"wbw/004_124_010.mp3","qpc_uthmani_hafs":"مُؤۡمِنٞ","char_type_name":"word","page_number":98,"line_number":6,"text":"ﮈ","translation":{"text":"(is) a believer","language_name":"english","language_id":38},"transliteration":{"text":"mu'minun","language_name":"english","language_id":38}},{"id":76969,"position":11,"audio_url":"wbw/004_124_011.mp3","qpc_uthmani_hafs":"فَأُوْلَٰٓئِكَ","char_type_name":"word","page_number":98,"line_number":7,"text":"ﮉ","translation":{"text":"then those","language_name":"english","language_id":38},"transliteration":{"text":"fa-ulāika","language_name":"english","language_id":38}},{"id":76970,"position":12,"audio_url":"wbw/004_124_012.mp3","qpc_uthmani_hafs":"يَدۡخُلُونَ","char_type_name":"word","page_number":98,"line_number":7,"text":"ﮊ","translation":{"text":"will enter","language_name":"english","language_id":38},"transliteration":{"text":"yadkhulūna","language_name":"english","language_id":38}},{"id":76971,"position":13,"audio_url":"wbw/004_124_013.mp3","qpc_uthmani_hafs":"ٱلۡجَنَّةَ","char_type_name":"word","page_number":98,"line_number":7,"text":"ﮋ","translation":{"text":"Paradise","language_name":"english","language_id":38},"transliteration":{"text":"l-janata","language_name":"english","language_id":38}},{"id":76972,"position":14,"audio_url":"wbw/004_124_014.mp3","qpc_uthmani_hafs":"وَلَا","char_type_name":"word","page_number":98,"line_number":7,"text":"ﮌ","translation":{"text":"and not","language_name":"english","language_id":38},"transliteration":{"text":"walā","language_name":"english","language_id":38}},{"id":76973,"position":15,"audio_url":"wbw/004_124_015.mp3","qpc_uthmani_hafs":"يُظۡلَمُونَ","char_type_name":"word","page_number":98,"line_number":7,"text":"ﮍ","translation":{"text":"they will be wronged","language_name":"english","language_id":38},"transliteration":{"text":"yuẓ'lamūna","language_name":"english","language_id":38}},{"id":76974,"position":16,"audio_url":"wbw/004_124_016.mp3","qpc_uthmani_hafs":"نَقِيرٗا","char_type_name":"word","page_number":98,"line_number":7,"text":"ﮎ","translation":{"text":"(even as much as) the speck on a date-seed","language_name":"english","language_id":38},"transliteration":{"text":"naqīran","language_name":"english","language_id":38}},{"id":76975,"position":17,"audio_url":null,"qpc_uthmani_hafs":"١٢٤","char_type_name":"end","page_number":98,"line_number":7,"text":"ﮏ","translation":{"text":"(124)","language_name":"english","language_id":38},"transliteration":{"text":null,"language_name":"english","language_id":38}}],"translations":[{"id":917046,"resource_id":134,"text":"Barang siapa yang mengerjakan amal-amal saleh, baik laki-laki maupun wanita sedang ia orang yang beriman, maka mereka itu masuk ke dalam surga dan mereka tidak dianiaya walau sedikit pun."}]},{"id":618,"verse_number":125,"verse_key":"4:125","juz_number":5,"hizb_number":10,"rub_el_hizb_number":39,"ruku_number":79,"manzil_number":1,"sajdah_number":null,"text_uthmani":"وَمَنْ أَحْسَنُ دِينًا مِّمَّنْ أَسْلَمَ وَجْهَهُۥ لِلَّهِ وَهُوَ مُحْسِنٌ وَٱتَّبَعَ مِلَّةَ إِبْرَٰهِيمَ حَنِيفًا ۗ وَٱتَّخَذَ ٱللَّهُ إِبْرَٰهِيمَ خَلِيلًا","page_number":98,"words":[{"id":77160,"position":1,"audio_url":"wbw/004_125_001.mp3","qpc_uthmani_hafs":"وَمَنۡ","char_type_name":"word","page_number":98,"line_number":7,"text":"ﮐ","translation":{"text":"And who","language_name":"english","language_id":38},"transliteration":{"text":"waman","language_name":"english","language_id":38}},{"id":77161,"position":2,"audio_url":"wbw/004_125_002.mp3","qpc_uthmani_hafs":"أَحۡسَنُ","char_type_name":"word","page_number":98,"line_number":8,"text":"ﮑ","translation":{"text":"(is) better","language_name":"english","language_id":38},"transliteration":{"text":"aḥsanu","language_name":"english","language_id":38}},{"id":77162,"position":3,"audio_url":"wbw/004_125_003.mp3","qpc_uthmani_hafs":"دِينٗا","char_type_name":"word","page_number":98,"line_number":8,"text":"ﮒ","translation":{"text":"(in) religion","language_name":"english","language_id":38},"transliteration":{"text":"dīnan","language_name":"english","language_id":38}},{"id":77163,"position":4,"audio_url":"wbw/004_125_004.mp3","qpc_uthmani_hafs":"مِّمَّنۡ","char_type_name":"word","page_number":98,"line_number":8,"text":"ﮓ","translation":{"text":"than (one) who","language_name":"english","language_id":38},"transliteration":{"text":"mimman","language_name":"english","language_id":38}},{"id":77164,"position":5,"audio_url":"wbw/004_125_005.mp3","qpc_uthmani_hafs":"أَسۡلَمَ","char_type_name":"word","page_number":98,"line_number":8,"text":"ﮔ","translation":{"text":"submits","language_name":"english","language_id":38},"transliteration":{"text":"aslama","language_name":"english","language_id":38}},{"id":77165,"position":6,"audio_url":"wbw/004_125_006.mp3","qpc_uthmani_hafs":"وَجۡهَهُۥ","char_type_name":"word","page_number":98,"line_number":8,"text":"ﮕ","translation":{"text":"his face","language_name":"english","language_id":38},"transliteration":{"text":"wajhahu","language_name":"english","language_id":38}},{"id":77166,"position":7,"audio_url":"wbw/004_125_007.mp3","qpc_uthmani_hafs":"لِلَّهِ","char_type_name":"word","page_number":98,"line_number":8,"text":"ﮖ","translation":{"text":"to Allah","language_name":"english","language_id":38},"transliteration":{"text":"lillahi","language_name":"english","language_id":38}},{"id":77167,"position":8,"audio_url":"wbw/004_125_008.mp3","qpc_uthmani_hafs":"وَهُوَ","char_type_name":"word","page_number":98,"line_number":8,"text":"ﮗ","translation":{"text":"and he","language_name":"english","language_id":38},"transliteration":{"text":"wahuwa","language_name":"english","language_id":38}},{"id":77168,"position":9,"audio_url":"wbw/004_125_009.mp3","qpc_uthmani_hafs":"مُحۡسِنٞ","char_type_name":"word","page_number":98,"line_number":8,"text":"ﮘ","translation":{"text":"(is) a good-doer","language_name":"english","language_id":38},"transliteration":{"text":"muḥ'sinun","language_name":"english","language_id":38}},{"id":77169,"position":10,"audio_url":"wbw/004_125_010.mp3","qpc_uthmani_hafs":"وَٱتَّبَعَ","char_type_name":"word","page_number":98,"line_number":8,"text":"ﮙ","translation":{"text":"and follows","language_name":"english","language_id":38},"transliteration":{"text":"wa-ittabaʿa","language_name":"english","language_id":38}},{"id":77170,"position":11,"audio_url":"wbw/004_125_011.mp3","qpc_uthmani_hafs":"مِلَّةَ","char_type_name":"word","page_number":98,"line_number":9,"text":"ﮚ","translation":{"text":"(the) religion","language_name":"english","language_id":38},"transliteration":{"text":"millata","language_name":"english","language_id":38}},{"id":77171,"position":12,"audio_url":"wbw/004_125_012.mp3","qpc_uthmani_hafs":"إِبۡرَٰهِيمَ","char_type_name":"word","page_number":98,"line_number":9,"text":"ﮛ","translation":{"text":"(of) Ibrahim","language_name":"english","language_id":38},"transliteration":{"text":"ib'rāhīma","language_name":"english","language_id":38}},{"id":77172,"position":13,"audio_url":"wbw/004_125_013.mp3","qpc_uthmani_hafs":"حَنِيفٗاۗ","char_type_name":"word","page_number":98,"line_number":9,"text":"ﮜﮝ","translation":{"text":"(the) upright","language_name":"english","language_id":38},"transliteration":{"text":"ḥanīfan","language_name":"english","language_id":38}},{"id":77174,"position":14,"audio_url":"wbw/004_125_015.mp3","qpc_uthmani_hafs":"وَٱتَّخَذَ","char_type_name":"word","page_number":98,"line_number":9,"text":"ﮞ","translation":{"text":"And was taken","language_name":"english","language_id":38},"transliteration":{"text":"wa-ittakhadha","language_name":"english","language_id":38}},{"id":77175,"position":15,"audio_url":"wbw/004_125_016.mp3","qpc_uthmani_hafs":"ٱللَّهُ","char_type_name":"word","page_number":98,"line_number":9,"text":"ﮟ","translation":{"text":"(by) Allah","language_name":"english","language_id":38},"transliteration":{"text":"l-lahu","language_name":"english","language_id":38}},{"id":77176,"position":16,"audio_url":"wbw/004_125_017.mp3","qpc_uthmani_hafs":"إِبۡرَٰهِيمَ","char_type_name":"word","page_number":98,"line_number":9,"text":"ﮠ","translation":{"text":"Ibrahim","language_name":"english","language_id":38},"transliteration":{"text":"ib'rāhīma","language_name":"english","language_id":38}},{"id":77177,"position":17,"audio_url":"wbw/004_125_018.mp3","qpc_uthmani_hafs":"خَلِيلٗا","char_type_name":"word","page_number":98,"line_number":9,"text":"ﮡ","translation":{"text":"(as) a friend","language_name":"english","language_id":38},"transliteration":{"text":"khalīlan","language_name":"english","language_id":38}},{"id":77178,"position":18,"audio_url":null,"qpc_uthmani_hafs":"١٢٥","char_type_name":"end","page_number":98,"line_number":9,"text":"ﮢ","translation":{"text":"(125)","language_name":"english","language_id":38},"transliteration":{"text":null,"language_name":"english","language_id":38}}],"translations":[{"id":917047,"resource_id":134,"text":"Dan siapakah yang lebih baik agamanya dari pada orang yang ikhlas menyerahkan dirinya kepada Allah, sedang dia pun mengerjakan kebaikan, dan ia mengikuti agama Ibrāhīm yang lurus? Dan Allah mengambil Ibrāhīm menjadi kesayangan-Nya."}]},{"id":619,"verse_number":126,"verse_key":"4:126","juz_number":5,"hizb_number":10,"rub_el_hizb_number":39,"ruku_number":79,"manzil_number":1,"sajdah_number":null,"text_uthmani":"وَلِلَّهِ مَا فِى ٱلسَّمَـٰوَٰتِ وَمَا فِى ٱلْأَرْضِ ۚ وَكَانَ ٱللَّهُ بِكُلِّ شَىْءٍ مُّحِيطًا","page_number":98,"words":[{"id":77277,"position":1,"audio_url":"wbw/004_126_001.mp3","qpc_uthmani_hafs":"وَلِلَّهِ","char_type_name":"word","page_number":98,"line_number":9,"text":"ﮣ","translation":{"text":"And for Allah","language_name":"english","language_id":38},"transliteration":{"text":"walillahi","language_name":"english","language_id":38}},{"id":77278,"position":2,"audio_url":"wbw/004_126_002.mp3","qpc_uthmani_hafs":"مَا","char_type_name":"word","page_number":98,"line_number":9,"text":"ﮤ","translation":{"text":"(is) what","language_name":"english","language_id":38},"transliteration":{"text":"mā","language_name":"english","language_id":38}},{"id":77279,"position":3,"audio_url":"wbw/004_126_003.mp3","qpc_uthmani_hafs":"فِي","char_type_name":"word","page_number":98,"line_number":10,"text":"ﮥ","translation":{"text":"(is) in","language_name":"english","language_id":38},"transliteration":{"text":"fī","language_name":"english","language_id":38}},{"id":77280,"position":4,"audio_url":"wbw/004_126_004.mp3","qpc_uthmani_hafs":"ٱلسَّمَٰوَٰتِ","char_type_name":"word","page_number":98,"line_number":10,"text":"ﮦ","translation":{"text":"the heavens","language_name":"english","language_id":38},"transliteration":{"text":"l-samāwāti","language_name":"english","language_id":38}},{"id":77281,"position":5,"audio_url":"wbw/004_126_005.mp3","qpc_uthmani_hafs":"وَمَا","char_type_name":"word","page_number":98,"line_number":10,"text":"ﮧ","translation":{"text":"and what","language_name":"english","language_id":38},"transliteration":{"text":"wamā","language_name":"english","language_id":38}},{"id":77282,"position":6,"audio_url":"wbw/004_126_006.mp3","qpc_uthmani_hafs":"فِي","char_type_name":"word","page_number":98,"line_number":10,"text":"ﮨ","translation":{"text":"(is) in","language_name":"english","language_id":38},"transliteration":{"text":"fī","language_name":"english","language_id":38}},{"id":77283,"position":7,"audio_url":"wbw/004_126_007.mp3","qpc_uthmani_hafs":"ٱلۡأَرۡضِۚ","char_type_name":"word","page_number":98,"line_number":10,"text":"ﮩﮪ","translation":{"text":"the earth","language_name":"english","language_id":38},"transliteration":{"text":"l-arḍi","language_name":"english","language_id":38}},{"id":77285,"position":8,"audio_url":"wbw/004_126_009.mp3","qpc_uthmani_hafs":"وَكَانَ","char_type_name":"word","page_number":98,"line_number":10,"text":"ﮫ","translation":{"text":"and is","language_name":"english","language_id":38},"transliteration":{"text":"wakāna","language_name":"english","language_id":38}},{"id":77286,"position":9,"audio_url":"wbw/004_126_010.mp3","qpc_uthmani_hafs":"ٱللَّهُ","char_type_name":"word","page_number":98,"line_number":10,"text":"ﮬ","translation":{"text":"Allah","language_name":"english","language_id":38},"transliteration":{"text":"l-lahu","language_name":"english","language_id":38}},{"id":77287,"position":10,"audio_url":"wbw/004_126_011.mp3","qpc_uthmani_hafs":"بِكُلِّ","char_type_name":"word","page_number":98,"line_number":10,"text":"ﮭ","translation":{"text":"of every","language_name":"english","language_id":38},"transliteration":{"text":"bikulli","language_name":"english","language_id":38}},{"id":77288,"position":11,"audio_url":"wbw/004_126_012.mp3","qpc_uthmani_hafs":"شَيۡءٖ","char_type_name":"word","page_number":98,"line_number":10,"text":"ﮮ","translation":{"text":"thing","language_name":"english","language_id":38},"transliteration":{"text":"shayin","language_name":"english","language_id":38}},{"id":77289,"position":12,"audio_url":"wbw/004_126_013.mp3","qpc_uthmani_hafs":"مُّحِيطٗا","char_type_name":"word","page_number":98,"line_number":11,"text":"ﮯ","translation":{"text":"All-Encompassing","language_name":"english","language_id":38},"transliteration":{"text":"muḥīṭan","language_name":"english","language_id":38}},{"id":77290,"position":13,"audio_url":null,"qpc_uthmani_hafs":"١٢٦","char_type_name":"end","page_number":98,"line_number":11,"text":"ﮰ","translation":{"text":"(126)","language_name":"english","language_id":38},"transliteration":{"text":null,"language_name":"english","language_id":38}}],"translations":[{"id":917048,"resource_id":134,"text":"Kepunyaan Allah-lah apa yang di langit dan apa yang di bumi, dan adalah (pengetahuan) Allah Maha Meliputi segala sesuatu."}]},{"id":620,"verse_number":127,"verse_key":"4:127","juz_number":5,"hizb_number":10,"rub_el_hizb_number":39,"ruku_number":80,"manzil_number":1,"sajdah_number":null,"text_uthmani":"وَيَسْتَفْتُونَكَ فِى ٱلنِّسَآءِ ۖ قُلِ ٱللَّهُ يُفْتِيكُمْ فِيهِنَّ وَمَا يُتْلَىٰ عَلَيْكُمْ فِى ٱلْكِتَـٰبِ فِى يَتَـٰمَى ٱلنِّسَآءِ ٱلَّـٰتِى لَا تُؤْتُونَهُنَّ مَا كُتِبَ لَهُنَّ وَتَرْغَبُونَ أَن تَنكِحُوهُنَّ وَٱلْمُسْتَضْعَفِينَ مِنَ ٱلْوِلْدَٰنِ وَأَن تَقُومُوا۟ لِلْيَتَـٰمَىٰ بِٱلْقِسْطِ ۚ وَمَا تَفْعَلُوا۟ مِنْ خَيْرٍ فَإِنَّ ٱللَّهَ كَانَ بِهِۦ عَلِيمًا","page_number":98,"words":[{"id":77472,"position":1,"audio_url":"wbw/004_127_001.mp3","qpc_uthmani_hafs":"وَيَسۡتَفۡتُونَكَ","char_type_name":"word","page_number":98,"line_number":11,"text":"ﮱ","translation":{"text":"And they seek your ruling","language_name":"english","language_id":38},"transliteration":{"text":"wayastaftūnaka","language_name":"english","language_id":38}},{"id":77473,"position":2,"audio_url":"wbw/004_127_002.mp3","qpc_uthmani_hafs":"فِي","char_type_name":"word","page_number":98,"line_number":11,"text":"ﯓ","translation":{"text":"concerning","language_name":"english","language_id":38},"transliteration":{"text":"fī","language_name":"english","language_id":38}},{"id":77474,"position":3,"audio_url":"wbw/004_127_003.mp3","qpc_uthmani_hafs":"ٱلنِّسَآءِۖ","char_type_name":"word","page_number":98,"line_number":11,"text":"ﯔﯕ","translation":{"text":"the women","language_name":"english","language_id":38},"transliteration":{"text":"l-nisāi","language_name":"english","language_id":38}},{"id":77476,"position":4,"audio_url":"wbw/004_127_005.mp3","qpc_uthmani_hafs":"قُلِ","char_type_name":"word","page_number":98,"line_number":11,"text":"ﯖ","translation":{"text":"Say","language_name":"english","language_id":38},"transliteration":{"text":"quli","language_name":"english","language_id":38}},{"id":77477,"position":5,"audio_url":"wbw/004_127_006.mp3","qpc_uthmani_hafs":"ٱللَّهُ","char_type_name":"word","page_number":98,"line_number":11,"text":"ﯗ","translation":{"text":"Allah","language_name":"english","language_id":38},"transliteration":{"text":"l-lahu","language_name":"english","language_id":38}},{"id":77478,"position":6,"audio_url":"wbw/004_127_007.mp3","qpc_uthmani_hafs":"يُفۡتِيكُمۡ","char_type_name":"word","page_number":98,"line_number":11,"text":"ﯘ","translation":{"text":"gives you the ruling","language_name":"english","language_id":38},"transliteration":{"text":"yuf'tīkum","language_name":"english","language_id":38}},{"id":77479,"position":7,"audio_url":"wbw/004_127_008.mp3","qpc_uthmani_hafs":"فِيهِنَّ","char_type_name":"word","page_number":98,"line_number":12,"text":"ﯙ","translation":{"text":"about them","language_name":"english","language_id":38},"transliteration":{"text":"fīhinna","language_name":"english","language_id":38}},{"id":77480,"position":8,"audio_url":"wbw/004_127_009.mp3","qpc_uthmani_hafs":"وَمَا","char_type_name":"word","page_number":98,"line_number":12,"text":"ﯚ","translation":{"text":"and what","language_name":"english","language_id":38},"transliteration":{"text":"wamā","language_name":"english","language_id":38}},{"id":77481,"position":9,"audio_url":"wbw/004_127_010.mp3","qpc_uthmani_hafs":"يُتۡلَىٰ","char_type_name":"word","page_number":98,"line_number":12,"text":"ﯛ","translation":{"text":"is recited","language_name":"english","language_id":38},"transliteration":{"text":"yut'lā","language_name":"english","language_id":38}},{"id":77482,"position":10,"audio_url":"wbw/004_127_011.mp3","qpc_uthmani_hafs":"عَلَيۡكُمۡ","char_type_name":"word","page_number":98,"line_number":12,"text":"ﯜ","translation":{"text":"to you","language_name":"english","language_id":38},"transliteration":{"text":"ʿalaykum","language_name":"english","language_id":38}},{"id":77483,"position":11,"audio_url":"wbw/004_127_012.mp3","qpc_uthmani_hafs":"فِي","char_type_name":"word","page_number":98,"line_number":12,"text":"ﯝ","translation":{"text":"in","language_name":"english","language_id":38},"transliteration":{"text":"fī","language_name":"english","language_id":38}},{"id":77484,"position":12,"audio_url":"wbw/004_127_013.mp3","qpc_uthmani_hafs":"ٱلۡكِتَٰبِ","char_type_name":"word","page_number":98,"line_number":12,"text":"ﯞ","translation":{"text":"the Book","language_name":"english","language_id":38},"transliteration":{"text":"l-kitābi","language_name":"english","language_id":38}},{"id":77485,"position":13,"audio_url":"wbw/004_127_014.mp3","qpc_uthmani_hafs":"فِي","char_type_name":"word","page_number":98,"line_number":12,"text":"ﯟ","translation":{"text":"concerning","language_name":"english","language_id":38},"transliteration":{"text":"fī","language_name":"english","language_id":38}},{"id":77486,"position":14,"audio_url":"wbw/004_127_015.mp3","qpc_uthmani_hafs":"يَتَٰمَى","char_type_name":"word","page_number":98,"line_number":12,"text":"ﯠ","translation":{"text":"orphans","language_name":"english","language_id":38},"transliteration":{"text":"yatāmā","language_name":"english","language_id":38}},{"id":77487,"position":15,"audio_url":"wbw/004_127_016.mp3","qpc_uthmani_hafs":"ٱلنِّسَآءِ","char_type_name":"word","page_number":98,"line_number":12,"text":"ﯡ","translation":{"text":"(of) girls","language_name":"english","language_id":38},"transliteration":{"text":"l-nisāi","language_name":"english","language_id":38}},{"id":77488,"position":16,"audio_url":"wbw/004_127_017.mp3","qpc_uthmani_hafs":"ٱلَّٰتِي","char_type_name":"word","page_number":98,"line_number":13,"text":"ﯢ","translation":{"text":"(to) whom","language_name":"english","language_id":38},"transliteration":{"text":"allātī","language_name":"english","language_id":38}},{"id":77489,"position":17,"audio_url":"wbw/004_127_018.mp3","qpc_uthmani_hafs":"لَا","char_type_name":"word","page_number":98,"line_number":13,"text":"ﯣ","translation":{"text":"not","language_name":"english","language_id":38},"transliteration":{"text":"lā","language_name":"english","language_id":38}},{"id":77490,"position":18,"audio_url":"wbw/004_127_019.mp3","qpc_uthmani_hafs":"تُؤۡتُونَهُنَّ","char_type_name":"word","page_number":98,"line_number":13,"text":"ﯤ","translation":{"text":"(do) you give them","language_name":"english","language_id":38},"transliteration":{"text":"tu'tūnahunna","language_name":"english","language_id":38}},{"id":77491,"position":19,"audio_url":"wbw/004_127_020.mp3","qpc_uthmani_hafs":"مَا","char_type_name":"word","page_number":98,"line_number":13,"text":"ﯥ","translation":{"text":"what","language_name":"english","language_id":38},"transliteration":{"text":"mā","language_name":"english","language_id":38}},{"id":77492,"position":20,"audio_url":"wbw/004_127_021.mp3","qpc_uthmani_hafs":"كُتِبَ","char_type_name":"word","page_number":98,"line_number":13,"text":"ﯦ","translation":{"text":"is ordained","language_name":"english","language_id":38},"transliteration":{"text":"kutiba","language_name":"english","language_id":38}},{"id":77493,"position":21,"audio_url":"wbw/004_127_022.mp3","qpc_uthmani_hafs":"لَهُنَّ","char_type_name":"word","page_number":98,"line_number":13,"text":"ﯧ","translation":{"text":"for them","language_name":"english","language_id":38},"transliteration":{"text":"lahunna","language_name":"english","language_id":38}},{"id":77494,"position":22,"audio_url":"wbw/004_127_023.mp3","qpc_uthmani_hafs":"وَتَرۡغَبُونَ","char_type_name":"word","page_number":98,"line_number":13,"text":"ﯨ","translation":{"text":"and you desire","language_name":"english","language_id":38},"transliteration":{"text":"watarghabūna","language_name":"english","language_id":38}},{"id":77495,"position":23,"audio_url":"wbw/004_127_024.mp3","qpc_uthmani_hafs":"أَن","char_type_name":"word","page_number":98,"line_number":13,"text":"ﯩ","translation":{"text":"to","language_name":"english","language_id":38},"transliteration":{"text":"an","language_name":"english","language_id":38}},{"id":77496,"position":24,"audio_url":"wbw/004_127_025.mp3","qpc_uthmani_hafs":"تَنكِحُوهُنَّ","char_type_name":"word","page_number":98,"line_number":13,"text":"ﯪ","translation":{"text":"marry them","language_name":"english","language_id":38},"transliteration":{"text":"tankiḥūhunna","language_name":"english","language_id":38}},{"id":77497,"position":25,"audio_url":"wbw/004_127_026.mp3","qpc_uthmani_hafs":"وَٱلۡمُسۡتَضۡعَفِينَ","char_type_name":"word","page_number":98,"line_number":14,"text":"ﯫ","translation":{"text":"and the ones who are weak","language_name":"english","language_id":38},"transliteration":{"text":"wal-mus'taḍʿafīna","language_name":"english","language_id":38}},{"id":77498,"position":26,"audio_url":"wbw/004_127_027.mp3","qpc_uthmani_hafs":"مِنَ","char_type_name":"word","page_number":98,"line_number":14,"text":"ﯬ","translation":{"text":"of","language_name":"english","language_id":38},"transliteration":{"text":"mina","language_name":"english","language_id":38}},{"id":77499,"position":27,"audio_url":"wbw/004_127_028.mp3","qpc_uthmani_hafs":"ٱلۡوِلۡدَٰنِ","char_type_name":"word","page_number":98,"line_number":14,"text":"ﯭ","translation":{"text":"the children","language_name":"english","language_id":38},"transliteration":{"text":"l-wil'dāni","language_name":"english","language_id":38}},{"id":77500,"position":28,"audio_url":"wbw/004_127_029.mp3","qpc_uthmani_hafs":"وَأَن","char_type_name":"word","page_number":98,"line_number":14,"text":"ﯮ","translation":{"text":"and to","language_name":"english","language_id":38},"transliteration":{"text":"wa-an","language_name":"english","language_id":38}},{"id":77501,"position":29,"audio_url":"wbw/004_127_030.mp3","qpc_uthmani_hafs":"تَقُومُواْ","char_type_name":"word","page_number":98,"line_number":14,"text":"ﯯ","translation":{"text":"stand","language_name":"english","language_id":38},"transliteration":{"text":"taqūmū","language_name":"english","language_id":38}},{"id":77502,"position":30,"audio_url":"wbw/004_127_031.mp3","qpc_uthmani_hafs":"لِلۡيَتَٰمَىٰ","char_type_name":"word","page_number":98,"line_number":14,"text":"ﯰ","translation":{"text":"for orphans","language_name":"english","language_id":38},"transliteration":{"text":"lil'yatāmā","language_name":"english","language_id":38}},{"id":77503,"position":31,"audio_url":"wbw/004_127_032.mp3","qpc_uthmani_hafs":"بِٱلۡقِسۡطِۚ","char_type_name":"word","page_number":98,"line_number":15,"text":"ﯱﯲ","translation":{"text":"with justice","language_name":"english","language_id":38},"transliteration":{"text":"bil-qis'ṭi","language_name":"english","language_id":38}},{"id":77505,"position":32,"audio_url":"wbw/004_127_034.mp3","qpc_uthmani_hafs":"وَمَا","char_type_name":"word","page_number":98,"line_number":15,"text":"ﯳ","translation":{"text":"And whatever","language_name":"english","language_id":38},"transliteration":{"text":"wamā","language_name":"english","language_id":38}},{"id":77506,"position":33,"audio_url":"wbw/004_127_035.mp3","qpc_uthmani_hafs":"تَفۡعَلُواْ","char_type_name":"word","page_number":98,"line_number":15,"text":"ﯴ","translation":{"text":"you do","language_name":"english","language_id":38},"transliteration":{"text":"tafʿalū","language_name":"english","language_id":38}},{"id":77507,"position":34,"audio_url":"wbw/004_127_036.mp3","qpc_uthmani_hafs":"مِنۡ","char_type_name":"word","page_number":98,"line_number":15,"text":"ﯵ","translation":{"text":"of","language_name":"english","language_id":38},"transliteration":{"text":"min","language_name":"english","language_id":38}},{"id":77508,"position":35,"audio_url":"wbw/004_127_037.mp3","qpc_uthmani_hafs":"خَيۡرٖ","char_type_name":"word","page_number":98,"line_number":15,"text":"ﯶ","translation":{"text":"good","language_name":"english","language_id":38},"transliteration":{"text":"khayrin","language_name":"english","language_id":38}},{"id":77509,"position":36,"audio_url":"wbw/004_127_038.mp3","qpc_uthmani_hafs":"فَإِنَّ","char_type_name":"word","page_number":98,"line_number":15,"text":"ﯷ","translation":{"text":"then indeed","language_name":"english","language_id":38},"transliteration":{"text":"fa-inna","language_name":"english","language_id":38}},{"id":77510,"position":37,"audio_url":"wbw/004_127_039.mp3","qpc_uthmani_hafs":"ٱللَّهَ","char_type_name":"word","page_number":98,"line_number":15,"text":"ﯸ","translation":{"text":"Allah","language_name":"english","language_id":38},"transliteration":{"text":"l-laha","language_name":"english","language_id":38}},{"id":77511,"position":38,"audio_url":"wbw/004_127_040.mp3","qpc_uthmani_hafs":"كَانَ","char_type_name":"word","page_number":98,"line_number":15,"text":"ﯹ","translation":{"text":"is","language_name":"english","language_id":38},"transliteration":{"text":"kāna","language_name":"english","language_id":38}},{"id":77512,"position":39,"audio_url":"wbw/004_127_041.mp3","qpc_uthmani_hafs":"بِهِۦ","char_type_name":"word","page_number":98,"line_number":15,"text":"ﯺ","translation":{"text":"about it","language_name":"english","language_id":38},"transliteration":{"text":"bihi","language_name":"english","language_id":38}},{"id":77513,"position":40,"audio_url":"wbw/004_127_042.mp3","qpc_uthmani_hafs":"عَلِيمٗا","char_type_name":"word","page_number":98,"line_number":15,"text":"ﯻ","translation":{"text":"All-Knowing","language_name":"english","language_id":38},"transliteration":{"text":"ʿalīman","language_name":"english","language_id":38}},{"id":77514,"position":41,"audio_url":null,"qpc_uthmani_hafs":"١٢٧","char_type_name":"end","page_number":98,"line_number":15,"text":"ﯼ","translation":{"text":"(127)","language_name":"english","language_id":38},"transliteration":{"text":null,"language_name":"english","language_id":38}}],"translations":[{"id":917049,"resource_id":134,"text":"Dan mereka minta fatwa kepadamu tentang para wanita.  Katakanlah, \"Allah memberi fatwa kepadamu tentang mereka, dan apa yang dibacakan kepadamu dalam Al-Qur`ān<sup foot_note=210123>1</sup> (juga memfatwakan) tentang para wanita yatim yang kamu tidak memberikan kepada mereka apa<sup foot_note=210124>2</sup> yang ditetapkan untuk mereka, sedang kamu ingin mengawini mereka<sup foot_note=210125>3</sup>, dan tentang anak-anak yang masih dipandang lemah.  Dan (Allah menyuruh kamu) supaya kamu mengurus anak-anak yatim secara adil.  Dan kebajikan apa saja yang kamu kerjakan, maka sesungguhnya Allah adalah Maha Mengetahuinya\"."}]}],"pagination":{"per_page":50,"current_page":1,"next_page":null,"total_pages":1,"total_records":6}}