{
    "title": "Prophet's ﷺ Du'a Collection",
    "title-id": "Kumpulan Doa Nabi",
    "main-type": "dua",
    "lang" : [
        "id"
    ],
    "collection": [
        {
            "title": "Dua for be determined in Faith",
            "title-id": "Ditetapkan hati dalam Iman",
            "content": [
                {
                    "ar": "اَللَّهُمَّ يا مُصَرِّفَ الْقُلُوْبِ، صَرِّفْ قُلُوْبَنَا عَلَى دِينِكَ",
                    "en": "",
                    "id": "“Wahai Tuhan yang membolak-balikkan hati, teguhkanlah hatiku pada agamaMu.” (HR. Muslim 2654)",
                    "count": 0,
                    "type": "dua"
                }
            ]
        },
        {
            "title": "Du'a for forgiveness in all things",
            "title-id": "Ampunan dalam segala hal",
            "content": [
                {
                    "ar": "اَللّهُمَّ اغْفِرْ لِيْ خَطِيْئَتِيْ، وَجَهْلِيْ، وَإِسْرَافِيْ فِي أَمْرِيْ، وَمَا أَنْتَ أَعْلَمُ بِهِ مِنِّيْ. اللّهُمَّ اغْفِرْ لِيْ جَدِّيْ وَهَزْلِيْ، وَخَطَئِيْ وَعَمْدِيْ، وَكُلُّ ذلِكَ عِنْدِيْ، اللّهُمَّ اغْفِرْ لِيْ مَا قَدَّمْتُ، وَمَا أَخَّرْتُ، وَمَا أَسْرَرْتُ، وَمَا أَعْلَنْتُ، وَمَا أَنْتَ أَعْلَمُ بِهِ مِنِّيْ، أَنْتَ الْمُقَدِّمُ، وَأَنْتَ الْمُؤَخِّرُ، وَأَنْتَ عَلَى كُلِّ شَيْءٍ قَدِيْرٌ.",
                    "en": "",
                    "id": "“Ya Allah, ampunilah kesalahanku, kebodohanku, keberlebih-lebihan dalam perkaraku, dan apa yang Engkau lebih mengetahui daripadaku. Ya Allah, ampunilah diriku dalam kesungguhanku, kelalaianku, kesalahanku, kesengajaanku, dan semua itu adalah berasal dari sisiku. Ya Allah, ampunilah aku dari segala dosa yang telah aku lakukan dan yang belum aku lakukan, segala dosa yang aku sembunyikan dan yang aku tampakkan, dan dosa yang Engkau lebih mengetahui daripadaku, Engkaulah Yang Maha Mendahulukan dan Yang mengakhirkan, dan Engkau Mahakuasa atas segala sesuatu. (HR. Bukhari 6398 dan Muslim 2719).",
                    "count": 0,
                    "type": "dua"
                }
            ]
        },
        {
            "title": "Du'a for Fixing All Affairs",
            "title-id": "Mohon Diperbaiki Segala Urusan",
            "content": [
                {
                    "ar": "اَللَّـهُـَّم أَصْلِحْ لِي دِينِي الّذِي هُوَ عِصْمَةُ أَمْرِي، وَأَصْلِحْ لِي دُنْيَايَ الّتِي فِيهَا مَعَاشِي، وَأَصْلِحْ لِي آخِرَتِي الّتِي فِيهَا مَعَادِي، وَاجْعَلِ الْحَيَاةَ زِيَادَةً لِي فِي كُلِّ خَيْرٍ، وَاجْعَلِ الْمَوْتَ رَاحَةً لِي مِنْ كُلِّ شَرٍّ",
                    "en": "",
                    "id": "Ya Allah mohon kebaikan pada urusan agamaku karena itu adalah penjaga semua urusanku. Aku mohon kebaikan pada urusan duniaku karena itu tempat hidupku. Aku mohon kebaikan pada urusan akhiratku karena itu tempat kembaliku. Jadikanlah hidup ini tambahan kebaikan bagiku, dan jadikanlah kematianku waktu istirahat bagiku dari segala keburukan. (HR. Muslim 2720)",
                    "count": 0,
                    "type": "dua"
                }
            ]
        },
        {
            "title": "Du'a for Protection from Fitnah of Wealth and Fitnah of Poverty",
            "title-id": "Perlindungan dari Fitnah Kaya dan Fitnah Miskin",
            "content": [
                {
                    "ar": "اللَّهُمَّ إِنِّي أَعُوذُ بِكَ مِنَ الكَسَلِ وَالهَرَمِ، وَالمَأْثَمِ وَالمَغْرَمِ، وَمِنْ فِتْنَةِ القَبْرِ، وَعَذَابِ القَبْرِ، وَمِنْ فِتْنَةِ النَّارِ وَعَذَابِ النَّارِ، وَمِنْ شَرِّ فِتْنَةِ الغِنَى، وَأَعُوذُ بِكَ مِنْ فِتْنَةِ الفَقْرِ، وَأَعُوذُ بِكَ مِنْ فِتْنَةِ الَمسِيحِ الدَّجَّال",
                    "en": "",
                    "id": "Ya Allah, aku berlindung kepada-Mu dari kemalasan dan usia jompo, perbuatan dosa dan hutang, fitnah kubur dan azab kubur, fitnah neraka dan azab neraka, keburukan fitnah kekayaan; aku berlindung kepada-Mu dari fitnah kemiskinan dan aku berlindung kepada-Mu dari fitnah Masih Dajjal. (HR. Bukhari 6368)",
                    "count": 0,
                    "type": "dua"
                }
            ]
        },
        {
            "title": "Prayer of Protection for Revocation of Inner and Outer Pleasures",
            "title-id": "Perlindungan Dicabutnya Nikmat Lahir Batin",
            "content": [
                {
                    "ar": "اللَّهُمَّ إِنِّى أَعُوذُ بِكَ مِنْ زَوَالِ نِعْمَتِكَ وَتَحَوُّلِ عَافِيَتِكَ وَفُجَاءَةِ نِقْمَتِكَ وَجَمِيعِ سَخَطِكَ",
                    "en": "",
                    "id": "Ya Allah, sesungguhnya aku berlindung kepada-Mu dari hilangnya kenikmatan yang telah Engkau berikan, dari berubahnya kesehatan yang telah Engkau anugerahkan, dari siksa-Mu yang datang secara tiba-tiba, dan dari segala kemurkaan-Mu. (HR. Muslim 2739).",
                    "count": 0,
                    "type": "dua"
                }
            ]
        },
        {
            "title": "To be kept away from cowardice & not senile",
            "title-id": "Agar Dijauhkan dari Sifat Pengecut & Tidak Pikun",
            "content": [
                {
                    "ar": "اللَّهُمَّ إِنِّي أَعُوذُ بِكَ مِنَ الْجُبْنِ، وَأَعُوذُ بِكَ أَنْ أُرَدَّ إِلَى أَرْذَلِ الْعُمُرِ، وَأَعُوذُ بِكَ مِنْ فِتْنَةِ الدُّنْيَا، وَأَعُوذُ بِكَ مِنْ عَذَابِ الْقَبْرِ",
                    "en": "",
                    "id": "Ya Allah, aku berlindung kepada-Mu dari sikap pengecut, aku berlindung kepada-Mu kepada serendah-rendahnya usia (pikun), aku berpindung kepada-Mu dari fitnah dunia, dan aku berlindung berlindung kepada-Mu dari adzab kubur. (HR. Bukhari 2822)",
                    "count": 0,
                    "type": "dua"
                }
            ]
        },
        {
            "title": "Take refuge from evil deeds",
            "title-id": "Berlindung dari Keburukan Amal",
            "content": [
                {
                    "ar": "اللهُمَّ إِنِّي أَعُوذُ بِكَ مِنْ شَرِّ مَا عَمِلْتُ، وَشَرِّ مَا لَمْ أَعْمَلْ",
                    "en": "",
                    "id": "Ya Allah, aku berlindung dari keburukan yang telah aku perbuat dan keburukan yang belum aku perbuat. (HR. Muslim 2716)",
                    "count": 0,
                    "type": "dua"
                }
            ]
        },
        {
            "title": "Du'a for the pious soul & take refuge from knowledge that does not benefit",
            "title-id": "Agar Jiwanya Bertaqwa & Berlindung dari Ilmu yang tidak Manfaat",
            "content": [
                {
                    "ar": "اللهُمَّ آتِ نَفْسِي تَقْوَاهَا، وَزَكِّهَا أَنْتَ خَيْرُ مَنْ زَكَّاهَا، أَنْتَ وَلِيُّهَا وَمَوْلَاهَا، اللهُمَّ إِنِّي أَعُوذُ بِكَ مِنْ عِلْمٍ لَا يَنْفَعُ، وَمِنْ قَلْبٍ لَا يَخْشَعُ، وَمِنْ نَفْسٍ لَا تَشْبَعُ، وَمِنْ دَعْوَةٍ لَا يُسْتَجَابُ لَهَا",
                    "en": "",
                    "id": "Ya Allah karuniakan ketakwaan pada jiwaku. Sucikanlah ia, sesungguhnya Engkaulah sebaik-baik yang mensucikannya, Engkau-lah Yang Menjaga serta Melindunginya. Ya Allah, aku berlindung kepada-Mu dari Ilmu yang tidak manfaat, hati yang tidak khusyu, dan doa yang tidak diijabahi. (HR. Muslim 2722).",
                    "count": 0,
                    "type": "dua"
                }
            ]
        },
        {
            "title": "Asking be able to see the face of Allah",
            "title-id": "Mohon Bisa Melihat Wajah Allah",
            "content": [
                {
                    "ar": "اللَّهُمَّ إِنِّي أَسْأَلُكَ لَذَّةَ النَّظَرِ إِلَى وَجْهِكَ، وَالشَّوْقَ إِلَى لِقَائِكَ فِي غَيْرِ ضَرَّاءَ مُضِرَّةٍ، وَلَا فِتْنَةٍ مُضِلَّةٍ",
                    "en": "",
                    "id": "Ya Allah, Aku mohon kepada-Mu kenikmatan memandang wajah-Mu (di Surga), rindu bertemu dengan-Mu tanpa penderitaan yang membahayakan dan fitnah yang menyesatkan. (HR. Nasai 1305 dan dishahihkan al-Albani)",
                    "count": 0,
                    "type": "dua"
                }
            ]
        },
        {
            "title": "Dimudahkan Berbuat Baik & Mencintai Orang Miskin",
            "title-id": "Asking to make it easier to do good & love the poor",
            "content": [
                {
                    "ar": "اللَّهُمَّ إِنِّى أَسْأَلُكَ فِعْلَ الْخَيْرَاتِ وَتَرْكَ الْمُنْكَرَاتِ وَحُبَّ الْمَسَاكِينِ وَأَنْ تَغْفِرَ لِى وَتَرْحَمَنِى وَإِذَا أَرَدْتَ فِتْنَةَ قَوْمٍ فَتَوَفَّنِى غَيْرَ مَفْتُونٍ",
                    "en": "",
                    "id": "Ya Allah, aku memohon kepada-Mu untuk mudah melakukan kebaikan dan meninggalkan kemungkaran serta aku memohon pada-Mu supaya bisa mencintai orang miskin,ampunilah (dosa-dosa)ku, rahmatilah saya, jika Engkau menginginkan untuk menguji suatu kaum maka wafatkanlah saya dalam keadaan tidak tenggelam dalam ujian. (HR. Tirmidzi no. 3235 dan Ahmad 5: 243, dan Dishahihkan al-Albani)",
                    "count": 0,
                    "type": "dua"
                }
            ]
        },
        {
            "title": "Mohon Agar Bisa Mencintai Orang yang Mencintai Allah",
            "title-id": "Asking to be able to love people who love Allahh",
            "content": [
                {
                    "ar": "اللَّهُمَّ إِنِّى أَسْأَلُكَ حُبَّكَ وَحُبَّ مَنْ يُحِبُّكَ وَحُبَّ عَمَلٍ يُقَرِّبُ إِلَى حُبِّكَ",
                    "en": "",
                    "id": "Saya memohon agar dapat mencintai-Mu, mencintai orang-orang yang mencintai-Mu dan mencintai amal yang dapat mendekatkan diriku kepada cinta-Mu. (HR. Tirmidzi no. 3235 dan Ahmad 5: 243, dan Dishahihkan al-Albani).",
                    "count": 0,
                    "type": "dua"
                }
            ]
        },
        {
            "title": "Mohon Kebaikan dalam Segala Hal yang Pernah Diminta Nabi",
            "title-id": "Ask for Good in Everything The Prophet Has Asked",
            "content": [
                {
                    "ar": "اللَّهُمَّ إِنِّي أَسْأَلُكَ مِنَ الْخَيْرِ كُلِّهِ عَاجِلِهِ وَآجِلِهِ، مَا عَلِمْتُ مِنْهُ وَمَا لَمْ أَعْلَمْ، وَأَعُوذُ بِكَ مِنَ الشَّرِّ كُلِّهِ عَاجِلِهِ وَآجِلِهِ، مَا عَلِمْتُ مِنْهُ وَمَا لَمْ أَعْلَمْ، اللَّهُمَّ إِنِّي أَسْأَلُكَ مِنْ خَيْرِ مَا سَأَلَكَ عَبْدُكَ وَنَبِيُّكَ، وَأَعُوذُ بِكَ مِنْ شَرِّ مَا عَاذَ بِهِ عَبْدُكَ وَنَبِيُّكَ، اللَّهُمَّ إِنِّي أَسْأَلُكَ الْجَنَّةَ وَمَا قَرَّبَ إِلَيْهَا مِنْ قَوْلٍ أَوْ عَمَلٍ، وَأَعُوذُ بِكَ مِنَ النَّارِ وَمَا قَرَّبَ إِلَيْهَا مِنْ قَوْلٍ أَوْ عَمَلٍ، وَأَسْأَلُكَ أَنْ تَجْعَلَ كُلَّ قَضَاءٍ قَضَيْتَهُ لِي خَيْرًا",
                    "en": "",
                    "id": "Ya Allah, sesungguhnya aku memohon kepadaMu seluruh kebaikan yang segera (dunia) dan yang tertunda (akhirat), kebaikan yang aku ketahui dan yang tidak aku ketahui. \nDan aku berlindung kepadaMu dari segala keburukan yang segera (dunia) dan yang tertunda (akhirat), yang aku ketahui dan yang tidak aku ketahui.\nAku meminta kepada-Mu kebaikan semua doa yang pernah diminta oleh hamba dan nabi-Mu, dan aku berlindung kepada-Mu dari keburukan, yang hamba dan nabi-Mu pernah berlindung darinya.\nAku memohon surga kepadaMu dan segala perkataan dan perbuatan yang mendekatkan kepadanya. Aku berlindung kepadaMu dari neraka dan segala perkataan dan perbuatan yang mendekatkan kepadanya.\nAku meminta segala sesuatu yang telah Engkau takdirkan untukku, hendaklah Engkau jadikan kebaikan bagiku.\n(HR. Ahmad 25019, Ibnu Majah 3846 dan dishahihkan Syuaib al-Arnauth)",
                    "count": 0,
                    "type": "dua"
                }
            ]
        }
    ]
}