{
    "title": "Quranic Du'a",
    "title-id": "Doa-doa dari Al Quran",
    "main-type": "dua",
    "lang" : [
        "id"
    ],
    "collection": [
        {
            "title": "Asking Allah's forgiveness and mercy",
            "title-id": "Doa memohon ampunan dan rahmat Allah",
            "content": [
                {
                    "ar": "رَبِّ إِنِّي أَعُوذُ بِكَ أَنْ أَسْأَلَكَ مَا لَيْسَ لِي بِهِ عِلْمٌ وَإِلَّا تَغْفِرْ لِي وَتَرْحَمْنِي أَكُنْ مِنَ الْخَاسِرِينَ",
                    "en": "",
                    "id": "“Ya Tuhanku, sesungguhnya aku berlindung kepada Engkau dari memohon kepada Engkau sesuatu yang aku tiada mengetahui (hakekat)nya. Dan sekiranya Engkau tidak memberi ampun kepadaku, dan (tidak) menaruh belas kasihan kepadaku, niscaya aku akan termasuk orang-orang yang merugi” (QS. Huud: 47)",
                    "count": 0,
                    "type": "quran"
                },
                {
                    "ar": "رَبَّنَا آمَنَّا فَاغْفِرْ لَنَا وَارْحَمْنَا وَأَنْتَ خَيْرُ الرَّاحِمِينَ",
                    "en": "",
                    "id": "“Ya Tuhan kami, kami telah beriman, maka ampunilah kami dan berilah kami rahmat dan Engkau adalah Pemberi rahmat Yang Paling Baik” (QS. Al Mu’minun: 109).",
                    "count": 0,
                    "type": "quran"
                },
                {
                    "ar": "رَبِّ اغْفِرْ وَارْحَمْ وَأَنْتَ خَيْرُ الرَّاحِمِينَ",
                    "en": "",
                    "id": "“Ya Tuhanku berilah ampun dan berilah rahmat, dan Engkau adalah Pemberi rahmat Yang Paling baik” (QS. Al Mu’minun: 118).",
                    "count": 0,
                    "type": "quran"
                },
                {
                    "ar": "رَبَّنَا اغْفِرْ لَنَا ذُنُوبَنَا وَإِسْرَافَنَا فِي أَمْرِنَا وَثَبِّتْ أَقْدَامَنَا وَانْصُرْنَا عَلَى الْقَوْمِ الْكَافِرِينَ",
                    "en": "",
                    "id": "“Ya Tuhan kami, ampunilah dosa-dosa kami dan tindakan-tindakan kami yang berlebih-lebihan dalam urusan kami dan tetapkanlah pendirian kami, dan tolonglah kami terhadap kaum yang kafir” (QS. Al Imran: 147).",
                    "count": 0,
                    "type": "quran"
                },
                {
                    "ar": "رَبَّنَا إِنَّنَا آمَنَّا فَاغْفِرْ لَنَا ذُنُوبَنَا وَقِنَا عَذَابَ النَّارِ",
                    "en": "",
                    "id": "“Ya Tuhan kami, sesungguhnya kami telah beriman, maka ampunilah segala dosa kami dan peliharalah kami dari siksa neraka” (QS. Al Imran: 16).",
                    "count": 0,
                    "type": "quran"
                },
                {
                    "ar": "رَبَّنَا إِنَّنَا سَمِعْنَا مُنَادِيًا يُنَادِي لِلْإِيمَانِ أَنْ آمِنُوا بِرَبِّكُمْ فَآمَنَّا رَبَّنَا فَاغْفِرْ لَنَا ذُنُوبَنَا وَكَفِّرْ عَنَّا سَيِّئَاتِنَا وَتَوَفَّنَا مَعَ الْأَبْرَارِ رَبَّنَا وَآتِنَا مَا وَعَدْتَنَا عَلَى رُسُلِكَ وَلَا تُخْزِنَا يَوْمَ الْقِيَامَةِ إِنَّكَ لَا تُخْلِفُ الْمِيعَادَ",
                    "en": "",
                    "id": "“Ya Tuhan kami, sesungguhnya kami mendengar (seruan) yang menyeru kepada iman, (yaitu): “Berimanlah kamu kepada Tuhanmu”, maka kamipun beriman. Ya Tuhan kami, ampunilah bagi kami dosa-dosa kami dan hapuskanlah dari kami kesalahan-kesalahan kami, dan wafatkanlah kami beserta orang-orang yang banyak berbakti. Ya Tuhan kami, berilah kami apa yang telah Engkau janjikan kepada kami dengan perantaraan rasul-rasul Engkau. Dan janganlah Engkau hinakan kami di hari kiamat. Sesungguhnya Engkau tidak menyalahi janji” (QS. Al Imran: 193-194).",
                    "count": 0,
                    "type": "quran"
                },
                {
                    "ar": "رَبِّ إِنِّي ظَلَمْتُ نَفْسِي فَاغْفِرْ لِي فَغَفَرَ لَهُ إِنَّهُ هُوَ الْغَفُورُ الرَّحِيمُ",
                    "en": "",
                    "id": "“Ya Tuhanku, sesungguhnya aku telah menganiaya diriku sendiri karena itu ampunilah aku”. Maka Allah mengampuninya, sesungguhnya Allah Dialah Yang Maha Pengampun lagi Maha Penyayang” (QS. Al Qashash: 16).",
                    "count": 0,
                    "type": "quran"
                },
                {
                    "ar": "رَبَّنَا لَا تُؤَاخِذْنَا إِنْ نَسِينَا أَوْ أَخْطَأْنَا رَبَّنَا وَلَا تَحْمِلْ عَلَيْنَا إِصْرًا كَمَا حَمَلْتَهُ عَلَى الَّذِينَ مِنْ قَبْلِنَا رَبَّنَا وَلَا تُحَمِّلْنَا مَا لَا طَاقَةَ لَنَا بِهِ وَاعْفُ عَنَّا وَاغْفِرْ لَنَا وَارْحَمْنَا أَنْتَ مَوْلَانَا فَانْصُرْنَا عَلَى الْقَوْمِ الْكَافِرِينَ",
                    "en": "",
                    "id": "“Ya Tuhan kami, janganlah Engkau hukum kami jika kami lupa atau kami tersalah. Ya Tuhan kami, janganlah Engkau bebankan kepada kami beban yang berat sebagaimana Engkau bebankan kepada orang-orang sebelum kami. Ya Tuhan kami, janganlah Engkau pikulkan kepada kami apa yang tak sanggup kami memikulnya. Beri maaflah kami; ampunilah kami; dan rahmatilah kami. Engkaulah Penolong kami, maka tolonglah kami terhadap kaum yang kafir” (QS. Al Baqarah: 286).",
                    "count": 0,
                    "type": "quran"
                },
                {
                    "ar": "رَبَّنَا ظَلَمْنَا أَنْفُسَنَا وَإِنْ لَمْ تَغْفِرْ لَنَا وَتَرْحَمْنَا لَنَكُونَنَّ مِنَ الْخَاسِرِينَ",
                    "en": "",
                    "id": "“Ya Tuhan kami, kami telah menganiaya diri kami sendiri, dan jika Engkau tidak mengampuni kami dan memberi rahmat kepada kami, niscaya pastilah kami termasuk orang-orang yang merugi” (QS. Al A’raf: 23).",
                    "count": 0,
                    "type": "quran"
                }
            ]
        },
        {
            "title": "Asking to be classified as believers",
            "title-id": "Doa agar tergolong orang-orang beriman",
            "content": [
                {
                    "ar": "رَبِّ هَبْ لِي حُكْمًا وَأَلْحِقْنِي بِالصَّالِحِينَ وَاجْعَلْ لِي لِسَانَ صِدْقٍ فِي الْآخِرِينَ وَاجْعَلْنِي مِنْ وَرَثَةِ جَنَّةِ النَّعِيمِ",
                    "en": "",
                    "id": "“Ya Tuhanku, berikanlah kepadaku hikmah dan masukkanlah aku ke dalam golongan orang-orang yang saleh. an jadikanlah aku buah tutur yang baik bagi orang-orang (yang datang) kemudian. dan jadikanlah aku termasuk orang-orang yang mempusakai surga yang penuh kenikmatan” (QS. Asy Syu’ara: 83-85).",
                    "count": 0,
                    "type": "quran"
                },
                {
                    "ar": "رَبَّنَا آمَنَّا فَاكْتُبْنَا مَعَ الشَّاهِدِينَ",
                    "en": "",
                    "id": "“Ya Tuhan kami, kami telah beriman, maka catatlah kami bersama orang-orang yang menjadi saksi (atas kebenaran Al Quran dan kenabian Muhammad)” (QS. Al Maidah: 83).",
                    "count": 0,
                    "type": "quran"
                }
            ]
        },
        {
            "title": "Asking to be given righteous offspring",
            "title-id": "Doa agar diberikan keturunan yang shalih",
            "content": [
                {
                    "ar": "رَبِّ لَا تَذَرْنِي فَرْدًا وَأَنْتَ خَيْرُ الْوَارِثِينَ",
                    "en": "",
                    "id": "“Ya Tuhanku janganlah Engkau membiarkan aku hidup seorang diri dan Engkaulah Waris Yang Paling Baik” (QS. Al Anbiya: 89).",
                    "count": 0,
                    "type": "quran"
                },
                {
                    "ar": "رَبِّ هَبْ لِي مِنَ الصَّالِحِينَ",
                    "en": "",
                    "id": "“Ya Tuhanku, anugrahkanlah kepadaku (seorang anak) yang termasuk orang-orang yang saleh” (QS. Ash Shaffat: 100).",
                    "count": 0,
                    "type": "quran"
                },
                {
                    "ar": "رَبِّ هَبْ لِي مِنْ لَدُنْكَ ذُرِّيَّةً طَيِّبَةً إِنَّكَ سَمِيعُ الدُّعَاءِ",
                    "en": "",
                    "id": "“Ya Tuhanku, berilah aku dari sisi Engkau seorang anak yang baik. Sesungguhnya Engkau Maha Pendengar doa” (QS. Al Imran: 38).",
                    "count": 0,
                    "type": "quran"
                },
                {
                    "ar": "رَبَّنَا هَبْ لَنَا مِنْ أَزْوَاجِنَا وَذُرِّيَّاتِنَا قُرَّةَ أَعْيُنٍ وَاجْعَلْنَا لِلْمُتَّقِينَ إِمَامًا",
                    "en": "",
                    "id": "“Ya Tuhan kami, anugrahkanlah kepada kami isteri-isteri kami dan keturunan kami sebagai penyenang hati (kami), dan jadikanlah kami imam bagi orang-orang yang bertakwa” (QS. Al Furqan: 74).",
                    "count": 0,
                    "type": "quran"
                }
            ]
        }
        ,{
            "title": "Asking forgiveness for both parents and the believers",
            "title-id": "Doa mohon ampunan bagi kedua orang tua dan kaum mukminin",
            "content": [
                {
                    "ar": "رَبَّنَا اغْفِرْ لِي وَلِوَالِدَيَّ وَلِلْمُؤْمِنِينَ يَوْمَ يَقُومُ الْحِسَابُ",
                    "en": "",
                    "id": "“Ya Tuhan kami, beri ampunlah aku dan kedua ibu bapaku dan sekalian orang-orang mukmin pada hari terjadinya hisab (hari kiamat)” (QS. Ibrahim: 41).",
                    "count": 0,
                    "type": "quran"
                },
                {
                    "ar": "رَبَّنَا اغْفِرْ لَنَا وَلِإِخْوَانِنَا الَّذِينَ سَبَقُونَا بِالْإِيمَانِ وَلَا تَجْعَلْ فِي قُلُوبِنَا غِلًّا لِلَّذِينَ آمَنُوا رَبَّنَا إِنَّكَ رَءُوفٌ رَحِيمٌ",
                    "en": "",
                    "id": "“Ya Rabb kami, beri ampunlah kami dan saudara-saudara kami yang telah beriman lebih dulu dari kami, dan janganlah Engkau membiarkan kedengkian dalam hati kami terhadap orang-orang yang beriman; Ya Rabb kami, Sesungguhnya Engkau Maha Penyantun lagi Maha Penyayang” (QS. Al Hasyr: 10).",
                    "count": 0,
                    "type": "quran"
                },
                {
                    "ar": "رَبِّ اغْفِرْ لِي وَلِوَالِدَيَّ وَلِمَنْ دَخَلَ بَيْتِيَ مُؤْمِنًا وَلِلْمُؤْمِنِينَ وَالْمُؤْمِنَاتِ وَلَا تَزِدِ الظَّالِمِينَ إِلَّا تَبَارًا",
                    "en": "",
                    "id": "“Ya Tuhanku! Ampunilah aku, ibu bapakku, orang yang masuk ke rumahku dengan beriman dan semua orang yang beriman laki-laki dan perempuan. Dan janganlah Engkau tambahkan bagi orang-orang yang zalim itu selain kebinasaan” (QS. Nuh: 28).",
                    "count": 0,
                    "type": "quran"
                }
            ]
        }
        ,{
            "title": "Asking for determination for yourself and your family in establishing prayer",
            "title-id": "Doa mohon ketetapan bagi diri dan keluarga dalam mendirikan shalat",
            "content": [
                {
                    "ar": "رَبِّ اجْعَلْنِي مُقِيمَ الصَّلَاةِ وَمِنْ ذُرِّيَّتِي رَبَّنَا وَتَقَبَّلْ دُعَاءِ",
                    "en": "",
                    "id": "“Ya Tuhanku, jadikanlah aku dan anak cucuku orang-orang yang tetap mendirikan shalat, ya Tuhan kami, perkenankanlah doaku.” (QS. Ibrahim: 40)",
                    "count": 0,
                    "type": "quran"
                }
            ]
        },
        {
            "title": "Asking for protection from wrongdoers",
            "title-id": "Doa berlindung dari orang yang zhalim",
            "content": [
                {
                    "ar": "رَبِّ نَجِّنِي مِنَ الْقَوْمِ الظَّالِمِينَ",
                    "en": "",
                    "id": "“Ya Tuhanku, selamatkanlah aku dari orang-orang yang zalim” (QS. Al Qashash: 21).",
                    "count": 0,
                    "type": "quran"
                },
                {
                    "ar": "رَبَّنَا لَا تَجْعَلْنَا مَعَ الْقَوْمِ الظَّالِمِينَ",
                    "en": "",
                    "id": "“Ya Tuhan kami, janganlah Engkau tempatkan kami bersama-sama orang-orang yang zalim” (QS. Al A’raf: 47).",
                    "count": 0,
                    "type": "quran"
                },
                {
                    "ar": "رَبِّ انْصُرْنِي عَلَى الْقَوْمِ الْمُفْسِدِينَ",
                    "en": "",
                    "id": "“Ya Tuhanku, tolonglah aku (dengan menimpakan azab) atas kaum yang berbuat kerusakan” (QS. Al Ankabut: 30).",
                    "count": 0,
                    "type": "quran"
                }
            ]
        },
        {
            "title": "Asking for worship and repentance to be accepted",
            "title-id": "Doa agar diterima amal ibadah dan taubat",
            "content": [
                {
                    "ar": "رَبَّنَا تَقَبَّلْ مِنَّا إِنَّكَ أَنْتَ السَّمِيعُ الْعَلِيمُ وَتُبْ عَلَيْنَا إِنَّكَ أَنْتَ التَّوَّابُ الرَّحِيمُ",
                    "en": "",
                    "id": "“Ya Tuhan kami terimalah daripada kami (amalan kami), dan terimalah taubat kami. Sesungguhnya Engkaulah Yang Maha Penerima taubat lagi Maha Penyayang” (QS. Al Baqarah: 127 dan 128).",
                    "count": 0,
                    "type": "quran"
                }
            ]
        },
        {
            "title": "Asking for being able to tawakal to Allah",
            "title-id": "Doa agar bisa bertawakkal hanya kepada Allah",
            "content": [
                {
                    "ar": "رَبَّنَا عَلَيْكَ تَوَكَّلْنَا وَإِلَيْكَ أَنَبْنَا وَإِلَيْكَ الْمَصِيرُ",
                    "en": "",
                    "id": "“Ya Tuhan kami hanya kepada Engkaulah kami bertawakkal dan hanya kepada Engkaulah kami bertaubat dan hanya kepada Engkaulah kami kembali” (QS. Al Mumtahanah: 4).",
                    "count": 0,
                    "type": "quran"
                },
                {
                    "ar": "حَسْبِيَ اللَّهُ لَا إِلَهَ إِلَّا هُوَ عَلَيْهِ تَوَكَّلْتُ وَهُوَ رَبُّ الْعَرْشِ الْعَظِيمِ",
                    "en": "",
                    "id": "“Cukuplah Allah bagiku; tidak ada Tuhan selain Dia. Hanya kepada-Nya aku bertawakkal dan Dia adalah Tuhan yang memiliki ‘Arsy yang agung” (QS. At Taubah: 129).",
                    "count": 0,
                    "type": "quran"
                }
            ]
        },
        {
            "title": "Du'a for refuge from the evil of the disbelievers",
            "title-id": "Doa berlindung dari keburukan orang-orang kafir",
            "content": [
                {
                    "ar": "رَبَّنَا لَا تَجْعَلْنَا فِتْنَةً لِلَّذِينَ كَفَرُوا وَاغْفِرْ لَنَا رَبَّنَا إِنَّكَ أَنْتَ الْعَزِيزُ الْحَكِيمُ",
                    "en": "",
                    "id": "“Ya Tuhan kami, janganlah Engkau jadikan kami (sasaran) fitnah bagi orang-orang kafir. Dan ampunilah kami ya Tuhan kami. Sesungguhnya Engkaulah Yang Maha Perkasa lagi Maha Bijaksana” (QS. Al Mumtahanah: 5).",
                    "count": 0,
                    "type": "quran"
                },
                {
                    "ar": "رَبَّنَا لَا تَجْعَلْنَا فِتْنَةً لِلْقَوْمِ الظَّالِمِينَ وَنَجِّنَا بِرَحْمَتِكَ مِنَ الْقَوْمِ الْكَافِرِينَ",
                    "en": "",
                    "id": "“Ya Tuhan kami; janganlah Engkau jadikan kami sasaran fitnah bagi kaum yang’zalim dan selamatkanlah kami dengan rahmat Engkau dari (tipu daya) orang-orang yang kafir” (QS. Yunus: 85-86).",
                    "count": 0,
                    "type": "quran"
                }
            ]
        },
        {
            "title": "Du'a for to be given more knowledge",
            "title-id": "Doa agar ditambahkan ilmu",
            "content": [
                {
                    "ar": "رَبِّ زِدْنِي عِلْمًا",
                    "en": "",
                    "id": "“Ya Tuhanku, tambahkanlah aku ilmu” (QS. Thaha: 114).",
                    "count": 0,
                    "type": "quran"
                }
            ]
        },
        {
            "title": "Du'a for our light to be perfected",
            "title-id": "Doa agar disempurnakan cahayanya",
            "content": [
                {
                    "ar": "رَبَّنَا أَتْمِمْ لَنَا نُورَنَا وَاغْفِرْ لَنَا إِنَّكَ عَلَى كُلِّ شَيْءٍ قَدِيرٌ",
                    "en": "",
                    "id": "“Ya Rabb kami, sempurnakanlah bagi kami cahaya kami dan ampunilah kami; Sesungguhnya Engkau Maha Kuasa atas segala sesuatu” (QS. At Tahrim: 8).",
                    "count": 0,
                    "type": "quran"
                }
            ]
        },
        {
            "title": "Asking for good in this world and the hereafter",
            "title-id": "Doa memohon kebaikan dunia dan akhirat",
            "content": [
                {
                    "ar": "رَبَّنَا آتِنَا فِي الدُّنْيَا حَسَنَةً وَفِي الْآخِرَةِ حَسَنَةً وَقِنَا عَذَابَ النَّارِ",
                    "en": "",
                    "id": "“Ya Tuhan kami, berilah kami kebaikan di dunia dan kebaikan di akhirat dan peliharalah kami dari siksa neraka” (QS. Al Baqarah: 201).",
                    "count": 0,
                    "type": "quran"
                }
            ]
        },
        {
            "title": "Asking to be a grateful servant",
            "title-id": "Doa agar dijadikan hamba yang bersyukur",
            "content": [
                {
                    "ar": "رَبِّ أَوْزِعْنِي أَنْ أَشْكُرَ نِعْمَتَكَ الَّتِي أَنْعَمْتَ عَلَيَّ وَعَلَى وَالِدَيَّ وَأَنْ أَعْمَلَ صَالِحًا تَرْضَاهُ وَأَدْخِلْنِي بِرَحْمَتِكَ فِي عِبَادِكَ الصَّالِحِينَ",
                    "en": "",
                    "id": "“Ya Tuhanku berilah aku ilham untuk tetap mensyukuri nikmat Mu yang telah Engkau anugerahkan kepadaku dan kepada dua orang ibu bapakku dan untuk mengerjakan amal saleh yang Engkau ridhai; dan masukkanlah aku dengan rahmat-Mu ke dalam golongan hamba-hamba-Mu yang saleh” (QS. An Naml: 19).",
                    "count": 0,
                    "type": "quran"
                },
                {
                    "ar": "رَبِّ أَوْزِعْنِي أَنْ أَشْكُرَ نِعْمَتَكَ الَّتِي أَنْعَمْتَ عَلَيَّ وَعَلَى وَالِدَيَّ وَأَنْ أَعْمَلَ صَالِحًا تَرْضَاهُ وَأَصْلِحْ لِي فِي ذُرِّيَّتِي إِنِّي تُبْتُ إِلَيْكَ وَإِنِّي مِنَ الْمُسْلِمِينَ",
                    "en": "",
                    "id": "“Ya Tuhanku, tunjukilah aku untuk mensyukuri nikmat Engkau yang telah Engkau berikan kepadaku dan kepada ibu bapakku dan supaya aku dapat berbuat amal yang saleh yang Engkau ridhai; berilah kebaikan kepadaku dengan (memberi kebaikan) kepada anak cucuku. Sesungguhnya aku bertaubat kepada Engkau dan sesungguhnya aku termasuk orang-orang yang berserah diri” (QS. Al Ahqaf: 15).",
                    "count": 0,
                    "type": "quran"
                }
            ]
        },
        {
            "title": "Asking for protection from Satan",
            "title-id": "Doa berlindung dari setan",
            "content": [
                {
                    "ar": "رَبِّ أَعُوذُ بِكَ مِنْ هَمَزَاتِ الشَّيَاطِينِ  وَأَعُوذُ بِكَ رَبِّ أَنْ يَحْضُرُونِ",
                    "en": "",
                    "id": "“Ya Tuhanku aku berlindung kepada Engkau dari bisikan-bisikan syaitan dan aku berlindung (pula) kepada Engkau ya Tuhanku, dari kedatangan mereka kepadaku” (QS. Al Mu’minun: 97-98).",
                    "count": 0,
                    "type": "quran"
                }
            ]
        },
        {
            "title": "Asking for the heart to be set in guidance",
            "title-id": "Doa agar hati ditetapkan dalam hidayah",
            "content": [
                {
                    "ar": "رَبَّنَا لَا تُزِغْ قُلُوبَنَا بَعْدَ إِذْ هَدَيْتَنَا وَهَبْ لَنَا مِنْ لَدُنْكَ رَحْمَةً إِنَّكَ أَنْتَ الْوَهَّابُ",
                    "en": "“Ya Tuhan kami, janganlah Engkau jadikan hati kami condong kepada kesesatan sesudah Engkau beri petunjuk kepada kami, dan karuniakanlah kepada kami rahmat dari sisi Engkau; karena sesungguhnya Engkau-lah Maha Pemberi (karunia)” (QS. Al Imran: 8).",
                    "id": "",
                    "count": 0,
                    "type": "quran"
                }
            ]
        },
        {
            "title": "Du'a to be given kindness to the heart and make it easier for affairs",
            "title-id": "Doa agar dilapangkan hati dan dimudahkan dalam urusan",
            "content": [
                {
                    "ar": "رَبِّ اشْرَحْ لِي صَدْرِي  وَيَسِّرْ لِي أَمْرِي وَاحْلُلْ عُقْدَةً مِنْ لِسَانِي  يَفْقَهُوا قَوْلِي",
                    "en": "",
                    "id": "“Ya Tuhanku, lapangkanlah untukku dadaku,  dan mudahkanlah untukku urusanku, dan lepaskanlah kekakuan dari lidahku, supaya mereka mengerti perkataanku” (QS. Thaha: 25-28).",
                    "count": 0,
                    "type": "quran"
                },
                {
                    "ar": "رَبَّنَا آتِنَا مِنْ لَدُنْكَ رَحْمَةً وَهَيِّئْ لَنَا مِنْ أَمْرِنَا رَشَدًا",
                    "en": "",
                    "id": "“Wahai Tuhan kami, berikanlah rahmat kepada kami dari sisi-Mu dan sempurnakanlah bagi kami petunjuk yang lurus dalam urusan kami (ini)” (QS. Al Kahfi: 10).",
                    "count": 0,
                    "type": "quran"
                }
            ]
        },
        {
            "title": "Du'a for the security of the country and protection from shirk",
            "title-id": "Doa meminta keamanan negeri dan berlindung dari syirik",
            "content": [
                {
                    "ar": "رَبِّ اجْعَلْ هَذَا الْبَلَدَ آمِنًا وَاجْنُبْنِي وَبَنِيَّ أَنْ نَعْبُدَ الْأَصْنَامَ",
                    "en": "",
                    "id": "“Ya Tuhanku, jadikanlah negeri ini (Mekah), negeri yang aman, dan jauhkanlah aku beserta anak cucuku daripada menyembah berhala-berhala” (QS. Ibrahim: 35).",
                    "count": 0,
                    "type": "quran"
                }
            ]
        },
        {
            "title": "Du'a for refuge from hell fire",
            "title-id": "Doa berlindung dari api neraka",
            "content": [
                {
                    "ar": "رَبَّنَا اصْرِفْ عَنَّا عَذَابَ جَهَنَّمَ إِنَّ عَذَابَهَا كَانَ غَرَامًا  إِنَّهَا سَاءَتْ مُسْتَقَرًّا وَمُقَامًا",
                    "en": "",
                    "id": "“Ya Tuhan kami, jauhkan azab jahannam dari kami, sesungguhnya azabnya itu adalah kebinasaan yang kekal. Sesungguhnya jahannam itu seburuk-buruk tempat menetap dan tempat kediaman” (QS. Al Furqan: 65-66).",
                    "count": 0,
                    "type": "quran"
                }
            ]
        }
    ]
}